# Blender 4.1.1
# www.blender.org
mtllib brokenTank.mtl
o DestroyedTank
v -1.564398 5.907578 0.760110
v 3.936549 4.937613 0.760100
v -0.436903 5.386683 2.929100
v -0.820217 5.454296 2.929076
v 2.907712 4.796937 2.929095
v 3.291031 4.729372 2.929070
v 0.968493 4.412337 8.443055
v 1.032210 4.401102 8.594980
v 1.031488 4.547451 8.443055
v 0.981478 4.263826 8.443055
v 1.042268 4.285956 8.594980
v 1.066998 4.141721 8.443055
v 1.108586 4.191277 8.594980
v 1.213318 4.142423 8.594980
v 1.202087 4.078731 8.443055
v 1.081044 4.505864 8.594980
v 1.153613 4.632943 8.443055
v 1.175744 4.572151 8.594980
v 1.302099 4.645931 8.443055
v 1.290869 4.582238 8.594980
v 1.437214 4.582936 8.443055
v 1.395627 4.533380 8.594980
v 1.522710 4.460835 8.443055
v 1.461944 4.438701 8.594980
v 1.535718 4.312320 8.443055
v 1.472002 4.323555 8.594980
v 1.472700 4.177210 8.443055
v 1.423168 4.218793 8.594980
v 1.350599 4.091714 8.443055
v 1.328469 4.152505 8.594980
v 1.202087 4.078731 8.443055
v 1.213318 4.142423 8.594980
v 0.968493 4.412337 8.443055
v 1.031488 4.547451 8.443055
v 0.940081 4.417347 6.325253
v 0.981478 4.263826 8.443055
v 0.954377 4.253960 6.325253
v 1.048451 4.119605 6.325253
v 1.066998 4.141721 8.443055
v 1.197078 4.050322 6.325253
v 1.202087 4.078731 8.443055
v 1.009397 4.565993 6.325253
v 1.153613 4.632943 8.443055
v 1.143745 4.660043 6.325253
v 1.302099 4.645931 8.443055
v 1.307109 4.674345 6.325253
v 1.437214 4.582936 8.443055
v 1.455757 4.605027 6.325253
v 1.522710 4.460835 8.443055
v 1.549835 4.470699 6.325253
v 1.535718 4.312320 8.443055
v 1.564129 4.307311 6.325253
v 1.472700 4.177210 8.443055
v 1.494815 4.158666 6.325253
v 1.350599 4.091714 8.443055
v 1.360463 4.064589 6.325253
v 1.202087 4.078731 8.443055
v 1.197078 4.050322 6.325253
v 1.307972 4.698768 6.454110
v 1.321764 4.776985 6.286438
v 1.127086 4.682944 6.454110
v 1.472535 4.622032 6.454110
v 1.523587 4.682873 6.286438
v 1.651317 4.500456 6.286438
v 1.670724 4.278616 6.286438
v 1.576683 4.473294 6.454110
v 1.592511 4.292408 6.454110
v 1.515771 4.127844 6.454110
v 1.576613 4.076792 6.286438
v 1.394197 3.949064 6.286438
v 1.172356 3.929654 6.286438
v 1.367032 4.023694 6.454110
v 1.186148 4.007870 6.454110
v 1.099921 4.757576 6.286438
v 0.978346 4.578796 6.454110
v 0.917504 4.629848 6.286438
v 0.901609 4.414232 6.454110
v 0.823393 4.428024 6.286438
v 0.917434 4.233346 6.454110
v 0.842800 4.206182 6.286438
v 1.021583 4.084606 6.454110
v 0.970533 4.023767 6.286438
v 1.186148 4.007870 6.454110
v 1.172356 3.929654 6.286438
v 1.321763 4.776985 4.112896
v 1.099921 4.757576 4.112896
v 1.321764 4.776985 6.286438
v 1.523587 4.682873 4.112896
v 1.651316 4.500456 4.112896
v 1.523587 4.682873 6.286438
v 1.651317 4.500456 6.286438
v 1.670724 4.278616 6.286438
v 1.670724 4.278616 4.112896
v 1.576613 4.076792 4.112896
v 1.394197 3.949064 4.112896
v 1.576613 4.076792 6.286438
v 1.394197 3.949064 6.286438
v 1.172356 3.929654 6.286438
v 1.172356 3.929654 4.112896
v 1.099921 4.757576 6.286438
v 0.917504 4.629848 6.286438
v 0.917504 4.629848 4.112896
v 0.823393 4.428024 6.286438
v 0.823392 4.428021 4.112896
v 0.842800 4.206182 6.286438
v 0.842800 4.206182 4.112896
v 0.970533 4.023767 6.286438
v 0.970532 4.023765 4.112896
v 1.172356 3.929654 4.112896
v 1.172356 3.929654 6.286438
v 1.321763 4.776985 4.112896
v 1.523587 4.682873 4.112896
v 1.328268 4.813875 4.037887
v 1.099921 4.757576 4.112896
v 1.547666 4.711569 4.037887
v 1.686516 4.513270 4.037887
v 1.651316 4.500456 4.112896
v 1.707615 4.272111 4.037887
v 1.605308 4.052714 4.037887
v 1.670724 4.278616 4.112896
v 1.576613 4.076792 4.112896
v 1.407009 3.913864 4.037887
v 1.394197 3.949064 4.112896
v 1.172356 3.929654 4.112896
v 1.165852 3.892766 4.037887
v 1.087111 4.792777 4.037887
v 0.917504 4.629848 4.112896
v 0.888810 4.653927 4.037887
v 0.823392 4.428021 4.112896
v 0.786502 4.434526 4.037887
v 0.842800 4.206182 4.112896
v 0.807601 4.193368 4.037887
v 0.970532 4.023765 4.112896
v 0.946454 3.995070 4.037887
v 1.172356 3.929654 4.112896
v 1.165852 3.892766 4.037887
v 1.328268 4.813875 4.037887
v 1.328284 4.813967 3.869687
v 1.087111 4.792777 4.037887
v 1.547666 4.711569 4.037887
v 1.547724 4.711640 3.869687
v 1.686603 4.513299 3.869687
v 1.707706 4.272095 3.869687
v 1.686516 4.513270 4.037887
v 1.707615 4.272111 4.037887
v 1.605308 4.052714 4.037887
v 1.605378 4.052654 3.869687
v 1.407040 3.913778 3.869687
v 1.165835 3.892674 3.869687
v 1.407009 3.913864 4.037887
v 1.165852 3.892766 4.037887
v 1.087077 4.792864 3.869687
v 0.888810 4.653927 4.037887
v 0.888738 4.653985 3.869687
v 0.786502 4.434526 4.037887
v 0.786413 4.434542 3.869687
v 0.807601 4.193368 4.037887
v 0.807514 4.193339 3.869687
v 0.946454 3.995070 4.037887
v 0.946392 3.995000 3.869687
v 1.165852 3.892766 4.037887
v 1.165835 3.892674 3.869687
v 1.328284 4.813967 3.869687
v 1.336713 4.861766 3.823452
v 1.087077 4.792864 3.869687
v 1.547724 4.711640 3.869687
v 1.578925 4.748824 3.823452
v 1.732216 4.529902 3.823452
v 1.755506 4.263667 3.823452
v 1.686603 4.513299 3.869687
v 1.707706 4.272095 3.869687
v 1.605378 4.052654 3.869687
v 1.642563 4.021455 3.823452
v 1.423641 3.868164 3.823452
v 1.157407 3.844872 3.823452
v 1.407040 3.913778 3.869687
v 1.165835 3.892674 3.869687
v 1.070475 4.838474 3.823452
v 0.888738 4.653985 3.869687
v 0.851556 4.685186 3.823452
v 0.786413 4.434542 3.869687
v 0.738611 4.442970 3.823452
v 0.807514 4.193339 3.869687
v 0.761903 4.176736 3.823452
v 0.946392 3.995000 3.869687
v 0.915195 3.957817 3.823452
v 1.165835 3.892674 3.869687
v 1.157407 3.844872 3.823452
v 1.336713 4.861766 3.823452
v 1.336696 4.861670 3.697346
v 1.070475 4.838474 3.823452
v 1.578925 4.748824 3.823452
v 1.578861 4.748745 3.697346
v 1.732121 4.529868 3.697346
v 1.755411 4.263684 3.697346
v 1.732216 4.529902 3.823452
v 1.755506 4.263667 3.823452
v 1.642485 4.021517 3.697346
v 1.642563 4.021455 3.823452
v 1.423641 3.868164 3.823452
v 1.423607 3.868258 3.697346
v 1.157424 3.844970 3.697346
v 1.157407 3.844872 3.823452
v 1.070510 4.838382 3.697346
v 0.851556 4.685186 3.823452
v 0.851631 4.685122 3.697346
v 0.738611 4.442970 3.823452
v 0.738710 4.442953 3.697346
v 0.761903 4.176736 3.823452
v 0.761998 4.176770 3.697346
v 0.915195 3.957817 3.823452
v 0.915256 3.957892 3.697346
v 1.157407 3.844872 3.823452
v 1.157424 3.844970 3.697346
v 1.576683 4.473294 6.454110
v 1.472535 4.622032 6.454110
v 1.592511 4.292408 6.454110
v 1.307972 4.698768 6.454110
v 1.515771 4.127844 6.454110
v 1.367032 4.023694 6.454110
v 1.186148 4.007870 6.454110
v 1.021583 4.084606 6.454110
v 0.917434 4.233346 6.454110
v 0.901609 4.414232 6.454110
v 0.978346 4.578796 6.454110
v 1.127086 4.682944 6.454110
v -0.430611 4.600509 3.493627
v 0.348008 4.519415 3.521955
v -0.360283 4.999360 3.493627
v 0.400595 4.817649 3.521955
v -0.430611 4.600509 3.493627
v -0.360283 4.999360 3.493627
v -0.520316 4.583527 3.493627
v -0.876835 4.140832 3.495445
v -0.603441 4.092625 3.495445
v -0.438769 5.045999 3.493627
v -0.705948 5.259480 3.495445
v -0.897081 4.175508 3.495445
v -0.675062 5.285140 3.495445
v -0.401668 5.236933 3.495445
v 0.348008 4.519415 3.521955
v -0.430611 4.600509 3.493627
v 0.231804 4.461069 3.427927
v -0.425841 4.587496 3.427927
v -0.520316 4.583527 3.493627
v 0.400595 4.817649 3.521955
v 0.380343 4.918375 3.427927
v -0.360283 4.999360 3.493627
v -0.438769 5.045999 3.493627
v -0.351053 5.011642 3.427927
v 2.278307 4.179089 3.427927
v 2.284215 4.581062 3.427927
v 2.100984 4.210394 3.709106
v 2.144786 3.790316 3.427927
v 1.976655 3.885739 3.709110
v 1.977234 3.571527 3.427927
v 1.800562 3.672391 3.709110
v 2.093601 4.548784 3.709110
v 2.201599 4.843963 3.427927
v 2.001075 4.809556 3.709106
v 2.605445 3.526812 3.495445
v 2.878839 3.478605 3.495446
v 2.807218 4.671120 3.495445
v 3.080612 4.622913 3.495445
v 2.909722 3.504265 3.495445
v 3.100856 4.588238 3.495445
v 2.001075 4.809556 3.709106
v 2.201599 4.843963 3.427927
v 0.709386 5.037315 3.709106
v 0.532721 5.138231 3.427927
v 2.740664 4.805836 3.386845
v 2.201599 4.843963 3.427927
v 0.532721 5.138231 3.427927
v 2.730930 4.750628 3.427927
v 3.156464 4.731216 3.386902
v -0.293055 5.340763 3.386845
v -0.709303 5.412855 3.386899
v -0.302790 5.285554 3.427927
v -0.401668 5.236933 3.495445
v -0.675062 5.285140 3.495445
v -0.705948 5.259480 3.495445
v -0.740123 5.387088 3.386907
v -0.897081 4.175508 3.495445
v -0.972840 4.067284 3.386907
v -0.740123 5.387088 3.386907
v -0.972840 4.067284 3.243968
v -0.740123 5.387088 3.243968
v -0.876835 4.140832 3.495445
v -0.972840 4.067284 3.386907
v -0.952689 4.032526 3.386899
v -0.952689 4.032526 3.386899
v -0.536889 3.957911 3.386845
v -0.527155 4.013119 3.427927
v -0.603441 4.092625 3.495445
v 0.308356 3.865796 3.427927
v 1.977234 3.571527 3.427927
v 2.496830 3.422984 3.386845
v 2.913075 3.350888 3.386902
v 2.878839 3.478605 3.495446
v 2.506565 3.478192 3.427927
v 2.605445 3.526812 3.495445
v 2.909722 3.504265 3.495445
v 2.943901 3.376657 3.386907
v 2.943901 3.376657 3.386907
v 3.100856 4.588238 3.495445
v 3.080612 4.622913 3.495445
v 3.176618 4.696461 3.386907
v 3.176618 4.696461 3.386907
v 2.807218 4.671120 3.495445
v 3.156464 4.731216 3.386902
v 3.176618 4.696461 3.386907
v 3.156464 4.731216 3.243967
v 3.176618 4.696461 3.243972
v 2.506565 3.478192 3.427927
v 2.605445 3.526812 3.495445
v 2.730930 4.750628 3.427927
v 2.807218 4.671120 3.495445
v 2.093601 4.548784 3.709110
v 0.533249 4.823916 3.709106
v 2.100984 4.210394 3.709106
v 2.001075 4.809556 3.709106
v 0.709386 5.037315 3.709106
v 0.410574 4.508461 3.709106
v 0.416367 4.160860 3.709110
v 1.976655 3.885739 3.709110
v 0.508873 3.900151 3.709110
v 1.800562 3.672391 3.709110
v 1.977234 3.571527 3.427927
v 1.800562 3.672391 3.709110
v 0.308356 3.865796 3.427927
v 0.508873 3.900151 3.709110
v 2.943901 3.376657 3.386907
v 2.943901 3.376657 3.243972
v 3.176618 4.696461 3.386907
v 3.176618 4.696461 3.243972
v 2.913075 3.350888 3.386902
v 2.913075 3.350888 3.243967
v 2.943901 3.376657 3.386907
v 2.943901 3.376657 3.243972
v 0.709386 5.037315 3.709106
v 0.532721 5.138231 3.427927
v 0.533249 4.823916 3.709106
v 0.380343 4.918375 3.427927
v 0.400595 4.817649 3.521955
v 0.410574 4.508461 3.709106
v 0.348008 4.519415 3.521955
v 0.416367 4.160860 3.709110
v 0.235040 4.127056 3.427927
v 0.308356 3.865796 3.427927
v 0.508873 3.900151 3.709110
v 0.231804 4.461069 3.427927
v -0.709303 5.412855 3.386899
v -0.709300 5.412855 3.243967
v -0.740123 5.387088 3.386907
v -0.740123 5.387088 3.243968
v -0.952689 4.032526 3.386899
v -0.972840 4.067284 3.386907
v -0.952689 4.032526 3.243967
v -0.972840 4.067284 3.243968
v -0.952689 4.032526 3.243967
v -0.972840 4.067284 3.243968
v -0.709300 5.412855 3.243967
v -0.754474 3.997576 3.243967
v -0.511085 5.377904 3.243967
v -0.740123 5.387088 3.243968
v 3.156464 4.731216 3.243967
v 3.176618 4.696461 3.243972
v 2.913075 3.350888 3.243967
v 2.965037 4.764970 3.243967
v 2.721648 3.384642 3.243967
v 2.943901 3.376657 3.243972
v 2.924159 4.482864 3.142147
v 2.965037 4.764970 3.243967
v 2.789260 3.715956 3.141762
v 2.924495 4.484758 2.877630
v 2.789594 3.717848 2.877407
v 2.721648 3.384642 3.243967
v -0.754474 3.997576 3.243967
v -0.511085 5.377904 3.243967
v -0.686861 4.328890 3.141758
v -0.551961 5.095798 3.142143
v -0.686527 4.330782 2.877407
v -0.551627 5.097692 2.877626
v 2.924159 4.482864 3.142147
v -0.551961 5.095798 3.142143
v 2.965037 4.764970 3.243967
v -0.511085 5.377904 3.243967
v 2.789260 3.715956 3.141762
v 2.721648 3.384642 3.243967
v -0.686861 4.328890 3.141758
v -0.754474 3.997576 3.243967
v 2.789260 3.715956 3.141762
v -0.686861 4.328890 3.141758
v 2.789594 3.717848 2.877407
v -0.686527 4.330782 2.877407
v -0.551961 5.095798 3.142143
v 2.924159 4.482864 3.142147
v -0.551627 5.097692 2.877626
v 2.924495 4.484758 2.877630
v 3.156464 4.731216 3.243967
v 2.965037 4.764970 3.243967
v 3.156464 4.731216 3.386902
v 2.740664 4.805836 3.386845
v -0.293055 5.340763 3.386845
v -0.511085 5.377904 3.243967
v -0.709303 5.412855 3.386899
v -0.709300 5.412855 3.243967
v -0.536889 3.957911 3.386845
v -0.754474 3.997576 3.243967
v 2.496830 3.422984 3.386845
v -0.952689 4.032526 3.386899
v -0.952689 4.032526 3.243967
v 2.721648 3.384642 3.243967
v 2.913075 3.350888 3.386902
v 2.913075 3.350888 3.243967
v -0.438769 5.045999 3.493627
v -0.351053 5.011642 3.427927
v -0.401668 5.236933 3.495445
v -0.302790 5.285554 3.427927
v -0.527155 4.013119 3.427927
v -0.425841 4.587496 3.427927
v -0.603441 4.092625 3.495445
v -0.520316 4.583527 3.493627
v 0.532721 5.138231 3.427927
v -0.302790 5.285554 3.427927
v 0.380343 4.918375 3.427927
v -0.351053 5.011642 3.427927
v 0.308356 3.865796 3.427927
v 0.235040 4.127056 3.427927
v -0.527155 4.013119 3.427927
v -0.425841 4.587496 3.427927
v 0.231804 4.461069 3.427927
v 1.977234 3.571527 3.427927
v 2.506565 3.478192 3.427927
v 2.144786 3.790316 3.427927
v 2.278307 4.179089 3.427927
v 2.730930 4.750628 3.427927
v 2.284215 4.581062 3.427927
v 2.201599 4.843963 3.427927
v 2.305696 0.108694 6.988280
v 2.338110 0.292620 6.897400
v -1.776238 0.829821 6.984828
v -1.743888 1.013758 6.893948
v 2.338110 0.292620 6.897400
v 2.585462 1.695422 7.453365
v -1.743888 1.013758 6.893948
v -1.496536 2.416559 7.449913
v -1.483287 2.491211 7.643280
v -1.496536 2.416559 7.449913
v 2.598646 1.770084 7.646731
v 2.585462 1.695422 7.453365
v -1.776238 0.829821 6.984828
v -1.483287 2.491211 7.643280
v 2.305696 0.108694 6.988280
v 2.598646 1.770084 7.646731
v -1.776238 0.829821 6.984828
v -1.743888 1.013758 6.893948
v -1.483287 2.491211 7.643280
v -1.496536 2.416559 7.449913
v 2.338110 0.292620 6.897400
v 2.305696 0.108694 6.988280
v 2.585462 1.695422 7.453365
v 2.598646 1.770084 7.646731
v 4.548459 2.820899 1.095567
v 4.235858 2.876019 1.095567
v 4.542117 2.822017 -1.693480
v 4.589222 2.698396 1.095567
v 4.581854 2.699695 -1.693480
v 4.229516 2.877137 -1.693480
v 4.149314 2.775964 -1.693480
v 4.156680 2.774665 1.095567
v 4.589222 2.698396 1.095567
v 4.156680 2.774665 1.095567
v 4.548459 2.820899 1.095567
v 4.235858 2.876019 1.095567
v 4.149314 2.775964 -1.693480
v 4.581854 2.699695 -1.693480
v 4.229516 2.877137 -1.693480
v 4.542117 2.822017 -1.693480
v -2.648391 4.089898 -1.693470
v -2.654726 4.091015 1.095577
v -2.960991 4.145018 -1.693470
v -2.607626 3.967395 -1.693470
v -2.614988 3.968693 1.095577
v -2.967326 4.146135 1.095577
v -3.040169 4.043664 -1.693470
v -3.047530 4.044962 1.095577
v -2.654726 4.091015 1.095577
v -2.614988 3.968693 1.095577
v -2.967326 4.146135 1.095577
v -3.047530 4.044962 1.095577
v -2.960991 4.145018 -1.693470
v -3.040169 4.043664 -1.693470
v -2.648391 4.089898 -1.693470
v -2.607626 3.967395 -1.693470
v -2.500859 4.021375 2.521592
v -2.644775 4.046757 1.565265
v -2.386736 4.102795 2.502992
v -2.421468 3.905834 2.502992
v -2.644775 4.046757 1.565265
v -2.566535 3.931442 1.551587
v -2.574747 3.983636 1.451140
v -2.615304 4.041561 1.455905
v -2.531818 4.128331 1.551587
v -2.557382 4.082116 1.451140
v -2.615304 4.041561 1.455905
v -2.386736 4.102795 2.502992
v -2.531818 4.128331 1.551587
v -2.307326 3.987250 2.484390
v -2.449561 4.012336 1.537135
v -2.421468 3.905834 2.502992
v -2.566535 3.931442 1.551587
v -2.449561 4.012336 1.537135
v -2.516848 4.024200 1.446377
v -2.574747 3.983636 1.451140
v -2.516848 4.024200 1.446377
v -2.557382 4.082116 1.451140
v -2.615304 4.041561 1.455905
v -2.632460 4.044586 0.383455
v -2.557382 4.082116 1.451140
v -2.574747 3.983636 1.451140
v -2.591902 3.986661 0.383707
v -2.571002 3.982975 -2.367153
v -2.372007 4.006298 -3.030920
v -2.611462 4.040883 -2.375420
v -2.553638 4.081455 -2.367153
v -2.408994 4.063591 -3.049980
v -2.354641 4.104780 -3.030920
v -2.159882 4.116591 -3.521158
v -2.124740 4.059624 -3.498358
v -1.897534 3.999326 -3.965808
v -1.139918 3.855205 -4.982562
v -1.930829 4.055968 -3.992333
v -1.178043 3.912699 -5.002635
v -1.880169 4.097806 -3.965808
v -1.122554 3.953683 -4.982562
v -1.114933 3.900477 -5.426886
v -1.055362 3.940744 -5.434162
v -1.072727 3.842263 -5.434162
v -1.340868 3.974358 -6.060184
v -1.390527 3.932346 -6.030959
v -1.358232 3.875879 -6.060184
v -1.764742 3.998330 -6.404083
v -1.749987 3.944955 -6.450786
v -2.031575 4.045380 -6.449436
v -2.050303 3.997910 -6.501835
v -2.408526 4.061074 -6.278783
v -2.364957 4.104164 -6.241858
v -2.712833 4.114731 -5.818533
v -2.659735 4.156141 -5.795983
v -2.948651 4.201192 -5.109408
v -3.050025 4.087392 -3.538333
v -2.891345 4.241859 -5.099158
v -2.695469 4.213210 -5.818533
v -2.931286 4.299673 -5.109408
v -3.032660 4.185873 -3.538333
v -2.992078 4.127945 -3.536833
v -3.016975 4.112386 1.161707
v -3.057485 4.170297 1.165185
v -3.074850 4.071817 1.165185
v -3.115382 4.129738 1.168660
v -3.090608 4.145319 -3.539833
v -2.948651 4.201192 -5.109408
v -3.050025 4.087392 -3.538333
v -2.988593 4.259007 -5.119658
v -2.748564 4.171804 -5.841058
v -2.712833 4.114731 -5.818533
v -2.391162 4.159553 -6.278783
v -2.434755 4.116471 -6.315709
v -2.408526 4.061074 -6.278783
v -2.050303 3.997910 -6.501835
v -2.051666 4.048923 -6.554258
v -1.717890 3.990068 -6.497509
v -1.749987 3.944955 -6.450786
v -1.308572 3.917895 -6.089411
v -1.358232 3.875879 -6.060184
v -1.072727 3.842263 -5.434162
v -1.013157 3.882531 -5.441435
v -1.084430 3.896193 -4.962486
v -1.139918 3.855205 -4.982562
v -1.846849 4.041160 -3.939283
v -1.897534 3.999326 -3.965808
v -2.124740 4.059624 -3.498358
v -2.072234 4.101137 -3.475558
v -2.317654 4.047486 -3.011860
v -2.372007 4.006298 -3.030920
v -2.513177 4.023553 -2.358885
v -2.571002 3.982975 -2.367153
v -2.591902 3.986661 0.383707
v -2.516848 4.024200 1.446377
v -2.533979 4.027221 0.383960
v -2.574747 3.983636 1.451140
v -2.574538 4.085140 0.383707
v -2.107375 4.158103 -3.498358
v -1.732622 4.043434 -6.450786
v -2.032939 4.096388 -6.501835
v -3.074850 4.071817 1.165185
v -3.037802 4.217572 1.260350
v -2.955893 4.101616 1.250492
v -2.855657 4.185478 2.203015
v -3.057485 4.170297 1.165185
v -3.016975 4.112386 1.161707
v -2.775307 4.069768 2.190562
v -2.890387 3.988517 2.203015
v -2.955893 4.101616 1.250492
v -3.072527 4.020635 1.260350
v -3.016975 4.112386 1.161707
v -3.074850 4.071817 1.165185
v -3.151993 4.136193 1.269897
v -3.037802 4.217572 1.260350
v -2.970737 4.104228 2.215467
v -3.115382 4.129738 1.168660
v -3.057485 4.170297 1.165185
v -2.855657 4.185478 2.203015
v -3.151993 4.136193 1.269897
v -2.970737 4.104228 2.215467
v -3.072527 4.020635 1.260350
v -3.074850 4.071817 1.165185
v -3.115382 4.129738 1.168660
v -2.890387 3.988517 2.203015
v -2.386736 4.102795 2.502992
v -2.307326 3.987250 2.484390
v -2.500859 4.021375 2.521592
v -2.421468 3.905834 2.502992
v -2.970737 4.104228 2.215467
v -2.855657 4.185478 2.203015
v -2.890387 3.988517 2.203015
v -2.775307 4.069768 2.190562
v 3.979362 2.801674 2.406640
v 3.993150 2.879871 2.406640
v 3.714621 2.848355 2.808505
v 3.728409 2.926552 2.808505
v 3.714621 2.848355 2.808505
v 3.740691 2.843758 2.998235
v 3.754479 2.921955 2.998235
v 3.728409 2.926552 2.808505
v 4.078208 2.864873 2.958525
v 3.969182 2.905012 2.546665
v 4.026076 2.894980 2.934632
v 3.940639 2.869111 2.656170
v 3.780503 2.938281 2.829312
v 4.026076 2.894980 2.934632
v 3.940639 2.869111 2.656170
v 3.780503 2.938281 2.829312
v 3.794023 2.935897 2.962332
v 3.822988 2.889856 2.926427
v 3.813426 2.891542 2.846435
v 3.905282 2.875345 2.983390
v 3.917729 2.914084 3.031627
v 3.754479 2.921955 2.998235
v 3.905282 2.875345 2.983390
v 3.794023 2.935897 2.962332
v 3.919604 2.892839 3.079865
v 3.905816 2.814642 3.079865
v 4.064420 2.786676 2.958525
v 4.078208 2.864873 2.958525
v 3.970210 2.863897 2.913675
v 3.740691 2.843758 2.998235
v 3.905816 2.814642 3.079865
v 3.919604 2.892839 3.079865
v 4.064420 2.786676 2.958525
v 4.078208 2.864873 2.958525
v 3.979362 2.801674 2.406640
v 3.993150 2.879871 2.406640
v -3.896810 2.814515 7.433608
v -3.348036 3.061777 5.862124
v -1.843961 2.452543 7.433605
v -3.824795 3.221506 5.491511
v -3.334852 3.135116 5.491511
v -1.785132 2.786194 5.862119
v -1.793645 2.737919 5.852149
v -3.356399 3.013474 5.852151
v -1.852469 2.404290 7.423635
v -3.905247 2.766247 7.423660
v -3.833100 3.173156 5.481852
v -3.343380 3.086749 5.482133
v -1.785132 2.786194 5.862119
v -1.793645 2.737919 5.852149
v -3.348036 3.061777 5.862124
v -3.356399 3.013474 5.852151
v -1.852469 2.404290 7.423635
v -1.843961 2.452543 7.433605
v -1.793645 2.737919 5.852149
v -1.785132 2.786194 5.862119
v -3.896810 2.814515 7.433608
v -1.843961 2.452543 7.433605
v -3.905247 2.766247 7.423660
v -1.852469 2.404290 7.423635
v -3.824795 3.221506 5.491511
v -3.896810 2.814515 7.433608
v -3.833100 3.173156 5.481852
v -3.905247 2.766247 7.423660
v -3.334852 3.135116 5.491511
v -3.824795 3.221506 5.491511
v -3.343380 3.086749 5.482133
v -3.833100 3.173156 5.481852
v -3.356399 3.013474 5.852151
v -3.348036 3.061777 5.862124
v -3.343380 3.086749 5.482133
v -3.334852 3.135116 5.491511
v 4.966464 1.251681 7.433598
v 2.913613 1.613654 7.433600
v 4.535350 1.671723 5.862113
v 5.037987 1.658759 5.491498
v 4.548042 1.745149 5.491501
v 2.972445 1.947305 5.862113
v 4.957884 1.203438 7.423648
v 4.526687 1.623474 5.852141
v 2.905105 1.565401 7.423630
v 5.029253 1.610484 5.481843
v 4.539514 1.696782 5.482121
v 2.963933 1.899029 5.852145
v 2.972445 1.947305 5.862113
v 2.963933 1.899029 5.852145
v 4.535350 1.671723 5.862113
v 4.526687 1.623474 5.852141
v 2.972445 1.947305 5.862113
v 2.913613 1.613654 7.433600
v 2.963933 1.899029 5.852145
v 2.905105 1.565401 7.423630
v 4.966464 1.251681 7.433598
v 4.957884 1.203438 7.423648
v 2.913613 1.613654 7.433600
v 2.905105 1.565401 7.423630
v 5.037987 1.658759 5.491498
v 5.029253 1.610484 5.481843
v 4.966464 1.251681 7.433598
v 4.957884 1.203438 7.423648
v 4.548042 1.745149 5.491501
v 4.539514 1.696782 5.482121
v 5.037987 1.658759 5.491498
v 5.029253 1.610484 5.481843
v 4.548042 1.745149 5.491501
v 4.535350 1.671723 5.862113
v 4.539514 1.696782 5.482121
v 4.526687 1.623474 5.852141
v -2.170253 1.265332 7.365975
v -2.115398 1.576430 7.365975
v -2.145056 1.264266 7.409277
v -2.145056 1.264266 7.322675
v -2.102464 1.083163 7.365975
v -2.085808 1.102959 7.409275
v -2.085808 1.102959 7.322675
v -2.052491 1.142553 7.322675
v -1.878312 1.043639 7.365975
v -1.887194 1.067941 7.322675
v -1.904958 1.116539 7.322675
v -1.752305 1.191637 7.365975
v -1.776348 1.199253 7.322675
v -1.824433 1.214486 7.322675
v -1.697450 1.502735 7.365978
v -1.722071 1.507076 7.322675
v -1.771310 1.515758 7.322675
v -1.722071 1.507076 7.409277
v -1.776348 1.199253 7.409277
v -1.904958 1.116539 7.409277
v -1.887195 1.067938 7.409277
v -1.824433 1.214486 7.409277
v -1.848476 1.222101 7.365975
v -1.771310 1.515758 7.409277
v -1.913840 1.140841 7.365975
v -1.904958 1.116539 7.322675
v -1.824433 1.214486 7.322675
v -2.035836 1.162351 7.365975
v -2.069463 1.261067 7.365975
v -2.052491 1.142553 7.409275
v -2.052491 1.142553 7.322675
v -2.094659 1.262134 7.322675
v -2.094659 1.262134 7.409275
v -2.090778 1.572089 7.409277
v -2.041537 1.563406 7.409277
v -2.016917 1.559065 7.365975
v -2.041537 1.563406 7.322675
v -1.771310 1.515758 7.322675
v -1.795931 1.520099 7.365975
v -2.094659 1.262134 7.322675
v -2.090778 1.572089 7.322675
v -2.041537 1.563406 7.322675
v -2.113709 1.662339 7.231945
v -1.680625 1.585975 7.231945
v -2.090446 1.794269 7.365910
v -2.136971 1.530409 7.365908
v -1.703887 1.454045 7.365910
v -1.657362 1.717904 7.365910
v -2.113709 1.662339 7.499872
v -1.680625 1.585975 7.499872
v -2.136971 1.530409 7.365908
v -1.703887 1.454045 7.365910
v -2.113709 1.662339 7.231945
v -2.090446 1.794269 7.365910
v -2.136971 1.530409 7.365908
v -2.113709 1.662339 7.499872
v -1.680625 1.585975 7.231945
v -1.703887 1.454045 7.365910
v -1.657362 1.717904 7.365910
v -1.680625 1.585975 7.499872
v 2.844414 0.701882 7.409270
v 2.869035 0.697540 7.365970
v 2.790136 0.394058 7.409270
v 2.795174 0.710564 7.409270
v 2.742052 0.409292 7.409267
v 2.718008 0.416907 7.365970
v 2.661527 0.311345 7.409267
v 2.652645 0.335646 7.365970
v 2.742049 0.409292 7.322667
v 2.661527 0.311345 7.322667
v 2.513993 0.337359 7.409270
v 2.530649 0.357157 7.365970
v 2.513993 0.337359 7.322667
v 2.471825 0.456940 7.322667
v 2.524948 0.758212 7.322667
v 2.497023 0.455873 7.365970
v 2.471825 0.456940 7.409270
v 2.524948 0.758212 7.409270
v 2.549568 0.753871 7.365970
v 2.475708 0.766895 7.409270
v 2.451086 0.771236 7.365970
v 2.421430 0.459071 7.409270
v 2.396231 0.460138 7.365970
v 2.480676 0.297764 7.409270
v 2.464021 0.277969 7.365970
v 2.679289 0.262744 7.409267
v 2.688170 0.238446 7.365970
v 2.814180 0.386443 7.365970
v 2.679289 0.262744 7.322667
v 2.661527 0.311345 7.322667
v 2.480677 0.297768 7.322667
v 2.790136 0.394058 7.322667
v 2.844414 0.701882 7.322667
v 2.742049 0.409292 7.322667
v 2.795174 0.710564 7.322667
v 2.513993 0.337359 7.322667
v 2.421430 0.459071 7.322667
v 2.471825 0.456940 7.322667
v 2.475708 0.766895 7.322667
v 2.524948 0.758212 7.322667
v 2.795174 0.710564 7.322667
v 2.770553 0.714905 7.365970
v 2.896828 0.778846 7.231937
v 2.920090 0.910776 7.365905
v 2.463744 0.855211 7.231937
v 2.873565 0.646917 7.365903
v 2.440481 0.723281 7.365905
v 2.487006 0.987140 7.365905
v 2.896828 0.778846 7.499867
v 2.463744 0.855211 7.499867
v 2.873565 0.646917 7.365903
v 2.440481 0.723281 7.365905
v 2.896828 0.778846 7.231937
v 2.873565 0.646917 7.365903
v 2.920090 0.910776 7.365905
v 2.896828 0.778846 7.499867
v 2.463744 0.855211 7.231937
v 2.487006 0.987140 7.365905
v 2.440481 0.723281 7.365905
v 2.463744 0.855211 7.499867
v -0.917167 3.191907 5.449397
v -0.871270 3.452201 5.333455
v -0.706258 3.154432 5.527514
v -0.962013 2.937574 5.456542
v -0.769925 2.793359 5.456791
v -0.540096 2.863178 5.456542
v -0.495251 3.117512 5.449397
v -0.449354 3.377806 5.333455
v -0.641442 3.522022 5.333201
v -0.619885 3.600015 5.319734
v -0.840252 3.559252 5.436540
v -0.403391 3.500060 5.330463
v -0.623881 3.577353 5.426768
v -0.857513 3.580134 5.330462
v -1.052598 3.445749 5.359774
v -1.017887 3.436887 5.463226
v -1.109189 3.243043 5.499680
v -0.953949 3.376080 5.536817
v -0.800900 3.439113 5.547459
v -0.906667 3.332380 5.581755
v -0.785051 3.392968 5.578945
v -0.651620 3.420037 5.569540
v -0.504818 3.386906 5.547459
v -0.660190 3.371438 5.580097
v -0.535495 3.348965 5.578945
v -0.441939 3.250436 5.581751
v -0.382562 3.275329 5.536814
v -0.406559 3.108770 5.596776
v -0.461189 3.116489 5.617519
v -0.488530 2.986203 5.629062
v -0.439847 2.950450 5.594982
v -0.592593 2.878850 5.635643
v -0.611626 2.926201 5.654799
v -0.744020 2.896010 5.663370
v -0.735344 2.945231 5.656406
v -0.858107 2.969662 5.654799
v -0.892189 2.931676 5.635642
v -0.953259 3.068147 5.629065
v -1.011234 3.051201 5.594985
v -0.988364 3.211358 5.596776
v -0.934389 3.199927 5.617521
v -1.089691 3.029666 5.536139
v -1.131456 2.998525 5.439847
v -1.152867 3.232863 5.399808
v -0.964623 2.853926 5.562825
v -0.994098 2.805518 5.469157
v -0.767489 2.762911 5.572595
v -0.551118 2.781014 5.562825
v -0.777604 2.705567 5.479884
v -0.539974 2.725447 5.469157
v -0.344892 2.859833 5.439847
v -0.373484 2.903379 5.536133
v -0.282184 3.097220 5.499680
v -0.244622 3.072715 5.399808
v -0.301680 3.310601 5.463224
v -0.266034 3.307057 5.359772
v -0.426750 3.486341 5.436540
v -0.678629 3.266862 5.473241
v -0.535495 3.348965 5.578945
v -0.533372 3.242506 5.483411
v -0.823401 3.293645 5.483415
v -0.785051 3.392968 5.578945
v -0.660190 3.371438 5.580097
v -0.906667 3.332380 5.581755
v -0.934389 3.199927 5.617521
v -0.882328 3.190521 5.493578
v -0.863376 3.060524 5.503747
v -0.858107 2.969662 5.654799
v -0.953259 3.068147 5.629065
v -0.804483 3.050339 5.511187
v -0.735344 2.945231 5.656406
v -0.718183 3.042560 5.513915
v -0.634424 3.020356 5.511187
v -0.611626 2.926201 5.654799
v -0.575104 3.008428 5.503745
v -0.461189 3.116489 5.617519
v -0.488530 2.986203 5.629062
v -0.513444 3.125474 5.493578
v -0.441939 3.250436 5.581751
v -0.415941 3.307408 5.360099
v -0.424535 3.258667 5.479587
v -0.651620 3.420037 5.400384
v -0.663774 3.351108 5.569362
v -0.911612 3.394808 5.360102
v -0.920206 3.346067 5.479587
v -0.940955 3.228397 5.529078
v -0.961703 3.110725 5.479587
v -0.693117 3.184697 5.639355
v -0.722460 3.018286 5.569362
v -0.445283 3.140997 5.529078
v -0.466032 3.023325 5.479587
v -0.734614 2.949355 5.400384
v -0.474626 2.974586 5.360099
v -0.970297 3.061986 5.360102
v -0.757468 3.239372 5.386563
v -0.757789 3.237552 6.486661
v -0.814823 3.218496 5.386563
v -0.813404 3.217310 6.486661
v -0.825421 3.158391 5.386563
v -0.823682 3.159024 6.486661
v -0.778665 3.119160 5.386563
v -0.778344 3.120980 6.486661
v -0.778665 3.119160 5.386563
v -0.778344 3.120980 6.486661
v -0.721314 3.140035 5.386563
v -0.722727 3.141223 6.486661
v -0.710716 3.200140 5.386563
v -0.712450 3.199509 6.486661
v -0.757468 3.239372 5.386563
v -0.757789 3.237552 6.486661
v -0.778344 3.120980 6.486661
v -0.823682 3.159024 6.486661
v -0.722727 3.141223 6.486661
v -0.813404 3.217310 6.486661
v -0.712450 3.199509 6.486661
v -0.757789 3.237552 6.486661
v 0.229075 3.763262 3.753335
v 0.229077 3.763264 4.551591
v -0.580283 3.905973 3.753335
v -0.580282 3.905976 4.551593
v 0.176745 3.466475 3.753335
v 0.229075 3.763262 3.753335
v -0.632614 3.609187 3.753335
v -0.580283 3.905973 3.753335
v -0.632614 3.609187 3.753335
v -0.580283 3.905973 3.753335
v -0.632614 3.609187 4.551593
v -0.580282 3.905976 4.551593
v -0.632614 3.609187 4.551593
v -0.580282 3.905976 4.551593
v 0.176745 3.466475 4.551591
v 0.229077 3.763264 4.551591
v 0.176745 3.466475 4.551591
v 0.229077 3.763264 4.551591
v 0.176745 3.466475 3.753335
v 0.229075 3.763262 3.753335
v -1.455016 3.822491 4.071555
v -1.245090 3.785473 3.931955
v -1.417409 4.035772 4.071557
v -1.207483 3.998756 3.931955
v -1.399657 4.058026 4.092522
v -1.417409 4.035772 4.071557
v -1.189732 4.021011 3.952922
v -1.155341 4.014946 4.474360
v -0.945414 3.977931 4.334762
v -0.936347 3.950947 4.355730
v -1.146274 3.987963 4.495328
v -1.183881 3.774682 4.495328
v -0.973954 3.737667 4.355730
v -1.207483 3.998756 3.931955
v -0.945414 3.977931 4.334762
v -1.189732 4.021011 3.952922
v -1.245090 3.785473 3.931955
v -0.936347 3.950947 4.355730
v -0.973954 3.737667 4.355730
v -1.207483 3.998756 3.931955
v -1.183881 3.774682 4.495328
v -1.455016 3.822491 4.071555
v -1.146274 3.987963 4.495328
v -1.417409 4.035772 4.071557
v -1.155341 4.014946 4.474360
v -1.399657 4.058026 4.092522
v -1.972768 3.845519 4.255250
v -1.964371 3.893142 4.255250
v -1.842600 3.822566 4.439322
v -1.834206 3.870191 4.439322
v -1.618246 3.783007 4.591545
v -1.609849 3.830631 4.591545
v -1.353602 3.736342 4.644997
v -1.345204 3.783967 4.644997
v -1.088956 3.689679 4.591541
v -1.080559 3.737303 4.591541
v -0.864601 3.650118 4.439320
v -0.856203 3.697742 4.439320
v -0.714693 3.623686 4.211504
v -0.706296 3.671310 4.211504
v -0.662050 3.614403 3.942777
v -0.653655 3.662028 3.942777
v -0.662050 3.614403 3.942777
v -0.653655 3.662028 3.942777
v -0.714693 3.623686 3.674050
v -0.706296 3.671310 3.674050
v -0.864603 3.650119 3.446235
v -0.856205 3.697741 3.446235
v -1.088957 3.689679 3.294012
v -1.080559 3.737301 3.294012
v -1.353602 3.736342 3.240557
v -1.345208 3.783965 3.240557
v -1.618249 3.783007 3.294012
v -1.609852 3.830629 3.294012
v -1.842603 3.822567 3.446235
v -1.834206 3.870189 3.446235
v -1.972768 3.845519 3.630310
v -1.964530 3.892250 3.630310
v -1.568008 3.899410 4.520895
v -1.767998 3.934674 4.385203
v -1.332181 3.857827 4.568527
v -1.954745 3.967602 4.134325
v -1.096354 3.816245 4.520895
v -0.896430 3.780993 4.385250
v -0.762846 3.757438 4.182241
v -0.715937 3.749167 3.942777
v -0.762846 3.757438 3.703312
v -0.896433 3.780991 3.500305
v -1.096356 3.816243 3.364660
v -1.332184 3.857826 3.317027
v -1.568008 3.899408 3.364662
v -1.767998 3.934672 3.500352
v -1.954745 3.967602 3.751232
v -1.834206 3.870191 4.439322
v -1.964371 3.893142 4.255250
v -1.767998 3.934674 4.385203
v -1.609849 3.830631 4.591545
v -1.568008 3.899410 4.520895
v -1.332181 3.857827 4.568527
v -1.096354 3.816245 4.520895
v -1.345204 3.783967 4.644997
v -1.080559 3.737303 4.591541
v -0.856203 3.697742 4.439320
v -0.896430 3.780993 4.385250
v -0.762846 3.757438 4.182241
v -0.706296 3.671310 4.211504
v -0.715937 3.749167 3.942777
v -0.762846 3.757438 3.703312
v -0.653655 3.662028 3.942777
v -0.706296 3.671310 3.674050
v -0.856205 3.697741 3.446235
v -0.896433 3.780991 3.500305
v -1.096356 3.816243 3.364660
v -1.080559 3.737301 3.294012
v -1.332184 3.857826 3.317027
v -1.568008 3.899408 3.364662
v -1.345208 3.783965 3.240557
v -1.609852 3.830629 3.294012
v -1.834206 3.870189 3.446235
v -1.767998 3.934672 3.500352
v -1.954745 3.967602 3.751232
v -1.964530 3.892250 3.630310
v -1.954745 3.967602 4.134325
v -1.954745 3.967602 3.751232
v -1.954745 3.967602 4.134325
v -1.964530 3.892250 3.630310
v -1.964371 3.893142 4.255250
v -1.972768 3.845519 4.255250
v -1.972768 3.845519 3.630310
v -1.927218 3.934347 4.790761
v -1.927489 3.932811 4.891375
v -1.977818 3.943269 4.790761
v -1.943782 3.840407 4.746881
v -1.994380 3.849329 4.746881
v -1.978088 3.941733 4.891375
v -1.994380 3.849326 5.002697
v -1.943783 3.840405 5.002697
v -1.994380 3.849326 5.002697
v -1.994380 3.849329 4.746881
v -1.978088 3.941733 4.891375
v -1.977818 3.943269 4.790761
v -1.927218 3.934347 4.790761
v -1.943782 3.840407 4.746881
v -1.927489 3.932811 4.891375
v -1.943783 3.840405 5.002697
v -1.092907 3.787236 4.790761
v -1.093178 3.785700 4.891375
v -1.143505 3.796157 4.790761
v -1.109471 3.693296 4.746880
v -1.160069 3.702218 4.746880
v -1.143776 3.794621 4.891375
v -1.160070 3.702215 5.002694
v -1.109471 3.693293 5.002694
v -1.160070 3.702215 5.002694
v -1.160069 3.702218 4.746880
v -1.143776 3.794621 4.891375
v -1.143505 3.796157 4.790761
v -1.092907 3.787236 4.790761
v -1.109471 3.693296 4.746880
v -1.093178 3.785700 4.891375
v -1.109471 3.693293 5.002694
v 3.070085 3.024593 4.071548
v 3.107692 3.237875 4.071548
v 2.860158 3.061607 3.931950
v 2.897765 3.274890 3.931950
v 2.897765 3.274890 3.931950
v 3.107692 3.237875 4.071548
v 2.888696 3.301874 3.952917
v 3.098622 3.264858 4.092516
v 2.644379 3.344954 4.334756
v 2.626630 3.322699 4.355724
v 2.854309 3.307937 4.474353
v 2.836558 3.285683 4.495325
v 2.798950 3.072402 4.495325
v 2.589023 3.109417 4.355724
v 2.644379 3.344954 4.334756
v 2.626630 3.322699 4.355724
v 2.860158 3.061607 3.931950
v 2.888696 3.301874 3.952917
v 2.897765 3.274890 3.931950
v 2.589023 3.109417 4.355724
v 2.854309 3.307937 4.474353
v 3.098622 3.264858 4.092516
v 2.836558 3.285683 4.495325
v 3.107692 3.237875 4.071548
v 2.798950 3.072402 4.495325
v 3.070085 3.024593 4.071548
v 3.564488 2.869150 4.255241
v 3.434325 2.892102 4.439313
v 3.572653 2.915453 4.255241
v 3.442722 2.939726 4.439313
v 3.209968 2.931662 4.591537
v 3.218365 2.979286 4.591537
v 2.945322 2.978326 4.644989
v 2.953720 3.025950 4.644989
v 2.680678 3.024990 4.591539
v 2.689075 3.072614 4.591539
v 2.456321 3.064550 4.439317
v 2.464721 3.112174 4.439317
v 2.306413 3.090983 4.211500
v 2.314811 3.138607 4.211500
v 2.253771 3.100266 3.942775
v 2.262169 3.147890 3.942775
v 2.253771 3.100266 3.942775
v 2.306411 3.090983 3.674045
v 2.262169 3.147890 3.942775
v 2.314811 3.138607 3.674045
v 2.456321 3.064550 3.446230
v 2.464718 3.112173 3.446230
v 2.680676 3.024991 3.294007
v 2.689073 3.072613 3.294007
v 2.945320 2.978326 3.240552
v 2.953719 3.025949 3.240552
v 3.209968 2.931662 3.294007
v 3.218365 2.979284 3.294007
v 3.434321 2.892102 3.446227
v 3.442719 2.939724 3.446227
v 3.564488 2.869150 3.630302
v 3.572886 2.916775 3.630302
v 3.402560 3.022963 3.500345
v 3.589307 2.990036 3.751225
v 3.202568 3.058227 3.364655
v 3.589307 2.990036 4.134316
v 2.966743 3.099809 3.317022
v 2.730917 3.141392 3.364655
v 2.530993 3.176643 3.500300
v 2.397409 3.200200 3.703307
v 2.350500 3.208471 3.942772
v 2.397409 3.200200 4.182237
v 2.530993 3.176645 4.385244
v 2.730917 3.141394 4.520890
v 2.966743 3.099811 4.568521
v 3.202571 3.058228 4.520890
v 3.402560 3.022965 4.385197
v 3.442722 2.939726 4.439313
v 3.402560 3.022965 4.385197
v 3.572653 2.915453 4.255241
v 3.218365 2.979286 4.591537
v 3.202571 3.058228 4.520890
v 2.966743 3.099811 4.568521
v 2.953720 3.025950 4.644989
v 2.730917 3.141394 4.520890
v 2.689075 3.072614 4.591539
v 2.530993 3.176645 4.385244
v 2.464721 3.112174 4.439317
v 2.397409 3.200200 4.182237
v 2.350500 3.208471 3.942772
v 2.314811 3.138607 4.211500
v 2.262169 3.147890 3.942775
v 2.314811 3.138607 3.674045
v 2.397409 3.200200 3.703307
v 2.530993 3.176643 3.500300
v 2.464718 3.112173 3.446230
v 2.730917 3.141392 3.364655
v 2.966743 3.099809 3.317022
v 2.689073 3.072613 3.294007
v 2.953719 3.025949 3.240552
v 3.218365 2.979284 3.294007
v 3.202568 3.058227 3.364655
v 3.402560 3.022963 3.500345
v 3.442719 2.939724 3.446227
v 3.572886 2.916775 3.630302
v 3.589307 2.990036 3.751225
v 3.589307 2.990036 4.134316
v 3.589307 2.990036 3.751225
v 3.572886 2.916775 3.630302
v 3.589307 2.990036 4.134316
v 3.572653 2.915453 4.255241
v 3.564488 2.869150 3.630302
v 3.564488 2.869150 4.255241
v 2.694408 3.119430 4.831450
v 2.745007 3.110507 4.831450
v 2.694138 3.117894 4.932062
v 2.677841 3.025490 4.787567
v 2.728441 3.016568 4.787567
v 2.744736 3.108972 4.932062
v 2.677841 3.025487 5.043385
v 2.728440 3.016565 5.043385
v 2.728440 3.016565 5.043385
v 2.744736 3.108972 4.932062
v 2.728441 3.016568 4.787567
v 2.745007 3.110507 4.831450
v 2.694408 3.119430 4.831450
v 2.694138 3.117894 4.932062
v 2.677841 3.025490 4.787567
v 2.677841 3.025487 5.043385
v 1.860431 3.266482 4.831450
v 1.911031 3.257560 4.831450
v 1.860160 3.264946 4.932062
v 1.843867 3.172543 4.787570
v 1.894467 3.163620 4.787570
v 1.910760 3.256024 4.932062
v 1.843866 3.172540 5.043385
v 1.894466 3.163618 5.043385
v 1.894466 3.163618 5.043385
v 1.910760 3.256024 4.932062
v 1.894467 3.163620 4.787570
v 1.911031 3.257560 4.831450
v 1.860431 3.266482 4.831450
v 1.860160 3.264946 4.932062
v 1.843867 3.172543 4.787570
v 1.843866 3.172540 5.043385
v 0.683915 2.878631 5.727197
v 0.617490 2.890343 5.688257
v 0.722304 3.096341 5.727081
v 0.750340 2.866919 5.688253
v 0.788627 3.084645 5.688197
v 0.788627 3.084647 5.610432
v 0.722304 3.096341 5.571549
v 0.750340 2.866919 5.610372
v 0.683915 2.878631 5.571432
v 0.617490 2.890343 5.610372
v 0.655979 3.108036 5.610432
v 0.655978 3.108034 5.688197
v 0.617490 2.890343 5.610372
v 0.655979 3.108036 5.610432
v 0.732973 2.874486 5.845769
v 0.757569 3.013979 5.760445
v 0.732973 2.874486 5.452861
v 0.757569 3.013979 5.538185
v 0.628261 2.892950 5.452861
v 0.652858 3.032443 5.538185
v 0.628261 2.892950 5.845769
v 0.652858 3.032443 5.760447
v 0.652858 3.032443 5.538185
v 0.757569 3.013979 5.538185
v 0.652858 3.032443 5.760447
v 0.757569 3.013979 5.760445
v 0.757569 3.013979 5.538185
v 0.652858 3.032443 5.538185
v 0.732973 2.874486 5.452861
v 0.628261 2.892950 5.452861
v 0.732973 2.874486 5.845769
v 0.628261 2.892950 5.845769
v 0.757569 3.013979 5.760445
v 0.652858 3.032443 5.760447
v 0.953855 3.536409 5.311572
v 0.834307 2.858415 5.442029
v 0.655230 3.589065 5.311572
v 0.535682 2.911071 5.442029
v 0.530363 2.880909 5.415377
v 0.828989 2.828254 5.415375
v 0.655230 3.589065 5.286570
v 0.953855 3.536409 5.286570
v 0.655230 3.589065 5.311572
v 0.655230 3.589065 5.286570
v 0.953855 3.536409 5.311572
v 0.953855 3.536409 5.286570
v 0.655230 3.589065 5.311572
v 0.535682 2.911071 5.442029
v 0.655230 3.589065 5.286570
v 0.530363 2.880909 5.415377
v 0.953855 3.536409 5.311572
v 0.953855 3.536409 5.286570
v 0.834307 2.858415 5.442029
v 0.828989 2.828254 5.415375
v 0.535682 2.911071 5.857668
v 0.834307 2.858415 5.857668
v 0.530363 2.880909 5.857668
v 0.828989 2.828254 5.857668
v 0.530363 2.880909 5.415377
v 0.530363 2.880909 5.857668
v 0.828989 2.828254 5.415375
v 0.828989 2.828254 5.857668
v 0.828989 2.828254 5.415375
v 0.828989 2.828254 5.857668
v 0.834307 2.858415 5.442029
v 0.834307 2.858415 5.857668
v 0.530363 2.880909 5.415377
v 0.535682 2.911071 5.442029
v 0.530363 2.880909 5.857668
v 0.535682 2.911071 5.857668
v 0.784385 3.448420 5.808877
v 0.780901 3.428663 5.554025
v 0.914800 3.365045 5.808877
v 0.633212 3.415155 5.808877
v 0.644717 3.398724 5.554025
v 0.569591 3.281257 5.554025
v 0.599533 3.145073 5.554025
v 0.549836 3.284740 5.808877
v 0.583100 3.133567 5.808875
v 0.713515 3.050191 5.808877
v 0.716999 3.069947 5.554027
v 0.898367 3.353539 5.554027
v 0.948064 3.213872 5.808877
v 0.928306 3.217356 5.554025
v 0.864688 3.083454 5.808877
v 0.853182 3.099886 5.554025
v 0.713515 3.050191 5.808877
v 0.716999 3.069947 5.554027
v 2.616897 2.201546 5.760845
v 2.616864 2.201359 5.861921
v 1.358332 2.423465 5.760845
v 1.358299 2.423278 5.861921
v 2.694656 2.024180 5.707346
v 2.616897 2.201546 5.760845
v 1.224599 2.283391 5.707348
v 1.358332 2.423465 5.760845
v 1.216013 2.234697 5.963807
v 1.224599 2.283391 5.707348
v 1.358299 2.423278 5.861921
v 1.358332 2.423465 5.760845
v 1.216013 2.234697 5.963807
v 1.358299 2.423278 5.861921
v 2.686070 1.975487 5.963803
v 2.616864 2.201359 5.861921
v 2.686070 1.975487 5.963803
v 2.616864 2.201359 5.861921
v 2.694656 2.024180 5.707346
v 2.616897 2.201546 5.760845
v 2.314934 2.533879 5.664997
v 2.335083 2.649134 5.647285
v 2.425972 2.512888 5.595665
v 2.474920 2.789418 5.550147
v 2.496874 2.914489 5.339439
v 2.426167 2.513992 5.419382
v 2.474920 2.789418 5.550147
v 2.425972 2.512888 5.595665
v 2.496874 2.914489 5.339439
v 1.586386 3.075032 5.339439
v 2.297589 2.941427 5.362977
v 2.474920 2.789418 5.550147
v 2.335470 2.927518 5.378115
v 2.315900 2.817470 5.562328
v 1.782631 3.032228 5.362977
v 1.741924 3.032134 5.378207
v 1.564237 2.949996 5.550147
v 1.723061 2.922003 5.562344
v 2.314934 2.533879 5.664997
v 1.601620 2.659655 5.664997
v 2.335083 2.649134 5.647285
v 1.622105 2.774851 5.647286
v 2.250606 2.751478 5.602334
v 2.335083 2.649134 5.647285
v 1.761621 2.837699 5.602334
v 2.303494 2.787133 5.579212
v 2.474920 2.789418 5.550147
v 2.315900 2.817470 5.562328
v 1.622105 2.774851 5.647286
v 1.724119 2.889292 5.579215
v 1.564237 2.949996 5.550147
v 1.724119 2.889292 5.579215
v 1.723061 2.922003 5.562344
v 1.564237 2.949996 5.550147
v 1.622105 2.774851 5.647286
v 1.515656 2.673402 5.595665
v 1.601620 2.659655 5.664997
v 1.515656 2.673402 5.595665
v 1.515850 2.674506 5.419382
v 1.564237 2.949996 5.550147
v 1.586386 3.075032 5.339439
v 2.303494 2.787133 5.579212
v 2.291045 2.901802 5.376259
v 2.315900 2.817470 5.562328
v 2.335470 2.927518 5.378115
v 2.297589 2.941427 5.362977
v 1.782631 3.032228 5.362977
v 1.775434 2.992718 5.376262
v 1.741924 3.032134 5.378207
v 1.723061 2.922003 5.562344
v 1.724119 2.889292 5.579215
v 2.303494 2.787133 5.579212
v 2.250606 2.751478 5.602334
v 2.291045 2.901802 5.376259
v 1.775434 2.992718 5.376262
v 1.761621 2.837699 5.602334
v 1.724119 2.889292 5.579215
v 1.086913 2.333953 5.550092
v 1.089518 2.348727 5.476349
v 1.215553 3.063500 5.422061
v 1.215462 3.062981 5.348320
v 1.187800 2.291075 5.652341
v 1.086913 2.333953 5.550092
v 1.306157 2.962313 5.540205
v 1.215553 3.063500 5.422061
v 1.441026 2.246424 5.652341
v 1.187800 2.291075 5.652341
v 1.559384 2.917662 5.540205
v 1.306157 2.962313 5.540205
v 1.573232 3.000432 5.422061
v 1.215553 3.063500 5.422061
v 1.573140 2.999913 5.348320
v 1.559384 2.917662 5.540205
v 1.306157 2.962313 5.540205
v 1.215462 3.062981 5.348320
v 1.573140 2.999913 5.348320
v 1.447198 2.285659 5.476346
v 1.573232 3.000432 5.422061
v 1.559384 2.917662 5.540205
v 1.441026 2.246424 5.652341
v 2.841307 2.776301 5.348317
v 2.715364 2.062047 5.476346
v 2.841398 2.776820 5.422060
v 2.712759 2.047273 5.550088
v 2.841398 2.776820 5.422060
v 2.712759 2.047273 5.550088
v 2.721649 2.712724 5.540202
v 2.603293 2.041485 5.652339
v 2.350068 2.086136 5.652339
v 2.468425 2.757374 5.540202
v 2.603293 2.041485 5.652339
v 2.721649 2.712724 5.540202
v 2.483720 2.839889 5.422060
v 2.483628 2.839369 5.348317
v 2.841398 2.776820 5.422060
v 2.468425 2.757374 5.540202
v 2.721649 2.712724 5.540202
v 2.841307 2.776301 5.348317
v 2.483720 2.839889 5.422060
v 2.483628 2.839369 5.348317
v 2.468425 2.757374 5.540202
v 2.357686 2.125115 5.476346
v 2.350068 2.086136 5.652339
v 2.314934 2.533879 5.664997
v 2.306014 2.483290 5.428657
v 1.601620 2.659655 5.664997
v 2.425972 2.512888 5.595665
v 2.426167 2.513992 5.419382
v 1.592700 2.609067 5.428658
v 1.515656 2.673402 5.595665
v 1.515850 2.674506 5.419382
v 1.483316 2.489994 5.617435
v 1.496528 2.564921 5.605062
v 2.393633 2.329481 5.617435
v 2.406845 2.404408 5.605062
v 1.481078 2.477302 5.441969
v 1.483316 2.489994 5.617435
v 2.391395 2.316788 5.441967
v 2.393633 2.329481 5.617435
v 2.427986 2.524305 5.404417
v 2.391395 2.316788 5.441967
v 2.406845 2.404408 5.605062
v 2.393633 2.329481 5.617435
v 2.427986 2.524305 5.404417
v 2.406845 2.404408 5.605062
v 1.517669 2.684819 5.404417
v 1.496528 2.564921 5.605062
v 1.517669 2.684819 5.404417
v 1.496528 2.564921 5.605062
v 1.481078 2.477302 5.441969
v 1.483316 2.489994 5.617435
v 0.788613 3.354449 5.062706
v 0.813424 3.495175 5.063610
v 1.037338 3.310566 4.980641
v 0.539877 3.398282 4.980644
v 0.564140 3.539106 4.981363
v 1.062702 3.451196 4.981361
v 1.191052 3.283399 4.765793
v 1.216754 3.423969 4.766039
v 1.216754 3.423969 4.766039
v 1.191036 3.283322 4.500228
v 1.216741 3.423892 4.499887
v 1.037301 3.310367 4.285385
v 1.062667 3.450996 4.284564
v 0.788566 3.354200 4.203321
v 0.813380 3.494927 4.202320
v 0.539840 3.398083 4.285385
v 0.564103 3.538906 4.284564
v 0.813424 3.495175 5.063610
v 0.829911 3.588681 4.995497
v 1.062702 3.451196 4.981361
v 0.564140 3.539106 4.981363
v 0.620043 3.625667 4.926255
v 0.490330 3.648485 4.744978
v 0.410064 3.566211 4.766042
v 0.490318 3.648418 4.520909
v 0.410050 3.566133 4.499887
v 0.620013 3.625496 4.339632
v 0.829874 3.588471 4.270390
v 0.564103 3.538906 4.284564
v 0.813380 3.494927 4.202320
v 1.062667 3.450996 4.284564
v 1.039746 3.551486 4.339632
v 1.169459 3.528667 4.520906
v 1.216741 3.423892 4.499887
v 1.169470 3.528734 4.744978
v 1.039776 3.551656 4.926255
v 1.216754 3.423969 4.766039
v 0.539840 3.398083 4.285385
v 0.564103 3.538906 4.284564
v 0.386128 3.425249 4.500232
v 0.410050 3.566133 4.499887
v 0.410050 3.566133 4.499887
v 0.386141 3.425326 4.765797
v 0.410064 3.566211 4.766042
v 0.410064 3.566211 4.766042
v 0.539877 3.398282 4.980644
v 0.564140 3.539106 4.981363
v 1.169459 3.528667 4.520906
v 1.169470 3.528734 4.744978
v 1.039746 3.551486 4.339632
v 1.039776 3.551656 4.926255
v 0.829874 3.588471 4.270390
v 0.620013 3.625496 4.339632
v 0.490318 3.648418 4.520909
v 0.490330 3.648485 4.744978
v 0.620043 3.625667 4.926255
v 0.829911 3.588681 4.995497
v 3.244119 3.013240 4.840630
v 3.230616 2.936659 4.840631
v 3.244119 3.013240 4.906693
v 3.230616 2.936659 4.906693
v 3.230616 2.936659 4.840631
v 3.244119 3.013240 4.840630
v 1.608840 3.222622 4.840631
v 1.622343 3.299203 4.840631
v 1.622343 3.299203 4.906696
v 3.244119 3.013240 4.840630
v 3.244119 3.013240 4.906693
v 3.244119 3.013240 4.906693
v 3.230616 2.936659 4.906693
v 1.608840 3.222622 4.906696
v 1.432665 3.245046 4.798254
v 1.449622 3.341229 4.798252
v 1.432665 3.245046 5.063316
v 1.525287 3.327888 4.606311
v 1.508328 3.231704 4.606311
v 1.449625 3.341229 5.063319
v 1.630869 3.309271 4.798252
v 1.613909 3.213088 4.798252
v 1.630869 3.309271 5.063316
v 1.508328 3.231704 4.606311
v 1.525287 3.327888 4.606311
v 1.613909 3.213088 5.063316
v 1.449622 3.341229 4.798252
v 1.630869 3.309271 4.798252
v 1.449625 3.341229 5.063319
v 1.525287 3.327888 4.606311
v 1.630869 3.309271 5.063316
v 1.449625 3.341229 5.063319
v 1.630869 3.309271 5.063316
v 1.432665 3.245046 5.063316
v 1.613909 3.213088 5.063316
v -2.181527 3.890936 4.884580
v -2.168024 3.967515 4.884580
v -0.912980 3.667256 4.879018
v -0.899477 3.743835 4.879018
v -0.899477 3.743835 4.812952
v -0.912980 3.667256 4.812952
v -2.434072 3.935466 4.812956
v -2.420569 4.012045 4.812960
v -2.228555 3.978188 4.920372
v -2.420569 4.012045 4.812960
v -2.420569 4.012045 4.917520
v -0.912980 3.667256 4.879018
v -0.899477 3.743835 4.879018
v -0.912980 3.667256 4.812952
v -0.899477 3.743835 4.812952
v -2.242058 3.901609 4.920372
v -2.434072 3.935466 4.917520
v -2.228555 3.978188 4.920372
v -2.181527 3.890936 4.884580
v -2.168024 3.967515 4.884580
v -2.420569 4.012045 4.917520
v -2.597658 3.955700 4.938931
v -2.581509 4.047287 4.938931
v -2.434444 3.926921 4.938930
v -2.418297 4.018509 4.938930
v -2.434444 3.926921 4.938930
v -2.418297 4.018509 4.938930
v -2.434444 3.926921 4.751381
v -2.418297 4.018509 4.751381
v -2.434444 3.926921 4.751381
v -2.418297 4.018509 4.751381
v -2.458340 3.937872 4.730832
v -2.444196 4.018085 4.730832
v -2.582362 4.042447 4.731991
v -2.444196 4.018085 4.730832
v -2.581509 4.047287 4.751992
v -2.604130 4.004932 4.516087
v -2.359339 3.961769 4.516087
v -2.418297 4.018509 4.751381
v -2.581509 4.047287 4.938931
v -2.418297 4.018509 4.938930
v -2.597657 3.955703 4.751992
v -2.581509 4.047287 4.751992
v -2.597658 3.955700 4.938931
v -2.596506 3.962234 4.731991
v -2.604130 4.004932 4.516087
v -2.582362 4.042447 4.731991
v -2.581509 4.047287 4.938931
v 1.985077 3.147633 3.695890
v 1.925988 3.158052 3.695887
v 1.992365 3.188968 3.695890
v 1.933277 3.199387 3.695890
v 1.992365 3.188967 3.146580
v 1.933277 3.199386 3.146580
v 1.985076 3.147632 3.146580
v 1.925988 3.158051 3.146580
v 1.519841 3.323291 3.417897
v 1.816745 3.242637 3.417897
v 1.528277 3.264135 3.663495
v 1.528277 3.264135 3.172302
v 1.798105 3.192460 3.172302
v 1.962248 3.151669 3.241742
v 1.974286 3.177902 3.417897
v 2.058006 3.143435 3.417897
v 1.962248 3.151669 3.594052
v 1.798109 3.192463 3.663495
v 1.516689 3.266069 3.426447
v 1.521598 3.293908 3.391137
v -0.107696 3.541848 3.426450
v 1.758330 3.249256 3.426447
v -0.101564 3.576622 3.391140
v 1.758330 3.249256 3.426447
v 1.526190 3.319952 3.426447
v -0.101564 3.576622 3.391140
v -0.095432 3.611398 3.426450
v 1.521598 3.293908 3.461757
v 1.758330 3.249256 3.426447
v -0.095432 3.611398 3.426450
v -0.101564 3.576622 3.461760
v 1.758330 3.249256 3.426447
v 1.516689 3.266069 3.426447
v -0.101564 3.576622 3.461760
v -0.107696 3.541848 3.426450
v 1.992365 3.188968 3.695890
v 1.933277 3.199387 3.695890
v 1.992365 3.188967 3.146580
v 1.933277 3.199386 3.146580
v 1.925988 3.158052 3.695887
v 1.925988 3.158051 3.146580
v 1.933277 3.199387 3.695890
v 1.933277 3.199386 3.146580
v 1.985076 3.147632 3.146580
v 1.985077 3.147633 3.695890
v 1.992365 3.188967 3.146580
v 1.992365 3.188968 3.695890
v -3.129853 4.199485 0.778955
v -2.487747 4.086264 0.778952
v -3.129853 4.199485 0.887657
v -2.487747 4.086264 0.887657
v -3.104226 4.170439 0.778955
v -2.521766 4.067735 0.778952
v -3.129853 4.199485 0.778955
v -2.487747 4.086264 0.778952
v -2.487747 4.086264 0.887657
v -2.521763 4.067735 0.887660
v -3.129853 4.199485 0.887657
v -3.104226 4.170439 0.887657
v -2.487747 4.086264 0.887657
v -2.487747 4.086264 0.778952
v -2.511763 3.950062 0.887660
v -2.511763 3.950062 0.778952
v -2.487747 4.086264 0.778952
v -2.521766 4.067735 0.778952
v -2.511763 3.950062 0.778952
v -2.541588 3.955321 0.778952
v -2.521766 4.067735 0.778952
v -2.521763 4.067735 0.887660
v -2.541588 3.955321 0.778952
v -2.541585 3.955321 0.887657
v -2.541585 3.955321 0.887657
v -2.521763 4.067735 0.887660
v -2.511763 3.950062 0.887660
v -2.487747 4.086264 0.887657
v -3.129853 4.199485 0.778955
v -3.129853 4.199485 0.887657
v -3.153869 4.063283 0.778955
v -3.153869 4.063283 0.887657
v -3.129853 4.199485 0.887657
v -3.104226 4.170439 0.887657
v -3.153869 4.063283 0.887657
v -3.124047 4.058025 0.887657
v -3.104226 4.170439 0.887657
v -3.104226 4.170439 0.778955
v -3.124047 4.058025 0.887657
v -3.124047 4.058025 0.778955
v -3.124047 4.058025 0.778955
v -3.104226 4.170439 0.778955
v -3.153869 4.063283 0.778955
v -3.129853 4.199485 0.778955
v -3.129858 4.199486 -1.562820
v -3.129858 4.199486 -1.671525
v -2.488706 4.080852 -1.599368
v -2.487752 4.086265 -1.671528
v -3.104230 4.170436 -1.671525
v -2.521769 4.067733 -1.671528
v -3.129858 4.199486 -1.671525
v -2.487752 4.086265 -1.671528
v -3.129858 4.199486 -1.562820
v -2.488706 4.080852 -1.599368
v -3.104230 4.170436 -1.562820
v -2.522723 4.062322 -1.599368
v -2.511954 3.949009 -1.599368
v -2.488706 4.080852 -1.599368
v -2.511000 3.954421 -1.671528
v -2.487752 4.086265 -1.671528
v -2.487752 4.086265 -1.671528
v -2.521769 4.067733 -1.671528
v -2.511000 3.954421 -1.671528
v -2.540822 3.959680 -1.671528
v -2.521769 4.067733 -1.671528
v -2.522723 4.062322 -1.599368
v -2.540822 3.959680 -1.671528
v -2.541776 3.954268 -1.599368
v -2.541776 3.954268 -1.599368
v -2.522723 4.062322 -1.599368
v -2.511954 3.949009 -1.599368
v -2.488706 4.080852 -1.599368
v -3.129858 4.199486 -1.671525
v -3.129858 4.199486 -1.562820
v -3.153106 4.067642 -1.671525
v -3.153106 4.067642 -1.562820
v -3.129858 4.199486 -1.562820
v -3.104230 4.170436 -1.562820
v -3.153106 4.067642 -1.562820
v -3.123283 4.062383 -1.562820
v -3.104230 4.170436 -1.562820
v -3.104230 4.170436 -1.671525
v -3.123283 4.062383 -1.562820
v -3.123283 4.062383 -1.671525
v -3.123283 4.062383 -1.671525
v -3.104230 4.170436 -1.671525
v -3.153106 4.067642 -1.671525
v -3.129858 4.199486 -1.671525
v 4.719432 2.815444 0.778945
v 4.719432 2.815444 0.887647
v 4.077324 2.928665 0.778945
v 4.077324 2.928665 0.887650
v 4.685414 2.796915 0.778945
v 4.719432 2.815444 0.778945
v 4.102955 2.899618 0.778945
v 4.077324 2.928665 0.778945
v 4.077324 2.928665 0.887650
v 4.719432 2.815444 0.887647
v 4.102952 2.899619 0.887650
v 4.685414 2.796915 0.887647
v 4.077324 2.928665 0.887650
v 4.053308 2.792463 0.887650
v 4.077324 2.928665 0.778945
v 4.053308 2.792463 0.778945
v 4.077324 2.928665 0.778945
v 4.053308 2.792463 0.778945
v 4.102955 2.899618 0.778945
v 4.083133 2.787204 0.778945
v 4.102955 2.899618 0.778945
v 4.083133 2.787204 0.778945
v 4.102952 2.899619 0.887650
v 4.083131 2.787205 0.887650
v 4.719432 2.815444 0.778945
v 4.695415 2.679242 0.778945
v 4.719432 2.815444 0.887647
v 4.695415 2.679242 0.887647
v 4.719432 2.815444 0.887647
v 4.695415 2.679242 0.887647
v 4.685414 2.796915 0.887647
v 4.665593 2.684501 0.887647
v 4.685414 2.796915 0.887647
v 4.665593 2.684501 0.887647
v 4.685414 2.796915 0.778945
v 4.665593 2.684501 0.778945
v 4.719432 2.815444 0.778945
v 4.685414 2.796915 0.778945
v 4.695415 2.679242 0.778945
v 4.665593 2.684501 0.778945
v 4.719429 2.815444 -1.671535
v 4.719429 2.815445 -1.562830
v 4.077322 2.928665 -1.671538
v 4.077322 2.928665 -1.562830
v 4.685412 2.796912 -1.671535
v 4.719429 2.815444 -1.671535
v 4.102949 2.899616 -1.671535
v 4.077322 2.928665 -1.671538
v 4.077322 2.928665 -1.562830
v 4.719429 2.815445 -1.562830
v 4.102949 2.899616 -1.562830
v 4.685412 2.796912 -1.562830
v 4.077322 2.928665 -1.562830
v 4.054075 2.796821 -1.562833
v 4.077322 2.928665 -1.671538
v 4.054075 2.796821 -1.671535
v 4.077322 2.928665 -1.671538
v 4.054075 2.796821 -1.671535
v 4.102949 2.899616 -1.671535
v 4.083897 2.791563 -1.671535
v 4.102949 2.899616 -1.671535
v 4.083897 2.791563 -1.671535
v 4.102949 2.899616 -1.562830
v 4.083897 2.791563 -1.562833
v 4.719429 2.815444 -1.671535
v 4.696181 2.683600 -1.671535
v 4.719429 2.815445 -1.562830
v 4.696181 2.683601 -1.562830
v 4.685412 2.796912 -1.562830
v 4.666359 2.688859 -1.562830
v 4.685412 2.796912 -1.671535
v 4.666359 2.688859 -1.671535
v 4.719429 2.815444 -1.671535
v 4.685412 2.796912 -1.671535
v 4.696181 2.683600 -1.671535
v 4.666359 2.688859 -1.671535
v -2.911950 4.161347 -7.130105
v -0.753191 3.780701 -7.130130
v -2.911945 4.161349 -3.289780
v -0.753182 3.780701 -3.289783
v -0.593358 3.602948 -3.117668
v -3.086638 4.042581 -3.117663
v -0.753182 3.780701 -3.289783
v -2.911945 4.161349 -3.289780
v -3.086638 4.042581 -3.117663
v -3.086643 4.042580 -7.108358
v -2.911945 4.161349 -3.289780
v -2.911950 4.161347 -7.130105
v -0.753191 3.780701 -7.130130
v -0.593364 3.602948 -7.108271
v -0.753182 3.780701 -3.289783
v -0.593358 3.602948 -3.117668
v 4.501606 2.854137 -7.130116
v 4.501609 2.854140 -3.289790
v 2.342846 3.234787 -7.130134
v 2.342848 3.234787 -3.289788
v 2.131868 3.122417 -3.117670
v 2.342848 3.234787 -3.289788
v 4.625147 2.682784 -3.117673
v 4.501609 2.854140 -3.289790
v 4.625147 2.682784 -3.117673
v 4.501609 2.854140 -3.289790
v 4.625142 2.682784 -7.108368
v 4.501606 2.854137 -7.130116
v 2.131868 3.122417 -3.117670
v 2.131863 3.122416 -7.108276
v 2.342848 3.234787 -3.289788
v 2.342846 3.234787 -7.130134
v -1.854032 4.301176 -4.828508
v -2.568976 4.426876 -5.166183
v -1.818782 4.251791 -4.921566
v -1.904045 4.266825 -4.735452
v -2.618866 4.392612 -5.073350
v -2.654261 4.294890 -5.034901
v -2.649609 4.218261 -5.073350
v -1.939524 4.168863 -4.696900
v -1.939690 4.064676 -4.735448
v -1.904441 4.015293 -4.828508
v -2.614447 4.168999 -5.166182
v -2.533816 4.377615 -5.259014
v -1.818947 4.147602 -4.960111
v -2.533978 4.273681 -5.297463
v -1.854427 4.049642 -4.921566
v -2.564559 4.203265 -5.259014
v -1.904441 4.015293 -4.828508
v -2.614447 4.168999 -5.166182
v -1.939524 4.168863 -4.696900
v -1.904045 4.266825 -4.735452
v -1.939690 4.064676 -4.735448
v -1.854032 4.301176 -4.828508
v -1.904441 4.015293 -4.828508
v -1.854427 4.049642 -4.921566
v -1.818947 4.147602 -4.960111
v -1.818782 4.251791 -4.921566
v -2.614447 4.168999 -5.166182
v -2.564559 4.203265 -5.259014
v -2.533816 4.377615 -5.259014
v -2.649609 4.218261 -5.073350
v -2.654261 4.294890 -5.034901
v -2.618866 4.392612 -5.073350
v -2.568976 4.426876 -5.166183
v -2.533978 4.273681 -5.297463
v -2.684249 4.146574 -5.265049
v -2.587065 4.129438 -5.219145
v -2.596863 4.285701 -5.236256
v -2.560638 4.279314 -5.219145
v -2.735998 4.155699 -5.152085
v -2.684249 4.146574 -5.265049
v -2.648610 4.294825 -5.123291
v -2.596863 4.285701 -5.236256
v -2.648610 4.294825 -5.123291
v -2.596863 4.285701 -5.236256
v -2.612385 4.288438 -5.106184
v -2.560638 4.279314 -5.219145
v -2.612385 4.288438 -5.106184
v -2.638812 4.138563 -5.106184
v -2.648610 4.294825 -5.123291
v -2.735998 4.155699 -5.152085
v -2.463382 4.207406 -5.224528
v -2.480418 4.110791 -5.224528
v -2.416617 4.199160 -5.202442
v -2.433653 4.102545 -5.202442
v -2.416617 4.199160 -5.202442
v -2.433653 4.102545 -5.202442
v -2.509427 4.215525 -4.999838
v -2.531278 4.091606 -4.999838
v -2.509427 4.215525 -4.999838
v -2.531278 4.091606 -4.999838
v -2.556194 4.223771 -5.021928
v -2.578044 4.099852 -5.021928
v -2.463382 4.207406 -5.224528
v -2.556194 4.223771 -5.021928
v -2.480418 4.110791 -5.224528
v -2.578044 4.099852 -5.021928
v -2.024715 4.130057 -5.017326
v -2.046565 4.006138 -5.017326
v -1.977949 4.121810 -4.995238
v -1.999799 3.997892 -4.995238
v -1.977949 4.121810 -4.995238
v -1.999799 3.997892 -4.995238
v -2.070764 4.138176 -4.792635
v -2.092615 4.014258 -4.792635
v -2.070764 4.138176 -4.792635
v -2.092615 4.014258 -4.792635
v -2.117528 4.146422 -4.814725
v -2.139378 4.022503 -4.814723
v -2.117528 4.146422 -4.814725
v -2.139378 4.022503 -4.814723
v -2.024715 4.130057 -5.017326
v -2.046565 4.006138 -5.017326
v -2.587065 4.129438 -5.219145
v -2.638812 4.138563 -5.106184
v -2.560638 4.279314 -5.219145
v -2.612385 4.288438 -5.106184
v 1.432752 3.258141 -5.042572
v 1.454279 3.380227 -5.042572
v 1.346990 3.273263 -5.367570
v 1.346993 3.273262 -4.717570
v 1.368520 3.395349 -4.717570
v 1.134217 3.436663 -4.479657
v 1.112690 3.314576 -4.479657
v 1.368517 3.395349 -5.367570
v 1.112689 3.314576 -5.605485
v 1.134217 3.436663 -5.605488
v 1.112689 3.314576 -5.605485
v 1.134217 3.436663 -5.605488
v 0.792625 3.371012 -5.692572
v 0.814152 3.493099 -5.692572
v 0.472566 3.427447 -5.605485
v 0.494093 3.549534 -5.605488
v 0.238262 3.468761 -5.367570
v 0.259789 3.590848 -5.367570
v 0.152502 3.483883 -5.042572
v 0.174029 3.605969 -5.042572
v 0.238262 3.468761 -4.717570
v 0.259789 3.590848 -4.717570
v 0.472566 3.427447 -4.479653
v 0.494093 3.549534 -4.479657
v 0.792628 3.371012 -4.392570
v 0.814155 3.493098 -4.392570
v 1.112690 3.314576 -4.479657
v 1.134217 3.436663 -4.479657
v 1.108557 3.518700 -5.537045
v 1.314372 3.482409 -5.328055
v 0.827411 3.568274 -5.613541
v 1.389705 3.469126 -5.042572
v 0.546262 3.617847 -5.537044
v 0.340448 3.654138 -5.328055
v 0.265115 3.667421 -5.042572
v 0.340448 3.654138 -4.757086
v 0.546262 3.617847 -4.548096
v 0.827411 3.568274 -4.471601
v 1.108557 3.518700 -4.548096
v 1.314372 3.482409 -4.757089
v 1.368517 3.395349 -5.367570
v 1.454279 3.380227 -5.042572
v 1.314372 3.482409 -5.328055
v 1.134217 3.436663 -5.605488
v 1.108557 3.518700 -5.537045
v 0.827411 3.568274 -5.613541
v 0.814152 3.493099 -5.692572
v 0.546262 3.617847 -5.537044
v 0.494093 3.549534 -5.605488
v 0.340448 3.654138 -5.328055
v 0.265115 3.667421 -5.042572
v 0.259789 3.590848 -5.367570
v 0.174029 3.605969 -5.042572
v 0.259789 3.590848 -4.717570
v 0.340448 3.654138 -4.757086
v 0.546262 3.617847 -4.548096
v 0.494093 3.549534 -4.479657
v 0.827411 3.568274 -4.471601
v 1.108557 3.518700 -4.548096
v 0.814155 3.493098 -4.392570
v 1.134217 3.436663 -4.479657
v 1.368520 3.395349 -4.717570
v 1.314372 3.482409 -4.757089
v 1.389705 3.469126 -5.042572
v 2.835255 0.506072 -7.095878
v 2.890110 0.817171 -7.095878
v 2.811213 0.513691 -7.139175
v 2.811213 0.513691 -7.052572
v 2.697803 0.360094 -7.095875
v 2.700367 0.382376 -7.139177
v 2.688921 0.384394 -7.052572
v 2.682605 0.430977 -7.052572
v 2.485097 0.397600 -7.095875
v 2.535069 0.456991 -7.052572
v 2.501754 0.417397 -7.052572
v 2.682605 0.430977 -7.052572
v 2.535069 0.456991 -7.052572
v 2.417308 0.579767 -7.095875
v 2.442506 0.578704 -7.052572
v 2.492902 0.576570 -7.052572
v 2.472163 0.890866 -7.095875
v 2.496783 0.886525 -7.052575
v 2.546024 0.877843 -7.052575
v 2.496783 0.886525 -7.139175
v 2.442506 0.578704 -7.139175
v 2.501754 0.417397 -7.139175
v 2.535069 0.456991 -7.139175
v 2.492902 0.576570 -7.139175
v 2.535069 0.456991 -7.139175
v 2.551726 0.476788 -7.095875
v 2.518100 0.575507 -7.095875
v 2.546024 0.877843 -7.139175
v 2.570644 0.873501 -7.095875
v 2.546024 0.877843 -7.052575
v 2.492902 0.576570 -7.052572
v 2.535069 0.456991 -7.052572
v 2.551726 0.476788 -7.095875
v 2.535069 0.456991 -7.052572
v 2.673721 0.455277 -7.095875
v 2.763128 0.528922 -7.052572
v 2.763128 0.528922 -7.139177
v 2.739085 0.536538 -7.095875
v 2.682605 0.430977 -7.139177
v 2.682605 0.430977 -7.052572
v 2.682605 0.430977 -7.139177
v 2.535069 0.456991 -7.139175
v 2.682605 0.430977 -7.052572
v 2.551726 0.476788 -7.095875
v 2.682605 0.430977 -7.139177
v 2.816250 0.830194 -7.139175
v 2.791630 0.834536 -7.095875
v 2.816250 0.830194 -7.052572
v 2.865490 0.821512 -7.139175
v 2.763128 0.528922 -7.052572
v 2.865490 0.821512 -7.052572
v 2.816250 0.830194 -7.052572
v 2.917904 0.898480 -6.961845
v 2.484823 0.974844 -6.961843
v 2.941167 1.030410 -7.095810
v 2.894641 0.766547 -7.095810
v 2.461560 0.842911 -7.095808
v 2.508086 1.106774 -7.095808
v 2.917904 0.898477 -7.229775
v 2.484820 0.974841 -7.229775
v 2.894641 0.766547 -7.095810
v 2.461560 0.842911 -7.095808
v 2.917904 0.898480 -6.961845
v 2.941167 1.030410 -7.095810
v 2.894641 0.766547 -7.095810
v 2.917904 0.898477 -7.229775
v 2.484823 0.974844 -6.961843
v 2.461560 0.842911 -7.095808
v 2.508086 1.106774 -7.095808
v 2.484820 0.974841 -7.229775
v -2.069701 1.691720 -7.139170
v -2.094321 1.696061 -7.095867
v -2.123978 1.383898 -7.139170
v -2.020461 1.683037 -7.139170
v -2.073583 1.381765 -7.139173
v -2.048386 1.380698 -7.095867
v -2.031415 1.262186 -7.139173
v -2.014760 1.281982 -7.095867
v -2.031415 1.262186 -7.052567
v -1.883880 1.236171 -7.139170
v -1.892764 1.260471 -7.095867
v -1.892764 1.260471 -7.095867
v -1.883880 1.236171 -7.052567
v -2.073583 1.381765 -7.052567
v -2.020461 1.683037 -7.052567
v -1.995841 1.678696 -7.095867
v -1.827399 1.341735 -7.095867
v -1.803357 1.334116 -7.052567
v -1.883880 1.236171 -7.052567
v -1.750234 1.635389 -7.052570
v -1.774855 1.639730 -7.095867
v -1.750234 1.635389 -7.139170
v -1.803357 1.334116 -7.139170
v -1.700994 1.626706 -7.139170
v -1.755271 1.318885 -7.139170
v -1.676374 1.622365 -7.095870
v -1.731229 1.311267 -7.095867
v -1.700994 1.626706 -7.052570
v -1.755271 1.318885 -7.052567
v -1.866118 1.187571 -7.052567
v -1.803357 1.334116 -7.052567
v -1.883880 1.236171 -7.052567
v -1.750234 1.635389 -7.052570
v -1.857236 1.163270 -7.095867
v -1.883880 1.236171 -7.052567
v -2.064731 1.222591 -7.052567
v -2.031415 1.262186 -7.052567
v -2.123978 1.383898 -7.052567
v -2.073583 1.381765 -7.052567
v -2.069701 1.691720 -7.052567
v -2.020461 1.683037 -7.052567
v -2.149176 1.384962 -7.095867
v -2.064731 1.222591 -7.139173
v -2.081387 1.202794 -7.095867
v -1.866118 1.187571 -7.139170
v -1.883880 1.236171 -7.139170
v -1.883880 1.236171 -7.139170
v -1.892764 1.260471 -7.095867
v -2.092632 1.781973 -6.961837
v -2.069370 1.913903 -7.095802
v -1.659548 1.705608 -6.961835
v -2.115896 1.650040 -7.095800
v -1.682812 1.573676 -7.095802
v -1.636286 1.837538 -7.095802
v -2.092633 1.781970 -7.229767
v -1.659549 1.705605 -7.229770
v -2.115896 1.650040 -7.095800
v -1.682812 1.573676 -7.095802
v -2.092632 1.781973 -6.961837
v -2.115896 1.650040 -7.095800
v -2.069370 1.913903 -7.095802
v -2.092633 1.781970 -7.229767
v -1.659548 1.705608 -6.961835
v -1.636286 1.837538 -7.095802
v -1.682812 1.573676 -7.095802
v -1.659549 1.705605 -7.229770
v -1.342119 1.307362 -6.958540
v -1.426798 1.546967 -6.996703
v -1.746233 1.378618 -6.958540
v -1.385472 1.061493 -6.915483
v -1.789587 1.132749 -6.915483
v -1.546995 0.865299 -6.877323
v -1.704910 0.893144 -6.877323
v -1.584714 1.574811 -6.996703
v -1.703291 0.902326 -6.823263
v -1.545376 0.874481 -6.823263
v -1.704910 0.893144 -6.877323
v -1.546995 0.865299 -6.877323
v -1.545376 0.874481 -6.823263
v -1.383853 1.070675 -6.861423
v -1.546995 0.865299 -6.877323
v -1.385472 1.061493 -6.915483
v -1.383853 1.070675 -6.861423
v -1.340500 1.316542 -6.904480
v -1.342119 1.307362 -6.958540
v -1.340500 1.316542 -6.904480
v -1.425179 1.556150 -6.942640
v -1.426798 1.546967 -6.996703
v -1.425179 1.556150 -6.942640
v -1.583095 1.583995 -6.942640
v -1.426798 1.546967 -6.996703
v -1.584714 1.574811 -6.996703
v -1.583095 1.583995 -6.942640
v -1.744615 1.387799 -6.904480
v -1.584714 1.574811 -6.996703
v -1.746233 1.378618 -6.958540
v -1.744615 1.387799 -6.904480
v -1.787968 1.141932 -6.861420
v -1.789587 1.132749 -6.915483
v -1.787968 1.141932 -6.861420
v -1.703291 0.902326 -6.823263
v -1.704910 0.893144 -6.877323
v 2.006972 0.463313 -6.915488
v 2.091652 0.223708 -6.877327
v 2.411088 0.392057 -6.915490
v 2.454441 0.637926 -6.958545
v 2.050326 0.709183 -6.958545
v 2.211848 0.905375 -6.996705
v 2.369762 0.877531 -6.996705
v 2.249566 0.195863 -6.877327
v 2.251184 0.205045 -6.823267
v 2.249566 0.195863 -6.877327
v 2.093271 0.232889 -6.823267
v 2.091652 0.223708 -6.877327
v 2.093271 0.232889 -6.823267
v 2.091652 0.223708 -6.877327
v 2.008591 0.472496 -6.861425
v 2.006972 0.463313 -6.915488
v 2.008591 0.472496 -6.861425
v 2.051944 0.718363 -6.904485
v 2.050326 0.709183 -6.958545
v 2.051944 0.718363 -6.904485
v 2.213467 0.914558 -6.942645
v 2.211848 0.905375 -6.996705
v 2.213467 0.914558 -6.942645
v 2.211848 0.905375 -6.996705
v 2.371381 0.886714 -6.942645
v 2.369762 0.877531 -6.996705
v 2.371381 0.886714 -6.942645
v 2.369762 0.877531 -6.996705
v 2.456060 0.647106 -6.904485
v 2.454441 0.637926 -6.958545
v 2.456060 0.647106 -6.904485
v 2.412707 0.401239 -6.861427
v 2.411088 0.392057 -6.915490
v 2.412707 0.401239 -6.861427
v 2.251184 0.205045 -6.823267
v 2.249566 0.195863 -6.877327
v 0.132177 0.579696 -6.862385
v 0.132808 0.583273 -6.826344
v 0.093989 0.363121 -6.828355
v 0.065804 0.193627 -6.622765
v 0.059543 0.167766 -6.661482
v 0.059543 0.167766 -6.661482
v 0.065804 0.193627 -6.622765
v 0.343426 0.117710 -6.661482
v 0.349686 0.143571 -6.622765
v 0.093989 0.363121 -6.828355
v 0.059543 0.167766 -6.661482
v 0.377872 0.313065 -6.828355
v 0.416060 0.529640 -6.862385
v 0.132177 0.579696 -6.862385
v 0.343426 0.117710 -6.661482
v 0.132808 0.583273 -6.826344
v 0.132177 0.579696 -6.862385
v 0.416691 0.533217 -6.826344
v 0.416060 0.529640 -6.862385
v 0.343426 0.117710 -6.661482
v 0.349686 0.143571 -6.622765
v 0.377872 0.313065 -6.828355
v 0.416060 0.529640 -6.862385
v 0.416691 0.533217 -6.826344
v 0.129210 0.448287 -6.806178
v 0.380098 0.404049 -6.806178
v 0.129210 0.448287 -6.944345
v 0.380098 0.404049 -6.944345
v 0.254652 0.426168 -7.044345
v 0.380098 0.404049 -6.944345
v 0.347088 0.216837 -6.944345
v 0.380098 0.404049 -6.806178
v 0.221642 0.238956 -7.044345
v 0.254652 0.426168 -7.044345
v 0.129210 0.448287 -6.944345
v 0.096200 0.261075 -6.944345
v 0.129210 0.448287 -6.806178
v 0.096200 0.261075 -6.730752
v 0.347088 0.216837 -6.730752
v 0.096200 0.261075 -6.730752
v 0.347088 0.216837 -6.730752
v 0.096200 0.261075 -6.944345
v 0.347088 0.216837 -6.944345
v 0.221642 0.238956 -7.044345
v 0.406588 1.305918 -6.949345
v 0.395186 1.241256 -7.019718
v 0.614496 1.175034 -6.932985
v 0.166453 1.254036 -6.932985
v 0.194198 1.197831 -7.006025
v 0.032517 1.047674 -6.897010
v 0.081728 1.024765 -6.976490
v 0.128223 0.823669 -6.946960
v 0.087796 0.807948 -6.861042
v 0.295703 0.677062 -6.844680
v 0.302238 0.714123 -6.933268
v 0.503228 0.757546 -6.946960
v 0.612065 0.931253 -6.976492
v 0.535839 0.728946 -6.861042
v 0.666144 0.935948 -6.897013
v 0.569203 1.131708 -7.006025
v 0.128223 0.823669 -6.946960
v 0.302238 0.714123 -6.933268
v 0.612065 0.931253 -6.976492
v 0.081728 1.024765 -6.976490
v 0.569203 1.131708 -7.006025
v 0.194198 1.197831 -7.006025
v 0.395186 1.241256 -7.019718
v 0.503228 0.757546 -6.946960
v 0.781887 3.570063 -6.810380
v 0.781889 3.570062 -6.573360
v 0.708028 3.583086 -6.691868
v 1.787026 3.392829 -6.810389
v 1.860889 3.379806 -6.691878
v 1.787029 3.392829 -6.573366
v 0.760212 3.447139 -6.810380
v 0.781887 3.570063 -6.810380
v 0.686353 3.460163 -6.691868
v 1.765351 3.269906 -6.810386
v 1.787026 3.392829 -6.810389
v 1.860889 3.379806 -6.691878
v 1.839215 3.256882 -6.691875
v 0.708028 3.583086 -6.691868
v 0.686353 3.460163 -6.691868
v 0.760214 3.447139 -6.573359
v 0.781889 3.570062 -6.573360
v 1.765354 3.269906 -6.573363
v 1.787029 3.392829 -6.573366
v 1.839215 3.256882 -6.691875
v 1.860889 3.379806 -6.691878
v 0.874868 3.426919 -6.699986
v 0.896546 3.549865 -6.699986
v 0.995753 3.405604 -6.427375
v 1.017431 3.528550 -6.427379
v 1.256230 3.359674 -6.304626
v 1.277908 3.482621 -6.304626
v 1.256230 3.359674 -6.304626
v 1.277908 3.482621 -6.304626
v 1.516703 3.313746 -6.427375
v 1.538382 3.436692 -6.427381
v 1.637589 3.292430 -6.699986
v 1.659268 3.415377 -6.699984
v 1.637589 3.292430 -6.699986
v 1.659268 3.415377 -6.699984
v 1.516701 3.313746 -6.956364
v 1.538380 3.436693 -6.956367
v 1.256226 3.359675 -7.079113
v 1.277905 3.482620 -7.079115
v 1.256226 3.359675 -7.079113
v 1.277905 3.482620 -7.079115
v 0.995753 3.405604 -6.956360
v 1.017431 3.528550 -6.956364
v 0.874868 3.426919 -6.699986
v 0.896546 3.549865 -6.699986
v 1.469011 3.620567 -6.528819
v 1.308415 3.655632 -6.447178
v 1.145509 3.677609 -6.528813
v 1.541594 3.593234 -6.699660
v 1.067953 3.676749 -6.699660
v 1.140538 3.649415 -6.871388
v 1.464039 3.592372 -6.871394
v 1.301133 3.614352 -6.947326
v 0.896546 3.549865 -6.699986
v 1.067953 3.676749 -6.699660
v 1.017431 3.528550 -6.427379
v 1.017431 3.528550 -6.956364
v 1.140538 3.649415 -6.871388
v 1.301133 3.614352 -6.947326
v 1.277905 3.482620 -7.079115
v 1.538380 3.436693 -6.956367
v 1.541594 3.593234 -6.699660
v 1.659268 3.415377 -6.699984
v 1.464039 3.592372 -6.871394
v 1.538382 3.436692 -6.427381
v 1.469011 3.620567 -6.528819
v 1.308415 3.655632 -6.447178
v 1.277908 3.482621 -6.304626
v 1.145509 3.677609 -6.528813
v -3.357745 2.341178 -7.100158
v -3.343483 2.422063 -7.171585
v -3.283254 2.763620 -7.079415
v -3.496631 1.553514 -7.941742
v -3.504002 1.511716 -7.926740
v -3.363100 2.310809 -7.014870
v -3.286425 2.745656 -7.127653
v -3.496631 1.553514 -7.941742
v -3.504002 1.511716 -7.926740
v -3.463185 1.547616 -7.941742
v -3.470555 1.505818 -7.926740
v -3.343483 2.422063 -7.171585
v -3.252975 2.739758 -7.127653
v -3.496631 1.553514 -7.941742
v -3.310033 2.416165 -7.171585
v -3.286425 2.745656 -7.127653
v -3.463185 1.547616 -7.941742
v -3.357745 2.341178 -7.100158
v -3.363100 2.310809 -7.014870
v -3.324298 2.335280 -7.100158
v -3.329650 2.304911 -7.014870
v -3.310033 2.416165 -7.171585
v -3.463185 1.547616 -7.941742
v -3.324298 2.335280 -7.100158
v -3.252975 2.739758 -7.127653
v -3.249807 2.757723 -7.079415
v -3.329650 2.304911 -7.014870
v -3.470555 1.505818 -7.926740
v -2.164395 2.130758 -7.100158
v -2.150132 2.211643 -7.171587
v -2.089906 2.553204 -7.079418
v -2.310651 1.301296 -7.926740
v -2.303281 1.343094 -7.941742
v -2.169750 2.100386 -7.014868
v -2.093074 2.535236 -7.127655
v -2.303281 1.343094 -7.941742
v -2.310651 1.301296 -7.926740
v -2.269834 1.337196 -7.941742
v -2.277204 1.295398 -7.926740
v -2.150132 2.211643 -7.171587
v -2.303281 1.343094 -7.941742
v -2.116685 2.205745 -7.171587
v -2.093074 2.535236 -7.127655
v -2.059627 2.529338 -7.127655
v -2.269834 1.337196 -7.941742
v -2.164395 2.130758 -7.100158
v -2.169750 2.100386 -7.014868
v -2.130948 2.124860 -7.100158
v -2.136303 2.094489 -7.014868
v -2.116685 2.205745 -7.171587
v -2.269834 1.337196 -7.941742
v -2.130948 2.124860 -7.100158
v -2.056459 2.547307 -7.079418
v -2.059627 2.529338 -7.127655
v -2.136303 2.094489 -7.014868
v -2.277204 1.295398 -7.926740
v -3.252975 2.739758 -7.127653
v -3.249807 2.757723 -7.079415
v -3.286425 2.745656 -7.127653
v -3.283254 2.763620 -7.079415
v -3.398111 2.729847 -7.130530
v -1.952343 2.475049 -7.130532
v -3.389434 2.779086 -7.180530
v -1.943662 2.524290 -7.180532
v -3.380757 2.828328 -7.130530
v -1.934985 2.573530 -7.130534
v -3.389434 2.779086 -7.080530
v -1.943662 2.524290 -7.080532
v -3.398111 2.729847 -7.130530
v -1.952343 2.475049 -7.130532
v -3.389434 2.779086 -7.180530
v -3.380757 2.828328 -7.130530
v -3.398111 2.729847 -7.130530
v -3.389434 2.779086 -7.080530
v -1.934985 2.573530 -7.130534
v -1.943662 2.524290 -7.180532
v -1.943662 2.524290 -7.080532
v -1.952343 2.475049 -7.130532
v -3.293427 2.329837 -7.100155
v -3.961702 2.447672 -7.100160
v -3.307130 2.252123 -7.177580
v -4.110591 1.603557 -7.941225
v -2.773219 2.157979 -7.177580
v -2.184507 1.263901 -7.941270
v -2.759255 2.235648 -7.100155
v -2.035904 2.108101 -7.100160
v -3.299510 2.295351 -7.064466
v -3.313215 2.217637 -7.141892
v -3.967783 2.413184 -7.064467
v -4.123072 1.532774 -7.940560
v -2.779300 2.123493 -7.141895
v -2.196984 1.193140 -7.940568
v -2.041985 2.073613 -7.064467
v -2.765335 2.201165 -7.064467
v -3.961702 2.447672 -7.100160
v -3.293427 2.329837 -7.100155
v -3.967783 2.413184 -7.064467
v -3.299510 2.295351 -7.064466
v -4.123072 1.532774 -7.940560
v -4.110591 1.603557 -7.941225
v -3.967783 2.413184 -7.064467
v -3.961702 2.447672 -7.100160
v -3.293427 2.329837 -7.100155
v -3.307130 2.252123 -7.177580
v -3.299510 2.295351 -7.064466
v -3.313215 2.217637 -7.141892
v -2.184507 1.263901 -7.941270
v -4.110591 1.603557 -7.941225
v -2.196984 1.193140 -7.940568
v -4.123072 1.532774 -7.940560
v -2.035904 2.108101 -7.100160
v -2.184507 1.263901 -7.941270
v -2.041985 2.073613 -7.064467
v -2.196984 1.193140 -7.940568
v -2.759255 2.235648 -7.100155
v -2.035904 2.108101 -7.100160
v -2.765335 2.201165 -7.064467
v -2.041985 2.073613 -7.064467
v -2.773219 2.157979 -7.177580
v -2.759255 2.235648 -7.100155
v -2.779300 2.123493 -7.141895
v -2.765335 2.201165 -7.064467
v 4.292626 0.960898 -7.014878
v 4.372467 1.413710 -7.079422
v 4.297981 0.991267 -7.100167
v 4.312243 1.072152 -7.171595
v 4.159092 0.203603 -7.941751
v 4.151722 0.161805 -7.926750
v 4.369299 1.395745 -7.127662
v 4.159092 0.203603 -7.941751
v 4.125646 0.209501 -7.941751
v 4.151722 0.161805 -7.926750
v 4.118275 0.167702 -7.926750
v 4.312243 1.072152 -7.171595
v 4.335853 1.401643 -7.127662
v 4.278794 1.078050 -7.171595
v 4.159092 0.203603 -7.941751
v 4.369299 1.395745 -7.127662
v 4.125646 0.209501 -7.941751
v 4.297981 0.991267 -7.100167
v 4.264534 0.997164 -7.100167
v 4.292626 0.960898 -7.014878
v 4.259177 0.966796 -7.014878
v 4.335853 1.401643 -7.127662
v 4.339020 1.419608 -7.079422
v 4.264534 0.997164 -7.100167
v 4.278794 1.078050 -7.171595
v 4.125646 0.209501 -7.941751
v 4.118275 0.167702 -7.926750
v 4.259177 0.966796 -7.014878
v 3.099275 1.171315 -7.014875
v 3.179119 1.624133 -7.079425
v 3.104630 1.201687 -7.100163
v 3.118891 1.282572 -7.171595
v 2.965742 0.414023 -7.941751
v 2.958372 0.372225 -7.926747
v 3.175949 1.606165 -7.127662
v 2.965742 0.414023 -7.941751
v 2.932295 0.419921 -7.941751
v 2.958372 0.372225 -7.926747
v 2.924925 0.378122 -7.926747
v 3.118891 1.282572 -7.171595
v 3.085443 1.288470 -7.171595
v 2.965742 0.414023 -7.941751
v 3.175949 1.606165 -7.127662
v 3.142502 1.612063 -7.127662
v 2.932295 0.419921 -7.941751
v 3.104630 1.201687 -7.100163
v 3.071181 1.207585 -7.100163
v 3.099275 1.171315 -7.014875
v 3.065826 1.177213 -7.014875
v 3.065826 1.177213 -7.014875
v 3.071181 1.207585 -7.100163
v 3.145670 1.630031 -7.079425
v 3.142502 1.612063 -7.127662
v 3.085443 1.288470 -7.171595
v 2.932295 0.419921 -7.941751
v 2.924925 0.378122 -7.926747
v 4.335853 1.401643 -7.127662
v 4.369299 1.395745 -7.127662
v 4.339020 1.419608 -7.079422
v 4.372467 1.413710 -7.079422
v 3.142502 1.612063 -7.127662
v 3.175949 1.606165 -7.127662
v 3.145670 1.630031 -7.079425
v 3.179119 1.624133 -7.079425
v 4.468844 1.342690 -7.130540
v 4.477531 1.391928 -7.180540
v 3.023119 1.597741 -7.130538
v 3.031805 1.646981 -7.180538
v 4.486218 1.441168 -7.130540
v 3.040493 1.696219 -7.130538
v 4.477531 1.391928 -7.080540
v 3.031805 1.646981 -7.080538
v 4.468844 1.342690 -7.130540
v 3.023119 1.597741 -7.130538
v 4.477531 1.391928 -7.180540
v 4.468844 1.342690 -7.130540
v 4.486218 1.441168 -7.130540
v 4.477531 1.391928 -7.080540
v 3.040493 1.696219 -7.130538
v 3.031805 1.646981 -7.080538
v 3.031805 1.646981 -7.180538
v 3.023119 1.597741 -7.130538
v 4.233663 1.002608 -7.100165
v 4.219960 0.924893 -7.177590
v 4.901938 0.884773 -7.100173
v 4.753142 0.040642 -7.941237
v 2.827045 0.380229 -7.941275
v 3.686046 1.019037 -7.177590
v 3.699491 1.096797 -7.100165
v 2.976139 1.224343 -7.100167
v 4.227584 0.968121 -7.064475
v 4.895857 0.850285 -7.064480
v 4.213881 0.890406 -7.141902
v 4.740661 -0.030141 -7.940573
v 3.679965 0.984550 -7.141902
v 2.814568 0.309467 -7.940573
v 3.693411 1.062314 -7.064475
v 2.970058 1.189855 -7.064475
v 4.901938 0.884773 -7.100173
v 4.895857 0.850285 -7.064480
v 4.233663 1.002608 -7.100165
v 4.227584 0.968121 -7.064475
v 4.901938 0.884773 -7.100173
v 4.753142 0.040642 -7.941237
v 4.895857 0.850285 -7.064480
v 4.740661 -0.030141 -7.940573
v 4.233663 1.002608 -7.100165
v 4.227584 0.968121 -7.064475
v 4.219960 0.924893 -7.177590
v 4.213881 0.890406 -7.141902
v 2.827045 0.380229 -7.941275
v 2.814568 0.309467 -7.940573
v 4.753142 0.040642 -7.941237
v 4.740661 -0.030141 -7.940573
v 4.219960 0.924893 -7.177590
v 4.213881 0.890406 -7.141902
v 3.686046 1.019037 -7.177590
v 4.213881 0.890406 -7.141902
v 3.679965 0.984550 -7.141902
v 3.686046 1.019037 -7.177590
v 2.976139 1.224343 -7.100167
v 2.970058 1.189855 -7.064475
v 2.827045 0.380229 -7.941275
v 2.814568 0.309467 -7.940573
v 3.699491 1.096797 -7.100165
v 3.693411 1.062314 -7.064475
v 2.976139 1.224343 -7.100167
v 2.970058 1.189855 -7.064475
v 3.686046 1.019037 -7.177590
v 3.679965 0.984550 -7.141902
v 3.699491 1.096797 -7.100165
v 3.693411 1.062314 -7.064475
v 0.422482 2.390667 -7.205376
v 0.470736 2.325890 -7.198570
v 0.601918 2.318944 -7.200525
v 0.344027 2.797679 -7.252915
v 0.350194 2.872276 -7.262072
v 0.584884 3.260887 -7.314064
v 0.685048 3.301303 -7.321085
v 0.782116 3.217764 -7.313054
v 0.984028 2.834413 -7.271006
v 0.985018 2.716231 -7.256739
v 0.903950 2.594963 -7.240344
v 0.522865 2.303383 -7.196960
v 0.611319 2.286511 -7.296868
v 0.919618 2.568258 -7.337512
v 0.921171 2.577067 -7.217033
v 0.518398 2.268219 -7.292675
v 0.612872 2.295321 -7.176392
v 0.519951 2.277029 -7.172195
v 1.007691 2.708131 -7.234724
v 1.006138 2.699320 -7.355204
v 1.006988 2.839590 -7.250607
v 1.005435 2.830781 -7.371087
v 0.801968 3.228845 -7.293303
v 0.800414 3.220033 -7.413778
v 0.686486 3.324253 -7.302375
v 0.565528 3.267487 -7.414508
v 0.684932 3.315443 -7.422853
v 0.567081 3.276297 -7.294032
v 0.325036 2.869267 -7.361228
v 0.326590 2.878077 -7.240754
v 0.318148 2.785958 -7.351010
v 0.319701 2.794767 -7.230530
v 0.398238 2.370465 -7.302475
v 0.399792 2.379275 -7.181995
v 0.453545 2.296218 -7.294679
v 0.455098 2.305030 -7.174199
v 0.518398 2.268219 -7.292675
v 0.519951 2.277029 -7.172195
v 0.518398 2.268219 -7.292675
v 0.611319 2.286511 -7.296868
v 0.521013 2.292880 -7.295713
v 0.600067 2.308444 -7.299282
v 0.919618 2.568258 -7.337512
v 0.902095 2.584460 -7.339097
v 0.983167 2.705730 -7.355488
v 0.982176 2.823909 -7.369759
v 1.006138 2.699320 -7.355204
v 1.005435 2.830781 -7.371087
v 0.800414 3.220033 -7.413778
v 0.982176 2.823909 -7.369759
v 0.780264 3.207261 -7.411806
v 0.683196 3.290802 -7.419838
v 0.684932 3.315443 -7.422853
v 0.683196 3.290802 -7.419838
v 0.565528 3.267487 -7.414508
v 0.325036 2.869267 -7.361228
v 0.348343 2.861776 -7.360821
v 0.583032 3.250387 -7.412818
v 0.318148 2.785958 -7.351010
v 0.348343 2.861776 -7.360821
v 0.342175 2.787179 -7.351668
v 0.420630 2.380165 -7.304125
v 0.398238 2.370465 -7.302475
v 0.468885 2.315389 -7.297327
v 0.521013 2.292880 -7.295713
v 0.453545 2.296218 -7.294679
v 0.518398 2.268219 -7.292675
v 0.600067 2.308444 -7.299282
v 0.601918 2.318944 -7.200525
v 0.521013 2.292880 -7.295713
v 0.902095 2.584460 -7.339097
v 0.903950 2.594963 -7.240344
v 0.985018 2.716231 -7.256739
v 0.984028 2.834413 -7.271006
v 0.983167 2.705730 -7.355488
v 0.982176 2.823909 -7.369759
v 0.782116 3.217764 -7.313054
v 0.780264 3.207261 -7.411806
v 0.683196 3.290802 -7.419838
v 0.685048 3.301303 -7.321085
v 0.583032 3.250387 -7.412818
v 0.584884 3.260887 -7.314064
v 0.348343 2.861776 -7.360821
v 0.350194 2.872276 -7.262072
v 0.344027 2.797679 -7.252915
v 0.342175 2.787179 -7.351668
v 0.420630 2.380165 -7.304125
v 0.468885 2.315389 -7.297327
v 0.422482 2.390667 -7.205376
v 0.470736 2.325890 -7.198570
v 0.521013 2.292880 -7.295713
v 0.522865 2.303383 -7.196960
v 0.522865 2.303383 -7.196960
v 1.007691 2.708131 -7.234724
v 0.921171 2.577067 -7.217033
v 1.006988 2.839590 -7.250607
v 0.612872 2.295321 -7.176392
v 0.801968 3.228845 -7.293303
v 0.686486 3.324253 -7.302375
v 0.567081 3.276297 -7.294032
v 0.326590 2.878077 -7.240754
v 0.319701 2.794767 -7.230530
v 0.399792 2.379275 -7.181995
v 0.455098 2.305030 -7.174199
v 0.519951 2.277029 -7.172195
v 0.325250 3.836393 -8.240973
v -0.164891 1.056655 -7.827332
v 0.447640 3.855391 -7.961071
v 0.044013 3.869815 -8.352505
v -0.446365 1.088740 -7.947878
v -0.739915 1.140500 -7.947875
v -1.015386 1.206620 -7.827332
v -0.249536 3.921576 -8.352505
v -0.525243 3.986358 -8.240970
v -0.631826 4.057012 -7.883391
v -0.721621 3.547760 -7.807910
v -0.702352 3.674688 -7.642619
v -1.139565 1.279409 -7.477545
v -0.715193 3.584211 -7.551508
v -0.715193 3.584211 -7.551508
v -1.109369 1.348716 -6.965042
v -0.708766 3.620661 -7.295112
v -0.630362 4.082978 -7.702528
v 0.462322 3.938644 -7.369007
v -0.042456 1.075917 -7.546688
v 0.372632 3.429984 -7.295112
v -0.027974 1.158036 -6.965042
v -0.064941 1.079927 -7.546387
v -0.181890 1.062196 -7.809855
v 0.425265 3.860042 -7.956215
v 0.350172 3.433938 -7.295112
v -0.050348 1.161982 -6.965040
v 0.439817 3.942612 -7.369009
v 0.308301 3.841930 -8.223450
v -0.450568 1.093035 -7.923472
v 0.039813 3.874066 -8.328367
v -0.734496 1.143099 -7.923472
v -0.244134 3.924134 -8.328367
v -0.997512 1.206012 -7.809860
v -0.507423 3.985765 -8.223450
v -0.701845 3.544273 -7.807910
v -0.609032 4.053078 -7.882809
v -0.678759 3.670599 -7.642173
v -0.607566 4.079046 -7.701941
v -0.695418 3.580721 -7.551508
v -1.115407 1.275195 -7.477248
v -1.089599 1.345230 -6.965042
v -0.688995 3.617167 -7.295108
v 0.372632 3.429984 -7.295112
v 0.350172 3.433938 -7.295112
v 0.462322 3.938644 -7.369007
v 0.439817 3.942612 -7.369009
v 0.447640 3.855391 -7.961071
v 0.462322 3.938644 -7.369007
v 0.425265 3.860042 -7.956215
v 0.325250 3.836393 -8.240973
v 0.308301 3.841930 -8.223450
v 0.044013 3.869815 -8.352505
v 0.039813 3.874066 -8.328367
v -0.249536 3.921576 -8.352505
v -0.244134 3.924134 -8.328367
v -0.507423 3.985765 -8.223450
v -0.525243 3.986358 -8.240970
v -0.631826 4.057012 -7.883391
v -0.609032 4.053078 -7.882809
v -0.630362 4.082978 -7.702528
v -0.607566 4.079046 -7.701941
v 0.439817 3.942612 -7.369009
v -0.164891 1.056655 -7.827332
v -0.181890 1.062196 -7.809855
v -0.042456 1.075917 -7.546688
v -0.446365 1.088740 -7.947878
v -0.450568 1.093035 -7.923472
v -0.739915 1.140500 -7.947875
v -0.734496 1.143099 -7.923472
v -0.997512 1.206012 -7.809860
v -1.015386 1.206620 -7.827332
v -1.139565 1.279409 -7.477545
v -1.115407 1.275195 -7.477248
v -1.109369 1.348716 -6.965042
v -1.089599 1.345230 -6.965042
v -0.064941 1.079927 -7.546387
v -0.027974 1.158036 -6.965042
v -0.050348 1.161982 -6.965040
v -0.630362 4.082978 -7.702528
v -0.607566 4.079046 -7.701941
v -0.702352 3.674688 -7.642619
v -0.678759 3.670599 -7.642173
v -0.678759 3.670599 -7.642173
v -0.715193 3.584211 -7.551508
v -0.695418 3.580721 -7.551508
v -0.185263 3.841751 -7.664663
v -0.219136 3.852791 -7.629742
v -0.252650 3.459583 -7.610082
v -0.286523 3.470623 -7.575161
v -0.219136 3.852791 -7.629742
v -0.183531 3.851578 -7.594823
v -0.286523 3.470623 -7.575161
v -0.250917 3.469410 -7.540244
v -0.183531 3.851578 -7.594823
v -0.149661 3.840540 -7.629742
v -0.250917 3.469410 -7.540244
v -0.217044 3.458372 -7.575161
v -0.149661 3.840540 -7.629742
v -0.185263 3.841751 -7.664663
v -0.217044 3.458372 -7.575161
v -0.252650 3.459583 -7.610082
v 0.015173 3.797644 -7.724614
v -0.018700 3.808683 -7.689693
v -0.052212 3.415489 -7.670039
v -0.086084 3.426529 -7.635116
v -0.018700 3.808683 -7.689693
v 0.016905 3.807470 -7.654774
v -0.086084 3.426529 -7.635116
v -0.050479 3.425317 -7.600202
v 0.016905 3.807470 -7.654774
v 0.050778 3.796432 -7.689693
v -0.050479 3.425317 -7.600202
v -0.016606 3.414278 -7.635116
v 0.050778 3.796432 -7.689693
v 0.015173 3.797644 -7.724614
v -0.016606 3.414278 -7.635116
v -0.052212 3.415489 -7.670039
v 0.009817 3.767415 -7.937841
v -0.024056 3.778454 -7.902924
v -0.057556 3.385314 -7.883274
v -0.091430 3.396354 -7.848351
v -0.024056 3.778454 -7.902924
v 0.011550 3.777243 -7.868003
v -0.091430 3.396354 -7.848351
v -0.055823 3.395142 -7.813434
v 0.011550 3.777243 -7.868003
v 0.045423 3.766203 -7.902924
v -0.055823 3.395142 -7.813434
v -0.021952 3.384103 -7.848351
v 0.045423 3.766203 -7.902924
v 0.009817 3.767415 -7.937841
v -0.021952 3.384103 -7.848351
v -0.057556 3.385314 -7.883274
v -0.410002 3.466875 -7.750041
v -0.376130 3.455832 -7.784962
v -0.342623 3.849000 -7.804614
v -0.308751 3.837960 -7.839536
v -0.374397 3.465663 -7.715120
v -0.410002 3.466875 -7.750041
v -0.307018 3.847786 -7.769693
v -0.342623 3.849000 -7.804614
v -0.340523 3.454624 -7.750041
v -0.374397 3.465663 -7.715120
v -0.273144 3.836749 -7.804614
v -0.307018 3.847786 -7.769693
v -0.376130 3.455832 -7.784962
v -0.340523 3.454624 -7.750041
v -0.308751 3.837960 -7.839536
v -0.273144 3.836749 -7.804614
v -0.188367 3.795076 -7.987677
v -0.222240 3.806114 -7.952755
v -0.255740 3.412986 -7.933112
v -0.289613 3.424026 -7.898189
v -0.222240 3.806114 -7.952755
v -0.186635 3.804903 -7.917839
v -0.289613 3.424026 -7.898189
v -0.254007 3.422814 -7.863270
v -0.186635 3.804903 -7.917839
v -0.152763 3.793863 -7.952755
v -0.254007 3.422814 -7.863270
v -0.220136 3.411776 -7.898189
v -0.152763 3.793863 -7.952755
v -0.188367 3.795076 -7.987677
v -0.220136 3.411776 -7.898189
v -0.255740 3.412986 -7.933112
v -0.398624 3.850941 -8.041403
v -0.147243 3.791278 -8.147182
v 0.254768 3.772752 -7.786078
v -0.497505 3.905398 -7.786078
v -0.385962 3.922749 -7.530796
v 0.254768 3.772752 -7.786078
v 0.155889 3.827206 -7.530796
v -0.129338 3.892806 -7.425233
v 0.143224 3.755399 -8.041403
v 0.146462 3.773742 -7.522216
v 0.155889 3.827206 -7.530796
v 0.245350 3.719341 -7.777508
v -0.138766 3.839338 -7.416650
v -0.129338 3.892806 -7.425233
v -0.385962 3.922749 -7.530796
v -0.395389 3.869285 -7.522216
v -0.506923 3.851987 -7.777505
v -0.497505 3.905398 -7.786078
v -0.408051 3.797475 -8.032825
v -0.398624 3.850941 -8.041403
v -0.156675 3.737791 -8.138602
v -0.147243 3.791278 -8.147182
v 0.143224 3.755399 -8.041403
v -0.156675 3.737791 -8.138602
v 0.133797 3.701933 -8.032827
v 0.254768 3.772752 -7.786078
v -0.395389 3.869285 -7.522216
v -0.138766 3.839338 -7.416650
v 0.245350 3.719341 -7.777508
v -0.506923 3.851987 -7.777505
v -0.408051 3.797475 -8.032825
v -0.156675 3.737791 -8.138602
v 0.133797 3.701933 -8.032827
v 0.146462 3.773742 -7.522216
v -1.034860 2.611766 -7.239495
v -1.215353 1.588143 -7.087448
v -0.730146 2.558037 -7.239499
v -0.910638 1.534414 -7.087448
v 0.029299 2.424218 -7.239509
v -0.151210 1.400485 -7.087438
v 0.344286 2.368651 -7.239505
v 0.163780 1.344943 -7.087435
v -0.727920 2.570660 -7.146690
v -1.032634 2.624389 -7.146690
v -0.730146 2.558037 -7.239499
v -1.034860 2.611766 -7.239495
v -1.034860 2.611766 -7.239495
v -1.032634 2.624389 -7.146690
v -1.215353 1.588143 -7.087448
v -1.213229 1.600186 -6.997890
v -1.213229 1.600186 -6.997890
v -0.908515 1.546457 -6.997890
v -1.215353 1.588143 -7.087448
v -0.910638 1.534414 -7.087448
v -0.149083 1.412552 -6.997892
v 0.165908 1.357010 -6.997892
v -0.151210 1.400485 -7.087438
v 0.163780 1.344943 -7.087435
v 0.165908 1.357010 -6.997892
v 0.346518 2.381299 -7.146706
v 0.163780 1.344943 -7.087435
v 0.344286 2.368651 -7.239505
v 0.346518 2.381299 -7.146706
v 0.031531 2.436863 -7.146708
v 0.344286 2.368651 -7.239505
v 0.029299 2.424218 -7.239509
v -0.844601 3.479960 -7.272097
v -1.217119 1.367310 -6.965172
v -0.728374 3.459466 -7.272093
v -1.100892 1.346816 -6.965170
v -0.844601 3.479960 -7.272097
v -0.728374 3.459466 -7.272093
v -0.843747 3.484808 -7.237525
v -0.727258 3.464316 -7.237534
v -1.217119 1.367310 -6.965172
v -1.216261 1.372174 -6.930608
v -1.100892 1.346816 -6.965170
v -1.099775 1.351639 -6.930610
v -0.844601 3.479960 -7.272097
v -0.843747 3.484808 -7.237525
v -1.217119 1.367310 -6.965172
v -1.216261 1.372174 -6.930608
v -0.160263 3.539532 -7.394547
v -0.550949 1.323842 -7.072775
v -0.491877 3.570454 -7.584260
v -0.882563 1.354764 -7.262490
v -0.501300 3.517013 -7.963698
v -0.891986 1.301323 -7.641928
v -0.179109 3.432651 -8.153418
v -0.569795 1.216961 -7.831647
v -0.179109 3.432651 -8.153418
v -0.569795 1.216961 -7.831647
v 0.152504 3.401730 -7.963698
v -0.238182 1.186040 -7.641930
v 0.161927 3.455170 -7.584263
v -0.228757 1.239480 -7.262493
v -0.160263 3.539532 -7.394547
v -0.550949 1.323842 -7.072775
v -0.179109 3.432651 -8.153418
v 0.152504 3.401730 -7.963698
v -0.501300 3.517013 -7.963698
v 0.161927 3.455170 -7.584263
v -0.491877 3.570454 -7.584260
v -0.160263 3.539532 -7.394547
v -0.891986 1.301323 -7.641928
v -0.882563 1.354764 -7.262490
v -0.569795 1.216961 -7.831647
v -0.550949 1.323842 -7.072775
v -0.238182 1.186040 -7.641930
v -0.228757 1.239480 -7.262493
v -0.060627 1.447081 -7.623865
v 0.072833 2.203970 -7.736290
v -0.221427 1.601293 -7.919540
v 0.101553 2.324537 -7.095400
v -0.058231 1.402762 -6.959020
v -0.144524 2.037433 -7.984575
v -0.488331 1.678966 -7.961442
v -0.423721 2.045388 -8.016083
v -0.765706 1.697264 -7.919538
v -0.688803 2.133404 -7.984575
v -0.969007 1.610436 -7.624320
v -0.488331 1.678966 -7.961442
v -0.423721 2.045388 -8.016083
v -0.836092 2.364235 -7.736289
v -0.852261 2.492230 -7.098732
v -1.014700 1.570994 -6.961895
v -0.113598 1.358204 -7.469090
v -0.963259 1.508022 -7.469090
v -0.058231 1.402762 -6.959020
v -0.060627 1.447081 -7.623865
v -0.323206 1.503042 -7.799463
v -0.703667 1.570138 -7.799460
v -0.765706 1.697264 -7.919538
v -0.969007 1.610436 -7.624320
v -0.505715 1.580379 -7.888332
v -0.221427 1.601293 -7.919540
v -0.488331 1.678966 -7.961442
v -1.014700 1.570994 -6.961895
v -0.403507 2.160028 -7.974697
v -0.201472 2.192991 -7.902183
v -0.582089 2.260095 -7.902178
v -0.144524 2.037433 -7.984575
v -0.688803 2.133404 -7.984575
v -0.423721 2.045388 -8.016083
v -0.836092 2.364235 -7.736289
v -0.707332 2.458854 -7.728619
v -0.852261 2.492230 -7.098732
v -0.702596 2.571480 -7.113479
v -0.012333 2.450118 -7.111068
v -0.016645 2.336676 -7.729705
v 0.072833 2.203970 -7.736290
v 0.101553 2.324537 -7.095400
v 0.079639 1.138659 -6.965172
v 0.452155 3.251321 -7.272100
v -0.037809 1.159368 -6.965172
v 0.334711 3.272031 -7.272100
v 0.452155 3.251321 -7.272100
v 0.453011 3.256173 -7.237528
v 0.334711 3.272031 -7.272100
v 0.335387 3.277004 -7.237544
v 0.079639 1.138659 -6.965172
v 0.080497 1.143525 -6.930610
v 0.452155 3.251321 -7.272100
v 0.453011 3.256173 -7.237528
v 1.348487 3.655969 -8.240975
v 1.239977 3.715680 -7.961073
v 0.858344 0.876231 -7.827332
v 1.624196 3.591186 -8.352508
v 1.133818 0.810111 -7.947880
v 1.427367 0.758350 -7.947878
v 1.917746 3.539425 -8.352508
v 1.708839 0.726266 -7.827335
v 2.198982 3.506004 -8.240975
v 1.850424 0.752193 -7.477548
v 2.233508 3.026691 -7.807913
v 2.323303 3.535943 -7.883397
v 2.258815 3.152554 -7.642623
v 2.239935 3.063142 -7.551514
v 2.246362 3.099592 -7.295114
v 1.845757 0.827647 -6.934600
v 2.330807 3.560843 -7.702533
v 0.749881 0.936206 -7.546690
v 0.764361 1.018326 -6.965045
v 1.164967 3.290274 -7.295114
v 1.254657 3.798934 -7.369007
v 0.772385 0.932284 -7.546387
v 1.262594 3.712398 -7.956215
v 0.876212 0.875624 -7.809855
v 0.786733 1.014382 -6.965042
v 1.187421 3.286308 -7.295112
v 1.277160 3.794966 -7.369009
v 1.366310 3.655375 -8.223453
v 1.139236 0.812709 -7.923475
v 1.629598 3.593744 -8.328370
v 1.423164 0.762645 -7.923475
v 1.913542 3.543677 -8.328370
v 1.691836 0.731807 -7.809865
v 2.182034 3.511541 -8.223455
v 2.213733 3.030179 -7.807913
v 1.826285 0.756495 -7.477250
v 1.825984 0.831134 -6.934600
v 2.220161 3.066626 -7.551510
v 2.226588 3.103071 -7.295114
v 2.235243 3.156782 -7.642176
v 2.300539 3.540042 -7.882812
v 2.308042 3.564946 -7.701945
v 1.164967 3.290274 -7.295114
v 1.254657 3.798934 -7.369007
v 1.187421 3.286308 -7.295112
v 1.277160 3.794966 -7.369009
v 1.277160 3.794966 -7.369009
v 1.254657 3.798934 -7.369007
v 1.262594 3.712398 -7.956215
v 1.239977 3.715680 -7.961073
v 1.366310 3.655375 -8.223453
v 1.348487 3.655969 -8.240975
v 1.624196 3.591186 -8.352508
v 1.629598 3.593744 -8.328370
v 1.917746 3.539425 -8.352508
v 1.913542 3.543677 -8.328370
v 2.182034 3.511541 -8.223455
v 2.198982 3.506004 -8.240975
v 2.323303 3.535943 -7.883397
v 2.300539 3.540042 -7.882812
v 2.308042 3.564946 -7.701945
v 2.330807 3.560843 -7.702533
v 0.858344 0.876231 -7.827332
v 0.749881 0.936206 -7.546690
v 0.876212 0.875624 -7.809855
v 1.133818 0.810111 -7.947880
v 1.139236 0.812709 -7.923475
v 1.427367 0.758350 -7.947878
v 1.423164 0.762645 -7.923475
v 1.691836 0.731807 -7.809865
v 1.708839 0.726266 -7.827335
v 1.826285 0.756495 -7.477250
v 1.850424 0.752193 -7.477548
v 1.845757 0.827647 -6.934600
v 1.825984 0.831134 -6.934600
v 0.772385 0.932284 -7.546387
v 0.764361 1.018326 -6.965045
v 0.786733 1.014382 -6.965042
v 2.330807 3.560843 -7.702533
v 2.258815 3.152554 -7.642623
v 2.308042 3.564946 -7.701945
v 2.235243 3.156782 -7.642176
v 2.239935 3.063142 -7.551514
v 2.235243 3.156782 -7.642176
v 2.220161 3.066626 -7.551510
v 1.830047 3.486397 -7.664667
v 1.762661 3.104229 -7.610084
v 1.865653 3.485186 -7.629744
v 1.798266 3.103018 -7.575163
v 1.865653 3.485186 -7.629744
v 1.798266 3.103018 -7.575163
v 1.831780 3.496224 -7.594825
v 1.764393 3.114056 -7.540246
v 1.831780 3.496224 -7.594825
v 1.764393 3.114056 -7.540246
v 1.796177 3.497437 -7.629744
v 1.728790 3.115269 -7.575163
v 1.796177 3.497437 -7.629744
v 1.728790 3.115269 -7.575163
v 1.830047 3.486397 -7.664667
v 1.762661 3.104229 -7.610084
v 1.626613 3.513504 -7.724616
v 1.662219 3.512292 -7.689695
v 1.559229 3.131349 -7.670042
v 1.594835 3.130137 -7.635118
v 1.662219 3.512292 -7.689695
v 1.594835 3.130137 -7.635118
v 1.628346 3.523330 -7.654776
v 1.560962 3.141177 -7.600204
v 1.628346 3.523330 -7.654776
v 1.560962 3.141177 -7.600204
v 1.592741 3.524543 -7.689695
v 1.525357 3.142388 -7.635118
v 1.592741 3.524543 -7.689695
v 1.525357 3.142388 -7.635118
v 1.626613 3.513504 -7.724616
v 1.559229 3.131349 -7.670042
v 1.621307 3.483265 -7.937843
v 1.553931 3.101165 -7.883276
v 1.656913 3.482054 -7.902925
v 1.589538 3.099954 -7.848353
v 1.656913 3.482054 -7.902925
v 1.589538 3.099954 -7.848353
v 1.623040 3.493094 -7.868005
v 1.555663 3.110993 -7.813437
v 1.623040 3.493094 -7.868005
v 1.555663 3.110993 -7.813437
v 1.587435 3.494305 -7.902925
v 1.520060 3.112205 -7.848353
v 1.587435 3.494305 -7.902925
v 1.520060 3.112205 -7.848353
v 1.621307 3.483265 -7.937843
v 1.553931 3.101165 -7.883276
v 1.913016 3.057264 -7.750045
v 1.980395 3.439389 -7.804615
v 1.877411 3.058472 -7.784964
v 1.944791 3.440599 -7.839539
v 1.879145 3.068303 -7.715124
v 1.946523 3.450426 -7.769695
v 1.913016 3.057264 -7.750045
v 1.980395 3.439389 -7.804615
v 1.843539 3.069514 -7.750043
v 1.910918 3.451639 -7.804615
v 1.879145 3.068303 -7.715124
v 1.946523 3.450426 -7.769695
v 1.877411 3.058472 -7.784964
v 1.944791 3.440599 -7.839539
v 1.843539 3.069514 -7.750043
v 1.910918 3.451639 -7.804615
v 1.817000 3.441476 -7.987679
v 1.749627 3.059385 -7.933114
v 1.852606 3.440263 -7.952758
v 1.785233 3.058175 -7.898190
v 1.852606 3.440263 -7.952758
v 1.785233 3.058175 -7.898190
v 1.818733 3.451303 -7.917840
v 1.751361 3.069213 -7.863274
v 1.818733 3.451303 -7.917840
v 1.751361 3.069213 -7.863274
v 1.783128 3.452514 -7.952758
v 1.715755 3.070426 -7.898190
v 1.783128 3.452514 -7.952758
v 1.715755 3.070426 -7.898190
v 1.817000 3.441476 -7.987679
v 1.749627 3.059385 -7.933114
v 2.046345 3.493867 -7.530798
v 1.794958 3.553500 -7.425233
v 1.392955 3.572059 -7.786081
v 2.145227 3.439413 -7.786084
v 2.033684 3.422060 -8.041408
v 1.392955 3.572059 -7.786081
v 1.491836 3.517602 -8.041405
v 1.777054 3.451972 -8.147184
v 1.504497 3.589410 -7.530798
v 1.392955 3.572059 -7.786081
v 1.504497 3.589410 -7.530798
v 1.383537 3.518648 -7.777512
v 1.491836 3.517602 -8.041405
v 1.482408 3.464137 -8.032827
v 1.767623 3.398485 -8.138605
v 1.777054 3.451972 -8.147184
v 2.033684 3.422060 -8.041408
v 1.767623 3.398485 -8.138605
v 2.024256 3.368594 -8.032829
v 2.135809 3.386002 -7.777512
v 2.145227 3.439413 -7.786084
v 2.046345 3.493867 -7.530798
v 1.794958 3.553500 -7.425233
v 2.036919 3.440404 -7.522219
v 1.785531 3.500033 -7.416650
v 1.495070 3.535946 -7.522219
v 2.024256 3.368594 -8.032829
v 1.767623 3.398485 -8.138605
v 1.383537 3.518648 -7.777512
v 2.135809 3.386002 -7.777512
v 2.036919 3.440404 -7.522219
v 1.785531 3.500033 -7.416650
v 1.495070 3.535946 -7.522219
v 1.482408 3.464137 -8.032827
v 2.207728 2.040010 -7.239501
v 1.903016 2.093739 -7.239503
v 2.027235 1.016387 -7.057008
v 1.722524 1.070116 -7.087450
v 1.143599 2.227737 -7.239511
v 0.828604 2.283253 -7.239509
v 0.963088 1.204004 -7.087438
v 0.648097 1.259545 -7.087438
v 1.905242 2.106362 -7.146697
v 1.903016 2.093739 -7.239503
v 2.209953 2.052634 -7.146697
v 2.207728 2.040010 -7.239501
v 2.029359 1.028430 -6.967450
v 2.209953 2.052634 -7.146697
v 2.027235 1.016387 -7.057008
v 2.207728 2.040010 -7.239501
v 2.029359 1.028430 -6.967450
v 2.027235 1.016387 -7.057008
v 1.724647 1.082159 -6.997895
v 1.722524 1.070116 -7.087450
v 0.965215 1.216071 -6.997892
v 0.963088 1.204004 -7.087438
v 0.650225 1.271612 -6.997892
v 0.648097 1.259545 -7.087438
v 0.650225 1.271612 -6.997892
v 0.648097 1.259545 -7.087438
v 0.830834 2.295901 -7.146706
v 0.828604 2.283253 -7.239509
v 0.830834 2.295901 -7.146706
v 0.828604 2.283253 -7.239509
v 1.145829 2.240382 -7.146708
v 1.143599 2.227737 -7.239511
v 2.325886 2.920918 -7.272099
v 2.209659 2.941412 -7.272099
v 1.953368 0.808267 -6.934730
v 1.837141 0.828761 -6.934730
v 2.210266 2.946352 -7.237535
v 2.209659 2.941412 -7.272099
v 2.326740 2.925765 -7.237528
v 2.325886 2.920918 -7.272099
v 1.953368 0.808267 -6.934730
v 1.837141 0.828761 -6.934730
v 1.954226 0.813131 -6.900167
v 1.837741 0.833676 -6.930613
v 2.325886 2.920918 -7.272099
v 1.953368 0.808267 -6.934730
v 2.326740 2.925765 -7.237528
v 1.954226 0.813131 -6.900167
v 2.239935 3.063142 -7.551514
v 2.246362 3.099592 -7.295114
v 2.220161 3.066626 -7.551510
v 2.226588 3.103071 -7.295114
v 1.703190 3.210955 -7.394548
v 2.025381 3.126593 -7.584263
v 1.312504 0.995265 -7.072778
v 1.634695 0.910903 -7.232050
v 2.015958 3.073153 -7.963701
v 1.625272 0.857463 -7.641930
v 1.684344 3.104074 -8.153420
v 1.293658 0.888384 -7.831650
v 1.684344 3.104074 -8.153420
v 1.362153 3.188436 -7.963701
v 1.293658 0.888384 -7.831650
v 0.971467 0.972746 -7.641930
v 1.371576 3.241877 -7.584263
v 0.980891 1.026187 -7.262493
v 1.703190 3.210955 -7.394548
v 1.312504 0.995265 -7.072778
v 2.025381 3.126593 -7.584263
v 1.703190 3.210955 -7.394548
v 2.015958 3.073153 -7.963701
v 1.371576 3.241877 -7.584263
v 1.684344 3.104074 -8.153420
v 1.362153 3.188436 -7.963701
v 0.971467 0.972746 -7.641930
v 0.980891 1.026187 -7.262493
v 1.293658 0.888384 -7.831650
v 1.312504 0.995265 -7.072778
v 1.625272 0.857463 -7.641930
v 1.634695 0.910903 -7.232050
v 0.893903 1.278772 -7.623865
v 1.097747 1.368687 -7.919540
v 1.027363 2.035661 -7.736290
v 1.041614 2.158779 -7.095400
v 0.876496 1.237944 -6.959020
v 1.170671 1.782257 -7.984575
v 1.375122 1.350389 -7.961442
v 1.439732 1.716811 -8.016085
v 1.642026 1.272716 -7.919543
v 1.803370 1.121592 -7.624325
v 1.718929 1.708856 -7.984577
v 1.375122 1.350389 -7.961442
v 1.439732 1.716811 -8.016085
v 1.936285 1.875391 -7.736293
v 1.995259 1.990135 -7.098735
v 1.832820 1.068900 -6.961898
v 1.832820 1.068900 -6.961898
v 1.762940 1.027320 -7.469092
v 0.876496 1.237944 -6.959020
v 0.913281 1.177137 -7.469092
v 0.893903 1.278772 -7.623865
v 1.159786 1.241551 -7.799465
v 1.540250 1.174475 -7.799463
v 1.357738 1.251802 -7.888335
v 1.642026 1.272716 -7.919543
v 1.803370 1.121592 -7.624325
v 1.375122 1.350389 -7.961442
v 1.097747 1.368687 -7.919540
v 1.881725 2.115794 -7.113482
v 1.191582 2.237835 -7.111068
v 1.847653 2.008341 -7.728621
v 1.995259 1.990135 -7.098735
v 1.936285 1.875391 -7.736293
v 1.718929 1.708856 -7.984577
v 1.661983 1.864405 -7.902180
v 1.156832 2.129761 -7.729705
v 1.459946 1.831450 -7.974700
v 1.170671 1.782257 -7.984575
v 1.277386 1.908956 -7.902184
v 1.439732 1.716811 -8.016085
v 1.027363 2.035661 -7.736290
v 1.041614 2.158779 -7.095400
v 0.656611 1.036923 -6.965175
v 0.774059 1.016213 -6.965175
v 1.029131 3.149584 -7.272100
v 1.146579 3.128877 -7.272100
v 0.775071 1.021059 -6.930613
v 0.774059 1.016213 -6.965175
v 0.657469 1.041790 -6.930613
v 0.656611 1.036923 -6.965175
v 1.029131 3.149584 -7.272100
v 1.029986 3.154436 -7.237531
v 1.146579 3.128877 -7.272100
v 1.147644 3.133781 -7.237545
v 0.656611 1.036923 -6.965175
v 1.029131 3.149584 -7.272100
v 0.657469 1.041790 -6.930613
v 1.029986 3.154436 -7.237531
v -3.982015 2.998494 5.483366
v -3.976194 3.031503 5.480506
v -3.377958 2.891983 5.483365
v -3.282911 3.431020 5.436900
v -3.345721 3.339483 5.445927
v -3.327969 3.439079 5.436902
v -3.452953 2.731412 -7.042840
v -3.345721 3.339483 5.445927
v -4.084857 2.414793 -7.010290
v -3.976194 3.031503 5.480506
v -3.435413 2.829803 -7.050523
v -3.327969 3.439079 5.436902
v -3.452953 2.731412 -7.042840
v -3.345721 3.339483 5.445927
v -3.282911 3.431020 5.436900
v -3.327969 3.439079 5.436902
v -3.390333 2.821854 -7.050523
v -3.435413 2.829803 -7.050523
v -3.435413 2.829803 -7.050523
v -3.452953 2.731412 -7.042840
v -3.390333 2.821854 -7.050523
v -3.487260 2.272170 -7.007458
v -4.091324 2.378682 -7.007458
v -4.084857 2.414793 -7.010290
v -3.976194 3.031503 5.480506
v -3.982015 2.998494 5.483366
v -4.084857 2.414793 -7.010290
v -4.091324 2.378682 -7.007458
v -3.487260 2.272170 -7.007458
v -4.091324 2.378682 -7.007458
v -3.377958 2.891983 5.483365
v -3.982015 2.998494 5.483366
v 5.109450 1.395424 5.483355
v 4.505391 1.501935 5.483355
v 5.115270 1.428432 5.480494
v 4.628154 1.933474 5.445917
v 4.645535 2.033135 5.436892
v 4.600438 2.040973 5.436890
v 5.115270 1.428432 5.480494
v 4.628154 1.933474 5.445917
v 5.006422 0.811755 -7.010300
v 4.520913 1.325404 -7.042850
v 4.628154 1.933474 5.445917
v 4.645535 2.033135 5.436892
v 4.520913 1.325404 -7.042850
v 4.538085 1.423860 -7.050537
v 4.600438 2.040973 5.436890
v 4.493005 1.431809 -7.050537
v 4.645535 2.033135 5.436892
v 4.538085 1.423860 -7.050537
v 4.538085 1.423860 -7.050537
v 4.493005 1.431809 -7.050537
v 4.520913 1.325404 -7.042850
v 4.396084 0.882123 -7.007468
v 5.006422 0.811755 -7.010300
v 5.000147 0.775611 -7.007468
v 5.115270 1.428432 5.480494
v 5.006422 0.811755 -7.010300
v 5.109450 1.395424 5.483355
v 5.000147 0.775611 -7.007468
v 4.396084 0.882123 -7.007468
v 4.505391 1.501935 5.483355
v 5.000147 0.775611 -7.007468
v 5.109450 1.395424 5.483355
v 2.646877 1.009935 7.499588
v 2.786056 0.985394 7.499588
v 2.630105 0.914823 7.554927
v 2.798198 1.054255 7.365675
v 2.659019 1.078796 7.365675
v 2.769285 0.890282 7.554927
v 2.574046 0.596891 7.539613
v 2.713225 0.572349 7.539613
v 2.563598 0.537640 7.458930
v 2.702778 0.513098 7.458930
v 2.563554 0.537391 7.186227
v 2.702734 0.512850 7.186227
v 3.729746 2.978563 5.297912
v 3.729747 2.978568 5.189394
v 4.710841 2.667075 5.323116
v -2.144047 4.014271 5.297920
v -3.172509 4.057123 5.323129
v -2.144046 4.014276 5.189402
v -3.172454 4.057438 5.104814
v 4.710896 2.667390 5.104802
v 4.715670 2.694542 -7.104629
v 4.525341 2.858914 -7.128573
v 4.715781 2.695172 -7.263983
v 4.523295 2.847314 -7.283151
v -2.932620 4.173954 -7.128563
v -2.934664 4.162354 -7.283138
v -3.167575 4.085221 -7.263977
v -3.167686 4.084591 -7.104613
v 2.677746 1.185106 -7.007465
v -1.768925 1.969173 -7.007458
v 2.461833 -0.039408 -6.793442
v 4.523295 2.847314 -7.283151
v 2.816927 1.160571 -7.007465
v -2.934664 4.162354 -7.283138
v -3.167575 4.085221 -7.263977
v -1.908102 1.993721 -7.007458
v -3.487265 2.272170 -7.007455
v 4.396091 0.882122 -7.007468
v 4.715781 2.695172 -7.263983
v -1.984840 0.744661 -6.793437
v 2.605361 0.774583 -7.022345
v 2.744540 0.750044 -7.022343
v 2.607597 0.787275 -7.236418
v 2.746781 0.762738 -7.236420
v 2.613712 0.821951 -7.293013
v 2.668483 1.132576 -7.284613
v 2.752892 0.797413 -7.293013
v 2.807664 1.108039 -7.284613
v 2.814794 1.148476 -7.233015
v 2.675613 1.173009 -7.233015
v 2.677746 1.185106 -7.007465
v 2.816927 1.160571 -7.007465
v 2.956171 1.950175 5.862113
v 2.821243 1.184949 7.326558
v 2.901289 1.638913 7.433600
v 2.929484 1.798827 5.862113
v 2.798198 1.054255 7.365675
v 2.702778 0.513098 7.458930
v 2.786056 0.985394 7.499588
v 2.702734 0.512850 7.186227
v 2.672904 0.343677 7.081760
v 2.614447 0.012148 7.013698
v 2.546942 -0.370681 5.862115
v 2.546929 -0.370677 -6.530485
v 2.566680 -0.258748 6.828148
v 2.534461 -0.441476 6.553075
v 2.527871 -0.478837 6.169895
v 2.601014 -0.063949 -6.793440
v 2.816927 1.160571 -7.007465
v 2.752892 0.797413 -7.293013
v 2.746781 0.762738 -7.236420
v 2.744540 0.750044 -7.022343
v 2.807664 1.108039 -7.284613
v 2.814794 1.148476 -7.233015
v 2.621492 0.052187 -6.869553
v 2.769285 0.890282 7.554927
v 2.713225 0.572349 7.539613
v 2.892818 1.590870 7.466173
v 2.901289 1.638913 7.433600
v 2.892818 1.590870 7.466173
v 2.762110 1.663454 7.433600
v 2.753638 1.615411 7.466173
v 2.682063 1.209490 7.326558
v 2.821243 1.184949 7.326558
v 2.659019 1.078796 7.365675
v 2.798198 1.054255 7.365675
v 2.533751 0.368213 7.081760
v 2.475318 0.036680 7.013698
v 2.499428 0.173714 6.848078
v 2.682063 1.209490 7.326558
v 2.563554 0.537391 7.186227
v 2.659019 1.078796 7.365675
v 2.630105 0.914823 7.554927
v 2.574046 0.596891 7.539613
v 2.563598 0.537640 7.458930
v 2.646877 1.009935 7.499588
v 2.753638 1.615411 7.466173
v 2.762110 1.663454 7.433600
v 2.407789 -0.346144 5.862115
v 2.388744 -0.454305 6.169895
v 2.395332 -0.416944 6.553075
v 2.427552 -0.234215 6.828148
v 2.563554 0.537391 7.186227
v 2.702734 0.512850 7.186227
v 2.533751 0.368213 7.081760
v 2.672904 0.343677 7.081760
v 2.475318 0.036680 7.013698
v 2.427552 -0.234215 6.828148
v 2.614447 0.012148 7.013698
v 2.566680 -0.258748 6.828148
v 2.395332 -0.416944 6.553075
v 2.534461 -0.441476 6.553075
v 2.527871 -0.478837 6.169895
v 2.388744 -0.454305 6.169895
v 2.407789 -0.346144 5.862115
v 2.546942 -0.370681 5.862115
v 2.482311 0.076726 -6.869553
v 2.621492 0.052187 -6.869553
v 2.605361 0.774583 -7.022345
v 2.601014 -0.063949 -6.793440
v 2.461833 -0.039408 -6.793442
v 2.744540 0.750044 -7.022343
v 4.535350 1.671723 5.862113
v 4.508663 1.520375 5.862113
v 2.956171 1.950175 5.862113
v 2.929484 1.798827 5.862113
v 4.508663 1.520375 5.862113
v 4.396091 0.882122 -7.007468
v 2.929484 1.798827 5.862113
v 2.816927 1.160571 -7.007465
v 2.677746 1.185106 -7.007465
v 2.675613 1.173009 -7.233015
v 2.461833 -0.039408 -6.793442
v 2.605361 0.774583 -7.022345
v 2.607597 0.787275 -7.236418
v 2.482311 0.076726 -6.869553
v 2.668483 1.132576 -7.284613
v 2.613712 0.821951 -7.293013
v 2.461833 -0.039408 -6.793442
v 2.601014 -0.063949 -6.793440
v -1.984840 0.744661 -6.793437
v 2.546929 -0.370677 -6.530485
v -2.178102 0.462473 -6.530480
v -2.124018 0.769201 -6.793435
v 4.715670 2.694542 -7.104629
v -3.167686 4.084591 -7.104613
v 4.525341 2.858914 -7.128573
v -2.932620 4.173954 -7.128563
v -1.799786 1.794002 7.499592
v -1.816557 1.698889 7.554935
v -1.938967 1.818543 7.499592
v -1.926825 1.887404 7.365683
v -1.787644 1.862863 7.365680
v -1.955738 1.723431 7.554935
v -1.872617 1.380957 7.539620
v -2.011798 1.405499 7.539620
v -1.883065 1.321706 7.458935
v -2.022246 1.346248 7.458935
v -1.883108 1.321458 7.186235
v -2.022290 1.345999 7.186235
v -1.841311 1.558651 -7.022340
v -1.839074 1.571343 -7.236413
v -1.980491 1.583195 -7.022337
v -1.978253 1.595889 -7.236415
v -1.832959 1.606019 -7.293005
v -1.972138 1.630564 -7.293007
v -1.778188 1.916644 -7.284605
v -1.917367 1.941190 -7.284605
v -1.771058 1.957078 -7.233010
v -1.910237 1.981626 -7.233010
v -1.908102 1.993721 -7.007458
v -1.768925 1.969173 -7.007458
v -2.022290 1.345999 7.186235
v -2.052119 1.176826 7.081765
v -1.795539 2.631977 5.862122
v -1.903780 2.018098 7.326565
v -1.955738 1.723431 7.554935
v -2.011798 1.405499 7.539620
v -2.022246 1.346248 7.458935
v -1.926825 1.887404 7.365683
v -1.938967 1.818543 7.499592
v -1.768853 2.783324 5.862122
v -1.823734 2.472062 7.433605
v -1.832206 2.424019 7.466180
v -2.178082 0.462469 5.862123
v -1.908102 1.993721 -7.007458
v -2.109558 0.851191 -4.310052
v -2.178102 0.462473 -6.530480
v -2.124018 0.769201 -6.793435
v -2.103542 0.885338 -6.869547
v -1.980491 1.583195 -7.022337
v -1.978253 1.595889 -7.236415
v -1.972138 1.630564 -7.293007
v -1.917367 1.941190 -7.284605
v -1.910237 1.981626 -7.233010
v -2.197153 0.354312 6.169900
v -2.190563 0.391673 6.553080
v -2.110577 0.845298 7.013705
v -2.158343 0.574402 6.828155
v -1.823734 2.472062 7.433605
v -1.684553 2.447521 7.433605
v -1.832206 2.424019 7.466180
v -1.693025 2.399478 7.466180
v -1.903780 2.018098 7.326565
v -1.764599 1.993557 7.326565
v -1.787644 1.862863 7.365680
v -1.926825 1.887404 7.365683
v -1.947235 0.957780 6.848085
v -1.764599 1.993557 7.326565
v -1.684553 2.447521 7.433605
v -1.912966 1.152290 7.081765
v -2.038929 0.437932 5.862123
v -2.058025 0.329780 6.169900
v -2.051437 0.367142 6.553080
v -2.019217 0.549870 6.828155
v -1.971451 0.820766 7.013705
v -1.883108 1.321458 7.186235
v -1.787644 1.862863 7.365680
v -1.883065 1.321706 7.458935
v -1.799786 1.794002 7.499592
v -1.816557 1.698889 7.554935
v -1.872617 1.380957 7.539620
v -1.693025 2.399478 7.466180
v -1.883108 1.321458 7.186235
v -1.912966 1.152290 7.081765
v -2.022290 1.345999 7.186235
v -2.052119 1.176826 7.081765
v -1.971451 0.820766 7.013705
v -2.110577 0.845298 7.013705
v -2.158343 0.574402 6.828155
v -2.019217 0.549870 6.828155
v -2.051437 0.367142 6.553080
v -2.058025 0.329780 6.169900
v -2.190563 0.391673 6.553080
v -2.197153 0.354312 6.169900
v -2.038929 0.437932 5.862123
v -2.178082 0.462469 5.862123
v -1.964363 0.860794 -6.869545
v -1.841311 1.558651 -7.022340
v -2.103542 0.885338 -6.869547
v -2.124018 0.769201 -6.793435
v -1.984840 0.744661 -6.793437
v -1.980491 1.583195 -7.022337
v -3.348029 3.061775 5.862124
v -1.768853 2.783324 5.862122
v -3.374716 2.910428 5.862124
v -1.795539 2.631977 5.862122
v -3.374716 2.910428 5.862124
v -3.487265 2.272170 -7.007455
v -3.348029 3.061775 5.862124
v -3.334846 3.135115 5.491511
v -3.172454 4.057438 5.104814
v -3.172509 4.057123 5.323129
v -3.167686 4.084591 -7.104613
v -3.167575 4.085221 -7.263977
v -3.374716 2.910428 5.862124
v -1.795539 2.631977 5.862122
v -3.487265 2.272170 -7.007455
v -1.908102 1.993721 -7.007458
v -1.768925 1.969173 -7.007458
v -1.771058 1.957078 -7.233010
v -1.841311 1.558651 -7.022340
v -1.984840 0.744661 -6.793437
v -1.964363 0.860794 -6.869545
v -1.778188 1.916644 -7.284605
v -1.832959 1.606019 -7.293005
v -1.839074 1.571343 -7.236413
v -2.038929 0.437932 5.862123
v -1.947235 0.957780 6.848085
v 2.407789 -0.346144 5.862115
v 2.499428 0.173714 6.848078
v -1.768853 2.783324 5.862122
v -3.348029 3.061775 5.862124
v -3.334846 3.135115 5.491511
v 2.956171 1.950175 5.862113
v -1.684553 2.447521 7.433605
v -1.823734 2.472062 7.433605
v 2.762110 1.663454 7.433600
v 2.901289 1.638913 7.433600
v 4.548042 1.745149 5.491501
v 4.535350 1.671723 5.862113
v -3.172454 4.057438 5.104814
v -3.167686 4.084591 -7.104613
v 4.710896 2.667390 5.104802
v 4.715670 2.694542 -7.104629
v 2.499428 0.173714 6.848078
v -1.947235 0.957780 6.848085
v 2.762110 1.663454 7.433600
v -1.684553 2.447521 7.433605
v -2.038929 0.437932 5.862123
v 2.546929 -0.370677 -6.530485
v -2.178102 0.462473 -6.530480
v 2.407789 -0.346144 5.862115
v -2.178082 0.462469 5.862123
v 2.546942 -0.370681 5.862115
v 3.729747 2.978568 5.189394
v -2.144046 4.014276 5.189402
v 4.710896 2.667390 5.104802
v -3.172454 4.057438 5.104814
v 4.548042 1.745149 5.491501
v 4.710896 2.667390 5.104802
v 4.396091 0.882122 -7.007468
v 4.535350 1.671723 5.862113
v 4.710841 2.667075 5.323116
v 4.508663 1.520375 5.862113
v 4.715670 2.694542 -7.104629
v 4.715781 2.695172 -7.263983
v -2.144047 4.014271 5.297920
v 3.729746 2.978563 5.297912
v -3.334846 3.135115 5.491511
v -3.172509 4.057123 5.323129
v 4.548042 1.745149 5.491501
v 4.710841 2.667075 5.323116
v 0.748950 3.249306 5.900865
v 0.784385 3.448420 5.808877
v 0.914800 3.365045 5.808877
v 0.948064 3.213872 5.808877
v 0.864688 3.083454 5.808877
v 0.583100 3.133567 5.808875
v 0.549836 3.284740 5.808877
v 0.633212 3.415155 5.808877
v 0.713515 3.050191 5.808877
v 0.780901 3.428663 5.554025
v 0.748950 3.249306 5.479852
v 0.898367 3.353539 5.554027
v 0.644717 3.398724 5.554025
v 0.569591 3.281257 5.554025
v 0.599533 3.145073 5.554025
v 0.716999 3.069947 5.554027
v 0.853182 3.099886 5.554025
v 0.928306 3.217356 5.554025
v -2.458340 3.937872 4.730832
v -2.444196 4.018085 4.730832
v -2.359339 3.961769 4.516087
v -0.969007 1.610436 -7.624320
v -1.014700 1.570994 -6.961895
v -0.963259 1.508022 -7.469090
v -0.058231 1.402762 -6.959020
v -0.060627 1.447081 -7.623865
v -0.113598 1.358204 -7.469090
v 1.803370 1.121592 -7.624325
v 1.762940 1.027320 -7.469092
v 1.832820 1.068900 -6.961898
v 0.876496 1.237944 -6.959020
v 0.913281 1.177137 -7.469092
v 0.893903 1.278772 -7.623865
v -2.811829 4.326279 -2.561213
v -2.740458 4.313691 -2.633683
v -2.866352 4.017065 -2.463960
v -2.755445 4.646034 -2.583865
v -2.706385 4.637381 -2.633683
v -2.699391 3.987616 -2.633498
v -2.811829 4.326279 -2.561213
v -3.033313 4.046495 -2.633495
v -2.866355 4.017047 -2.803033
v -2.883199 4.338860 -2.633683
v -2.883199 4.338860 -2.633683
v -2.804506 4.654683 -2.633683
v -2.755445 4.646034 -2.583865
v -2.811831 4.326272 -2.706156
v -2.804506 4.654683 -2.633683
v -2.755445 4.646032 -2.683501
v -2.811831 4.326272 -2.706156
v -2.699391 3.987616 -2.633498
v -2.740458 4.313691 -2.633683
v -2.706385 4.637381 -2.633683
v -2.755445 4.646032 -2.683501
v -2.706385 4.637381 -2.633683
v -2.755445 4.646034 -2.583865
v -2.755445 4.646032 -2.683501
v -2.804506 4.654683 -2.633683
v 1.960125 3.262532 -6.093129
v -0.384055 3.675874 -6.093125
v 1.960031 3.262548 -7.138653
v 2.076285 3.132213 -6.093132
v 2.076561 3.132168 -7.123673
v -0.383967 3.675858 -7.138649
v -0.532817 3.592271 -7.123669
v -0.532540 3.592219 -6.093129
v -0.384055 3.675874 -6.093125
v 1.960125 3.262532 -6.093129
v -0.532540 3.592219 -6.093129
v 2.076285 3.132213 -6.093132
v 1.588417 3.323418 -6.102372
v 1.875450 3.271844 -6.102372
v 1.506025 3.250042 -5.781034
v 1.506025 3.250042 -6.102372
v 1.927853 3.175663 -5.781034
v 1.927853 3.175663 -6.102372
v -0.312052 3.658522 -6.102368
v -0.394448 3.585147 -5.781032
v -0.394448 3.585147 -6.102368
v -0.025022 3.606949 -6.102368
v 0.027380 3.510768 -6.102368
v 0.027380 3.510768 -5.781032
v 0.154724 3.575000 -6.102209
v 0.241621 3.558717 -6.102209
v 0.139900 3.490927 -5.652349
v 0.226961 3.475576 -5.652349
v -0.760994 3.774179 -4.246549
v -0.761158 3.773246 -4.363647
v -0.304187 3.569232 -4.246552
v -0.304187 3.569232 -4.363648
v 2.350093 3.225610 -4.363651
v 2.349928 3.224678 -4.246553
v 1.850739 3.189260 -4.363651
v 1.850739 3.189260 -4.246553
v 0.226961 3.475576 -6.102209
v 0.226961 3.475576 -5.652349
v 0.241621 3.558717 -6.102209
v 0.139900 3.490927 -5.652349
v 0.139900 3.490927 -6.102209
v 0.154724 3.575000 -6.102209
v -0.784506 3.640836 -4.363647
v -0.304187 3.569232 -4.363648
v -0.761158 3.773246 -4.363647
v -0.304187 3.569232 -4.246552
v -0.784506 3.640836 -4.246549
v -0.760994 3.774179 -4.246549
v 2.326581 3.092268 -4.246553
v 1.850739 3.189260 -4.246553
v 2.349928 3.224678 -4.246553
v 1.850739 3.189260 -4.363651
v 2.326581 3.092268 -4.363651
v 2.350093 3.225610 -4.363651
v -1.837326 4.186721 -4.925474
v -1.684929 4.159849 -4.761219
v -1.917866 4.200873 -4.751801
v -1.751747 4.171582 -4.649434
v -1.684929 4.159849 -4.761219
v -1.700715 4.070327 -4.761220
v -1.751747 4.171582 -4.649434
v -1.767532 4.082060 -4.649434
v -1.933652 4.111351 -4.751803
v -1.917866 4.200873 -4.751801
v -1.767532 4.082060 -4.649434
v -1.751747 4.171582 -4.649434
v -1.700715 4.070327 -4.761220
v -1.684929 4.159849 -4.761219
v -1.853112 4.097198 -4.925478
v -1.837326 4.186721 -4.925474
v 2.529095 1.375642 7.490405
v 2.434127 1.243699 7.726883
v 2.254450 1.424164 7.490172
v 2.295894 1.268118 7.726770
v -1.367961 2.064108 7.487112
v -1.337486 1.909965 7.723787
v -1.384275 1.971582 7.450442
v 2.529095 1.375642 7.490405
v 2.512781 1.283119 7.453735
v 2.434127 1.243699 7.726883
v -1.099426 2.016667 7.487338
v -1.211866 1.887774 7.723890
v -1.367961 2.064108 7.487112
v -1.337486 1.909965 7.723787
v -1.047790 1.858788 7.724025
v -0.870577 1.827483 7.724170
v -1.083230 1.918398 7.450695
v -0.783342 1.865422 7.450950
v -0.777509 1.959797 7.487610
v -0.870577 1.827483 7.724170
v -1.060935 2.009867 7.487370
v -1.047790 1.858788 7.724025
v -0.757570 1.860867 7.450970
v -0.692621 1.796047 7.724318
v -0.454826 1.807384 7.451225
v -0.524253 1.766305 7.724455
v -0.524253 1.766305 7.724455
v -0.692621 1.796047 7.724318
v -0.446603 1.901338 7.487888
v -0.731317 1.951634 7.487648
v -0.105416 1.841063 7.488175
v -0.223279 1.713136 7.724702
v -0.406484 1.894249 7.487922
v -0.364854 1.738145 7.724585
v -0.106383 1.745827 7.451520
v -0.031912 1.679332 7.724860
v 0.193057 1.692926 7.451773
v 0.116160 1.653172 7.724980
v 0.116160 1.653172 7.724980
v -0.031912 1.679332 7.724860
v 0.200275 1.787058 7.488435
v -0.078852 1.836370 7.488200
v 0.546454 1.725900 7.488730
v 0.455160 1.593288 7.725260
v 0.257586 1.776934 7.488485
v 0.296496 1.621316 7.725130
v 0.887211 1.665701 7.489017
v 0.792073 1.533773 7.725535
v 0.589040 1.718378 7.488765
v 0.632457 1.561969 7.725405
v 0.952736 1.505390 7.725667
v 1.135105 1.473175 7.725818
v 0.915533 1.565294 7.452385
v 1.208171 1.513594 7.452633
v 1.215903 1.607635 7.489295
v 1.135105 1.473175 7.725818
v 0.938064 1.656720 7.489060
v 0.952736 1.505390 7.725667
v 1.288551 1.446067 7.725943
v 1.462562 1.415329 7.726088
v 1.247921 1.506573 7.452665
v 1.532822 1.456241 7.452908
v 1.540930 1.550214 7.489570
v 1.462562 1.415329 7.726088
v 1.270912 1.597917 7.489340
v 1.288551 1.446067 7.725943
v 1.865731 1.492835 7.489845
v 1.771415 1.360768 7.726340
v 1.594271 1.540791 7.489615
v 1.607668 1.389695 7.726205
v 2.213343 1.431424 7.490140
v 2.114071 1.300237 7.726620
v 1.933807 1.480807 7.489902
v 1.946924 1.329763 7.726483
v 2.227765 1.333469 7.453495
v 2.295894 1.268118 7.726770
v 2.512781 1.283119 7.453735
v 2.434127 1.243699 7.726883
v -1.099426 2.016667 7.487338
v -1.102257 1.921761 7.450680
v -1.211866 1.887774 7.723890
v -0.777509 1.959797 7.487610
v -0.870577 1.827483 7.724170
v -0.783342 1.865422 7.450950
v -0.692621 1.796047 7.724318
v -0.757570 1.860867 7.450970
v -0.731317 1.951634 7.487648
v -0.364854 1.738145 7.724585
v -0.433193 1.803561 7.451245
v -0.406484 1.894249 7.487922
v -0.031912 1.679332 7.724860
v -0.106383 1.745827 7.451520
v -0.078852 1.836370 7.488200
v -1.083230 1.918398 7.450695
v -1.060935 2.009867 7.487370
v -1.047790 1.858788 7.724025
v 0.231298 1.686171 7.451805
v 0.257586 1.776934 7.488485
v 0.296496 1.621316 7.725130
v 0.562054 1.627740 7.452085
v 0.589040 1.718378 7.488765
v 0.632457 1.561969 7.725405
v 0.915533 1.565294 7.452385
v 0.938064 1.656720 7.489060
v 0.952736 1.505390 7.725667
v 1.247921 1.506573 7.452665
v 1.270912 1.597917 7.489340
v 1.288551 1.446067 7.725943
v 1.571938 1.449330 7.452940
v 1.594271 1.540791 7.489615
v 1.607668 1.389695 7.726205
v 1.911517 1.389338 7.453228
v 1.933807 1.480807 7.489902
v 1.946924 1.329763 7.726483
v 2.227765 1.333469 7.453495
v 2.254450 1.424164 7.490172
v 2.295894 1.268118 7.726770
v 2.114071 1.300237 7.726620
v 2.213343 1.431424 7.490140
v 2.208474 1.336878 7.453477
v 1.771415 1.360768 7.726340
v 1.865731 1.492835 7.489845
v 1.860094 1.398424 7.453185
v 1.462562 1.415329 7.726088
v 1.532822 1.456241 7.452908
v 1.540930 1.550214 7.489570
v 1.135105 1.473175 7.725818
v 1.215903 1.607635 7.489295
v 1.208171 1.513594 7.452633
v 0.792073 1.533773 7.725535
v 0.887211 1.665701 7.489017
v 0.881698 1.571268 7.452355
v 0.455160 1.593288 7.725260
v 0.546454 1.725900 7.488730
v 0.540349 1.631572 7.452068
v 0.116160 1.653172 7.724980
v 0.200275 1.787058 7.488435
v 0.193057 1.692926 7.451773
v -0.223279 1.713136 7.724702
v -0.105416 1.841063 7.488175
v -0.126961 1.749455 7.451520
v -0.524253 1.766305 7.724455
v -0.446603 1.901338 7.487888
v -0.454826 1.807384 7.451225
v -1.440873 1.323628 7.486425
v -1.315253 1.301436 7.486527
v -1.487665 1.385246 7.213078
v -1.205644 1.335424 7.213318
v 2.425708 0.789305 7.253042
v 2.330740 0.657362 7.489520
v 2.151062 0.837826 7.252810
v 2.192507 0.681782 7.489408
v -1.471348 1.477770 7.249747
v -1.440873 1.323628 7.486425
v -1.487665 1.385246 7.213078
v 2.425708 0.789305 7.253042
v 2.409394 0.696783 7.216372
v 2.330740 0.657362 7.489520
v -1.202813 1.430330 7.249975
v -1.315253 1.301436 7.486527
v -1.471348 1.477770 7.249747
v -1.440873 1.323628 7.486425
v -1.151177 1.272452 7.486660
v -0.973964 1.241146 7.486808
v -1.186617 1.332062 7.213333
v -0.886729 1.279085 7.213588
v -0.880896 1.373460 7.250245
v -0.973964 1.241146 7.486808
v -1.164322 1.423530 7.250005
v -1.151177 1.272452 7.486660
v -0.860957 1.274530 7.213607
v -0.796011 1.209712 7.486953
v -0.558213 1.221046 7.213862
v -0.627640 1.179968 7.487092
v -0.627640 1.179968 7.487092
v -0.796011 1.209712 7.486953
v -0.549990 1.315000 7.250525
v -0.834704 1.365300 7.250285
v -0.468241 1.151809 7.487223
v -0.326666 1.126799 7.487340
v -0.536580 1.217224 7.213880
v -0.230350 1.163118 7.214155
v -0.208803 1.254726 7.250815
v -0.326666 1.126799 7.487340
v -0.509871 1.307914 7.250560
v -0.468241 1.151809 7.487223
v -0.209770 1.159489 7.214158
v -0.135299 1.092995 7.487495
v 0.089670 1.106591 7.214410
v 0.012774 1.066838 7.487617
v 0.012774 1.066838 7.487617
v 0.096888 1.200720 7.251072
v -0.135299 1.092995 7.487495
v -0.182240 1.250032 7.250838
v 0.193109 1.034979 7.487765
v 0.351773 1.006951 7.487897
v 0.127910 1.099833 7.214442
v 0.436962 1.045238 7.214703
v 0.443068 1.139565 7.251365
v 0.351773 1.006951 7.487897
v 0.154199 1.190597 7.251122
v 0.193109 1.034979 7.487765
v 0.529069 0.975631 7.488043
v 0.688684 0.947435 7.488173
v 0.458667 1.041402 7.214723
v 0.778311 0.984932 7.214993
v 0.783821 1.079365 7.251653
v 0.688684 0.947435 7.488173
v 0.485653 1.132041 7.251403
v 0.529069 0.975631 7.488043
v 0.849348 0.919052 7.488305
v 1.031718 0.886838 7.488455
v 0.812143 0.978956 7.215023
v 1.104784 0.927257 7.215267
v 1.112516 1.021297 7.251930
v 1.031718 0.886838 7.488455
v 0.834677 1.070382 7.251695
v 0.849348 0.919052 7.488305
v 1.185164 0.859730 7.488580
v 1.359175 0.828992 7.488722
v 1.144531 0.920235 7.215302
v 1.429435 0.869903 7.215543
v 1.437543 0.963877 7.252207
v 1.359175 0.828992 7.488722
v 1.167525 1.011580 7.251977
v 1.185164 0.859730 7.488580
v 1.504281 0.803357 7.488840
v 1.668028 0.774431 7.488975
v 1.468549 0.862993 7.215575
v 1.756707 0.812087 7.215820
v 1.762344 0.906497 7.252480
v 1.668028 0.774431 7.488975
v 1.490882 0.954454 7.252250
v 1.504281 0.803357 7.488840
v 1.843537 0.743428 7.489120
v 2.010684 0.713900 7.489257
v 1.808128 0.803002 7.215865
v 2.105087 0.750541 7.216115
v 2.109956 0.845087 7.252775
v 2.010684 0.713900 7.489257
v 1.830419 0.894471 7.252540
v 1.843537 0.743428 7.489120
v 2.124378 0.747134 7.216130
v 2.192507 0.681782 7.489408
v 2.409394 0.696783 7.216372
v 2.330740 0.657362 7.489520
v -1.202813 1.430330 7.249975
v -1.205644 1.335424 7.213318
v -1.315253 1.301436 7.486527
v -0.880896 1.373460 7.250245
v -0.886729 1.279085 7.213588
v -0.973964 1.241146 7.486808
v -0.796011 1.209712 7.486953
v -0.860957 1.274530 7.213607
v -0.834704 1.365300 7.250285
v -0.468241 1.151809 7.487223
v -0.536580 1.217224 7.213880
v -0.509871 1.307914 7.250560
v -0.135299 1.092995 7.487495
v -0.209770 1.159489 7.214158
v -0.182240 1.250032 7.250838
v -1.186617 1.332062 7.213333
v -1.164322 1.423530 7.250005
v -1.151177 1.272452 7.486660
v 0.127910 1.099833 7.214442
v 0.154199 1.190597 7.251122
v 0.193109 1.034979 7.487765
v 0.458667 1.041402 7.214723
v 0.485653 1.132041 7.251403
v 0.529069 0.975631 7.488043
v 0.812143 0.978956 7.215023
v 0.834677 1.070382 7.251695
v 0.849348 0.919052 7.488305
v 1.144531 0.920235 7.215302
v 1.167525 1.011580 7.251977
v 1.185164 0.859730 7.488580
v 1.468549 0.862993 7.215575
v 1.490882 0.954454 7.252250
v 1.504281 0.803357 7.488840
v 1.808128 0.803002 7.215865
v 1.830419 0.894471 7.252540
v 1.843537 0.743428 7.489120
v 2.124378 0.747134 7.216130
v 2.151062 0.837826 7.252810
v 2.192507 0.681782 7.489408
v 2.010684 0.713900 7.489257
v 2.109956 0.845087 7.252775
v 2.105087 0.750541 7.216115
v 1.668028 0.774431 7.488975
v 1.762344 0.906497 7.252480
v 1.756707 0.812087 7.215820
v 1.359175 0.828992 7.488722
v 1.437543 0.963877 7.252207
v 1.429435 0.869903 7.215543
v 1.031718 0.886838 7.488455
v 1.112516 1.021297 7.251930
v 1.104784 0.927257 7.215267
v 0.688684 0.947435 7.488173
v 0.783821 1.079365 7.251653
v 0.778311 0.984932 7.214993
v 0.351773 1.006951 7.487897
v 0.443068 1.139565 7.251365
v 0.436962 1.045238 7.214703
v 0.012774 1.066838 7.487617
v 0.096888 1.200720 7.251072
v 0.089670 1.106591 7.214410
v -0.326666 1.126799 7.487340
v -0.208803 1.254726 7.250815
v -0.230350 1.163118 7.214155
v -0.627640 1.179968 7.487092
v -0.549990 1.315000 7.250525
v -0.558213 1.221046 7.213862
v 4.539118 2.752319 2.256577
v 4.459725 2.867861 2.237975
v 4.683033 2.726945 1.300250
v 4.604789 2.842234 1.286572
v 4.654266 2.733455 1.189692
v 4.613720 2.791375 1.185572
v 4.459725 2.867861 2.237975
v 4.345585 2.786444 2.219375
v 4.604789 2.842234 1.286572
v 4.487816 2.761364 1.272117
v 4.613720 2.791375 1.185572
v 4.555834 2.750809 1.181450
v 4.487816 2.761364 1.272117
v 4.345585 2.786444 2.219375
v 4.570069 2.645344 1.286570
v 4.555834 2.750809 1.181450
v 4.570069 2.645344 1.286570
v 4.596354 2.692892 1.185572
v 4.424999 2.670899 2.237975
v 4.570069 2.645344 1.286570
v 4.424999 2.670899 2.237975
v 4.683033 2.726945 1.300250
v 4.596354 2.692892 1.185572
v 4.654266 2.733455 1.189692
v 4.539118 2.752319 2.256577
v 4.459725 2.867861 2.237975
v 4.539118 2.752319 2.256577
v 4.345585 2.786444 2.219375
v 4.424999 2.670899 2.237975
v 4.054266 2.858539 2.533772
v 3.974877 2.974080 2.515170
v 4.198185 2.833164 1.577442
v 4.168715 2.838360 1.468082
v 4.128157 2.896283 1.463317
v 4.119940 2.948454 1.563765
v 3.974877 2.974080 2.515170
v 3.860734 2.892664 2.496567
v 4.119940 2.948454 1.563765
v 4.128157 2.896283 1.463317
v 4.070258 2.855721 1.458555
v 4.002970 2.867585 1.549315
v 4.002970 2.867585 1.549315
v 4.070258 2.855721 1.458555
v 4.085223 2.751566 1.563765
v 3.860734 2.892664 2.496567
v 4.085223 2.751566 1.563765
v 3.940147 2.777118 2.515170
v 4.110792 2.797803 1.463317
v 4.085223 2.751566 1.563765
v 4.110792 2.797803 1.463317
v 3.940147 2.777118 2.515170
v 4.198185 2.833164 1.577442
v 4.168715 2.838360 1.468082
v 4.054266 2.858539 2.533772
v 4.168715 2.838360 1.468082
v 4.128157 2.896283 1.463317
v 4.185865 2.835336 0.395632
v 4.110792 2.797803 1.463317
v 4.127941 2.794780 0.395885
v 4.107035 2.798466 -2.354975
v 3.928013 2.888444 -3.018743
v 4.164861 2.839039 -2.363243
v 4.124399 2.896945 -2.354975
v 3.982366 2.929631 -3.037800
v 3.766403 3.064633 -3.508978
v 3.713898 3.023120 -3.486178
v 3.945378 2.986925 -3.018743
v 3.891026 2.945737 -2.999680
v 3.731263 3.121601 -3.486178
v 3.678756 3.080087 -3.463378
v 3.446451 3.100817 -3.927103
v 3.713898 3.023120 -3.486178
v 3.479771 3.044170 -3.953628
v 3.928013 2.888444 -3.018743
v 4.107035 2.798466 -2.354975
v 4.066574 2.856370 -2.346705
v 4.087384 2.852701 0.396137
v 4.127941 2.794780 0.395885
v 4.145306 2.893259 0.395885
v 4.070258 2.855721 1.458555
v 4.110792 2.797803 1.463317
v 2.718547 3.167860 -4.970376
v 2.680424 3.225354 -4.950304
v 2.650982 3.178682 -5.421978
v 2.608777 3.236895 -5.429250
v 2.911259 3.117225 -6.004355
v 2.871023 3.170150 -6.004560
v 2.898470 3.169086 -6.077229
v 2.865993 3.176685 -6.004587
v 2.873045 3.181025 -6.004838
v 2.668347 3.277163 -5.421978
v 2.929748 3.215440 -6.006872
v 2.948131 3.211100 -6.048004
v 2.932696 3.211611 -6.006855
v 2.975004 3.155925 -6.006641
v 2.710552 3.218949 -5.414703
v 2.718547 3.167860 -4.970376
v 2.774037 3.208847 -4.990453
v 2.650982 3.178682 -5.421978
v 2.915644 3.119921 -6.004513
v 2.735912 3.266341 -4.970376
v 3.497136 3.142651 -3.953628
v 3.530430 3.086010 -3.980153
v 3.479771 3.044170 -3.953628
v 2.911259 3.117225 -6.004355
v 2.930766 3.112619 -6.048004
v 2.980426 3.154634 -6.018778
v 3.322518 3.043542 -6.438606
v 3.354639 3.088650 -6.391903
v 3.339883 3.142024 -6.438606
v 3.621472 3.041601 -6.437255
v 3.640199 3.089069 -6.489655
v 3.622835 2.990589 -6.489655
v 3.954855 2.982816 -6.229679
v 3.998423 3.025905 -6.266603
v 3.981058 2.927424 -6.266603
v 4.213006 2.886526 -5.806355
v 4.177271 2.943598 -5.783806
v 4.531722 2.847057 -5.097230
v 4.592879 2.732750 -3.526155
v 4.491779 2.904871 -5.086978
v 4.302732 2.972247 -5.806355
v 4.549087 2.945538 -5.097230
v 4.552297 2.790678 -3.524655
v 4.610244 2.831231 -3.526155
v 4.650826 2.773304 -3.527655
v 4.555834 2.750809 1.181450
v 4.613720 2.791375 1.185572
v 4.589029 2.887723 -5.107479
v 4.338464 2.915175 -5.828881
v 4.531722 2.847057 -5.097230
v 4.592879 2.732750 -3.526155
v 4.213006 2.886526 -5.806355
v 3.981058 2.927424 -6.266603
v 3.622835 2.990589 -6.489655
v 4.024653 2.970509 -6.303528
v 3.641562 3.038058 -6.542078
v 3.307787 3.096912 -6.485329
v 3.322518 3.043542 -6.438606
v 2.930766 3.112619 -6.048004
v 4.654266 2.733455 1.189692
v 4.596354 2.692892 1.185572
v 4.596354 2.692892 1.185572
v 3.974877 2.974080 2.515170
v 4.054266 2.858539 2.533772
v 3.860734 2.892664 2.496567
v 3.940147 2.777118 2.515170
v 4.603110 2.224892 3.591910
v 4.646560 2.217829 3.592060
v 4.612340 2.286109 3.799357
v 4.655789 2.279048 3.799507
v 4.612340 2.286109 3.799357
v 4.606943 2.254570 3.877377
v 4.650392 2.247508 3.877527
v 4.637436 2.168147 3.894037
v 4.606943 2.254570 3.877377
v 4.593987 2.175209 3.893890
v 4.637436 2.168147 3.894037
v 4.628776 2.113389 3.824717
v 4.655789 2.279048 3.799507
v 4.646560 2.217829 3.592060
v 4.593987 2.175209 3.893890
v 4.585327 2.120453 3.824565
v 4.628776 2.113389 3.824717
v 4.585203 2.007462 -5.456106
v 4.628652 2.000399 -5.455956
v 4.600041 2.100499 -5.257082
v 4.643492 2.093434 -5.256930
v 4.600041 2.100499 -5.257082
v 4.594644 2.068959 -5.179060
v 4.638092 2.061894 -5.178910
v 4.594644 2.068959 -5.179060
v 4.581689 1.989595 -5.162549
v 4.625136 1.982534 -5.162402
v 4.625136 1.982534 -5.162402
v 4.616478 1.927778 -5.231720
v 4.643492 2.093434 -5.256930
v 4.581689 1.989595 -5.162549
v 4.573026 1.934840 -5.231874
v 4.616478 1.927778 -5.231720
v 4.726583 2.551195 1.322500
v 4.685689 2.315069 1.326530
v 4.724947 2.551794 1.408827
v 4.684056 2.315666 1.412860
v 4.678848 2.327548 1.325520
v 4.715942 2.541740 1.321862
v 4.685689 2.315069 1.326530
v 4.726583 2.551195 1.322500
v 4.724947 2.551794 1.408827
v 4.684056 2.315666 1.412860
v 4.714308 2.542338 1.408192
v 4.677214 2.328145 1.411847
v 4.724947 2.551794 1.408827
v 4.685796 2.558522 1.404115
v 4.726583 2.551195 1.322500
v 4.687429 2.557924 1.317785
v 4.726583 2.551195 1.322500
v 4.687429 2.557924 1.317785
v 4.715942 2.541740 1.321862
v 4.685531 2.546957 1.317972
v 4.714308 2.542338 1.408192
v 4.715942 2.541740 1.321862
v 4.683896 2.547556 1.404300
v 4.685531 2.546957 1.317972
v 4.724947 2.551794 1.408827
v 4.714308 2.542338 1.408192
v 4.685796 2.558522 1.404115
v 4.683896 2.547556 1.404300
v 4.684056 2.315666 1.412860
v 4.685689 2.315069 1.326530
v 4.644901 2.322396 1.408145
v 4.646537 2.321798 1.321815
v 4.684056 2.315666 1.412860
v 4.644901 2.322396 1.408145
v 4.677214 2.328145 1.411847
v 4.646800 2.333363 1.407957
v 4.685689 2.315069 1.326530
v 4.678848 2.327548 1.325520
v 4.646537 2.321798 1.321815
v 4.648437 2.332764 1.321627
v 4.726086 2.551283 -1.078798
v 4.685194 2.315156 -1.074765
v 4.724453 2.551881 -0.992468
v 4.683558 2.315754 -0.988438
v 4.678352 2.327635 -1.075778
v 4.685194 2.315156 -1.074765
v 4.715448 2.541827 -1.079433
v 4.726086 2.551283 -1.078798
v 4.724453 2.551881 -0.992468
v 4.685298 2.558610 -0.997183
v 4.726086 2.551283 -1.078798
v 4.686934 2.558012 -1.083513
v 4.726086 2.551283 -1.078798
v 4.686934 2.558012 -1.083513
v 4.715448 2.541827 -1.079433
v 4.685036 2.547044 -1.083325
v 4.713811 2.542426 -0.993105
v 4.715448 2.541827 -1.079433
v 4.683400 2.547643 -0.996995
v 4.685036 2.547044 -1.083325
v 4.724453 2.551881 -0.992468
v 4.713811 2.542426 -0.993105
v 4.685298 2.558610 -0.997183
v 4.683400 2.547643 -0.996995
v 4.683558 2.315754 -0.988438
v 4.685194 2.315156 -1.074765
v 4.644407 2.322483 -0.993153
v 4.646041 2.321886 -1.079480
v 4.683558 2.315754 -0.988438
v 4.644407 2.322483 -0.993153
v 4.676716 2.328232 -0.989448
v 4.646305 2.333450 -0.993340
v 4.676716 2.328232 -0.989448
v 4.646305 2.333450 -0.993340
v 4.678352 2.327635 -1.075778
v 4.647941 2.332852 -1.079668
v 4.685194 2.315156 -1.074765
v 4.678352 2.327635 -1.075778
v 4.646041 2.321886 -1.079480
v 4.647941 2.332852 -1.079668
v 4.726084 2.551283 -3.447220
v 4.685192 2.315156 -3.443190
v 4.724451 2.551880 -3.360893
v 4.683555 2.315754 -3.356860
v 4.678350 2.327634 -3.444200
v 4.685192 2.315156 -3.443190
v 4.715445 2.541827 -3.447858
v 4.726084 2.551283 -3.447220
v 4.724451 2.551880 -3.360893
v 4.683555 2.315754 -3.356860
v 4.713809 2.542424 -3.361528
v 4.676713 2.328233 -3.357873
v 4.724451 2.551880 -3.360893
v 4.685296 2.558610 -3.365608
v 4.726084 2.551283 -3.447220
v 4.686932 2.558011 -3.451935
v 4.726084 2.551283 -3.447220
v 4.686932 2.558011 -3.451935
v 4.715445 2.541827 -3.447858
v 4.685031 2.547045 -3.451748
v 4.713809 2.542424 -3.361528
v 4.715445 2.541827 -3.447858
v 4.683398 2.547642 -3.365420
v 4.685031 2.547045 -3.451748
v 4.724451 2.551880 -3.360893
v 4.713809 2.542424 -3.361528
v 4.685296 2.558610 -3.365608
v 4.683398 2.547642 -3.365420
v 4.683555 2.315754 -3.356860
v 4.685192 2.315156 -3.443190
v 4.644402 2.322483 -3.361575
v 4.646038 2.321886 -3.447905
v 4.683555 2.315754 -3.356860
v 4.644402 2.322483 -3.361575
v 4.676713 2.328233 -3.357873
v 4.646303 2.333450 -3.361763
v 4.685192 2.315156 -3.443190
v 4.678350 2.327634 -3.444200
v 4.646038 2.321886 -3.447905
v 4.647938 2.332851 -3.448093
v 4.728106 2.562764 -5.802719
v 4.687213 2.326635 -5.798687
v 4.726469 2.563361 -5.716389
v 4.685577 2.327232 -5.712358
v 4.680371 2.339112 -5.799698
v 4.687213 2.326635 -5.798687
v 4.717464 2.553305 -5.803353
v 4.728106 2.562764 -5.802719
v 4.726469 2.563361 -5.716389
v 4.687317 2.570090 -5.721100
v 4.728106 2.562764 -5.802719
v 4.688954 2.569492 -5.807432
v 4.728106 2.562764 -5.802719
v 4.688954 2.569492 -5.807432
v 4.717464 2.553305 -5.803353
v 4.687053 2.558526 -5.807243
v 4.715831 2.553903 -5.717023
v 4.717464 2.553305 -5.803353
v 4.685417 2.559123 -5.720916
v 4.687053 2.558526 -5.807243
v 4.685577 2.327232 -5.712358
v 4.687213 2.326635 -5.798687
v 4.646424 2.333962 -5.717073
v 4.648059 2.333363 -5.803401
v 4.685577 2.327232 -5.712358
v 4.646424 2.333962 -5.717073
v 4.678735 2.339710 -5.713368
v 4.648324 2.344928 -5.717258
v 4.678735 2.339710 -5.713368
v 4.648324 2.344928 -5.717258
v 4.680371 2.339112 -5.799698
v 4.649959 2.344333 -5.803588
v 4.687213 2.326635 -5.798687
v 4.680371 2.339112 -5.799698
v 4.648059 2.333363 -5.803401
v 4.649959 2.344333 -5.803588
v 4.723885 2.535875 3.672257
v 4.682993 2.299747 3.676290
v 4.722249 2.536472 3.758587
v 4.681357 2.300347 3.762617
v 4.676150 2.312227 3.675277
v 4.682993 2.299747 3.676290
v 4.713244 2.526419 3.671622
v 4.723885 2.535875 3.672257
v 4.722249 2.536472 3.758587
v 4.681357 2.300347 3.762617
v 4.711609 2.527016 3.757950
v 4.674515 2.312823 3.761605
v 4.722249 2.536472 3.758587
v 4.683097 2.543201 3.753872
v 4.723885 2.535875 3.672257
v 4.684731 2.542603 3.667542
v 4.723885 2.535875 3.672257
v 4.684731 2.542603 3.667542
v 4.713244 2.526419 3.671622
v 4.682832 2.531637 3.667730
v 4.711609 2.527016 3.757950
v 4.713244 2.526419 3.671622
v 4.681197 2.532234 3.754060
v 4.682832 2.531637 3.667730
v 4.722249 2.536472 3.758587
v 4.711609 2.527016 3.757950
v 4.683097 2.543201 3.753872
v 4.681197 2.532234 3.754060
v 4.681357 2.300347 3.762617
v 4.682993 2.299747 3.676290
v 4.642203 2.307075 3.757902
v 4.643839 2.306476 3.671575
v 4.681357 2.300347 3.762617
v 4.642203 2.307075 3.757902
v 4.674515 2.312823 3.761605
v 4.644103 2.318042 3.757715
v 4.674515 2.312823 3.761605
v 4.644103 2.318042 3.757715
v 4.676150 2.312227 3.675277
v 4.645737 2.317444 3.671385
v 4.682993 2.299747 3.676290
v 4.643839 2.306476 3.671575
v 4.676150 2.312227 3.675277
v 4.645737 2.317444 3.671385
v 4.653160 2.171767 4.710621
v 4.642516 2.108521 4.861595
v 4.660532 2.220320 4.732140
v 4.649888 2.157077 4.883111
v 4.660532 2.220320 4.732140
v 4.649888 2.157077 4.883111
v 4.653975 2.217967 4.738962
v 4.644320 2.160599 4.875912
v 4.660532 2.220320 4.732140
v 4.633282 2.222359 4.731061
v 4.653160 2.171767 4.710621
v 4.625911 2.173805 4.709545
v 4.653160 2.171767 4.710621
v 4.625911 2.173805 4.709545
v 4.646605 2.169414 4.717446
v 4.625418 2.170867 4.716557
v 4.653975 2.217967 4.738962
v 4.646605 2.169414 4.717446
v 4.632786 2.219420 4.738074
v 4.625418 2.170867 4.716557
v 4.660532 2.220320 4.732140
v 4.653975 2.217967 4.738962
v 4.633282 2.222359 4.731061
v 4.632786 2.219420 4.738074
v 4.649888 2.157077 4.883111
v 4.642516 2.108521 4.861595
v 4.622638 2.159115 4.882033
v 4.615270 2.110562 4.860517
v 4.649888 2.157077 4.883111
v 4.622638 2.159115 4.882033
v 4.644320 2.160599 4.875912
v 4.623132 2.162054 4.875021
v 4.644320 2.160599 4.875912
v 4.623132 2.162054 4.875021
v 4.636950 2.112047 4.854393
v 4.615762 2.113497 4.853505
v 4.642516 2.108521 4.861595
v 4.636950 2.112047 4.854393
v 4.615270 2.110562 4.860517
v 4.615762 2.113497 4.853505
v 4.631995 1.962032 -5.267602
v 4.632216 1.959073 -4.959808
v 4.645291 2.047321 -5.265423
v 4.645513 2.044360 -4.957625
v 4.611679 1.964641 -5.256468
v 4.623326 1.959937 -4.970933
v 4.631995 1.962032 -5.267602
v 4.632216 1.959073 -4.959808
v 4.580606 1.966302 -5.267569
v 4.611679 1.964641 -5.256468
v 4.580616 1.966167 -5.256438
v 4.645291 2.047321 -5.265423
v 4.645513 2.044360 -4.957625
v 4.636425 2.047912 -5.254285
v 4.636624 2.045226 -4.968750
v 4.645291 2.047321 -5.265423
v 4.593905 2.051591 -5.265386
v 4.631995 1.962032 -5.267602
v 4.580606 1.966302 -5.267569
v 4.636425 2.047912 -5.254285
v 4.611679 1.964641 -5.256468
v 4.593915 2.051455 -5.254255
v 4.580616 1.966167 -5.256438
v 4.645291 2.047321 -5.265423
v 4.636425 2.047912 -5.254285
v 4.593905 2.051591 -5.265386
v 4.593915 2.051455 -5.254255
v 4.645513 2.044360 -4.957625
v 4.594124 2.048630 -4.957592
v 4.636624 2.045226 -4.968750
v 4.594115 2.048769 -4.968720
v 4.636624 2.045226 -4.968750
v 4.594115 2.048769 -4.968720
v 4.623326 1.959937 -4.970933
v 4.580816 1.963481 -4.970903
v 4.632216 1.959073 -4.959808
v 4.623326 1.959937 -4.970933
v 4.580827 1.963341 -4.959774
v 4.580816 1.963481 -4.970903
v 4.666339 2.156737 3.773652
v 4.666558 2.153779 4.070920
v 4.679636 2.242027 3.775835
v 4.679855 2.239065 4.073102
v 4.646023 2.159347 3.784790
v 4.657669 2.154644 4.059794
v 4.666339 2.156737 3.773652
v 4.614950 2.161008 3.773687
v 4.666558 2.153779 4.070920
v 4.646023 2.159347 3.784790
v 4.614958 2.160872 3.784820
v 4.679636 2.242027 3.775835
v 4.679855 2.239065 4.073102
v 4.670767 2.242619 3.786972
v 4.670968 2.239932 4.061978
v 4.679636 2.242027 3.775835
v 4.628247 2.246297 3.775870
v 4.666339 2.156737 3.773652
v 4.614950 2.161008 3.773687
v 4.679636 2.242027 3.775835
v 4.670767 2.242619 3.786972
v 4.628247 2.246297 3.775870
v 4.628259 2.246161 3.787002
v 4.679855 2.239065 4.073102
v 4.628469 2.243337 4.073140
v 4.670968 2.239932 4.061978
v 4.628458 2.243475 4.062006
v 4.670968 2.239932 4.061978
v 4.628458 2.243475 4.062006
v 4.657669 2.154644 4.059794
v 4.615160 2.158186 4.059824
v 4.666558 2.153779 4.070920
v 4.657669 2.154644 4.059794
v 4.615172 2.158050 4.070953
v 4.615160 2.158186 4.059824
v 4.652212 2.028939 -6.600380
v 4.631898 1.910843 -6.714150
v 4.643832 1.988226 -6.557765
v 4.623522 1.870129 -6.671538
v 4.643832 1.988226 -6.557765
v 4.623522 1.870129 -6.671538
v 4.636933 1.984181 -6.563468
v 4.618509 1.877054 -6.666674
v 4.652212 2.028939 -6.600380
v 4.592672 2.041665 -6.602781
v 4.645312 2.024893 -6.606083
v 4.591729 2.036180 -6.608066
v 4.643832 1.988226 -6.557765
v 4.636933 1.984181 -6.563468
v 4.584292 2.000952 -6.560168
v 4.583349 1.995467 -6.565454
v 4.623522 1.870129 -6.671538
v 4.631898 1.910843 -6.714150
v 4.563980 1.882854 -6.673941
v 4.554781 1.926668 -6.716554
v 4.623522 1.870129 -6.671538
v 4.563980 1.882854 -6.673941
v 4.618509 1.877054 -6.666674
v 4.564924 1.888338 -6.668653
v 4.631898 1.910843 -6.714150
v 4.626888 1.917766 -6.709285
v 4.554781 1.926668 -6.716554
v 4.555722 1.932152 -6.711268
v 4.619452 2.179665 3.648607
v 4.665286 2.211667 3.651740
v 4.626778 2.221130 3.159315
v 4.626778 2.221130 3.159315
v 4.587306 2.225399 3.651735
v 4.594517 2.266179 3.161197
v 4.614038 2.259718 3.109397
v 4.630103 2.236793 3.111030
v 4.672470 2.252449 3.161202
v 4.630103 2.236793 3.111030
v 4.653031 2.252850 3.109400
v 4.633144 2.257408 3.654870
v 4.672470 2.252449 3.161202
v 4.640509 2.299110 3.163090
v 4.653031 2.252850 3.109400
v 4.636964 2.275766 3.107767
v 4.640509 2.299110 3.163090
v 4.633144 2.257408 3.654870
v 4.594517 2.266179 3.161197
v 4.636964 2.275766 3.107767
v 4.594517 2.266179 3.161197
v 4.614038 2.259718 3.109397
v 4.587306 2.225399 3.651735
v 4.667299 2.359680 2.190147
v 4.683361 2.336744 2.189542
v 4.636964 2.275766 3.107767
v 4.644367 2.343609 2.189542
v 4.636964 2.275766 3.107767
v 4.693108 2.392045 1.371832
v 4.677049 2.414985 1.372435
v 4.654117 2.398913 1.371832
v 4.670394 2.377242 0.390067
v 4.647461 2.361170 0.389462
v 4.671792 2.385189 -0.408738
v 4.648860 2.369115 -0.409343
v 4.654465 2.400901 -1.066943
v 4.673893 2.397106 -2.143518
v 4.650959 2.381035 -2.144120
v 4.677396 2.416972 -1.066340
v 4.693457 2.394033 -1.066943
v 4.687852 2.362248 -0.409343
v 4.670524 2.377961 -1.067533
v 4.689954 2.374169 -2.144120
v 4.667020 2.358097 -2.144710
v 4.678794 2.424920 -3.402240
v 4.694856 2.401979 -3.402843
v 4.671924 2.385908 -3.403433
v 4.658478 2.309700 -4.273665
v 4.674537 2.286760 -4.274269
v 4.651605 2.270688 -4.274858
v 4.639211 2.200440 -5.356894
v 4.655272 2.177500 -5.357495
v 4.632340 2.161428 -5.358087
v 4.616278 2.184368 -5.357495
v 4.635544 2.293628 -4.274269
v 4.655863 2.408848 -3.402843
v 4.650959 2.381035 -2.144120
v 4.654465 2.400901 -1.066943
v 4.648860 2.369115 -0.409343
v 4.664920 2.346178 -0.409933
v 4.663522 2.338231 0.388872
v 4.647461 2.361170 0.389462
v 4.654117 2.398913 1.371832
v 4.670177 2.375976 1.371242
v 4.644367 2.343609 2.189542
v 4.686453 2.354302 0.389462
v 4.660429 2.320670 2.188955
v 4.653031 2.252850 3.109400
v 4.630103 2.236793 3.111030
v 4.614038 2.259718 3.109397
v 4.635544 2.293628 -4.274269
v 4.616278 2.184368 -5.357495
v 4.655863 2.408848 -3.402843
v 4.614038 2.259718 3.109397
v 4.639211 2.200440 -5.356894
v 4.668245 2.101924 -5.798014
v 4.655272 2.177500 -5.357495
v 4.616278 2.184368 -5.357495
v 4.645522 2.087037 -5.791188
v 4.618551 1.934074 -6.224884
v 4.641273 1.948961 -6.231709
v 4.626248 1.886834 -6.501651
v 4.605361 1.956972 -6.629460
v 4.583331 1.946026 -6.642859
v 4.649181 1.902906 -6.502216
v 4.657542 1.927204 -6.224885
v 4.665241 1.879966 -6.501651
v 4.622323 1.939156 -6.642853
v 4.600293 1.928202 -6.656241
v 4.634767 2.061228 -6.672970
v 4.615855 2.067955 -6.692505
v 4.642309 1.863894 -6.501073
v 4.634820 1.912323 -6.218053
v 4.626248 1.886834 -6.501651
v 4.583331 1.946026 -6.642859
v 4.618551 1.934074 -6.224884
v 4.645522 2.087037 -5.791188
v 4.632340 2.161428 -5.358087
v 4.661791 2.065285 -5.784359
v 4.616278 2.184368 -5.357495
v 4.684514 2.080169 -5.791193
v 4.595776 2.068105 -6.672978
v 4.643451 2.224456 -6.623114
v 4.621931 2.216436 -6.607079
v 4.665008 2.346711 -6.426814
v 4.642528 2.333247 -6.416918
v 4.682378 2.445223 -6.035453
v 4.659528 2.429662 -6.030951
v 4.685599 2.463492 -5.748210
v 4.662663 2.447428 -5.748840
v 4.681568 2.440617 -4.691462
v 4.658630 2.424556 -4.692091
v 4.663325 2.451165 -3.394575
v 4.682768 2.447407 -1.910775
v 4.659833 2.431345 -1.911403
v 4.686262 2.467226 -3.393945
v 4.702315 2.444282 -3.394575
v 4.698822 2.424463 -1.911403
v 4.675885 2.408400 -1.912043
v 4.678331 2.422273 -0.958145
v 4.701269 2.438336 -0.957505
v 4.685216 2.461280 -0.956878
v 4.672874 2.391308 0.208425
v 4.695810 2.407371 0.209065
v 4.679759 2.430315 0.209692
v 4.662280 2.445219 -0.957505
v 4.656822 2.414253 0.209065
v 4.656822 2.414253 0.209065
v 4.662280 2.445219 -0.957505
v 4.659833 2.431345 -1.911403
v 4.663325 2.451165 -3.394575
v 4.658630 2.424556 -4.692091
v 4.679376 2.428219 -3.395215
v 4.674683 2.401613 -4.692730
v 4.697620 2.417673 -4.692091
v 4.701653 2.440546 -5.748840
v 4.678716 2.424484 -5.749482
v 4.698518 2.422779 -6.030951
v 4.675671 2.407216 -6.026458
v 4.659038 2.312896 -6.407029
v 4.659528 2.429662 -6.030951
v 4.662663 2.447428 -5.748840
v 4.642528 2.333247 -6.416918
v 4.621931 2.216436 -6.607079
v 4.639400 2.201527 -6.591046
v 4.614686 2.061364 -6.653445
v 4.660921 2.209556 -6.607073
v 4.681518 2.326365 -6.416914
v 4.595776 2.068105 -6.672978
v 4.672874 2.391308 0.208425
v 4.677377 2.416847 1.375015
v 4.695810 2.407371 0.209065
v 4.656822 2.414253 0.209065
v 4.661325 2.439790 1.375657
v 4.652360 2.388942 2.919972
v 4.668413 2.365996 2.919332
v 4.671642 2.384298 3.762577
v 4.655587 2.407243 3.763217
v 4.650749 2.379788 3.944410
v 4.612428 2.162458 4.501926
v 4.666926 2.357554 3.939075
v 4.694581 2.400360 3.763217
v 4.689739 2.372905 3.944407
v 4.651418 2.155575 4.501925
v 4.628605 2.140223 4.496589
v 4.645839 2.123931 4.699317
v 4.622942 2.108112 4.702492
v 4.606848 2.130813 4.699317
v 4.629511 2.145364 4.777582
v 4.612695 2.163970 4.765110
v 4.644293 2.229194 4.819993
v 4.625183 2.234795 4.800300
v 4.663622 2.338814 4.771222
v 4.641656 2.328219 4.757450
v 4.655207 2.405068 4.633506
v 4.677944 2.420039 4.640090
v 4.685118 2.460727 4.438107
v 4.662381 2.445756 4.431523
v 4.686896 2.470812 3.643552
v 4.663972 2.454797 3.641960
v 4.691676 2.497938 1.354425
v 4.668753 2.481920 1.352832
v 4.707744 2.475051 1.352832
v 4.702968 2.447925 3.641960
v 4.701374 2.438888 4.431527
v 4.678635 2.423911 4.424953
v 4.680043 2.431908 3.640380
v 4.663972 2.454797 3.641960
v 4.684823 2.459034 1.351250
v 4.668753 2.481920 1.352832
v 4.662381 2.445756 4.431523
v 4.671461 2.383223 4.626936
v 4.655207 2.405068 4.633506
v 4.641656 2.328219 4.757450
v 4.658680 2.310742 4.743691
v 4.645061 2.233506 4.780607
v 4.625183 2.234795 4.800300
v 4.634866 2.175685 4.752635
v 4.612695 2.163970 4.765110
v 4.629743 2.146633 4.696128
v 4.606848 2.130813 4.699317
v 4.612428 2.162458 4.501926
v 4.650749 2.379788 3.944410
v 4.635241 2.177812 4.507248
v 4.673560 2.395143 3.949732
v 4.678526 2.423305 3.763845
v 4.655587 2.407243 3.763217
v 4.675299 2.405003 2.920602
v 4.652360 2.388942 2.919972
v 4.661325 2.439790 1.375657
v 4.679759 2.430315 0.209692
v 4.684262 2.455853 1.376285
v 4.656822 2.414253 0.209065
v 4.700314 2.432908 1.375655
v 4.691350 2.382059 2.919972
v 4.651685 2.157087 4.765114
v 4.664174 2.227917 4.800303
v 4.680649 2.321349 4.757453
v 4.694200 2.398201 4.633510
v 4.691676 2.497938 1.354425
v 4.689284 2.484375 0.523545
v 4.707744 2.475051 1.352832
v 4.668753 2.481920 1.352832
v 4.666361 2.468356 0.521950
v 4.690344 2.490402 -0.440460
v 4.667422 2.474384 -0.442055
v 4.693001 2.505473 -1.038755
v 4.670079 2.489455 -1.040350
v 4.691141 2.494922 -2.168020
v 4.668217 2.478907 -2.169613
v 4.694061 2.511499 -3.418165
v 4.671139 2.495481 -3.419758
v 4.692996 2.505473 -4.498464
v 4.670074 2.489455 -4.500055
v 4.694590 2.514513 -5.757792
v 4.671667 2.498494 -5.759384
v 4.670868 2.493975 -6.021040
v 4.693793 2.509992 -6.019448
v 4.710660 2.491626 -5.759380
v 4.709861 2.487107 -6.021040
v 4.684779 2.458882 -6.276405
v 4.701092 2.437376 -6.268929
v 4.662099 2.444244 -6.268927
v 4.684086 2.340932 -6.522935
v 4.667773 2.362439 -6.530414
v 4.645094 2.347803 -6.522933
v 4.640590 2.208272 -6.710257
v 4.619054 2.200123 -6.694308
v 4.613023 2.051934 -6.743890
v 4.593014 2.052441 -6.724297
v 4.585885 1.915740 -6.691793
v 4.568408 1.930614 -6.675735
v 4.583989 1.874404 -6.593511
v 4.567936 1.897348 -6.592902
v 4.594373 1.937848 -6.272001
v 4.578319 1.960778 -6.272985
v 4.605585 1.989304 -5.895997
v 4.589507 2.012138 -5.897954
v 4.617309 1.953896 -6.272984
v 4.628499 2.005266 -5.897954
v 4.612421 2.028095 -5.899917
v 4.601251 1.976824 -6.273982
v 4.578319 1.960778 -6.272985
v 4.589507 2.012138 -5.897954
v 4.590874 1.913411 -6.592300
v 4.589925 1.938616 -6.659688
v 4.606926 1.890468 -6.592902
v 4.567936 1.897348 -6.592902
v 4.568408 1.930614 -6.675735
v 4.611999 2.046085 -6.704709
v 4.593014 2.052441 -6.724297
v 4.636513 2.185111 -6.678360
v 4.619054 2.200123 -6.694308
v 4.661408 2.326301 -6.515447
v 4.645094 2.347803 -6.522933
v 4.662099 2.444244 -6.268927
v 4.686939 2.471089 -6.022622
v 4.670868 2.493975 -6.021040
v 4.678414 2.422743 -6.261438
v 4.687736 2.475610 -5.760963
v 4.671667 2.498494 -5.759384
v 4.670074 2.489455 -4.500055
v 4.686144 2.466568 -4.501637
v 4.687209 2.472596 -3.421338
v 4.709066 2.482586 -4.500055
v 4.710132 2.488614 -3.419758
v 4.707211 2.472037 -2.169610
v 4.684286 2.456018 -2.171193
v 4.686148 2.466568 -1.041930
v 4.668217 2.478907 -2.169613
v 4.671139 2.495481 -3.419758
v 4.670079 2.489455 -1.040350
v 4.683491 2.451498 -0.443635
v 4.667422 2.474384 -0.442055
v 4.682431 2.445472 0.520370
v 4.666361 2.468356 0.521950
v 4.684823 2.459034 1.351250
v 4.668753 2.481920 1.352832
v 4.705353 2.461488 0.521952
v 4.706414 2.467517 -0.442053
v 4.709071 2.482587 -1.040348
v 4.658046 2.193250 -6.694314
v 4.632005 2.045566 -6.724303
v 4.607401 1.923735 -6.675740
v 4.599659 1.968187 -5.413003
v 4.645517 2.000307 -5.413136
v 4.609384 1.974819 -5.848695
v 4.655083 2.006160 -5.850010
v 4.605585 1.989304 -5.895997
v 4.628499 2.005266 -5.897954
v 4.645517 2.000307 -5.413136
v 4.613392 2.046172 -5.413270
v 4.655083 2.006160 -5.850010
v 4.623126 2.052839 -5.851460
v 4.628499 2.005266 -5.897954
v 4.612421 2.028095 -5.899917
v 4.623126 2.052839 -5.851460
v 4.613392 2.046172 -5.413270
v 4.577130 2.019890 -5.850013
v 4.612421 2.028095 -5.899917
v 4.577130 2.019890 -5.850013
v 4.589507 2.012138 -5.897954
v 4.567534 2.014042 -5.413138
v 4.577130 2.019890 -5.850013
v 4.567534 2.014042 -5.413138
v 4.609384 1.974819 -5.848695
v 4.589507 2.012138 -5.897954
v 4.605585 1.989304 -5.895997
v 4.599659 1.968187 -5.413003
v 4.457762 2.717319 2.108187
v 4.471550 2.795516 2.108187
v 4.193021 2.764000 2.510055
v 4.206809 2.842197 2.510055
v 4.193021 2.764000 2.510055
v 4.219093 2.759403 2.699785
v 4.232879 2.837600 2.699785
v 4.447580 2.820655 2.248212
v 4.206809 2.842197 2.510055
v 4.556605 2.780518 2.660075
v 4.504474 2.810623 2.636182
v 4.398005 2.808484 2.781415
v 4.384216 2.730287 2.781412
v 4.542820 2.702321 2.660075
v 4.556605 2.780518 2.660075
v 4.396130 2.829729 2.733177
v 4.232879 2.837600 2.699785
v 4.219093 2.759403 2.699785
v 4.384216 2.730287 2.781412
v 4.398005 2.808484 2.781415
v 4.272423 2.851542 2.663882
v 4.258902 2.853926 2.530862
v 4.383682 2.790990 2.684940
v 4.504474 2.810623 2.636182
v 4.272423 2.851542 2.663882
v 4.383682 2.790990 2.684940
v 4.301388 2.805501 2.627977
v 4.291826 2.807187 2.547985
v 4.258902 2.853926 2.530862
v 4.419038 2.784756 2.357720
v 4.448610 2.779542 2.615225
v 4.419038 2.784756 2.357720
v 4.542820 2.702321 2.660075
v 4.556605 2.780518 2.660075
v 4.457762 2.717319 2.108187
v 4.471550 2.795516 2.108187
v -2.439120 3.933425 2.406647
v -2.174379 3.886744 2.808512
v -2.425332 4.011622 2.406647
v -2.160591 3.964941 2.808512
v -2.394211 4.027047 2.546672
v -2.160591 3.964941 2.808512
v -2.510388 4.026620 2.958532
v -2.451103 4.037079 2.934640
v -2.351784 3.998653 3.079872
v -2.186662 3.969538 2.998242
v -2.365572 3.920457 3.079872
v -2.524178 3.948423 2.958532
v -2.510388 4.026620 2.958532
v -2.342759 4.017977 3.031635
v -2.451103 4.037079 2.934640
v -2.344310 3.977317 2.983400
v -2.344310 3.977317 2.983400
v -2.219053 3.996164 2.962340
v -2.219053 3.996164 2.962340
v -2.205531 3.993780 2.829320
v -2.252455 3.961120 2.846442
v -2.379668 3.983551 2.656180
v -2.262018 3.962806 2.926435
v -2.205531 3.993780 2.829320
v -2.409238 3.988765 2.913682
v -2.379668 3.983551 2.656180
v -2.200452 3.891342 2.998242
v -2.365572 3.920457 3.079872
v -2.351784 3.998653 3.079872
v -2.174379 3.886744 2.808512
v -2.200452 3.891342 2.998242
v -2.186662 3.969538 2.998242
v -2.524178 3.948423 2.958532
v -2.439120 3.933425 2.406647
v -2.510388 4.026620 2.958532
v -2.425332 4.011622 2.406647
v -2.917520 4.017780 2.108197
v -2.652779 3.971099 2.510062
v -2.903732 4.095977 2.108197
v -2.638991 4.049298 2.510062
v -2.872611 4.111402 2.248222
v -2.638991 4.049298 2.510062
v -2.988790 4.110975 2.660082
v -2.929506 4.121434 2.636192
v -2.830187 4.083009 2.781422
v -2.843975 4.004812 2.781422
v -3.002578 4.032778 2.660082
v -2.988790 4.110975 2.660082
v -2.821159 4.102332 2.733187
v -2.665064 4.053893 2.699795
v -2.678852 3.975697 2.699795
v -2.843975 4.004812 2.781422
v -2.830187 4.083009 2.781422
v -2.697453 4.080519 2.663890
v -2.683931 4.078133 2.530870
v -2.730853 4.045469 2.547992
v -2.858066 4.067900 2.357727
v -2.740420 4.047162 2.627987
v -2.683931 4.078133 2.530870
v -2.697453 4.080519 2.663890
v -2.822710 4.061671 2.684950
v -2.929506 4.121434 2.636192
v -2.822710 4.061671 2.684950
v -2.887639 4.073120 2.615235
v -2.858066 4.067900 2.357727
v -2.652779 3.971099 2.510062
v -2.678852 3.975697 2.699795
v -2.665064 4.053893 2.699795
v -3.002578 4.032778 2.660082
v -2.917520 4.017780 2.108197
v -2.988790 4.110975 2.660082
v -2.903732 4.095977 2.108197
v 1.734545 5.943497 -1.514509
v 1.780355 5.935419 -1.494504
v 1.662418 5.956214 -1.224562
v 1.886813 5.916648 -1.758494
v 2.102732 5.878575 -1.942467
v 2.128531 5.874026 -1.899179
v 1.924317 5.910035 -1.725179
v 2.377247 5.830171 -2.003083
v 2.365802 5.832189 -2.052368
v 1.712106 5.947453 -1.220149
v 1.683866 5.952433 -0.926304
v 1.732403 5.943874 -0.937927
v 1.792099 5.933348 -0.659177
v 1.834730 5.925831 -0.685374
v 1.973277 5.901402 -0.439927
v 2.006086 5.895617 -0.478009
v 2.213556 5.859034 -0.285309
v 2.233257 5.855560 -0.331827
v 2.499095 5.808686 -0.212069
v 2.503443 5.807920 -0.262524
v 2.792824 5.756894 -0.233849
v 2.781378 5.758912 -0.283134
v 3.055893 5.710507 -0.343752
v 3.030093 5.715056 -0.387039
v 3.271812 5.672435 -0.527724
v 3.234308 5.679048 -0.561039
v 3.378270 5.653664 -0.791714
v 3.424080 5.645586 -0.771709
v 1.662418 5.956214 -1.224562
v 1.640519 5.832020 -1.224560
v 1.734545 5.943497 -1.514509
v 1.683866 5.952433 -0.926304
v 1.661967 5.828238 -0.926304
v 1.770200 5.809154 -0.659177
v 1.792099 5.933348 -0.659177
v 1.951379 5.777207 -0.439927
v 1.973277 5.901402 -0.439927
v 2.191657 5.734840 -0.285309
v 2.213556 5.859034 -0.285309
v 2.477196 5.684492 -0.212069
v 2.499095 5.808686 -0.212069
v 2.770925 5.632699 -0.233849
v 3.033994 5.586313 -0.343752
v 2.792824 5.756894 -0.233849
v 3.055893 5.710507 -0.343752
v 3.271812 5.672435 -0.527724
v 3.249914 5.548241 -0.527724
v 3.402182 5.521392 -0.771709
v 3.424080 5.645586 -0.771709
v 1.712646 5.819303 -1.514508
v 1.886813 5.916648 -1.758494
v 1.864914 5.792454 -1.758493
v 2.102732 5.878575 -1.942467
v 2.080833 5.754381 -1.942466
v 2.365802 5.832189 -2.052368
v 2.343903 5.707995 -2.052368
v 1.780355 5.935419 -1.494504
v 1.902418 5.785841 -1.725178
v 1.758457 5.811225 -1.494503
v 1.712106 5.947453 -1.220149
v 1.924317 5.910035 -1.725179
v 2.128531 5.874026 -1.899179
v 2.106632 5.749832 -1.899179
v 2.355349 5.705977 -2.003083
v 2.377247 5.830171 -2.003083
v 1.690208 5.823259 -1.220148
v 1.732403 5.943874 -0.937927
v 1.710505 5.819680 -0.937927
v 1.834730 5.925831 -0.685374
v 1.812831 5.801637 -0.685374
v 2.006086 5.895617 -0.478009
v 1.984187 5.771422 -0.478009
v 2.233257 5.855560 -0.331827
v 2.211358 5.731366 -0.331827
v 2.503443 5.807920 -0.262524
v 2.481544 5.683725 -0.262524
v 2.781378 5.758912 -0.283134
v 2.759479 5.634717 -0.283134
v 3.030093 5.715056 -0.387039
v 3.008194 5.590862 -0.387039
v 3.234308 5.679048 -0.561039
v 3.212409 5.554854 -0.561039
v 3.378270 5.653664 -0.791714
v 3.356371 5.529469 -0.791714
v 3.378270 5.653664 -0.791714
v 3.356371 5.529469 -0.791714
v 3.424080 5.645586 -0.771709
v 3.402182 5.521392 -0.771709
v 2.365802 5.832189 -2.052368
v 2.343903 5.707995 -2.052368
v 2.377247 5.830171 -2.003083
v 2.355349 5.705977 -2.003083
v 1.690208 5.823259 -1.220148
v 1.758457 5.811225 -1.494503
v 1.640519 5.832020 -1.224560
v 1.661967 5.828238 -0.926304
v 1.710505 5.819680 -0.937927
v 1.770200 5.809154 -0.659177
v 1.812831 5.801637 -0.685374
v 1.984187 5.771422 -0.478009
v 2.211358 5.731366 -0.331827
v 1.951379 5.777207 -0.439927
v 2.191657 5.734840 -0.285309
v 2.477196 5.684492 -0.212069
v 2.481544 5.683725 -0.262524
v 2.770925 5.632699 -0.233849
v 2.759479 5.634717 -0.283134
v 3.033994 5.586313 -0.343752
v 3.008194 5.590862 -0.387039
v 3.249914 5.548241 -0.527724
v 3.212409 5.554854 -0.561039
v 3.356371 5.529469 -0.791714
v 3.402182 5.521392 -0.771709
v 1.712646 5.819303 -1.514508
v 1.864914 5.792454 -1.758493
v 1.902418 5.785841 -1.725178
v 2.106632 5.749832 -1.899179
v 2.080833 5.754381 -1.942466
v 2.355349 5.705977 -2.003083
v 2.343903 5.707995 -2.052368
v 2.537863 5.755595 -0.849839
v 2.424826 5.775526 -0.892104
v 2.658221 5.734372 -0.854714
v 2.371674 5.468223 -0.128739
v 1.995406 5.534569 -0.269432
v 1.700804 5.586515 -0.545624
v 2.336324 5.791131 -0.975077
v 2.285828 5.800035 -1.086123
v 1.532714 5.616155 -0.915274
v 1.700804 5.586515 -0.545624
v 1.516727 5.618973 -1.322101
v 2.281025 5.800882 -1.208338
v 1.655281 5.594543 -1.704173
v 2.322648 5.793543 -1.323118
v 2.747118 5.718697 -1.426873
v 2.513720 5.759851 -1.464263
v 2.404359 5.779135 -1.412987
v 1.927280 5.546582 -2.003324
v 1.655281 5.594543 -1.704173
v 2.291313 5.482393 -2.174006
v 1.927280 5.546582 -2.003324
v 2.634081 5.738628 -1.469139
v 2.691960 5.411748 -2.190235
v 2.291313 5.482393 -2.174006
v 3.068228 5.345402 -2.049546
v 2.691960 5.411748 -2.190235
v 2.886115 5.694188 -1.232854
v 2.835619 5.703092 -1.343900
v 3.362831 5.293455 -1.773350
v 3.068228 5.345402 -2.049546
v 2.849293 5.700681 -0.995859
v 2.767584 5.715088 -0.905989
v 2.890918 5.693341 -1.110636
v 3.408354 5.285429 -0.614802
v 3.408354 5.285429 -0.614802
v 3.136355 5.333389 -0.315654
v 2.772321 5.397578 -0.144972
v 3.546906 5.260998 -0.996874
v 3.530920 5.263817 -1.403703
v 3.362831 5.293455 -1.773350
v 2.371674 5.468223 -0.128739
v 2.772321 5.397578 -0.144972
v 2.314144 5.208436 -0.055568
v 1.995406 5.534569 -0.269432
v 1.911165 5.279492 -0.206245
v 1.595650 5.335126 -0.502046
v 1.415627 5.366869 -0.897936
v 1.700804 5.586515 -0.545624
v 1.532714 5.616155 -0.915274
v 1.516727 5.618973 -1.322101
v 1.398508 5.369887 -1.333645
v 1.546897 5.343722 -1.742841
v 1.838203 5.292357 -2.063223
v 1.655281 5.594543 -1.704173
v 1.927280 5.546582 -2.003324
v 2.228078 5.223612 -2.246023
v 2.291313 5.482393 -2.174006
v 2.743234 5.132776 -0.072950
v 3.136355 5.333389 -0.315654
v 3.133109 5.064031 -0.255752
v 3.424416 5.012665 -0.576135
v 3.408354 5.285429 -0.614802
v 3.546906 5.260998 -0.996874
v 3.572804 4.986500 -0.985330
v 3.530920 5.263817 -1.403703
v 3.555685 4.989519 -1.421039
v 3.362831 5.293455 -1.773350
v 3.375665 5.021261 -1.816929
v 3.068228 5.345402 -2.049546
v 3.060145 5.076896 -2.112729
v 2.691960 5.411748 -2.190235
v 2.657167 5.147952 -2.263408
v 2.291313 5.482393 -2.174006
v 2.228078 5.223612 -2.246023
v 3.253494 5.556176 -0.837252
v 3.265811 5.529297 -0.854857
v 3.451941 5.521184 -0.644954
v 3.018718 5.597574 -0.587432
v 3.464261 5.494305 -0.662557
v 2.997948 5.576529 -0.569829
v 3.217166 5.562582 -0.395134
v 3.196398 5.541537 -0.377532
v 3.159575 5.332704 -0.377531
v 2.961125 5.367696 -0.569829
v 3.228988 5.320464 -0.854854
v 3.265811 5.529297 -0.854857
v 2.961125 5.367696 -0.569829
v 3.253494 5.556176 -0.837252
v 3.018718 5.597574 -0.587432
v 2.997948 5.576529 -0.569829
v 3.159575 5.332704 -0.377531
v 3.196398 5.541537 -0.377532
v 3.427438 5.285472 -0.662557
v 3.217166 5.562582 -0.395134
v 3.451941 5.521184 -0.644954
v 3.464261 5.494305 -0.662557
v 3.427438 5.285472 -0.662557
v 3.464261 5.494305 -0.662557
v 3.228988 5.320464 -0.854854
v 3.265811 5.529297 -0.854857
v 2.761122 5.642995 -0.470167
v 2.755277 5.644025 -0.191692
v 2.421129 5.702945 -0.477527
v 2.775010 5.615839 -0.191172
v 2.780854 5.614809 -0.469649
v 2.415285 5.703975 -0.199049
v 2.392946 5.683207 -0.478047
v 2.356123 5.474374 -0.478047
v 2.350278 5.475404 -0.199569
v 2.387101 5.684237 -0.199569
v 2.744031 5.405975 -0.469649
v 2.780854 5.614809 -0.469649
v 2.356123 5.474374 -0.478047
v 2.761122 5.642995 -0.470167
v 2.421129 5.702945 -0.477527
v 2.392946 5.683207 -0.478047
v 2.350278 5.475404 -0.199569
v 2.387101 5.684237 -0.199569
v 2.738187 5.407006 -0.191171
v 2.415285 5.703975 -0.199049
v 2.755277 5.644025 -0.191692
v 2.775010 5.615839 -0.191172
v 2.738187 5.407006 -0.191171
v 2.744031 5.405975 -0.469649
v 2.775010 5.615839 -0.191172
v 2.780854 5.614809 -0.469649
v 2.142984 5.751989 -0.600872
v 1.936495 5.788399 -0.417512
v 1.919121 5.791462 -0.860814
v 1.948044 5.761655 -0.399194
v 2.154536 5.725245 -0.582557
v 1.712631 5.827872 -0.677454
v 1.899121 5.770282 -0.879132
v 1.862298 5.561449 -0.879132
v 1.655810 5.597858 -0.695772
v 1.692632 5.806691 -0.695772
v 2.117713 5.516412 -0.582557
v 2.154536 5.725245 -0.582557
v 1.862298 5.561449 -0.879132
v 2.142984 5.751989 -0.600872
v 1.919121 5.791462 -0.860814
v 1.899121 5.770282 -0.879132
v 1.655810 5.597858 -0.695772
v 1.692632 5.806691 -0.695772
v 1.911221 5.552822 -0.399193
v 1.712631 5.827872 -0.677454
v 1.936495 5.788399 -0.417512
v 1.948044 5.761655 -0.399194
v 1.911221 5.552822 -0.399193
v 1.948044 5.761655 -0.399194
v 2.117713 5.516412 -0.582557
v 2.154536 5.725245 -0.582557
v 3.215763 5.562829 -1.478338
v 3.484025 5.515528 -1.536500
v 3.286776 5.550308 -1.140633
v 3.474795 5.492448 -1.560298
v 3.206532 5.539750 -1.502136
v 3.287553 5.525464 -1.116838
v 3.555037 5.503006 -1.198798
v 3.555815 5.478162 -1.175000
v 3.518992 5.269329 -1.175004
v 3.250731 5.316630 -1.116838
v 3.169709 5.330916 -1.502133
v 3.206532 5.539750 -1.502136
v 3.250731 5.316630 -1.116838
v 3.215763 5.562829 -1.478338
v 3.286776 5.550308 -1.140633
v 3.287553 5.525464 -1.116838
v 3.518992 5.269329 -1.175004
v 3.555815 5.478162 -1.175000
v 3.437972 5.283615 -1.560298
v 3.555037 5.503006 -1.198798
v 3.484025 5.515528 -1.536500
v 3.474795 5.492448 -1.560298
v 3.437972 5.283615 -1.560298
v 3.474795 5.492448 -1.560298
v 3.169709 5.330916 -1.502133
v 3.206532 5.539750 -1.502136
v 2.719297 5.650370 -1.854730
v 2.835093 5.629951 -2.107239
v 2.809143 5.609820 -2.117512
v 2.693349 5.630238 -1.865003
v 3.027581 5.596011 -1.708961
v 3.045081 5.568218 -1.698691
v 3.143377 5.575593 -1.961468
v 3.160874 5.547801 -1.951195
v 3.124052 5.338967 -1.951195
v 3.008258 5.359385 -1.698691
v 2.656526 5.421405 -1.865003
v 2.693349 5.630238 -1.865003
v 3.008258 5.359385 -1.698691
v 2.719297 5.650370 -1.854730
v 3.027581 5.596011 -1.708961
v 3.045081 5.568218 -1.698691
v 3.124052 5.338967 -1.951195
v 3.160874 5.547801 -1.951195
v 2.772320 5.400987 -2.117508
v 2.809143 5.609820 -2.117512
v 3.143377 5.575593 -1.961468
v 2.835093 5.629951 -2.107239
v 2.772320 5.400987 -2.117508
v 2.809143 5.609820 -2.117512
v 2.656526 5.421405 -1.865003
v 2.693349 5.630238 -1.865003
v 2.127770 5.754672 -1.711239
v 2.102157 5.734481 -1.700261
v 2.004039 5.776489 -1.959834
v 2.431278 5.701155 -1.866998
v 1.978426 5.756298 -1.948856
v 2.307546 5.722972 -2.115593
v 2.448440 5.673422 -1.877973
v 2.411617 5.464589 -1.877973
v 2.287886 5.486406 -2.126569
v 2.324709 5.695239 -2.126569
v 2.065334 5.525648 -1.700261
v 2.102157 5.734481 -1.700261
v 2.411617 5.464589 -1.877973
v 2.127770 5.754672 -1.711239
v 2.431278 5.701155 -1.866998
v 2.448440 5.673422 -1.877973
v 2.287886 5.486406 -2.126569
v 2.324709 5.695239 -2.126569
v 1.941603 5.547465 -1.948856
v 2.307546 5.722972 -2.115593
v 2.004039 5.776489 -1.959834
v 1.978426 5.756298 -1.948856
v 1.941603 5.547465 -1.948856
v 1.978426 5.756298 -1.948856
v 2.065334 5.525648 -1.700261
v 2.102157 5.734481 -1.700261
v 1.857152 5.802389 -1.156243
v 1.591603 5.849213 -1.226080
v 1.942416 5.787354 -1.490528
v 1.581371 5.826310 -1.202525
v 1.846916 5.779487 -1.132689
v 1.676871 5.834177 -1.560365
v 1.944199 5.762333 -1.514084
v 1.907376 5.553500 -1.514084
v 1.641829 5.600323 -1.583923
v 1.678652 5.809156 -1.583923
v 1.810093 5.570653 -1.132689
v 1.846916 5.779487 -1.132689
v 1.907376 5.553500 -1.514084
v 1.857152 5.802389 -1.156243
v 1.942416 5.787354 -1.490528
v 1.944199 5.762333 -1.514084
v 1.641829 5.600323 -1.583923
v 1.678652 5.809156 -1.583923
v 1.544548 5.617476 -1.202525
v 1.676871 5.834177 -1.560365
v 1.591603 5.849213 -1.226080
v 1.581371 5.826310 -1.202525
v 1.544548 5.617476 -1.202525
v 1.581371 5.826310 -1.202525
v 1.810093 5.570653 -1.132689
v 1.846916 5.779487 -1.132689
v 1.540848 5.292918 -0.435983
v 1.527317 5.613968 -0.385799
v 1.303568 5.334757 -0.611033
v 1.332082 5.648394 -0.529832
v 1.010278 5.386472 -0.611033
v 1.090757 5.690946 -0.529832
v 0.773001 5.428310 -0.435983
v 0.895523 5.725370 -0.385797
v 0.682371 5.444291 -0.152743
v 0.820949 5.738520 -0.152744
v 0.773003 5.428310 0.130497
v 0.895523 5.725370 0.080308
v 0.773003 5.428310 0.130497
v 0.895523 5.725370 0.080308
v 1.010280 5.386472 0.305547
v 1.090759 5.690945 0.224343
v 1.303571 5.334756 0.305547
v 1.332082 5.648394 0.224343
v 1.540848 5.292918 0.130495
v 1.527317 5.613968 0.080308
v 1.631480 5.276937 -0.152743
v 1.601890 5.600819 -0.152744
v 1.540848 5.292918 -0.435983
v 1.527317 5.613968 -0.385799
v 1.332082 5.648394 -0.529832
v 1.527317 5.613968 -0.385799
v 1.090757 5.690946 -0.529832
v 0.895523 5.725370 -0.385797
v 1.601890 5.600819 -0.152744
v 0.820949 5.738520 -0.152744
v 1.527317 5.613968 0.080308
v 0.895523 5.725370 0.080308
v 1.332082 5.648394 0.224343
v 1.090759 5.690945 0.224343
v -0.154136 5.553914 1.156265
v -0.116532 5.767194 1.156265
v -0.248311 5.570518 0.814182
v -0.210704 5.783799 0.814182
v -0.146130 5.797799 1.156357
v -0.230983 5.812761 0.814275
v -0.679418 5.891832 0.815889
v -0.764313 5.906801 1.157972
v -0.708377 5.871552 0.815984
v -0.802596 5.888165 1.158067
v -0.840203 5.674886 1.158067
v -0.745986 5.658271 0.815984
v -0.679418 5.891832 0.815889
v -0.708377 5.871552 0.815984
v -0.248311 5.570518 0.814182
v -0.230983 5.812761 0.814275
v -0.210704 5.783799 0.814182
v -0.745986 5.658271 0.815984
v -0.764313 5.906801 1.157972
v -0.146130 5.797799 1.156357
v -0.802596 5.888165 1.158067
v -0.116532 5.767194 1.156265
v -0.840203 5.674886 1.158067
v -0.154136 5.553914 1.156265
v -0.138803 5.720614 0.008070
v 0.038658 5.689323 -0.066640
v -0.116942 5.649264 0.073222
v -0.924146 5.859091 0.008070
v 0.038658 5.689323 -0.815313
v -0.138806 5.720614 -0.890023
v -0.116944 5.649264 -0.955176
v -0.924149 5.859092 -0.890020
v -0.969096 5.799521 -0.955173
v -1.101611 5.890383 -0.815310
v -1.177948 5.836348 -0.867251
v -1.264537 5.851616 -0.655173
v -1.264537 5.851616 -0.226775
v -1.175186 5.903357 -0.635110
v -1.175186 5.903357 -0.246840
v -1.101611 5.890383 -0.066638
v -0.969093 5.799521 0.073222
v -1.177948 5.836348 -0.014700
v 0.091912 5.612437 -0.867251
v 0.178498 5.597170 -0.655175
v 0.112233 5.676350 -0.246843
v 0.178501 5.597169 -0.226778
v 0.112233 5.676350 -0.635110
v 0.091912 5.612437 -0.014703
v -0.607983 5.779176 0.244522
v -0.601136 5.818010 0.073420
v -0.901928 5.831007 0.244522
v -0.699118 5.835287 0.073420
v -0.816891 5.856053 0.073420
v -0.816894 5.856054 -0.056846
v -0.699118 5.835287 -0.056846
v -0.895081 5.869841 0.073420
v -0.601136 5.818010 0.073420
v -0.615057 5.739055 0.073420
v -0.607983 5.779176 0.244522
v -0.615057 5.739055 0.244522
v -0.699118 5.835287 0.073420
v -0.713040 5.756332 0.073420
v -0.601136 5.818010 0.073420
v -0.615057 5.739055 0.073420
v -0.895081 5.869841 0.073420
v -0.901928 5.831007 0.244522
v -0.909003 5.790885 0.073420
v -0.909003 5.790885 0.244522
v -0.607983 5.779176 0.244522
v -0.615057 5.739055 0.244522
v -0.901928 5.831007 0.244522
v -0.909003 5.790885 0.244522
v -0.895081 5.869841 0.073420
v -0.909003 5.790885 0.073420
v -0.816891 5.856053 0.073420
v -0.830813 5.777098 0.073420
v -0.699118 5.835287 -0.056846
v -0.713040 5.756332 -0.056845
v -0.699118 5.835287 0.073420
v -0.713040 5.756332 0.073420
v -0.816891 5.856053 0.073420
v -0.830813 5.777098 0.073420
v -0.816894 5.856054 -0.056846
v -0.830816 5.777099 -0.056845
v -0.816894 5.856054 -0.056846
v -0.830816 5.777099 -0.056845
v -0.699118 5.835287 -0.056846
v -0.713040 5.756332 -0.056845
v -0.135486 5.695862 0.244522
v -0.128639 5.734696 0.073420
v -0.429432 5.747693 0.244522
v -0.226623 5.751973 0.073420
v -0.344398 5.772740 0.073420
v -0.344398 5.772740 -0.056846
v -0.226623 5.751973 -0.056846
v -0.422585 5.786527 0.073420
v -0.128639 5.734696 0.073420
v -0.142560 5.655741 0.073420
v -0.135486 5.695862 0.244522
v -0.142560 5.655741 0.244522
v -0.226623 5.751973 0.073420
v -0.240545 5.673018 0.073420
v -0.128639 5.734696 0.073420
v -0.142560 5.655741 0.073420
v -0.422585 5.786527 0.073420
v -0.429432 5.747693 0.244522
v -0.436507 5.707572 0.073420
v -0.436507 5.707572 0.244522
v -0.135486 5.695862 0.244522
v -0.142560 5.655741 0.244522
v -0.429432 5.747693 0.244522
v -0.436507 5.707572 0.244522
v -0.422585 5.786527 0.073420
v -0.436507 5.707572 0.073420
v -0.344398 5.772740 0.073420
v -0.358320 5.693785 0.073420
v -0.226623 5.751973 -0.056846
v -0.240545 5.673018 -0.056845
v -0.226623 5.751973 0.073420
v -0.240545 5.673018 0.073420
v -0.344398 5.772740 0.073420
v -0.358320 5.693785 0.073420
v -0.344398 5.772740 -0.056846
v -0.358320 5.693785 -0.056845
v -0.344398 5.772740 -0.056846
v -0.358320 5.693785 -0.056845
v -0.226623 5.751973 -0.056846
v -0.240545 5.673018 -0.056845
v -0.570021 5.909004 -0.831385
v -0.585247 5.895822 -0.812635
v -0.869262 5.961769 -0.831385
v -0.859462 5.944173 -0.812635
v -0.972121 5.861822 -0.831385
v -0.944441 5.856941 -0.806385
v -0.869262 5.961769 -0.831385
v -0.944441 5.856941 -0.856385
v -0.859462 5.944173 -0.850136
v -0.570021 5.909004 -0.831385
v -0.585247 5.895822 -0.850136
v -0.535231 5.784786 -0.856385
v -0.507548 5.779905 -0.831385
v -0.570021 5.909004 -0.831385
v -0.535229 5.784786 -0.806385
v -0.507548 5.779905 -0.831385
v -0.585247 5.895822 -0.812635
v -0.600474 5.882642 -0.831385
v -0.859462 5.944173 -0.812635
v -0.535229 5.784786 -0.806385
v -0.562911 5.789667 -0.831385
v -0.849660 5.926580 -0.831385
v -0.944441 5.856941 -0.806385
v -0.916760 5.852060 -0.831385
v -0.600474 5.882642 -0.831385
v -0.585247 5.895822 -0.850136
v -0.849660 5.926580 -0.831385
v -0.562911 5.789667 -0.831385
v -0.585247 5.895822 -0.850136
v -0.535231 5.784786 -0.856385
v -0.859462 5.944173 -0.850136
v -0.859462 5.944173 -0.850136
v -0.916760 5.852060 -0.831385
v -0.944441 5.856941 -0.856385
v -0.255954 5.672078 -1.371791
v -0.238127 5.773180 -1.371791
v -0.050558 5.635861 -1.439556
v -0.032731 5.736963 -1.439556
v -0.050558 5.635861 -1.439556
v -0.032731 5.736963 -1.439556
v 0.076384 5.613478 -1.616974
v 0.094211 5.714580 -1.616974
v 0.076384 5.613478 -1.616974
v 0.094211 5.714580 -1.616974
v 0.076384 5.613478 -1.836270
v 0.094211 5.714580 -1.836270
v 0.076384 5.613478 -1.836270
v 0.094211 5.714580 -1.836270
v -0.050558 5.635861 -2.013685
v -0.032731 5.736963 -2.013685
v -0.050558 5.635861 -2.013685
v -0.032731 5.736963 -2.013685
v -0.255954 5.672078 -2.081454
v -0.238127 5.773180 -2.081454
v -0.255954 5.672078 -2.081454
v -0.238127 5.773180 -2.081454
v -0.461351 5.708295 -2.013685
v -0.443524 5.809397 -2.013685
v -0.461351 5.708295 -2.013685
v -0.443524 5.809397 -2.013685
v -0.588292 5.730678 -1.836270
v -0.570465 5.831780 -1.836270
v -0.588292 5.730678 -1.836270
v -0.570465 5.831780 -1.836270
v -0.588292 5.730678 -1.616971
v -0.570465 5.831780 -1.616971
v -0.588292 5.730678 -1.616971
v -0.570465 5.831780 -1.616971
v -0.461348 5.708294 -1.439556
v -0.443521 5.809397 -1.439556
v -0.461348 5.708294 -1.439556
v -0.443521 5.809397 -1.439556
v -0.255954 5.672078 -1.371791
v -0.238127 5.773180 -1.371791
v 0.094211 5.714580 -1.836270
v 0.094211 5.714580 -1.616974
v -0.032731 5.736963 -2.013685
v -0.032731 5.736963 -1.439556
v -0.238127 5.773180 -2.081454
v -0.238127 5.773180 -1.371791
v -0.443521 5.809397 -1.439556
v -0.570465 5.831780 -1.616971
v -0.570465 5.831780 -1.836270
v -0.443524 5.809397 -2.013685
v -1.469772 5.021305 -1.504560
v -1.533157 5.032482 -1.634709
v -1.386230 5.282398 -1.543998
v -1.480566 4.747389 -1.543998
v -1.543178 4.778241 -1.671308
v -1.412547 4.527441 -1.656298
v -1.543178 4.778241 -1.671308
v -1.484149 4.550802 -1.775545
v -1.282885 4.356269 -1.824373
v -1.365062 4.384788 -1.931543
v -1.108928 4.273517 -2.022629
v -1.204046 4.305472 -2.115558
v -1.025611 4.324933 -2.299572
v -0.917160 4.291782 -2.220886
v -1.455617 5.274817 -1.671309
v -1.247086 5.465816 -1.656300
v -1.322360 5.468351 -1.775545
v -1.066700 5.582319 -1.824373
v -1.153674 5.583627 -1.931543
v -0.874931 5.600583 -2.022629
v -0.975242 5.603088 -2.115558
v -0.700975 5.517832 -2.220886
v -0.814224 5.523772 -2.299572
v -0.571314 5.346660 -2.388958
v -0.700975 5.517832 -2.220886
v -0.695138 5.357755 -2.455569
v -0.503294 5.126712 -2.501261
v -0.636111 5.130316 -2.559803
v -0.636111 5.130316 -2.559803
v -0.514088 4.852792 -2.540699
v -0.646128 4.876074 -2.596408
v -0.597630 4.591703 -2.501261
v -0.723671 4.633740 -2.559803
v -0.736775 4.408283 -2.388958
v -0.856925 4.440206 -2.455570
v -0.917160 4.291782 -2.220886
v -1.025611 4.324933 -2.299572
v -0.814224 5.523772 -2.299572
v -0.814224 5.523772 -2.299572
v -0.695138 5.357755 -2.455569
v -1.322360 5.468351 -1.775545
v -0.975242 5.603088 -2.115558
v -1.153674 5.583627 -1.931543
v -1.455617 5.274817 -1.671309
v -1.533157 5.032482 -1.634709
v -0.636111 5.130316 -2.559803
v -0.646128 4.876074 -2.596408
v -0.723671 4.633740 -2.559803
v -1.543178 4.778241 -1.671308
v -1.484149 4.550802 -1.775545
v -0.856925 4.440206 -2.455570
v -1.365062 4.384788 -1.931543
v -1.025611 4.324933 -2.299572
v -1.204046 4.305472 -2.115558
v -1.170199 4.298595 -2.247473
v -1.088551 4.319397 -2.231783
v -1.063035 4.681661 -2.289227
v -1.014956 4.673183 -2.243602
v -1.125017 4.227278 -2.308318
v -1.023451 4.228594 -2.208535
v -1.170199 4.298595 -2.247473
v -1.088551 4.319397 -2.231783
v -0.961996 4.217758 -2.275313
v -1.125017 4.227278 -2.308318
v -1.063564 4.216443 -2.375097
v -1.327204 4.326280 -2.076864
v -1.296889 4.722896 -2.035114
v -1.393968 4.274702 -2.016072
v -1.170199 4.298595 -2.247473
v -1.125017 4.227278 -2.308318
v -1.063035 4.681661 -2.289227
v -1.063564 4.216443 -2.375097
v -1.505537 3.985571 -1.952218
v -1.119064 3.917425 -2.372173
v -1.245913 3.848366 -2.251323
v -1.409958 3.877292 -2.073065
v -1.455419 4.285537 -1.949293
v -1.327204 4.326280 -2.076864
v -1.296889 4.722896 -2.035114
v -1.300652 4.356796 -2.001308
v -1.248809 4.714418 -1.989488
v -1.296889 4.722896 -2.035114
v -1.063035 4.681661 -2.289227
v -1.248809 4.714418 -1.989488
v -1.014956 4.673183 -2.243602
v -1.393968 4.274702 -2.016072
v -1.327204 4.326280 -2.076864
v -1.292399 4.276017 -1.916288
v -1.455419 4.285537 -1.949293
v -1.353851 4.286852 -1.849510
v -1.300652 4.356796 -2.001308
v -1.245913 3.848366 -2.251323
v -1.147551 3.831498 -2.151540
v -1.119064 3.917425 -2.372173
v -1.409958 3.877292 -2.073065
v -1.311597 3.860424 -1.973283
v -1.505537 3.985571 -1.952218
v -1.407177 3.968705 -1.852433
v -1.020701 3.900558 -2.272388
v -1.505537 3.985571 -1.952218
v -1.455419 4.285537 -1.949293
v -1.407177 3.968705 -1.852433
v -1.353851 4.286852 -1.849510
v -1.119064 3.917425 -2.372173
v -1.020701 3.900558 -2.272388
v -1.063564 4.216443 -2.375097
v -0.961996 4.217758 -2.275313
v -1.088551 4.319397 -2.231783
v -1.023451 4.228594 -2.208535
v -1.300652 4.356796 -2.001308
v -1.292399 4.276017 -1.916288
v 3.510014 5.188687 -0.918413
v 3.512620 5.599352 -0.928344
v 3.503621 5.189815 -1.026356
v 3.455121 5.198367 -0.825745
v 3.512620 5.599352 -0.928344
v 3.447453 5.610843 -0.838239
v 3.495952 5.602291 -1.038849
v 3.414884 5.205462 -1.092528
v 3.407216 5.617938 -1.105019
v 3.238436 5.236574 -1.130913
v 3.308742 5.635301 -1.130914
v 3.238436 5.236574 -1.130913
v 3.308742 5.635301 -1.130914
v 3.169233 5.248776 -0.844668
v 3.239540 5.647503 -0.844669
v 3.346295 5.217556 -0.808823
v 3.169233 5.248776 -0.844668
v 3.338626 5.630032 -0.821314
v 3.455121 5.198367 -0.825745
v 3.447453 5.610843 -0.838239
v 3.239540 5.647503 -0.844669
v 3.308742 5.635301 -1.130914
v 3.407216 5.617938 -1.105019
v 3.239540 5.647503 -0.844669
v 3.338626 5.630032 -0.821314
v 3.495952 5.602291 -1.038849
v 3.512620 5.599352 -0.928344
v 3.447453 5.610843 -0.838239
v 3.384795 5.681366 -1.100059
v 3.313849 5.693876 -0.847727
v 2.568888 5.825233 -1.256529
v 3.492444 5.662385 -1.032307
v 3.440500 5.671544 -0.847554
v 3.515043 5.658400 -0.925852
v 2.535014 5.831206 -1.135657
v 2.535014 5.831206 -1.135657
v 2.523832 5.767792 -1.135656
v 2.568888 5.825233 -1.256529
v 2.557707 5.761818 -1.256528
v 2.568888 5.825233 -1.256529
v 2.557707 5.761818 -1.256528
v 3.384795 5.681366 -1.100059
v 3.373613 5.617952 -1.100058
v 3.492444 5.662385 -1.032307
v 3.481262 5.598971 -1.032305
v 3.515043 5.658400 -0.925852
v 3.503862 5.594986 -0.925852
v 3.440500 5.671544 -0.847554
v 3.429318 5.608130 -0.847554
v 3.313849 5.693876 -0.847727
v 3.302668 5.630462 -0.847727
v 2.535014 5.831206 -1.135657
v 3.440500 5.671544 -0.847554
v 3.429318 5.608130 -0.847554
v 2.523832 5.767792 -1.135656
v 2.557707 5.761818 -1.256528
v 3.302668 5.630462 -0.847727
v 3.373613 5.617952 -1.100058
v 2.523832 5.767792 -1.135656
v 3.481262 5.598971 -1.032305
v 3.429318 5.608130 -0.847554
v 3.503862 5.594986 -0.925852
v 1.836962 3.182578 2.636622
v 1.888206 3.473197 2.636622
v 2.784350 3.015528 1.993830
v 2.835600 3.306182 1.993830
v 3.514964 2.886701 1.015720
v 3.566213 3.177351 1.015720
v 3.573110 2.876448 0.760100
v 3.701186 2.853865 0.091915
v 3.936549 4.937613 0.760100
v 3.291031 4.729372 2.929070
v 4.064625 4.915030 0.091915
v 3.642869 2.864147 -0.726778
v 4.006310 4.925313 -0.726780
v 3.352904 2.915276 -1.502093
v 3.716343 4.976441 -1.502093
v 3.013247 2.975167 -1.999775
v 3.376686 5.036332 -1.999776
v 2.646933 3.039758 -2.370565
v 3.010374 5.100923 -2.370565
v 2.632347 5.167579 -2.630805
v 2.343868 3.531534 -2.630805
v 1.828777 3.622358 -2.886848
v 2.268908 3.106414 -2.630805
v 1.753817 3.197238 -2.886845
v 1.156556 3.302551 -3.022365
v 1.231516 3.727671 -3.022367
v 0.881667 5.476703 -3.022367
v 0.593114 3.840239 -3.022367
v 1.520069 5.364135 -3.022367
v 0.518154 3.415119 -3.022365
v 3.276049 4.704167 2.960122
v 3.007563 3.275321 3.032132
v 3.081998 3.986186 3.159230
v 3.104148 4.111808 3.159230
v 3.081998 3.986186 3.159230
v 2.774316 4.040439 3.159382
v 3.104148 4.111808 3.159230
v 2.650260 3.338323 3.032372
v 3.007563 3.275321 3.032132
v 2.796467 4.166063 3.159382
v 2.902767 4.769965 2.960175
v 3.276049 4.704167 2.960122
v 3.291031 4.729372 2.929070
v 2.907712 4.796937 2.929095
v 2.370011 5.135614 -3.870523
v 1.764717 5.242344 -4.014845
v 2.094908 3.575430 -3.870523
v 2.877663 5.046102 -3.669725
v 2.602560 3.485918 -3.669725
v 1.489614 3.682160 -4.014845
v 0.912315 3.783954 -4.071514
v 1.187418 5.344137 -4.071514
v 0.610116 5.445931 -4.014843
v 0.335014 3.885747 -4.014843
v -0.270282 3.992477 -3.870518
v 0.004821 5.552661 -3.870518
v -0.550660 5.650607 -3.667913
v -0.825762 4.090424 -3.667913
v 2.632347 5.167579 -2.630805
v 2.877663 5.046102 -3.669725
v 2.343868 3.531534 -2.630805
v 2.602560 3.485918 -3.669725
v 2.343868 3.531534 -2.630805
v 2.602560 3.485918 -3.669725
v 1.828777 3.622358 -2.886848
v 1.231516 3.727671 -3.022367
v 2.094908 3.575430 -3.870523
v 1.231284 3.727711 -3.411499
v 0.593346 3.840197 -3.411496
v 0.912315 3.783954 -4.071514
v 1.489614 3.682160 -4.014845
v 0.335014 3.885747 -4.014843
v -0.270282 3.992477 -3.870518
v -0.004147 3.945552 -2.886843
v -0.825762 4.090424 -3.667913
v -0.549893 4.041782 -2.630483
v 0.593114 3.840239 -3.022367
v 2.370011 5.135614 -3.870523
v 1.764717 5.242344 -4.014845
v 2.877663 5.046102 -3.669725
v 2.117259 5.258403 -2.886848
v 1.520069 5.364135 -3.022367
v 2.632347 5.167579 -2.630805
v 1.514327 5.331617 -3.410691
v 0.875940 5.444182 -3.410691
v 1.187418 5.344137 -4.071514
v 0.610116 5.445931 -4.014843
v 0.284332 5.581597 -2.886843
v 0.004821 5.552661 -3.870518
v -0.550660 5.650607 -3.667913
v -0.261414 5.677827 -2.630483
v 0.881667 5.476703 -3.022367
v 1.888206 3.473197 2.636622
v -0.694193 3.928043 2.952700
v -0.110990 3.825709 2.636625
v 2.650600 3.338266 2.952695
v 2.835600 3.306182 1.993830
v 3.566213 3.177351 1.015720
v 3.007563 3.275321 3.032132
v 2.650260 3.338323 3.032372
v -1.058374 3.992795 1.993835
v -1.051157 3.990983 3.032137
v -1.788992 4.121619 1.015730
v -0.693853 3.927980 3.032375
v 2.650260 3.338323 3.032372
v 2.902767 4.769965 2.960175
v 2.774316 4.040439 3.159382
v 2.650600 3.338266 2.952695
v 2.907712 4.796937 2.929095
v 2.796467 4.166063 3.159382
v 1.520069 5.364135 -3.022367
v 1.231516 3.727671 -3.022367
v 1.514327 5.331617 -3.410691
v 1.231284 3.727711 -3.411499
v 1.231284 3.727711 -3.411499
v 0.593346 3.840197 -3.411496
v 1.514327 5.331617 -3.410691
v 0.875940 5.444182 -3.410691
v -0.436903 5.386683 2.929100
v 2.907712 4.796937 2.929095
v -0.694193 3.928043 2.952700
v 2.650600 3.338266 2.952695
v -0.162234 3.535090 2.636625
v -1.109624 3.702140 1.993835
v -0.110990 3.825709 2.636625
v -1.058374 3.992795 1.993835
v -1.840242 3.830968 1.015730
v -1.788992 4.121619 1.015730
v -1.927837 3.846413 0.760110
v -1.564398 5.907578 0.760110
v -0.820217 5.454296 2.929076
v -1.051157 3.990983 3.032137
v -0.814759 5.425487 2.960127
v -0.877971 4.684435 3.159235
v -0.855821 4.810057 3.159235
v -2.050099 3.867971 0.091922
v -1.686660 5.929137 0.091922
v -1.997975 3.858780 -0.726025
v -1.634536 5.919946 -0.726026
v -1.708245 3.807693 -1.502088
v -1.344806 5.868858 -1.502085
v -1.338533 3.742503 -1.999768
v -0.975094 5.803668 -1.999768
v -0.972219 3.677912 -2.370560
v -0.608783 5.739078 -2.370560
v -0.549893 4.041782 -2.630483
v -0.261414 5.677827 -2.630483
v -0.624853 3.616662 -2.630483
v -0.877971 4.684435 3.159235
v -0.855821 4.810057 3.159235
v -0.570291 4.630183 3.159387
v -0.693853 3.927980 3.032375
v -1.051157 3.990983 3.032137
v -0.548140 4.755807 3.159387
v -0.441481 5.359646 2.960180
v -0.814759 5.425487 2.960127
v 0.518154 3.415119 -3.022365
v 0.593114 3.840239 -3.022367
v -0.079107 3.520432 -2.886843
v -0.004147 3.945552 -2.886843
v -0.624853 3.616662 -2.630483
v -0.549893 4.041782 -2.630483
v -0.820217 5.454296 2.929076
v -0.436903 5.386683 2.929100
v -0.814759 5.425487 2.960127
v -0.441481 5.359646 2.960180
v -0.261414 5.677827 -2.630483
v -0.549893 4.041782 -2.630483
v -0.550660 5.650607 -3.667913
v -0.825762 4.090424 -3.667913
v -0.693853 3.927980 3.032375
v -0.570291 4.630183 3.159387
v -0.441481 5.359646 2.960180
v -0.694193 3.928043 2.952700
v -0.436903 5.386683 2.929100
v -0.548140 4.755807 3.159387
v 0.881667 5.476703 -3.022367
v 0.875940 5.444182 -3.410691
v 0.593114 3.840239 -3.022367
v 0.593346 3.840197 -3.411496
v 4.064625 4.915030 0.091915
v 3.936549 4.937613 0.760100
v -1.686660 5.929137 0.091922
v 4.006310 4.925313 -0.726780
v -1.634536 5.919946 -0.726026
v 3.716343 4.976441 -1.502093
v -1.344806 5.868858 -1.502085
v 3.376686 5.036332 -1.999776
v -0.975094 5.803668 -1.999768
v -0.608783 5.739078 -2.370560
v 3.010374 5.100923 -2.370565
v 2.632347 5.167579 -2.630805
v -0.261414 5.677827 -2.630483
v 0.284332 5.581597 -2.886843
v 0.881667 5.476703 -3.022367
v 2.117259 5.258403 -2.886848
v 1.520069 5.364135 -3.022367
v -1.564398 5.907578 0.760110
v -0.162234 3.535090 2.636625
v -0.110990 3.825709 2.636625
v 1.836962 3.182578 2.636622
v 1.888206 3.473197 2.636622
v 3.696160 3.838963 1.196402
v 3.664209 3.919573 1.368765
v 3.753753 3.903784 1.024040
v 3.611336 3.785925 1.176797
v 3.684227 3.867962 0.958652
v 3.746876 4.086004 0.868295
v 3.762582 4.312321 0.958652
v 3.803251 4.076064 0.952642
v 3.815661 4.254883 1.024037
v 3.783712 4.335494 1.196401
v 3.726118 4.270672 1.368764
v 3.722143 4.414342 1.176797
v 3.649253 4.332306 1.394943
v 3.586603 4.114265 1.485301
v 3.570901 3.887945 1.394945
v 3.676618 4.098393 1.440161
v -1.680653 4.777976 1.181240
v -1.729431 4.861552 1.014317
v -1.606231 4.839829 1.348162
v -1.621396 4.699531 1.154267
v -1.683130 4.805308 0.943007
v -1.676247 5.033183 0.855500
v -1.604779 5.249665 0.943005
v -1.723993 5.041602 0.945175
v -1.667523 5.212651 1.014315
v -1.544323 5.190928 1.348165
v -1.593101 5.274506 1.181239
v -1.510589 5.327949 1.154266
v -1.448855 5.222175 1.365530
v -1.455736 4.994301 1.453035
v -1.549761 5.010880 1.417305
v -1.527208 4.777815 1.365530
v 3.198897 3.818902 2.627331
v 3.232696 3.812943 2.627331
v 3.262172 3.980111 2.557019
v 3.131973 3.759306 2.797080
v 3.220486 3.743699 2.797076
v 3.232696 3.812943 2.966825
v 3.295836 3.837984 2.931200
v 3.286189 3.783273 2.797076
v 3.295836 3.837984 2.662956
v 3.319126 3.970068 2.607402
v 3.319126 3.970068 2.986754
v 3.262172 3.980111 3.037137
v 3.342416 4.102151 2.931200
v 3.352063 4.156863 2.797076
v 3.291648 4.147278 2.966825
v 3.215345 4.232129 2.797080
v 3.303857 4.216521 2.797076
v 3.151628 4.171967 2.966825
v 3.122152 4.004800 3.037137
v 3.092676 3.837632 2.966825
v 3.291648 4.147278 2.627331
v 3.255612 4.153632 2.627331
v 3.342416 4.102151 2.662956
v 3.319126 3.970068 2.607402
v 3.262172 3.980111 2.557019
v 3.286189 3.783273 2.797076
v 3.295836 3.837984 2.931200
v 3.295836 3.837984 2.662956
v 3.319126 3.970068 2.607402
v 3.342416 4.102151 2.662956
v 3.352063 4.156863 2.797076
v 3.342416 4.102151 2.931200
v 3.319126 3.970068 2.986754
v 3.439768 3.804945 2.797076
v 3.446973 3.845808 2.897249
v 3.446973 3.845808 2.696904
v 3.464367 3.944458 2.655411
v 3.481762 4.043108 2.696904
v 3.488967 4.083971 2.797076
v 3.481762 4.043108 2.897249
v 3.464367 3.944458 2.938745
v 3.299500 3.895039 2.797076
v 3.415785 3.874535 2.797076
v 3.312922 3.971162 2.725227
v 3.429208 3.950658 2.725227
v 3.326344 4.047283 2.797076
v 3.442630 4.026778 2.797076
v 3.312922 3.971162 2.868930
v 3.429208 3.950658 2.868930
v 3.429208 3.950658 2.868930
v 3.299500 3.895039 2.797076
v 3.415785 3.874535 2.797076
v 3.481762 4.043108 2.897249
v 3.464367 3.944458 2.938745
v 3.429208 3.950658 2.868930
v 3.442630 4.026778 2.797076
v 3.488967 4.083971 2.797076
v 3.481762 4.043108 2.696904
v 3.429208 3.950658 2.725227
v 3.464367 3.944458 2.655411
v 3.446973 3.845808 2.696904
v 3.415785 3.874535 2.797076
v 3.439768 3.804945 2.797076
v 3.446973 3.845808 2.897249
v 3.415785 3.874535 2.797076
v 3.439768 3.804945 2.797076
v -1.068472 4.571355 2.613761
v -1.072794 4.744483 2.543452
v -1.102270 4.577314 2.613761
v -1.025966 4.492463 2.783509
v -1.114480 4.508070 2.783509
v -1.102268 4.577314 2.953257
v -1.162686 4.567730 2.783509
v -1.153039 4.622441 2.917632
v -1.129749 4.754525 2.973186
v -1.072792 4.744482 3.023566
v -1.106459 4.886608 2.917632
v -1.043316 4.911649 2.953257
v -1.096812 4.941319 2.783509
v -1.106459 4.886608 2.649390
v -1.031108 4.980893 2.783509
v -1.007281 4.905295 2.613761
v -1.043318 4.911649 2.613761
v -0.942594 4.965285 2.783509
v -0.903298 4.886960 2.953257
v -0.918196 4.717223 3.023566
v -0.962250 4.552625 2.953257
v -1.072794 4.744483 2.543452
v -1.129749 4.754525 2.593833
v -1.153039 4.622441 2.649390
v -1.129749 4.754525 2.593833
v -1.162686 4.567730 2.783509
v -1.153039 4.622441 2.649390
v -1.153039 4.622441 2.917632
v -1.129749 4.754525 2.973186
v -1.106459 4.886608 2.917632
v -1.096812 4.941319 2.783509
v -1.106459 4.886608 2.649390
v -1.129749 4.754525 2.593833
v -1.299590 4.640622 2.783509
v -1.292385 4.681485 2.683336
v -1.292385 4.681485 2.883682
v -1.274990 4.780135 2.925174
v -1.257596 4.878784 2.883682
v -1.250390 4.919648 2.783509
v -1.257596 4.878784 2.683336
v -1.274990 4.780135 2.641845
v -1.136966 4.677308 2.783509
v -1.123543 4.753431 2.711658
v -1.253253 4.697812 2.783509
v -1.239830 4.773935 2.711658
v -1.110121 4.829551 2.783509
v -1.239830 4.773935 2.711658
v -1.226408 4.850056 2.783509
v -1.123543 4.753431 2.855360
v -1.239830 4.773935 2.855360
v -1.136966 4.677308 2.783509
v -1.253253 4.697812 2.783509
v -1.292385 4.681485 2.883682
v -1.274990 4.780135 2.925174
v -1.239830 4.773935 2.855360
v -1.253253 4.697812 2.783509
v -1.299590 4.640622 2.783509
v -1.257596 4.878784 2.883682
v -1.226408 4.850056 2.783509
v -1.250390 4.919648 2.783509
v -1.239830 4.773935 2.711658
v -1.257596 4.878784 2.683336
v -1.274990 4.780135 2.641845
v -1.292385 4.681485 2.683336
v -1.299590 4.640622 2.783509
v -1.253253 4.697812 2.783509
v 0.834307 2.858415 5.442029
v 0.834307 2.858415 5.857668
v 0.535682 2.911071 5.442029
v 0.535682 2.911071 5.857668
v -0.101564 3.576622 3.391140
v -0.095432 3.611398 3.426450
v -0.107696 3.541848 3.426450
v -0.101564 3.576622 3.461760
v 4.077324 2.928665 0.887650
v 4.102952 2.899619 0.887650
v 4.053308 2.792463 0.887650
v 4.083131 2.787205 0.887650
v 4.077322 2.928665 -1.562830
v 4.102949 2.899616 -1.562830
v 4.054075 2.796821 -1.562833
v 4.083897 2.791563 -1.562833
v 4.719429 2.815445 -1.562830
v 4.696181 2.683601 -1.562830
v 4.685412 2.796912 -1.562830
v 4.666359 2.688859 -1.562830
v -2.059627 2.529338 -7.127655
v -2.056459 2.547307 -7.079418
v -2.093074 2.535236 -7.127655
v -2.089906 2.553204 -7.079418
v -3.307130 2.252123 -7.177580
v -2.773219 2.157979 -7.177580
v -3.313215 2.217637 -7.141892
v -2.773219 2.157979 -7.177580
v -2.779300 2.123493 -7.141895
v -3.313215 2.217637 -7.141892
v -0.715193 3.584211 -7.551508
v -0.695418 3.580721 -7.551508
v -0.708766 3.620661 -7.295112
v -0.688995 3.617167 -7.295108
v 0.079639 1.138659 -6.965172
v -0.037809 1.159368 -6.965172
v 0.080497 1.143525 -6.930610
v -0.037106 1.164268 -6.930613
v -1.767532 4.082060 -4.649434
v -1.700715 4.070327 -4.761220
v -1.933652 4.111351 -4.751803
v -1.853112 4.097198 -4.925478
v -1.337486 1.909965 7.723787
v -1.211866 1.887774 7.723890
v -1.384275 1.971582 7.450442
v -1.102257 1.921761 7.450680
v -0.364854 1.738145 7.724585
v -0.223279 1.713136 7.724702
v -0.433193 1.803561 7.451245
v -0.126961 1.749455 7.451520
v 0.296496 1.621316 7.725130
v 0.455160 1.593288 7.725260
v 0.231298 1.686171 7.451805
v 0.540349 1.631572 7.452068
v 0.632457 1.561969 7.725405
v 0.792073 1.533773 7.725535
v 0.562054 1.627740 7.452085
v 0.881698 1.571268 7.452355
v 1.607668 1.389695 7.726205
v 1.771415 1.360768 7.726340
v 1.571938 1.449330 7.452940
v 1.860094 1.398424 7.453185
v 1.946924 1.329763 7.726483
v 2.114071 1.300237 7.726620
v 1.911517 1.389338 7.453228
v 2.208474 1.336878 7.453477
v 4.585327 2.120453 3.824565
v 4.628776 2.113389 3.824717
v 4.603110 2.224892 3.591910
v 4.646560 2.217829 3.592060
v 4.585203 2.007462 -5.456106
v 4.573026 1.934840 -5.231874
v 4.628652 2.000399 -5.455956
v 4.616478 1.927778 -5.231720
v 4.677214 2.328145 1.411847
v 4.646800 2.333363 1.407957
v 4.678848 2.327548 1.325520
v 4.648437 2.332764 1.321627
v 4.724453 2.551881 -0.992468
v 4.683558 2.315754 -0.988438
v 4.713811 2.542426 -0.993105
v 4.676716 2.328232 -0.989448
v 4.676713 2.328233 -3.357873
v 4.646303 2.333450 -3.361763
v 4.678350 2.327634 -3.444200
v 4.647938 2.332851 -3.448093
v 4.726469 2.563361 -5.716389
v 4.715831 2.553903 -5.717023
v 4.685577 2.327232 -5.712358
v 4.678735 2.339710 -5.713368
v 4.726469 2.563361 -5.716389
v 4.715831 2.553903 -5.717023
v 4.687317 2.570090 -5.721100
v 4.685417 2.559123 -5.720916
v 4.636950 2.112047 4.854393
v 4.642516 2.108521 4.861595
v 4.646605 2.169414 4.717446
v 4.653160 2.171767 4.710621
v 4.645513 2.044360 -4.957625
v 4.632216 1.959073 -4.959808
v 4.594124 2.048630 -4.957592
v 4.580827 1.963341 -4.959774
v 4.670767 2.242619 3.786972
v 4.646023 2.159347 3.784790
v 4.628259 2.246161 3.787002
v 4.614958 2.160872 3.784820
v 4.679855 2.239065 4.073102
v 4.666558 2.153779 4.070920
v 4.628469 2.243337 4.073140
v 4.615172 2.158050 4.070953
v 4.626888 1.917766 -6.709285
v 4.631898 1.910843 -6.714150
v 4.645312 2.024893 -6.606083
v 4.652212 2.028939 -6.600380
v 4.643832 1.988226 -6.557765
v 4.584292 2.000952 -6.560168
v 4.652212 2.028939 -6.600380
v 4.592672 2.041665 -6.602781
v 4.636933 1.984181 -6.563468
v 4.645312 2.024893 -6.606083
v 4.583349 1.995467 -6.565454
v 4.591729 2.036180 -6.608066
v 4.618509 1.877054 -6.666674
v 4.564924 1.888338 -6.668653
v 4.626888 1.917766 -6.709285
v 4.555722 1.932152 -6.711268
vn 0.1718 0.9744 0.1447
vn 0.1719 0.9744 0.1447
vn 0.1718 0.9745 0.1447
vn -0.9213 -0.0805 0.3804
vn -0.8382 0.3908 0.3804
vn -0.9213 -0.0806 0.3804
vn -0.7575 -0.5306 0.3804
vn -0.3910 -0.8381 0.3804
vn -0.3908 -0.8382 0.3803
vn -0.8382 0.3907 0.3804
vn -0.5303 0.7577 0.3804
vn -0.5304 0.7576 0.3804
vn -0.0806 0.9213 0.3804
vn -0.0807 0.9213 0.3803
vn 0.3908 0.8382 0.3803
vn 0.3909 0.8381 0.3804
vn 0.7576 0.5305 0.3804
vn 0.7575 0.5306 0.3803
vn 0.9213 0.0807 0.3803
vn 0.9213 0.0805 0.3804
vn 0.8381 -0.3909 0.3804
vn 0.8383 -0.3908 0.3803
vn 0.5305 -0.7576 0.3803
vn 0.5303 -0.7576 0.3804
vn 0.0805 -0.9213 0.3804
vn 0.0807 -0.9213 0.3803
vn -0.9063 0.4225 0.0132
vn -0.9961 -0.0872 0.0132
vn -0.9961 -0.0871 0.0132
vn -0.8191 -0.5735 0.0132
vn -0.8190 -0.5736 0.0132
vn -0.4225 -0.9063 0.0132
vn -0.4226 -0.9062 0.0132
vn -0.9062 0.4226 0.0132
vn -0.5734 0.8191 0.0132
vn -0.0871 0.9961 0.0132
vn -0.0872 0.9961 0.0132
vn 0.4225 0.9063 0.0132
vn 0.4226 0.9062 0.0132
vn 0.8191 0.5735 0.0132
vn 0.8190 0.5736 0.0132
vn 0.9961 0.0872 0.0132
vn 0.9961 0.0871 0.0132
vn 0.9062 -0.4227 0.0132
vn 0.9062 -0.4226 0.0132
vn 0.5735 -0.8191 0.0132
vn 0.0871 -0.9961 0.0132
vn 0.0870 -0.9961 0.0132
vn 0.3843 0.8241 0.4161
vn -0.0793 0.9059 0.4161
vn 0.7449 0.5216 0.4161
vn 0.9059 0.0793 0.4161
vn 0.9059 0.0793 0.4160
vn 0.8241 -0.3843 0.4160
vn 0.8241 -0.3843 0.4161
vn 0.5216 -0.7449 0.4161
vn 0.0793 -0.9059 0.4160
vn 0.0792 -0.9059 0.4161
vn -0.5216 0.7449 0.4161
vn -0.8241 0.3843 0.4161
vn -0.9059 -0.0793 0.4161
vn -0.7449 -0.5216 0.4161
vn -0.9059 -0.0792 0.4161
vn -0.7449 -0.5216 0.4160
vn -0.3843 -0.8242 0.4160
vn -0.3843 -0.8241 0.4161
vn -0.0872 0.9962 -0.0000
vn 0.4226 0.9063 -0.0000
vn 0.8192 0.5736 -0.0000
vn 0.9962 0.0872 -0.0000
vn 0.9063 -0.4226 -0.0000
vn 0.5736 -0.8192 -0.0000
vn 0.0872 -0.9962 -0.0000
vn -0.5736 0.8192 -0.0000
vn -0.9063 0.4226 -0.0000
vn -0.9962 -0.0871 -0.0000
vn -0.9962 -0.0872 -0.0000
vn -0.8191 -0.5736 -0.0000
vn -0.4226 -0.9063 -0.0000
vn 0.3806 0.8163 0.4345
vn -0.0785 0.8973 0.4345
vn 0.7378 0.5166 0.4345
vn 0.8973 0.0785 0.4345
vn 0.8163 -0.3807 0.4345
vn 0.8163 -0.3806 0.4345
vn 0.5166 -0.7378 0.4345
vn 0.0785 -0.8973 0.4344
vn 0.0785 -0.8973 0.4345
vn -0.5166 0.7378 0.4345
vn -0.8163 0.3806 0.4345
vn -0.8973 -0.0785 0.4345
vn -0.8163 0.3807 0.4345
vn -0.7378 -0.5166 0.4345
vn -0.3806 -0.8163 0.4345
vn -0.3806 -0.8163 0.4344
vn 0.4226 0.9063 0.0005
vn -0.0872 0.9962 0.0005
vn 0.8192 0.5736 0.0005
vn 0.9962 0.0872 0.0005
vn 0.9063 -0.4226 0.0005
vn 0.5736 -0.8192 0.0005
vn 0.0872 -0.9962 0.0005
vn -0.5736 0.8192 0.0005
vn -0.5736 0.8191 0.0005
vn -0.9063 0.4226 0.0005
vn -0.9962 -0.0872 0.0005
vn -0.9962 -0.0871 0.0005
vn -0.8191 -0.5736 0.0005
vn -0.8192 -0.5736 0.0005
vn -0.4226 -0.9063 0.0005
vn 0.2967 0.6364 0.7120
vn -0.0612 0.6995 0.7120
vn 0.5752 0.4027 0.7120
vn 0.6995 0.0612 0.7120
vn 0.6364 -0.2967 0.7120
vn 0.4027 -0.5752 0.7120
vn 0.0612 -0.6995 0.7120
vn -0.4027 0.5752 0.7120
vn -0.6364 0.2967 0.7120
vn -0.6995 -0.0612 0.7120
vn -0.5752 -0.4027 0.7120
vn -0.2967 -0.6364 0.7120
vn 0.4226 0.9063 -0.0007
vn -0.0872 0.9962 -0.0007
vn 0.4226 0.9063 -0.0008
vn 0.8192 0.5736 -0.0008
vn 0.9962 0.0872 -0.0008
vn 0.9962 0.0871 -0.0007
vn 0.9063 -0.4226 -0.0007
vn 0.9063 -0.4226 -0.0008
vn 0.5736 -0.8192 -0.0008
vn 0.0872 -0.9962 -0.0008
vn -0.0872 0.9962 -0.0008
vn -0.5736 0.8192 -0.0008
vn -0.9063 0.4226 -0.0008
vn -0.9962 -0.0872 -0.0008
vn -0.8191 -0.5736 -0.0008
vn -0.8192 -0.5736 -0.0007
vn -0.4226 -0.9063 -0.0007
vn -0.4226 -0.9063 -0.0008
vn -0.0000 -0.0000 1.0000
vn -0.0357 0.0063 0.9993
vn 0.0030 0.0017 1.0000
vn 0.0006 0.0036 1.0000
vn 0.0060 -0.0011 1.0000
vn 0.0035 -0.0042 1.0000
vn -0.0016 -0.0092 1.0000
vn -0.1038 -0.7825 0.6139
vn -0.1858 -0.9664 0.1779
vn 0.1821 -0.9619 0.2037
vn 0.1385 0.6905 0.7099
vn 0.1240 0.9721 0.1991
vn 0.4976 0.8373 0.2264
vn 0.8452 -0.0124 0.5344
vn 0.7906 -0.3028 0.5323
vn 0.7836 -0.2691 0.5599
vn 0.6562 -0.5025 0.5629
vn 0.6280 -0.5183 0.5805
vn 0.8266 0.0180 0.5624
vn 0.7885 0.2478 0.5630
vn 0.7673 0.2723 0.5806
vn 0.0001 -0.0000 1.0000
vn 0.1687 0.9567 0.2374
vn 0.1026 0.5821 0.8066
vn 0.1043 0.5818 0.8066
vn 0.1010 0.5824 0.8066
vn 0.1446 0.6903 0.7089
vn 0.1166 0.6612 0.7411
vn -0.4287 0.5160 0.7416
vn -0.4303 0.5148 0.7415
vn -0.8758 0.1544 0.4573
vn -0.9848 0.1736 -0.0000
vn -0.5793 -0.3382 0.7416
vn -0.5804 -0.3366 0.7415
vn -0.1184 -0.6603 0.7416
vn -0.0596 -0.5891 0.8058
vn -0.1251 -0.7092 0.6938
vn -0.1026 -0.5821 0.8066
vn -0.1146 -0.6610 0.7416
vn -0.1455 -0.5740 0.8058
vn 0.4287 -0.5159 0.7416
vn 0.4303 -0.5148 0.7415
vn 0.8758 -0.1544 0.4573
vn 0.5793 0.3382 0.7416
vn 0.5804 0.3367 0.7415
vn 0.1166 0.6611 0.7411
vn 0.1002 0.6981 0.7089
vn 0.8651 0.5016 -0.0000
vn -0.5955 0.1050 0.7965
vn -0.1687 -0.9567 0.2372
vn 0.9848 -0.1736 -0.0000
vn 0.6414 -0.7672 -0.0000
vn -0.6279 0.5183 0.5806
vn -0.6928 0.4802 0.5380
vn -0.7713 0.3445 0.5352
vn -0.7820 0.3041 0.5441
vn -0.9486 -0.0158 0.3162
vn -0.9326 0.1644 0.3214
vn -0.8410 0.1155 0.5285
vn -0.8060 -0.2262 0.5470
vn -0.7674 -0.2723 0.5805
vn -0.6272 -0.0061 0.7789
vn -0.6414 0.7672 -0.0000
vn -0.8651 -0.5016 -0.0000
vn -0.0001 -0.0000 -1.0000
vn -0.0000 -0.0000 -1.0000
vn 0.0002 -0.0000 -1.0000
vn 0.9814 -0.1727 0.0844
vn 0.9849 -0.1732 -0.0000
vn 0.9810 -0.1730 0.0882
vn -0.9810 0.1730 -0.0882
vn -0.9814 0.1727 -0.0844
vn -0.9849 0.1732 -0.0000
vn 0.0584 0.3314 -0.9417
vn -0.0503 -0.2850 -0.9572
vn -0.1736 -0.9848 -0.0073
vn 0.1736 0.9848 0.0073
vn 0.1736 0.9848 -0.0000
vn 0.1766 0.9843 -0.0041
vn 0.1736 0.9848 -0.0090
vn 0.1737 0.9848 -0.0000
vn 0.1707 0.9853 -0.0043
vn -0.1766 -0.9843 -0.0043
vn -0.1736 -0.9848 -0.0090
vn -0.1737 -0.9848 -0.0000
vn -0.1707 -0.9853 -0.0041
vn -0.1736 -0.9848 -0.0000
vn 0.5654 -0.1176 0.8164
vn 0.5955 -0.1049 0.7965
vn 0.5955 -0.1050 0.7965
vn 0.5711 -0.0937 0.8155
vn -0.0754 -0.4310 -0.8992
vn 0.0640 0.3579 -0.9316
vn 0.1623 0.9167 -0.3650
vn -0.0640 -0.3579 0.9316
vn -0.9848 0.1735 0.0005
vn -0.9848 0.1734 0.0005
vn 0.9848 -0.1736 -0.0001
vn 0.9511 0.3090 -0.0020
vn 0.9488 0.3157 -0.0024
vn -0.7836 0.6212 0.0024
vn -0.7880 0.6156 0.0020
vn 0.9511 0.3090 0.0020
vn 0.9488 0.3157 0.0024
vn -0.7880 0.6156 -0.0020
vn -0.7836 0.6212 -0.0024
vn -0.5659 0.8176 0.1069
vn -0.8114 -0.5747 0.1068
vn -0.8165 -0.5669 0.1092
vn -0.8205 -0.5319 -0.2093
vn -0.8112 -0.5522 -0.1924
vn -0.5732 0.8121 0.1092
vn -0.5890 0.7806 -0.2092
vn -0.5734 0.7964 -0.1924
vn 0.8111 0.5748 -0.1083
vn 0.8049 0.5839 -0.1054
vn 0.5655 -0.8176 -0.1082
vn 0.5568 -0.8239 -0.1054
vn 0.4704 -0.7602 -0.4481
vn 0.4932 -0.7548 -0.4325
vn 0.7020 0.5536 -0.4481
vn 0.7216 0.5406 -0.4324
vn -0.8187 -0.5742 0.0115
vn -0.5729 0.8196 0.0115
vn -0.8191 -0.5735 0.0115
vn -0.8191 -0.5736 -0.0055
vn -0.7758 -0.5781 -0.2529
vn -0.8194 -0.5733 -0.0055
vn -0.5739 0.8189 -0.0055
vn -0.5554 0.8199 -0.1391
vn -0.7728 -0.5826 -0.2516
vn -0.5471 0.8134 -0.1977
vn -0.5660 0.8122 -0.1411
vn -0.6865 -0.5863 -0.4301
vn -0.6828 -0.5924 -0.4276
vn -0.7571 -0.5841 -0.2926
vn -0.7578 -0.5828 -0.2934
vn -0.6806 -0.5987 -0.4223
vn -0.6809 -0.5981 -0.4226
vn -0.4289 0.7933 -0.4321
vn -0.4293 0.7930 -0.4323
vn -0.5652 0.8179 -0.1076
vn -0.8117 -0.5746 -0.1042
vn -0.5658 0.8175 -0.1076
vn -0.8113 -0.5752 -0.1042
vn -0.5144 0.8112 0.2781
vn -0.7506 -0.5830 0.3110
vn -0.5190 0.8078 0.2794
vn -0.7473 -0.5878 0.3099
vn -0.6107 -0.6103 0.5046
vn -0.6107 -0.6104 0.5045
vn -0.2377 -0.6760 0.6975
vn -0.2378 -0.6761 0.6974
vn 0.2412 -0.7606 0.6028
vn 0.4554 -0.7983 0.3942
vn 0.2413 -0.7605 0.6028
vn 0.5177 -0.8115 0.2711
vn 0.4553 -0.7984 0.3941
vn 0.5237 -0.8069 0.2733
vn 0.5811 -0.8135 -0.0214
vn 0.7911 0.5807 0.1923
vn 0.7953 0.5745 0.1937
vn 0.8112 0.5771 0.0941
vn 0.8142 0.5729 0.0943
vn 0.5736 -0.8188 -0.0227
vn 0.8189 0.5739 0.0062
vn 0.5734 -0.8193 0.0003
vn 0.8196 0.5729 0.0062
vn 0.5740 -0.8189 0.0003
vn -0.5738 0.8190 -0.0003
vn -0.5734 0.8193 -0.0003
vn -0.8142 -0.5729 -0.0940
vn -0.8112 -0.5771 -0.0939
vn -0.5736 0.8188 0.0219
vn -0.8189 -0.5739 -0.0062
vn -0.5239 0.8070 -0.2726
vn -0.5181 0.8115 -0.2705
vn -0.7909 -0.5807 -0.1930
vn -0.5811 0.8135 0.0214
vn -0.4554 0.7983 -0.3941
vn -0.7951 -0.5745 -0.1944
vn -0.7009 -0.5944 -0.3942
vn -0.4553 0.7984 -0.3941
vn -0.7009 -0.5945 -0.3941
vn -0.4868 -0.6322 -0.6027
vn -0.4868 -0.6323 -0.6027
vn -0.0078 -0.7168 -0.6973
vn -0.0078 -0.7167 -0.6974
vn 0.3651 -0.7824 -0.5046
vn 0.3651 -0.7824 -0.5045
vn 0.5187 -0.8078 -0.2799
vn 0.5143 -0.8111 -0.2787
vn 0.5658 -0.8175 0.1075
vn 0.5652 -0.8179 0.1075
vn 0.4294 -0.7930 0.4323
vn 0.4288 -0.7934 0.4320
vn 0.4863 -0.8049 0.3402
vn 0.4875 -0.8038 0.3409
vn 0.5531 -0.8090 0.1991
vn 0.5474 -0.8134 0.1968
vn 0.5664 -0.8122 0.1398
vn 0.5557 -0.8199 0.1378
vn 0.5739 -0.8189 0.0055
vn 0.5736 -0.8191 -0.0116
vn 0.5731 -0.8194 -0.0115
vn 0.5736 -0.8191 0.0054
vn 0.8191 0.5735 -0.0116
vn 0.8191 0.5736 0.0054
vn -0.5735 0.8192 -0.0055
vn -0.5735 0.8191 0.0115
vn 0.8188 0.5740 -0.0115
vn 0.8193 0.5733 0.0055
vn 0.7756 0.5782 0.2534
vn 0.6860 0.5862 0.4309
vn 0.7726 0.5827 0.2521
vn 0.7572 0.5841 0.2925
vn 0.6823 0.5924 0.4285
vn -0.4876 0.8039 -0.3407
vn -0.5527 0.8090 -0.2001
vn 0.7578 0.5830 0.2931
vn 0.6806 0.5988 0.4223
vn 0.6808 0.5983 0.4225
vn 0.8117 0.5747 0.1043
vn 0.8113 0.5752 0.1043
vn 0.7508 0.5831 -0.3104
vn 0.7476 0.5877 -0.3094
vn 0.6106 0.6104 -0.5045
vn 0.6107 0.6103 -0.5046
vn 0.0078 0.7166 0.6975
vn -0.3651 0.7824 0.5045
vn 0.2378 0.6762 -0.6973
vn 0.0078 0.7166 0.6974
vn 0.2378 0.6763 -0.6972
vn 0.4868 0.6322 0.6028
vn -0.2411 0.7607 -0.6026
vn -0.2412 0.7606 -0.6027
vn 0.7010 0.5944 0.3942
vn -0.8195 -0.5731 -0.0062
vn 0.7009 0.5946 0.3941
vn -0.3650 0.7825 0.5045
vn -0.4866 0.8047 -0.3401
vn 0.7201 0.5452 -0.4293
vn 0.8038 0.5793 -0.1356
vn 0.7322 0.5374 -0.4184
vn 0.8069 0.5749 -0.1355
vn 0.5616 -0.8162 -0.1355
vn 0.4903 -0.7585 -0.4293
vn 0.5573 -0.8192 -0.1356
vn 0.5043 -0.7553 -0.4185
vn -0.5741 0.7744 -0.2659
vn -0.5674 0.8121 0.1362
vn -0.5651 0.7848 -0.2544
vn -0.5615 0.8162 0.1363
vn -0.8110 -0.5690 0.1362
vn -0.8044 -0.5312 -0.2661
vn -0.7995 -0.5442 -0.2544
vn -0.8068 -0.5749 0.1363
vn 0.1832 -0.0323 0.9825
vn 0.1226 -0.0216 0.9922
vn -0.8185 0.1443 -0.5560
vn -0.9754 0.1720 0.1382
vn -0.1264 0.9724 -0.1962
vn 0.5354 0.8425 -0.0596
vn -0.5921 0.7986 0.1075
vn -0.1363 0.9692 -0.2051
vn 0.5178 0.8538 -0.0539
vn 0.6824 0.6232 0.3822
vn 0.6831 0.6216 0.3834
vn 0.8176 0.5712 -0.0729
vn 0.8292 0.5520 -0.0875
vn 0.4826 0.7069 -0.5171
vn 0.4611 0.6300 -0.6249
vn -0.0240 0.9405 0.3388
vn -0.0386 0.9139 0.4040
vn -0.3412 0.7739 -0.5335
vn 0.4533 0.8221 0.3445
vn 0.5926 -0.1045 0.7987
vn 0.3761 0.8804 0.2887
vn -0.2351 0.9711 0.0413
vn -0.2815 0.9576 0.0619
vn -0.3110 0.8481 -0.4289
vn -0.5063 0.8590 0.0755
vn -0.4311 0.0760 0.8991
vn 0.9730 -0.1716 -0.1546
vn 0.1614 0.9647 0.2081
vn 0.1697 0.9627 0.2107
vn 0.1702 0.9655 0.1971
vn -0.1697 -0.9627 -0.2107
vn -0.1615 -0.9647 -0.2081
vn -0.1702 -0.9655 -0.1972
vn 0.0346 0.1963 -0.9799
vn -0.0345 -0.1959 0.9800
vn -0.0346 -0.1964 0.9799
vn -0.9855 0.1695 -0.0010
vn -0.9850 0.1723 -0.0005
vn 0.0326 0.1847 -0.9822
vn 0.0341 0.1901 -0.9812
vn 0.9853 -0.1708 0.0008
vn 0.9848 -0.1738 0.0006
vn 0.1783 0.9617 0.2081
vn -0.1782 -0.9617 -0.2081
vn 0.0346 0.1962 -0.9799
vn -0.0346 -0.1960 0.9800
vn 0.9841 -0.1778 -0.0010
vn 0.9846 -0.1750 -0.0005
vn 0.0326 0.1848 -0.9822
vn 0.0330 0.1903 -0.9812
vn -0.9848 0.1735 0.0007
vn -0.9843 0.1765 0.0009
vn -0.8529 0.1504 -0.5000
vn -0.8529 0.1504 0.5000
vn -0.8267 -0.3037 0.4736
vn -0.8267 -0.3037 -0.4736
vn -0.8315 -0.3094 -0.4613
vn -0.8315 -0.3094 0.4613
vn -0.1542 -0.8748 -0.4593
vn 0.6755 -0.5751 -0.4614
vn 0.6730 -0.5681 -0.4736
vn 0.8529 -0.1504 -0.5000
vn 0.8528 -0.1504 0.5000
vn 0.8529 -0.1504 0.5000
vn 0.6730 -0.5681 0.4736
vn -0.6848 0.5508 0.4771
vn -0.6868 0.5646 0.4578
vn 0.1542 0.8748 0.4593
vn -0.6868 0.5646 -0.4578
vn 0.1542 0.8748 -0.4593
vn -0.6848 0.5508 -0.4771
vn 0.8319 0.2834 -0.4771
vn 0.8319 0.2834 0.4771
vn 0.8385 0.2957 0.4577
vn 0.8385 0.2957 -0.4577
vn -0.1543 -0.8748 0.4593
vn 0.6755 -0.5752 0.4613
vn -0.1228 -0.6964 -0.7071
vn 0.1228 0.6964 -0.7071
vn 0.1228 0.6964 0.7071
vn -0.1228 -0.6964 0.7071
vn -0.0001 -0.0000 1.0000
vn -0.8528 0.1504 0.5001
vn -0.6848 0.5508 0.4772
vn -0.6848 0.5509 -0.4771
vn -0.6868 0.5646 -0.4577
vn 0.1543 0.8748 0.4593
vn -0.8528 0.1504 0.5000
vn -0.8267 -0.3036 0.4736
vn -0.1542 -0.8748 0.4593
vn 0.6755 -0.5752 -0.4613
vn -0.1543 -0.8748 -0.4592
vn -0.1543 -0.8748 -0.4593
vn -0.2453 0.4302 0.8687
vn -0.3327 0.0851 0.9392
vn -0.1280 -0.1688 0.9773
vn 0.0626 -0.2025 0.9773
vn 0.3418 -0.0339 0.9392
vn 0.3777 0.3204 0.8687
vn 0.3017 0.4034 0.8638
vn -0.1456 0.4823 0.8638
vn -0.0725 0.9763 0.2040
vn 0.4020 0.8926 0.2040
vn -0.5246 0.8151 0.2458
vn -0.5142 0.3862 0.7658
vn -0.8331 0.4523 0.3183
vn -0.2965 0.5936 0.7481
vn -0.2270 0.4945 0.8390
vn -0.2739 0.5294 0.8030
vn -0.0230 0.6741 0.7383
vn -0.0231 0.6741 0.7383
vn -0.0529 0.5504 0.8332
vn 0.2522 0.6256 0.7383
vn 0.2380 0.4991 0.8332
vn 0.0268 0.2077 0.9778
vn 0.0459 0.2043 0.9778
vn 0.3824 0.3870 0.8390
vn 0.4384 0.4038 0.8030
vn 0.5288 0.2190 0.8200
vn 0.3718 0.1893 0.9088
vn 0.3560 0.0081 0.9345
vn 0.3789 -0.3139 0.8706
vn 0.5105 -0.1170 0.8519
vn 0.3118 -0.2460 0.9178
vn 0.1346 -0.3246 0.9362
vn 0.0335 0.1342 0.9904
vn 0.0144 0.1376 0.9904
vn -0.3771 -0.1245 0.9178
vn -0.2375 -0.2590 0.9362
vn -0.5197 0.0647 0.8519
vn -0.4634 -0.1654 0.8706
vn -0.3318 0.1294 0.9345
vn -0.2847 0.3050 0.9088
vn -0.6119 0.0786 0.7870
vn -0.4220 0.3867 0.8200
vn -0.9155 -0.0150 0.4019
vn -0.7497 -0.4615 0.4744
vn -0.5336 -0.2574 0.8056
vn -0.3800 -0.7675 0.5162
vn -0.2751 -0.5081 0.8162
vn 0.0847 -0.5716 0.8162
vn 0.0945 -0.8512 0.5162
vn -0.3799 -0.7676 0.5162
vn 0.5466 -0.6900 0.4744
vn 0.8552 -0.3272 0.4019
vn 0.4134 -0.4244 0.8056
vn 0.6018 -0.1355 0.7870
vn 0.9376 0.1400 0.3183
vn 0.6152 0.1871 0.7658
vn 0.4817 0.4564 0.7481
vn 0.7717 0.5865 0.2458
vn 0.2522 0.6255 0.7383
vn -0.8332 0.4523 0.3183
vn -0.1195 -0.6992 0.7049
vn -0.1621 -0.6608 0.7328
vn -0.0736 -0.6764 0.7328
vn -0.1268 -0.6979 0.7049
vn 0.3696 -0.7143 0.5943
vn 0.6615 -0.3107 0.6825
vn 0.9162 -0.0861 0.3914
vn 0.9141 0.1623 0.3716
vn 0.6075 0.6898 0.3938
vn 0.0833 0.8552 0.5115
vn 0.8090 -0.0647 0.5842
vn 0.1591 0.8342 0.5280
vn 0.0561 0.8213 0.5677
vn 0.2282 0.7910 0.5677
vn 0.1358 0.8383 0.5280
vn 0.2306 0.8301 0.5076
vn -0.7850 0.2162 0.5806
vn -0.8070 0.4575 0.3734
vn -0.3379 0.8586 0.3857
vn -0.7282 -0.0647 0.6823
vn -0.8900 0.2326 0.3921
vn -0.5917 -0.5449 0.5941
vn 0.4515 0.8143 0.3647
vn 0.4515 0.8144 0.3647
vn -0.1457 0.9197 0.3647
vn -0.3080 0.4145 0.8564
vn -0.4311 -0.2842 0.8564
vn 0.3080 -0.4145 0.8564
vn 0.1457 -0.9197 0.3647
vn -0.4515 -0.8144 0.3647
vn 0.1458 -0.9197 0.3647
vn 0.4312 0.2842 0.8564
vn -0.3420 0.9397 0.0015
vn -0.9848 0.1736 0.0015
vn -0.6428 -0.7661 0.0015
vn -0.6428 -0.7660 0.0015
vn 0.3420 -0.9397 0.0015
vn 0.9848 -0.1736 0.0015
vn 0.6428 0.7660 0.0015
vn 0.6428 0.7661 0.0015
vn -0.5395 0.0951 -0.8366
vn -0.2587 0.7637 -0.5915
vn 0.5043 0.6291 0.5915
vn 0.5395 -0.0951 0.8366
vn -0.2587 0.7636 -0.5915
vn 0.8258 -0.1456 -0.5448
vn 0.8258 -0.1458 -0.5447
vn 0.8259 -0.1456 -0.5446
vn -0.8258 0.1456 0.5448
vn -0.8258 0.1455 0.5448
vn -0.8258 0.1459 0.5448
vn -0.7999 0.1411 0.5833
vn -0.8000 0.1410 0.5833
vn -0.5471 0.0964 0.8315
vn -0.5471 0.0965 0.8315
vn -0.1921 0.0339 0.9808
vn 0.1921 -0.0339 0.9808
vn 0.5471 -0.0965 0.8315
vn 0.8188 -0.1444 0.5556
vn 0.9659 -0.1703 0.1951
vn 0.9659 -0.1703 -0.1951
vn 0.8188 -0.1444 -0.5556
vn 0.5471 -0.0965 -0.8315
vn 0.1921 -0.0339 -0.9808
vn -0.1921 0.0339 -0.9808
vn -0.5471 0.0965 -0.8315
vn -0.7999 0.1410 -0.5833
vn -0.8000 0.1410 -0.5833
vn -0.4409 0.7978 0.4112
vn -0.2641 0.7646 0.5879
vn -0.0131 0.7203 0.6935
vn 0.2586 0.6724 0.6935
vn 0.5097 0.6281 0.5879
vn 0.7018 0.5943 0.3928
vn 0.8058 0.5759 0.1380
vn 0.8058 0.5759 -0.1379
vn 0.8058 0.5759 -0.1380
vn 0.7018 0.5943 -0.3929
vn 0.5097 0.6281 -0.5879
vn 0.2586 0.6724 -0.6935
vn -0.0131 0.7203 -0.6935
vn -0.2641 0.7646 -0.5879
vn -0.4427 0.7979 -0.4091
vn -0.4591 0.7702 -0.4428
vn -0.4551 0.7740 0.4403
vn -0.9917 0.1288 -0.0000
vn -0.9917 0.1283 0.0001
vn 0.1736 0.9847 0.0155
vn 0.0726 0.4116 -0.9085
vn 0.1328 0.7530 0.6445
vn 0.5395 -0.0951 -0.8366
vn 0.5043 0.6291 -0.5915
vn -0.2587 0.7637 0.5915
vn -0.5395 0.0951 0.8366
vn -0.8259 0.1455 -0.5447
vn -0.8258 0.1456 -0.5448
vn -0.8259 0.1456 -0.5447
vn 0.8259 -0.1453 0.5448
vn 0.8258 -0.1458 0.5448
vn 0.8258 -0.1456 0.5448
vn 0.7999 -0.1410 0.5833
vn 0.7999 -0.1411 0.5833
vn -0.8188 0.1444 0.5556
vn -0.9659 0.1703 0.1951
vn -0.9659 0.1703 -0.1951
vn -0.9659 0.1704 -0.1951
vn -0.8188 0.1444 -0.5556
vn 0.7999 -0.1410 -0.5833
vn 0.7999 -0.1411 -0.5833
vn 0.5097 0.6282 0.5879
vn 0.6898 0.5981 0.4080
vn -0.4562 0.7985 0.3929
vn -0.5602 0.8168 0.1380
vn -0.5602 0.8168 -0.1380
vn -0.4562 0.7985 -0.3929
vn 0.5097 0.6282 -0.5879
vn 0.6872 0.5989 -0.4113
vn 0.6923 0.5716 -0.4403
vn 0.6959 0.5644 0.4440
vn 0.9758 -0.2187 -0.0000
vn 0.9759 -0.2181 -0.0001
vn 0.9848 -0.1737 -0.0000
vn -0.9848 0.1737 -0.0000
vn -0.4923 0.0873 0.8660
vn 0.4925 -0.0864 0.8660
vn 0.4925 -0.0864 -0.8660
vn -0.4923 0.0873 -0.8660
vn -0.9847 0.1741 -0.0000
vn 0.0896 0.5082 -0.8566
vn 0.0896 0.5082 0.8566
vn 0.0896 0.5081 0.8566
vn 0.0323 0.1834 0.9825
vn -0.0306 -0.1736 -0.9843
vn -0.2141 0.9741 -0.0726
vn 0.5372 0.8403 -0.0725
vn -0.2143 0.9741 -0.0725
vn -0.8402 0.5374 -0.0726
vn -0.9741 -0.2142 -0.0726
vn -0.8403 0.5372 -0.0725
vn -0.9741 -0.2143 -0.0725
vn -0.5372 -0.8403 -0.0725
vn -0.5374 -0.8402 -0.0726
vn 0.5374 0.8402 -0.0726
vn 0.9741 0.2143 -0.0725
vn 0.9741 0.2142 -0.0726
vn 0.8403 -0.5372 -0.0725
vn 0.8402 -0.5373 -0.0726
vn 0.2143 -0.9741 -0.0725
vn 0.2142 -0.9741 -0.0726
vn 0.1736 0.9848 0.0019
vn 0.0547 0.3102 -0.9491
vn -0.7696 0.6315 0.0941
vn -0.7235 0.6903 0.0010
vn 0.0757 0.4292 0.9000
vn 0.0757 0.4292 0.9001
vn 0.9392 0.3302 0.0941
vn 0.9160 0.4013 0.0010
vn 0.5342 0.0364 0.8446
vn 0.5409 0.0425 0.8400
vn 0.9847 -0.1740 -0.0007
vn 0.9847 -0.1743 -0.0000
vn 0.1642 0.9315 0.3246
vn 0.1692 0.8994 0.4031
vn 0.1910 0.8352 0.5157
vn 0.1869 0.8345 0.5184
vn 0.1642 0.9315 0.3245
vn 0.1487 0.9031 0.4029
vn 0.1060 0.8502 0.5157
vn 0.1097 0.8481 0.5184
vn 0.0260 0.1474 0.9887
vn 0.0804 0.4557 0.8865
vn 0.0803 0.4557 0.8865
vn 0.1421 0.4639 0.8744
vn 0.1449 0.4353 0.8886
vn 0.0286 0.4920 0.8701
vn 0.0126 0.4587 0.8885
vn -0.5940 0.2311 0.7706
vn -0.5898 0.2242 0.7758
vn -0.9849 0.1730 -0.0000
vn -0.9849 0.1733 -0.0007
vn -0.7907 0.5110 0.3372
vn -0.4686 0.7794 0.4159
vn -0.2369 0.3437 0.9087
vn 0.0545 0.3092 0.9494
vn 0.3394 0.2437 0.9085
vn 0.0545 0.3093 0.9494
vn 0.7026 0.5767 0.4169
vn 0.9197 0.2030 0.3360
vn -0.3372 0.8106 0.4787
vn 0.1432 0.8121 0.5656
vn 0.5936 0.6463 0.4795
vn -0.6408 0.2351 0.7308
vn -0.6592 0.2412 0.7122
vn 0.0282 0.1599 0.9867
vn 0.1416 0.8029 0.5791
vn 0.1736 0.9848 -0.0071
vn 0.9847 -0.1741 -0.0066
vn 0.9847 -0.1743 -0.0043
vn 0.7020 0.0012 0.7122
vn 0.6826 0.0017 0.7308
vn 0.1736 0.9848 -0.0072
vn -0.9849 0.1732 -0.0066
vn -0.9849 0.1729 -0.0043
vn -0.0528 -0.9761 0.2109
vn -0.1697 -0.9623 0.2124
vn 0.2471 -0.9690 -0.0058
vn -0.3172 -0.9248 0.2099
vn -0.6479 -0.7617 -0.0055
vn 0.0279 0.1581 0.9870
vn -0.1732 -0.9822 0.0733
vn 0.1485 0.8419 0.5188
vn 0.1485 0.8419 0.5187
vn -0.3054 0.0477 0.9510
vn 0.3033 -0.0596 0.9510
vn 0.7956 -0.1465 0.5878
vn 0.9837 -0.1799 -0.0000
vn 0.7956 -0.1469 -0.5878
vn 0.3032 -0.0602 -0.9510
vn -0.3055 0.0471 -0.9510
vn -0.1536 0.5994 0.7856
vn 0.3493 0.5107 0.7856
vn -0.1536 0.5993 0.7856
vn -0.5604 0.6710 0.4855
vn -0.7158 0.6983 -0.0002
vn -0.5604 0.6708 -0.4858
vn -0.1536 0.5990 -0.7859
vn 0.3492 0.5103 -0.7859
vn 0.7560 0.4387 -0.4858
vn 0.7561 0.4386 -0.4858
vn 0.9115 0.4114 -0.0002
vn 0.7561 0.4389 0.4855
vn -0.7978 0.1340 -0.5878
vn -0.9859 0.1674 -0.0000
vn -0.7978 0.1344 0.5878
vn 0.1737 0.9848 -0.0003
vn 0.1736 0.9848 -0.0003
vn -0.9143 0.1612 -0.3716
vn 0.8598 -0.1516 -0.4876
vn 0.0043 -0.0007 1.0000
vn -0.0144 0.0025 0.9999
vn 0.4956 -0.0874 0.8642
vn 0.6189 -0.1091 -0.7778
vn 0.6190 -0.1091 -0.7778
vn 0.1691 0.9680 -0.1853
vn 0.1667 0.9567 -0.2386
vn 0.1706 0.9676 -0.1863
vn 0.1681 0.9582 -0.2316
vn -0.9825 0.1732 0.0690
vn -0.0000 -0.0001 1.0000
vn 0.2558 0.9418 -0.2181
vn 0.2558 0.9418 0.2181
vn 0.2509 0.9445 -0.2120
vn 0.3195 0.9234 -0.2129
vn 0.3751 0.9128 -0.1616
vn 0.3757 0.9126 -0.1616
vn 0.3757 0.9126 0.1616
vn 0.3195 0.9233 0.2129
vn 0.3751 0.9128 0.1616
vn 0.2509 0.9445 0.2120
vn -0.0543 -0.7805 -0.6229
vn -0.1307 -0.7696 -0.6250
vn -0.1213 -0.6966 -0.7071
vn 0.2338 0.7677 -0.5967
vn 0.1373 0.7885 -0.5995
vn 0.1251 0.6959 -0.7071
vn 0.2338 0.7677 0.5967
vn 0.1416 0.7878 0.5995
vn 0.1213 0.6966 0.7071
vn -0.0543 -0.7805 0.6229
vn -0.1340 -0.7691 0.6250
vn -0.1184 -0.6971 0.7071
vn -0.0000 0.0001 1.0000
vn 0.1819 0.9833 -0.0000
vn 0.1731 0.9820 0.0760
vn 0.0678 0.0599 0.9959
vn 0.0466 -0.0856 0.9952
vn -0.0000 -0.0001 -1.0000
vn 0.0001 -0.0000 -1.0000
vn 0.1319 0.7482 0.6502
vn -0.5622 0.8270 -0.0000
vn 0.7436 0.6686 -0.0000
vn 0.8112 0.5848 -0.0000
vn -0.4701 0.8826 -0.0000
vn 0.0011 0.9379 0.3468
vn 0.3190 0.8819 -0.3472
vn -0.3177 0.4446 0.8375
vn -0.4473 -0.4227 0.7882
vn -0.4624 -0.3070 0.8318
vn -0.3481 -0.8763 0.3331
vn 0.3190 0.8819 -0.3471
vn 0.4498 0.3092 -0.8379
vn 0.4498 0.3093 -0.8379
vn 0.3169 -0.4445 -0.8379
vn 0.2597 -0.5472 -0.7957
vn -0.0304 -0.9323 -0.3605
vn 0.8930 -0.1574 0.4217
vn 0.8929 -0.1574 0.4218
vn 0.8929 -0.1575 0.4218
vn -0.8929 0.1575 -0.4217
vn -0.8929 0.1574 -0.4218
vn -0.8929 0.1575 -0.4218
vn 0.4154 -0.0732 -0.9067
vn -0.7436 0.5467 -0.3848
vn -0.4153 0.0732 0.9067
vn 0.4153 -0.0732 -0.9067
vn -0.4154 0.0732 0.9067
vn -0.4154 0.0733 0.9067
vn 0.9513 -0.1677 0.2588
vn 0.9512 -0.1677 -0.2588
vn 0.6964 -0.1228 0.7071
vn 0.9513 -0.1677 -0.2588
vn 0.6964 -0.1228 -0.7071
vn 0.2549 -0.0450 -0.9659
vn 0.2549 -0.0449 -0.9659
vn -0.2549 0.0449 -0.9659
vn -0.6964 0.1228 -0.7071
vn -0.9513 0.1677 -0.2588
vn -0.9513 0.1677 0.2588
vn -0.6964 0.1228 0.7071
vn -0.2549 0.0450 0.9659
vn -0.2549 0.0449 0.9659
vn 0.2549 -0.0449 0.9659
vn 0.7954 0.5778 -0.1830
vn 0.6152 0.6095 -0.5000
vn 0.6152 0.6096 -0.5000
vn 0.3030 0.6646 -0.6830
vn -0.0574 0.7282 -0.6830
vn -0.3696 0.7832 -0.5000
vn -0.5498 0.8150 -0.1830
vn -0.5498 0.8150 0.1830
vn -0.3696 0.7832 0.5000
vn -0.0574 0.7281 0.6830
vn 0.3030 0.6646 0.6830
vn -0.0574 0.7282 0.6830
vn 0.6152 0.6095 0.5000
vn 0.6152 0.6096 0.5000
vn 0.7954 0.5778 0.1830
vn 0.8528 -0.1504 -0.5000
vn 0.6730 -0.5681 -0.4737
vn 0.6435 -0.6086 0.4643
vn 0.6422 -0.6047 0.4711
vn 0.6955 -0.6548 -0.2958
vn -0.8267 -0.3036 -0.4736
vn -0.6868 0.5646 0.4577
vn 0.1543 0.8748 -0.4592
vn 0.1543 0.8748 -0.4593
vn 0.6755 -0.5752 0.4614
vn -0.1542 -0.8748 -0.4592
vn -0.6868 0.5647 -0.4577
vn -0.0295 -0.1674 -0.9854
vn -0.0295 -0.1674 -0.9855
vn -0.1711 -0.9705 0.1700
vn -0.1711 -0.9705 0.1699
vn 0.7772 -0.6238 0.0827
vn 0.9437 0.3203 -0.0827
vn 0.1711 0.9705 -0.1700
vn -0.7772 0.6238 -0.0827
vn -0.9437 -0.3203 0.0827
vn -0.9848 0.1736 0.0081
vn -0.9802 0.1962 0.0274
vn -0.1432 -0.8121 0.5656
vn -0.1118 -0.6340 -0.7652
vn -0.0266 -0.1506 -0.9882
vn 0.1728 0.9798 -0.1003
vn 0.9802 -0.1962 -0.0274
vn 0.9848 -0.1736 -0.0081
vn 0.6081 -0.1072 -0.7866
vn -0.6081 0.1072 -0.7866
vn -0.2032 0.7372 -0.6444
vn 0.4430 0.6232 -0.6444
vn -0.7333 0.3803 -0.5636
vn -0.7322 0.3763 -0.5677
vn -0.8534 -0.2634 -0.4498
vn -0.8522 -0.2643 -0.4515
vn -0.4741 -0.7993 -0.3693
vn 0.1721 -0.9132 -0.3693
vn 0.7207 -0.5279 -0.4493
vn 0.7155 -0.5296 -0.4556
vn 0.8207 0.0924 -0.5639
vn 0.8207 0.0925 -0.5638
vn -0.0242 -0.1618 -0.9865
vn -0.0267 -0.1513 -0.9881
vn -0.0302 -0.1710 -0.9848
vn -0.0359 -0.1456 -0.9887
vn -0.8322 0.1467 -0.5347
vn 0.8322 -0.1467 -0.5348
vn -0.8322 0.1467 0.5348
vn 0.8322 -0.1467 0.5348
vn -0.8980 0.1583 0.4106
vn -0.8980 0.1584 0.4106
vn -0.4146 0.0731 0.9071
vn 0.4146 -0.0731 0.9071
vn 0.8980 -0.1583 0.4106
vn 0.8882 -0.1566 -0.4318
vn 0.4146 -0.0731 -0.9071
vn -0.4146 0.0731 -0.9071
vn -0.8882 0.1566 -0.4318
vn 0.1731 0.9816 -0.0811
vn 0.1730 0.9814 -0.0835
vn 0.1730 0.9814 -0.0831
vn 0.1730 0.9811 -0.0871
vn -0.5617 0.7596 -0.3280
vn -0.5659 0.7637 0.3107
vn -0.5250 0.7778 -0.3457
vn -0.1844 0.6840 -0.7058
vn -0.1934 0.7107 -0.6763
vn 0.4248 0.6017 -0.6763
vn 0.7593 0.5513 -0.3457
vn 0.7876 0.5217 -0.3280
vn 0.4072 0.5797 -0.7058
vn 0.7930 0.5241 0.3107
vn 0.8368 0.4703 0.2803
vn 0.4700 0.5557 0.6858
vn 0.4368 0.5249 0.7305
vn -0.2310 0.6426 0.7305
vn -0.2516 0.6829 0.6859
vn -0.6255 0.7282 0.2803
vn -0.9848 0.1736 0.0001
vn -0.0579 -0.3282 -0.9428
vn 0.0230 0.1305 -0.9912
vn 0.1142 0.6478 -0.7532
vn -0.1633 -0.9261 -0.3400
vn 0.1624 0.9211 -0.3537
vn -0.1227 -0.6964 -0.7071
vn 0.1227 0.6964 -0.7071
vn 0.1227 0.6964 0.7071
vn -0.1227 -0.6964 0.7071
vn -0.9848 0.1735 -0.0000
vn 0.9848 -0.1735 -0.0000
vn 0.1216 0.6897 -0.7138
vn -0.1216 -0.6897 0.7138
vn -0.1214 -0.6893 0.7142
vn -0.1215 -0.6892 0.7143
vn -0.1216 -0.6893 0.7142
vn 0.1239 0.7030 0.7003
vn 0.1239 0.7029 0.7004
vn -0.9848 0.1737 0.0001
vn -0.0017 -0.0096 -1.0000
vn -0.0016 -0.0091 -1.0000
vn 0.9848 -0.1735 0.0001
vn 0.9848 -0.1736 0.0003
vn 0.1240 0.7030 0.7003
vn -0.9845 0.1753 0.0017
vn -0.0579 -0.3283 -0.9428
vn -0.1633 -0.9261 -0.3401
vn 0.1624 0.9211 -0.3538
vn -0.1229 -0.6964 -0.7071
vn 0.1229 0.6964 -0.7071
vn 0.1229 0.6964 0.7071
vn -0.1229 -0.6964 0.7071
vn 0.1240 0.7029 0.7004
vn 0.9848 -0.1737 0.0001
vn -0.9848 0.1738 0.0001
vn -0.9848 0.1736 0.0003
vn 0.9851 -0.1720 0.0017
vn 0.9851 -0.1720 0.0016
vn -0.0211 -0.1200 -0.9925
vn -0.0213 -0.1201 -0.9925
vn -0.0212 -0.1200 -0.9925
vn -0.0211 -0.1200 -0.9926
vn 0.6771 -0.7345 0.0450
vn 0.1957 -0.9782 0.0690
vn 0.8360 -0.5479 0.0293
vn 0.9999 0.0038 -0.0132
vn 0.8859 0.4617 -0.0452
vn 0.6386 0.7668 -0.0643
vn -0.3757 0.9246 -0.0628
vn -0.8573 0.5142 -0.0265
vn -0.9965 0.0832 0.0068
vn -0.9822 -0.1862 0.0263
vn -0.9822 -0.1863 0.0263
vn -0.8035 -0.5929 0.0537
vn -0.3972 -0.9149 0.0720
vn -0.0212 -0.1201 -0.9925
vn -0.0212 -0.1200 -0.9926
vn -0.0213 -0.1199 -0.9926
vn -0.0212 -0.1198 -0.9926
vn -0.0211 -0.1201 -0.9925
vn -0.0212 -0.1202 -0.9925
vn -0.6778 0.7323 -0.0652
vn -0.1965 0.9754 -0.1000
vn -0.6778 0.7323 -0.0651
vn -0.8332 0.5512 -0.0430
vn -0.9998 -0.0060 0.0194
vn -0.8858 -0.4594 0.0655
vn -0.6539 -0.7509 0.0921
vn 0.3781 -0.9213 0.0909
vn 0.8576 -0.5128 0.0384
vn 0.9965 -0.0836 -0.0098
vn 0.9820 0.1848 -0.0381
vn 0.8034 0.5903 -0.0778
vn 0.3970 0.9119 -0.1044
vn 0.3969 0.9119 -0.1044
vn -0.1965 0.9754 -0.1001
vn 0.0211 0.1200 0.9925
vn 0.0212 0.1200 0.9925
vn 0.0212 0.1201 0.9925
vn 0.3664 -0.1998 -0.9087
vn 0.9001 -0.2151 -0.3790
vn 0.3416 -0.1940 -0.9196
vn -0.0246 -0.1397 -0.9899
vn -0.4121 -0.0596 -0.9092
vn -0.3879 -0.0684 -0.9192
vn -0.9444 0.1213 -0.3055
vn -0.9444 0.1210 -0.3057
vn -0.9276 0.1193 -0.3541
vn -0.9851 0.1712 -0.0167
vn -0.9895 0.1447 0.0042
vn -0.9835 0.1810 -0.0011
vn -0.9827 0.1820 0.0333
vn -0.9851 0.1713 -0.0166
vn 0.9004 -0.2151 -0.3781
vn -0.8979 0.2149 0.3841
vn -0.9848 0.1736 0.0002
vn -0.8999 0.2151 0.3793
vn -0.3622 0.1993 0.9105
vn -0.3369 0.1936 0.9214
vn 0.0246 0.1398 0.9899
vn 0.4080 0.0607 0.9110
vn 0.3833 0.0695 0.9210
vn 0.9419 -0.1194 0.3139
vn 0.9434 -0.1270 0.3065
vn 0.9838 -0.1795 -0.0002
vn 0.9854 -0.1694 0.0163
vn 0.9835 -0.1812 0.0011
vn 0.9838 -0.1792 0.0008
vn 0.9834 -0.1799 -0.0249
vn 0.9280 -0.1176 0.3534
vn 0.0246 0.1395 0.9899
vn 0.0245 0.1395 0.9899
vn 0.1720 0.9749 -0.1414
vn 0.1720 0.9749 -0.1413
vn 0.1722 0.9748 -0.1415
vn 0.1720 0.9749 -0.1416
vn 0.1721 0.9748 -0.1418
vn 0.1719 0.9749 -0.1418
vn 0.1717 0.9749 -0.1418
vn 0.1718 0.9749 -0.1417
vn 0.1716 0.9750 -0.1415
vn 0.1718 0.9749 -0.1414
vn 0.1719 0.9749 -0.1414
vn 0.1719 0.9749 -0.1413
vn -0.1719 -0.9748 0.1419
vn -0.1719 -0.9748 0.1420
vn -0.1718 -0.9749 0.1419
vn -0.1718 -0.9749 0.1420
vn -0.1720 -0.9748 0.1419
vn -0.0004 0.1453 0.9894
vn 0.0062 0.1437 0.9896
vn 0.1076 0.6978 0.7081
vn 0.1224 0.6935 0.7100
vn -0.7135 0.0258 -0.7002
vn -0.6792 0.2198 0.7002
vn 0.7135 -0.0258 0.7002
vn 0.7134 -0.0258 0.7002
vn 0.6793 -0.2198 -0.7002
vn -0.6793 0.2198 0.7002
vn -0.6792 0.2198 0.7003
vn 0.7134 -0.0258 0.7003
vn -0.7134 0.0258 -0.7002
vn 0.6792 -0.2198 -0.7002
vn 0.3630 0.0849 0.9279
vn 0.9202 -0.1016 0.3781
vn 0.3630 0.0850 0.9279
vn -0.3512 0.2085 0.9128
vn -0.3512 0.2084 0.9128
vn -0.8994 0.2193 0.3781
vn -0.9202 0.1016 -0.3780
vn -0.4019 -0.0755 -0.9126
vn 0.3127 -0.2040 -0.9277
vn 0.3127 -0.2039 -0.9277
vn 0.8994 -0.2193 -0.3780
vn 0.8995 -0.2192 -0.3780
vn -0.1719 -0.9749 0.1412
vn -0.1718 -0.9749 0.1414
vn -0.1724 -0.9748 0.1414
vn -0.1719 -0.9749 0.1416
vn -0.1720 -0.9749 0.1411
vn -0.0251 -0.1425 -0.9895
vn -0.0251 -0.1426 -0.9895
vn 0.1720 0.9755 -0.1368
vn -0.1720 -0.9758 0.1353
vn -0.1721 -0.9758 0.1353
vn -0.1720 -0.9757 0.1356
vn 0.1721 0.9755 -0.1371
vn -0.0246 -0.1395 -0.9899
vn 0.1719 0.9750 -0.1410
vn 0.1715 0.9749 -0.1423
vn -0.1719 -0.9749 0.1415
vn -0.1718 -0.9749 0.1416
vn -0.4711 0.2076 0.8573
vn -0.5137 -0.0339 -0.8573
vn 0.4711 -0.2076 -0.8573
vn 0.5137 0.0339 0.8573
vn 0.1719 0.9749 -0.1416
vn 0.9845 -0.1752 -0.0111
vn 0.8025 -0.2237 -0.5531
vn 0.9848 -0.1729 -0.0151
vn 0.8028 -0.2240 -0.5526
vn 0.1060 -0.1649 -0.9806
vn -0.1560 -0.1187 -0.9806
vn -0.8306 0.0640 -0.5532
vn -0.8309 0.0644 -0.5528
vn -0.9846 0.1650 -0.0581
vn -0.1653 -0.9375 -0.3062
vn -0.1727 -0.9794 0.1043
vn 0.1221 -0.8782 -0.4625
vn -0.1653 -0.9375 -0.3061
vn -0.4351 -0.7589 -0.4846
vn -0.2498 -0.7265 -0.6401
vn -0.4558 -0.7186 -0.5252
vn -0.1553 -0.8807 -0.4475
vn -0.0138 -0.7681 -0.6402
vn -0.0451 -0.5899 -0.8062
vn -0.1594 -0.5698 -0.8062
vn 0.1769 -0.8299 -0.5291
vn -0.1726 -0.9795 0.1041
vn 0.2132 0.5171 -0.8290
vn 0.1270 0.7207 -0.6816
vn -0.0235 0.5589 -0.8289
vn 0.1152 0.3192 -0.9406
vn 0.0009 0.3394 -0.9406
vn -0.2096 0.6510 -0.7296
vn -0.5762 0.7983 -0.1749
vn -0.3200 0.5007 -0.8043
vn -0.4742 0.8667 -0.1550
vn 0.1711 0.9689 -0.1787
vn 0.1710 0.9689 -0.1789
vn 0.4725 0.3586 -0.8051
vn 0.1224 0.6941 -0.7094
vn 0.1219 0.6953 -0.7083
vn 0.8175 0.5582 -0.1417
vn 0.7426 0.6578 -0.1258
vn 0.4196 0.5400 -0.7296
vn 0.1719 0.9750 -0.1411
vn 0.1726 0.9745 -0.1436
vn -0.9194 0.1057 -0.3790
vn -0.4127 -0.0625 -0.9087
vn -0.3874 -0.0655 -0.9196
vn 0.3669 -0.1970 -0.9092
vn 0.9289 -0.2093 -0.3057
vn 0.3411 -0.1969 -0.9192
vn 0.9124 -0.2051 -0.3541
vn 0.9290 -0.2091 -0.3055
vn 0.9861 -0.1662 -0.0011
vn 0.9842 -0.1760 -0.0167
vn 0.9793 -0.2025 0.0042
vn 0.9858 -0.1651 0.0314
vn 0.9843 -0.1760 -0.0166
vn -0.9197 0.1058 -0.3781
vn 0.9848 -0.1736 0.0001
vn 0.9173 -0.1051 0.3841
vn 0.9848 -0.1737 0.0002
vn 0.9192 -0.1056 0.3793
vn 0.4085 0.0635 0.9105
vn 0.3828 0.0667 0.9214
vn -0.3626 0.1966 0.9110
vn -0.3364 0.1964 0.9210
vn -0.9259 0.2100 0.3139
vn -0.9123 0.2069 0.3534
vn -0.9858 0.1681 0.0008
vn -0.9856 0.1673 -0.0236
vn -0.9861 0.1661 0.0011
vn -0.9858 0.1678 -0.0002
vn -0.9839 0.1779 0.0163
vn -0.9299 0.2033 0.3065
vn 0.0247 0.1395 0.9899
vn 0.1718 0.9749 -0.1413
vn 0.1721 0.9748 -0.1417
vn 0.1720 0.9748 -0.1417
vn -0.1723 -0.9759 0.1341
vn -0.1721 -0.9759 0.1341
vn -0.1718 -0.9748 0.1419
vn 0.0501 0.1363 0.9894
vn 0.0434 0.1372 0.9896
vn 0.1377 0.6925 0.7081
vn 0.1223 0.6935 0.7100
vn -0.3636 -0.0847 -0.9277
vn 0.3518 -0.2084 -0.9126
vn 0.4013 0.0757 0.9128
vn 0.4013 0.0758 0.9128
vn -0.3120 0.2040 0.9279
vn -0.3120 0.2039 0.9279
vn -0.1720 -0.9749 0.1414
vn -0.1714 -0.9750 0.1414
vn -0.1718 -0.9750 0.1411
vn -0.0300 -0.1703 -0.9849
vn 0.0704 -0.1587 -0.9848
vn -0.1851 -0.9734 0.1353
vn 0.1719 0.9755 -0.1371
vn -0.0270 -0.1530 -0.9879
vn 0.1723 0.9747 -0.1423
vn -0.3000 -0.5909 0.7489
vn 0.1717 0.9747 -0.1429
vn 0.1715 0.9748 -0.1429
vn 0.4551 0.0610 0.8883
vn -0.1899 -0.9730 0.1312
vn -0.8306 0.0643 -0.5531
vn -0.9850 0.1720 -0.0111
vn -0.9846 0.1743 -0.0151
vn -0.8359 0.0616 -0.5454
vn -0.1563 -0.1265 -0.9796
vn -0.1444 -0.1210 -0.9821
vn 0.8024 -0.2240 -0.5532
vn 0.1059 -0.1649 -0.9806
vn 0.8028 -0.2237 -0.5528
vn 0.9816 -0.1817 -0.0581
vn -0.1728 -0.9794 0.1041
vn -0.4151 -0.7834 -0.4625
vn 0.1493 -0.8619 -0.4846
vn -0.0138 -0.7682 -0.6401
vn 0.1826 -0.8311 -0.5252
vn -0.1594 -0.5697 -0.8062
vn -0.4501 -0.7193 -0.5291
vn -0.2498 -0.7265 -0.6402
vn 0.1707 0.9690 -0.1787
vn 0.7420 0.6522 -0.1550
vn 0.8145 0.5531 -0.1749
vn 0.4196 0.5401 -0.7296
vn 0.4720 0.3610 -0.8043
vn 0.1233 0.6951 -0.7083
vn 0.1341 0.7067 -0.6947
vn 0.2132 0.5171 -0.8289
vn -0.0720 0.5857 -0.8073
vn -0.0264 0.3435 -0.9388
vn -0.0686 0.5906 -0.8040
vn 0.1152 0.3193 -0.9406
vn -0.1758 0.6364 -0.7510
vn -0.3050 0.4773 -0.8241
vn -0.5773 0.8042 -0.1416
vn -0.4729 0.8721 -0.1258
vn 0.1706 0.9690 -0.1789
vn -0.1718 -0.9749 0.1417
vn 0.1711 0.9747 -0.1436
vn 0.0148 0.0837 0.9964
vn 0.0144 0.0823 0.9965
vn 0.0243 0.0816 0.9964
vn 0.0157 0.0875 0.9960
vn -0.4492 0.8925 -0.0396
vn -0.4404 0.8969 -0.0405
vn -0.9845 0.1755 -0.0001
vn 0.1758 0.9832 -0.0495
vn 0.1734 0.9836 -0.0495
vn -0.0133 -0.0755 -0.9971
vn -0.0128 -0.0759 -0.9970
vn -0.0134 -0.0758 -0.9970
vn -0.9843 0.1763 -0.0001
vn -0.1734 -0.9836 0.0503
vn 0.0148 0.0838 0.9964
vn 0.0146 0.0823 0.9965
vn 0.0051 0.0850 0.9964
vn 0.0152 0.0876 0.9960
vn 0.7206 0.6922 -0.0405
vn 0.7274 0.6851 -0.0396
vn 0.9851 -0.1718 -0.0001
vn 0.1710 0.9840 -0.0495
vn -0.0139 -0.0757 -0.9970
vn 0.9853 -0.1711 -0.0001
vn 0.1539 0.8730 0.4629
vn 0.0863 0.4896 0.8677
vn -0.0082 -0.0467 0.9989
vn -0.1392 -0.7895 0.5978
vn -0.1736 -0.9848 0.0009
vn 0.3026 0.9531 -0.0000
vn 0.0416 0.9991 -0.0000
vn 0.0418 0.9991 0.0015
vn 0.3024 0.9532 0.0015
vn 0.6534 0.7570 0.0035
vn 0.6228 0.7795 -0.0667
vn 0.1731 0.9820 -0.0760
vn -0.3186 0.9455 -0.0667
vn -0.3550 0.9348 0.0034
vn -0.0242 -0.1373 -0.9902
vn -0.0295 -0.1671 -0.9855
vn -0.0242 -0.1374 -0.9902
vn -0.0344 -0.1420 -0.9893
vn -0.0240 -0.1359 -0.9904
vn -0.0163 -0.1452 -0.9893
vn -0.1733 -0.9830 -0.0601
vn -0.1474 -0.8362 -0.5283
vn 0.0046 0.0262 -0.9996
vn 0.1358 0.7706 -0.6227
vn 0.1359 0.7706 -0.6226
vn 0.1733 0.9834 -0.0544
vn 0.0964 0.5469 0.8316
vn 0.0964 0.5469 0.8317
vn -0.0557 -0.3159 0.9471
vn 0.0491 0.2784 0.9592
vn -0.9848 0.1735 0.0002
vn -0.9848 0.1737 -0.0004
vn -0.9848 0.1735 0.0001
vn -0.0902 -0.5117 0.8544
vn -0.0344 -0.1952 0.9802
vn -0.0971 -0.5507 0.8290
vn -0.1440 -0.8164 0.5592
vn -0.1728 -0.9800 0.0985
vn -0.1635 -0.9275 -0.3361
vn -0.0942 -0.5340 -0.8402
vn -0.0366 -0.2076 -0.9775
vn -0.1120 -0.6353 -0.7641
vn 0.0317 0.1800 0.9832
vn 0.0863 0.4896 0.8676
vn -0.1734 -0.9830 -0.0601
vn -0.1475 -0.8362 -0.5283
vn 0.1359 0.7706 -0.6227
vn 0.1734 0.9833 -0.0544
vn 0.9848 -0.1738 0.0002
vn 0.9848 -0.1738 -0.0000
vn 0.9848 -0.1738 0.0001
vn 0.9848 -0.1736 -0.0004
vn -0.9844 0.1761 -0.0002
vn -0.9848 0.1734 -0.0000
vn -0.9849 0.1734 -0.0000
vn -0.1531 -0.8682 0.4720
vn 0.1702 0.9655 0.1972
vn 0.1736 0.9848 0.0023
vn -0.0627 -0.3555 0.9326
vn 0.0917 0.5199 -0.8493
vn 0.9848 -0.1739 -0.0000
vn 0.9852 -0.1711 -0.0002
vn 0.0308 0.1749 0.9841
vn 0.0314 0.1742 0.9842
vn 0.0301 0.1744 0.9842
vn -0.0949 0.4314 0.8972
vn 0.2379 0.3721 0.8972
vn 0.4314 0.0949 0.8972
vn 0.3721 -0.2379 0.8972
vn 0.0949 -0.4314 0.8972
vn -0.4314 -0.0949 0.8972
vn -0.2379 -0.3721 0.8972
vn -0.3721 0.2379 0.8972
vn -0.0866 0.3939 -0.9151
vn 0.2173 0.3397 -0.9151
vn -0.3397 0.2173 -0.9151
vn -0.3939 -0.0866 -0.9151
vn -0.2173 -0.3397 -0.9151
vn 0.0866 -0.3939 -0.9151
vn 0.3397 -0.2173 -0.9151
vn 0.3939 0.0866 -0.9151
vn 0.9032 -0.1593 0.3987
vn -0.9818 -0.1734 -0.0780
vn 0.8257 -0.5626 -0.0405
vn 0.8632 -0.4987 -0.0780
vn -0.9684 -0.2463 -0.0405
vn 0.7041 -0.0741 0.7063
vn 0.7174 0.0908 0.6907
vn 0.7041 -0.0741 0.7062
vn 0.7174 0.0907 0.6907
vn -0.6431 0.3306 0.6907
vn -0.6433 0.3299 -0.6909
vn -0.6870 0.1712 0.7062
vn -0.6870 0.1712 0.7063
vn -0.6434 0.3299 -0.6909
vn -0.6870 0.1712 -0.7062
vn 0.7174 0.0900 -0.6909
vn 0.7041 -0.0741 -0.7063
vn 0.7041 -0.0741 -0.7062
vn 0.7456 0.6664 -0.0001
vn 0.7465 0.6654 0.0002
vn -0.4896 0.8719 -0.0001
vn -0.4908 0.8712 0.0002
vn 0.1707 0.9502 0.2607
vn -0.6651 0.7468 -0.0000
vn 0.1678 0.9516 0.2575
vn 0.8781 0.4784 -0.0000
vn -0.6650 0.7468 -0.0000
vn 0.1810 0.9657 0.1864
vn 0.1707 0.9679 0.1844
vn 0.4093 0.9124 -0.0078
vn 0.4077 0.9131 -0.0000
vn -0.0726 0.9973 0.0078
vn -0.0708 0.9975 -0.0000
vn 0.1735 0.9848 0.0002
vn 0.1735 0.9848 0.0003
vn 0.8419 -0.1485 0.5188
vn 0.8419 -0.1484 0.5188
vn -0.5109 0.0901 0.8549
vn 0.7168 -0.1264 -0.6857
vn 0.1475 0.8373 0.5264
vn -0.9771 0.0973 0.1892
vn 0.9378 -0.2576 0.2328
vn 0.1475 0.8374 0.5264
vn -0.1707 -0.9671 -0.1888
vn -0.1707 -0.9671 -0.1887
vn 0.9226 -0.1627 0.3499
vn 0.9458 -0.1668 0.2788
vn -0.9495 0.1674 0.2653
vn -0.9464 0.1669 0.2765
vn -0.9405 0.1658 0.2966
vn -0.9716 0.1713 0.1633
vn -0.9493 0.1674 0.2662
vn -0.9444 0.1665 0.2833
vn -0.9705 0.1711 0.1696
vn -0.9684 0.1708 0.1818
vn -0.9714 0.1713 0.1644
vn -0.9716 0.1713 0.1632
vn -0.9466 0.1669 0.2759
vn 0.9387 -0.1655 0.3022
vn 0.9444 -0.1665 0.2836
vn 0.9603 -0.1693 0.2216
vn 0.9581 -0.1689 0.2313
vn 0.9435 -0.1664 0.2867
vn 0.9477 -0.1671 0.2721
vn 0.9550 -0.1684 0.2443
vn 0.9051 -0.3234 0.2761
vn 0.9610 -0.1694 0.2187
vn -0.9705 0.1712 0.1696
vn 0.8113 0.5747 0.1068
vn 0.8220 0.5346 -0.1965
vn 0.8164 0.5670 0.1092
vn 0.8120 0.5557 -0.1786
vn -0.5655 0.8176 -0.1083
vn -0.5567 0.8240 -0.1054
vn -0.4722 0.7621 -0.4429
vn -0.4991 0.7554 -0.4245
vn -0.8050 -0.5838 -0.1054
vn -0.6970 -0.5512 -0.4587
vn -0.7209 -0.5356 -0.4398
vn -0.8111 -0.5749 -0.1082
vn 0.5733 -0.8120 0.1092
vn 0.5889 -0.7794 -0.2137
vn 0.5719 -0.7966 -0.1957
vn 0.5659 -0.8175 0.1068
vn -0.1832 0.0323 0.9825
vn 0.8114 0.5747 0.1069
vn 0.8112 0.5522 -0.1924
vn 0.8205 0.5320 -0.2092
vn -0.5655 0.8176 -0.1082
vn -0.4932 0.7548 -0.4324
vn -0.4703 0.7603 -0.4481
vn -0.7020 -0.5535 -0.4481
vn -0.7216 -0.5406 -0.4325
vn 0.5891 -0.7805 -0.2093
vn 0.5659 -0.8175 0.1069
vn 0.5734 -0.7964 -0.1924
vn 0.8187 0.5742 0.0115
vn 0.5729 -0.8195 0.0115
vn 0.5736 -0.8191 0.0115
vn 0.5735 -0.8192 -0.0055
vn 0.5312 -0.8086 -0.2529
vn 0.5738 -0.8190 -0.0055
vn 0.8193 0.5733 -0.0055
vn 0.8023 0.5805 -0.1391
vn 0.5269 -0.8118 -0.2516
vn 0.4446 -0.7857 -0.4300
vn 0.4390 -0.7902 -0.4276
vn 0.7923 0.5772 -0.1977
vn 0.8097 0.5697 -0.1411
vn -0.4441 0.7855 0.4309
vn -0.5268 0.8118 0.2521
vn 0.7961 0.5711 -0.2001
vn -0.4385 0.7900 0.4285
vn -0.5117 0.8078 0.2925
vn -0.7330 -0.5886 0.3409
vn -0.7964 -0.5710 0.1991
vn -0.7322 -0.5900 0.3402
vn -0.7926 -0.5771 0.1968
vn -0.8026 -0.5805 0.1378
vn -0.8100 -0.5695 0.1398
vn -0.8191 -0.5736 0.0054
vn -0.5736 0.8191 0.0054
vn -0.8193 -0.5733 0.0055
vn -0.5739 0.8189 0.0055
vn -0.5311 0.8085 0.2534
vn -0.5731 0.8194 -0.0115
vn 0.8191 0.5735 0.0115
vn 0.8191 0.5736 -0.0055
vn -0.5736 0.8191 -0.0116
vn -0.8191 -0.5735 -0.0116
vn -0.8188 -0.5740 -0.0115
vn -0.6743 -0.5989 0.4320
vn -0.6747 -0.5983 0.4323
vn -0.8109 -0.5752 0.1075
vn -0.7606 -0.5863 -0.2787
vn -0.8113 -0.5747 0.1075
vn -0.7637 -0.5817 -0.2799
vn -0.7605 -0.5865 -0.2787
vn -0.7605 -0.5865 -0.2786
vn -0.5061 0.8046 -0.3105
vn -0.5061 0.8047 -0.3105
vn -0.5015 0.8080 -0.3094
vn 0.7605 0.5868 0.2780
vn 0.7606 0.5867 0.2780
vn 0.7640 0.5816 0.2794
vn 0.7608 0.5864 0.2781
vn 0.5662 -0.8176 -0.1042
vn 0.5657 -0.8180 -0.1042
vn 0.5012 -0.8079 0.3099
vn 0.8108 0.5753 -0.1076
vn 0.8112 0.5747 -0.1076
vn 0.5059 -0.8046 0.3110
vn -0.4351 0.7951 0.4225
vn 0.6746 0.5983 -0.4323
vn -0.4348 0.7954 0.4223
vn -0.5662 0.8176 0.1043
vn -0.5127 0.8070 0.2931
vn 0.7331 0.5886 -0.3407
vn 0.7325 0.5898 -0.3401
vn 0.6744 0.5988 -0.4321
vn 0.5127 -0.8068 -0.2934
vn 0.4353 -0.7950 -0.4226
vn 0.5116 -0.8078 -0.2926
vn 0.4348 -0.7954 -0.4223
vn 0.5012 -0.8080 0.3099
vn 0.5060 -0.8045 0.3110
vn 0.3651 -0.7824 0.5045
vn 0.6107 0.6104 0.5045
vn 0.6107 0.6103 0.5045
vn 0.2377 0.6760 0.6975
vn -0.0078 -0.7166 0.6975
vn 0.2378 0.6761 0.6974
vn -0.0078 -0.7166 0.6974
vn -0.2412 0.7606 0.6028
vn -0.4868 -0.6322 0.6028
vn -0.2412 0.7605 0.6028
vn -0.7509 -0.5735 0.3275
vn -0.7489 -0.5889 0.3038
vn -0.7419 -0.5902 0.3182
vn -0.7559 -0.5771 0.3091
vn -0.8235 -0.5673 -0.0092
vn -0.1960 0.9702 0.1424
vn -0.5386 0.8139 0.2178
vn -0.8191 -0.5736 -0.0102
vn -0.5670 0.8196 0.0817
vn -0.5700 0.8175 0.0818
vn -0.5732 0.8194 0.0074
vn 0.8191 0.5737 0.0042
vn 0.8191 0.5736 0.0095
vn -0.5742 0.8187 0.0073
vn 0.8235 0.5673 0.0092
vn 0.7745 0.5824 -0.2469
vn 0.7760 0.5800 -0.2477
vn 0.5386 -0.8139 -0.2180
vn 0.5670 -0.8196 -0.0815
vn 0.5700 -0.8175 -0.0817
vn 0.1960 -0.9702 -0.1421
vn 0.1880 -0.9654 -0.1806
vn 0.2412 -0.7606 -0.6027
vn 0.4553 -0.7984 -0.3941
vn 0.2411 -0.7607 -0.6027
vn 0.4868 0.6323 -0.6027
vn 0.7009 0.5945 -0.3941
vn -0.2378 -0.6762 -0.6973
vn 0.0078 0.7168 -0.6973
vn -0.6107 -0.6103 -0.5046
vn -0.3651 0.7824 -0.5046
vn 0.0078 0.7167 -0.6974
vn -0.2378 -0.6761 -0.6974
vn -0.6107 -0.6104 -0.5045
vn 0.5732 -0.8194 -0.0073
vn 0.5740 -0.8188 -0.0073
vn 0.7009 0.5944 -0.3941
vn -0.8191 -0.5737 -0.0042
vn -0.8192 -0.5734 -0.0042
vn -0.1884 0.9657 0.1789
vn -0.4554 0.7983 0.3942
vn -0.3651 0.7824 -0.5045
vn 0.7640 0.5816 0.2795
vn -0.5657 0.8180 0.1043
vn 0.1547 0.9457 -0.2859
vn 0.1547 0.9457 -0.2860
vn 0.1471 0.9135 0.3794
vn 0.1472 0.9134 0.3794
vn 0.9870 -0.1604 0.0034
vn 0.0290 0.1991 0.9796
vn 0.0290 0.1990 0.9796
vn -0.1274 -0.7706 0.6245
vn -0.1275 -0.7705 0.6246
vn 0.1464 0.8919 -0.4279
vn 0.1465 0.8919 -0.4278
vn 0.9870 -0.1604 0.0035
vn 0.9870 -0.1607 0.0015
vn -0.1273 -0.7706 0.6245
vn -0.1274 -0.7705 0.6246
vn 0.9852 -0.1703 0.0199
vn 0.9852 -0.1703 0.0198
vn 0.0881 -0.0323 -0.9956
vn 0.0884 -0.0323 -0.9956
vn -0.0881 0.0323 0.9956
vn -0.0885 0.0323 0.9956
vn 0.1698 0.9855 -0.0036
vn 0.1098 -0.0566 -0.9923
vn 0.1204 -0.0377 -0.9920
vn -0.1695 -0.9855 0.0036
vn -0.1097 0.0568 0.9923
vn -0.1205 0.0376 0.9920
vn -0.1698 -0.9855 0.0036
vn -0.1167 0.0166 0.9930
vn -0.1204 0.0378 0.9920
vn 0.1168 -0.0164 -0.9930
vn 0.1205 -0.0379 -0.9920
vn 0.0885 -0.0323 -0.9956
vn 0.1097 -0.0568 -0.9923
vn -0.1098 0.0567 0.9923
vn -0.1168 0.0164 0.9930
vn -0.1205 0.0378 0.9920
vn 0.1696 0.9855 -0.0036
vn 0.1695 0.9855 -0.0036
vn 0.1167 -0.0166 -0.9930
vn 0.1204 -0.0379 -0.9920
vn -0.0880 0.0323 0.9956
vn 0.1204 -0.0378 -0.9920
vn -0.1696 -0.9855 0.0036
vn -0.1205 0.0379 0.9920
vn -0.1204 0.0379 0.9920
vn 0.0883 -0.0323 -0.9956
vn 0.0886 -0.0324 -0.9955
vn 0.0880 -0.0322 -0.9956
vn 0.1097 -0.0569 -0.9923
vn -0.1697 -0.9855 0.0036
vn -0.1204 0.0376 0.9920
vn 0.1167 -0.0165 -0.9930
vn -0.0883 0.0323 0.9956
vn -0.0884 0.0323 0.9956
vn -0.1167 0.0165 0.9930
vn 0.1204 -0.0380 -0.9920
vn 0.9883 -0.1526 0.0058
vn 0.0763 0.9177 0.3898
vn 0.0765 0.9177 0.3899
vn 0.0659 0.3959 -0.9159
vn 0.0658 0.3959 -0.9159
vn -0.0546 -0.9267 -0.3719
vn -0.0468 -0.9202 -0.3887
vn -0.0655 -0.3959 0.9159
vn -0.0656 -0.3960 0.9159
vn 0.0546 0.9266 0.3721
vn 0.0468 0.9201 0.3889
vn -0.0658 -0.3959 0.9159
vn -0.0659 -0.3959 0.9159
vn 0.0522 0.9123 0.4061
vn 0.0657 0.3959 -0.9159
vn 0.0655 0.3959 -0.9159
vn -0.0522 -0.9122 -0.4063
vn -0.0467 -0.9202 -0.3886
vn 0.9881 -0.1540 -0.0022
vn -0.1333 -0.9910 -0.0109
vn -0.0849 -0.9963 -0.0095
vn -0.0825 -0.9932 0.0823
vn -0.0491 -0.9987 -0.0121
vn 0.0785 0.9969 0.0095
vn 0.0854 0.9963 0.0093
vn 0.0014 0.0253 -0.9997
vn 0.0014 0.0254 -0.9997
vn -0.0014 -0.0258 0.9997
vn -0.0003 -0.0255 0.9997
vn 0.0828 0.9965 0.0130
vn 0.0831 0.9965 0.0121
vn 0.0828 0.9965 0.0114
vn 0.0831 0.9965 0.0124
vn -0.0828 -0.9965 -0.0113
vn -0.0831 -0.9965 -0.0125
vn 0.9881 -0.1540 -0.0023
vn -0.1335 -0.9910 -0.0113
vn -0.0846 -0.9964 -0.0099
vn -0.0490 -0.9987 -0.0122
vn 0.0789 0.9968 0.0099
vn 0.0851 0.9963 0.0097
vn 0.0830 0.9965 0.0121
vn 0.0831 0.9965 0.0123
vn 0.0015 0.0254 -0.9997
vn -0.0830 -0.9965 -0.0121
vn 0.9826 -0.1849 0.0165
vn -0.2101 -0.6593 0.7219
vn -0.2103 -0.6593 0.7219
vn 0.1758 0.6900 -0.7022
vn 0.1677 0.6691 -0.7240
vn -0.1758 -0.6900 0.7021
vn -0.1677 -0.6689 0.7242
vn -0.1226 -0.7054 -0.6981
vn -0.1229 -0.7051 -0.6984
vn -0.1679 -0.6452 0.7453
vn -0.1677 -0.6691 0.7240
vn 0.1549 0.6407 -0.7520
vn 0.1559 0.6715 -0.7244
vn 0.5742 -0.8165 -0.0606
vn -0.8186 -0.5712 -0.0607
vn -0.8127 -0.5795 -0.0601
vn -0.7958 -0.5602 -0.2300
vn -0.7872 -0.5686 -0.2387
vn 0.5660 -0.8222 -0.0601
vn 0.5581 -0.8013 -0.2156
vn 0.5484 -0.8058 -0.2236
vn 0.8187 0.5712 0.0595
vn 0.8247 0.5624 0.0600
vn 0.7861 0.5499 -0.2824
vn 0.7925 0.5347 -0.2932
vn -0.5827 0.8104 0.0600
vn -0.5482 0.7826 -0.2951
vn -0.5603 0.7693 -0.3071
vn -0.5743 0.8165 0.0594
vn 0.8188 0.5721 0.0484
vn 0.8175 0.5704 0.0792
vn -0.5741 0.8174 0.0484
vn -0.5740 0.8170 0.0557
vn 0.8188 0.5720 0.0484
vn -0.5741 0.8173 0.0484
vn -0.5732 0.8189 -0.0276
vn -0.5740 0.8188 0.0071
vn -0.5741 0.8188 0.0071
vn -0.5742 0.8180 0.0346
vn -0.5736 0.8190 -0.0132
vn 0.8191 0.5726 0.0347
vn 0.8189 0.5737 -0.0132
vn 0.8191 0.5725 0.0347
vn 0.5742 -0.8180 -0.0346
vn 0.5737 -0.8190 0.0132
vn 0.8189 0.5738 -0.0132
vn 0.8193 0.5732 0.0159
vn 0.5741 -0.8186 -0.0159
vn 0.5736 -0.8190 0.0132
vn 0.5697 -0.8164 0.0947
vn 0.8144 0.5726 -0.0947
vn 0.8143 0.5726 -0.0947
vn 0.8162 0.5733 -0.0723
vn 0.5712 -0.8176 0.0723
vn 0.8161 0.5733 -0.0723
vn -0.8161 -0.5733 0.0723
vn -0.8162 -0.5733 0.0723
vn -0.8143 -0.5726 0.0947
vn -0.8144 -0.5726 0.0947
vn -0.8193 -0.5732 -0.0159
vn -0.8190 -0.5737 0.0132
vn -0.8192 -0.5732 -0.0159
vn -0.8189 -0.5737 0.0132
vn -0.8191 -0.5726 -0.0347
vn -0.8192 -0.5734 -0.0071
vn -0.8185 -0.5738 0.0276
vn -0.8188 -0.5721 -0.0485
vn 0.5740 -0.8174 -0.0484
vn 0.5741 -0.8173 -0.0484
vn 0.5732 -0.8190 0.0276
vn 0.5732 -0.8189 0.0276
vn 0.5741 -0.8169 -0.0556
vn 0.5701 -0.8197 -0.0558
vn -0.8137 -0.5758 -0.0791
vn -0.8175 -0.5704 -0.0790
vn 0.8135 0.5761 0.0794
vn 0.8193 0.5733 0.0071
vn 0.8186 0.5738 -0.0276
vn 0.5740 -0.8188 -0.0071
vn 0.8193 0.5734 0.0071
vn 0.5741 -0.8180 -0.0346
vn -0.5711 0.8177 -0.0723
vn -0.5696 0.8164 -0.0947
vn -0.5742 0.8186 0.0159
vn -0.5741 0.8186 0.0159
vn -0.5697 0.8164 -0.0947
vn -0.5699 0.8198 0.0560
vn -0.5795 0.7864 -0.2138
vn 0.8160 0.5733 -0.0743
vn -0.5564 0.8020 -0.2175
vn -0.5813 0.7780 -0.2383
vn -0.5734 0.8048 -0.1533
vn -0.5696 0.8073 -0.1541
vn -0.6029 0.6537 0.4573
vn -0.4960 0.7245 0.4787
vn 0.8178 0.5707 -0.0747
vn 0.8098 0.5819 -0.0754
vn 0.8193 0.5733 -0.0087
vn 0.7363 0.6758 0.0336
vn 0.6837 0.1084 0.7217
vn 0.5933 -0.2634 -0.7607
vn 0.5996 -0.6688 -0.4395
vn 0.6536 -0.2434 -0.7166
vn 0.5019 -0.7327 -0.4597
vn 0.5697 -0.8074 0.1536
vn 0.5732 -0.8050 0.1529
vn -0.8177 -0.5706 0.0760
vn -0.8189 -0.5737 -0.0160
vn -0.7432 -0.6669 -0.0537
vn -0.8098 -0.5816 0.0768
vn -0.8121 -0.5326 0.2384
vn -0.8097 -0.5820 0.0753
vn -0.8160 -0.5733 0.0736
vn 0.5796 -0.7859 0.2155
vn 0.5562 -0.8016 0.2192
vn 0.5813 -0.7780 0.2383
vn 0.8098 0.5818 -0.0760
vn 0.5812 -0.7781 0.2383
vn 0.8121 0.5326 -0.2384
vn -0.6847 -0.1107 -0.7204
vn -0.6937 -0.1051 -0.7125
vn -0.6363 0.4037 -0.6574
vn -0.6386 0.4037 -0.6552
vn -0.5630 0.7279 -0.3915
vn -0.5922 0.7137 -0.3742
vn -0.5622 0.8076 -0.1783
vn -0.5775 0.7977 -0.1738
vn -0.5684 0.8214 -0.0459
vn -0.5723 0.8188 -0.0452
vn -0.5739 0.8188 0.0155
vn -0.5738 0.8189 0.0155
vn -0.5732 0.8193 -0.0147
vn -0.5738 0.8189 0.0096
vn -0.5737 0.8190 0.0096
vn -0.5733 0.8192 -0.0147
vn 0.8191 0.5735 -0.0147
vn 0.8194 0.5731 0.0096
vn 0.5734 -0.8192 0.0104
vn 0.5738 -0.8190 -0.0096
vn 0.8192 0.5735 -0.0104
vn 0.8195 0.5728 0.0190
vn 0.8192 0.5734 -0.0104
vn 0.5739 -0.8187 -0.0190
vn -0.5738 0.8188 0.0190
vn -0.5738 0.8187 0.0190
vn -0.5734 0.8192 -0.0104
vn -0.8195 -0.5728 -0.0190
vn -0.8192 -0.5734 0.0104
vn -0.8195 -0.5730 -0.0096
vn -0.8191 -0.5734 0.0147
vn -0.8191 -0.5735 0.0147
vn 0.5732 -0.8193 0.0147
vn 0.5733 -0.8192 0.0147
vn 0.5738 -0.8189 -0.0155
vn 0.8195 0.5729 0.0155
vn 0.5738 -0.8188 -0.0155
vn 0.5722 -0.8189 0.0448
vn 0.8180 0.5735 -0.0452
vn 0.5685 -0.8214 0.0454
vn -0.8157 -0.5521 0.1725
vn 0.5775 -0.7980 0.1725
vn -0.8153 -0.5773 0.0454
vn -0.8180 -0.5735 0.0448
vn -0.8195 -0.5729 -0.0155
vn -0.8046 -0.5668 0.1770
vn -0.7779 -0.4943 0.3879
vn -0.8012 -0.4702 0.3701
vn -0.7385 -0.1613 0.6547
vn 0.6385 -0.4042 0.6549
vn 0.5616 -0.7307 0.3880
vn 0.5918 -0.7160 0.3702
vn 0.5620 -0.8080 0.1771
vn 0.8047 0.5663 -0.1783
vn 0.8008 0.4678 -0.3741
vn 0.8157 0.5518 -0.1738
vn 0.6362 -0.4041 0.6572
vn 0.7782 0.4912 -0.3913
vn 0.7384 0.1608 -0.6549
vn -0.7363 -0.1620 0.6569
vn -0.6606 0.2237 0.7167
vn 0.6938 0.1018 0.7129
vn -0.5907 0.2496 0.7673
vn 0.8153 0.5772 -0.0459
vn 0.7363 0.1615 -0.6571
vn 0.8121 0.5326 -0.2383
vn -0.8191 -0.5735 0.0157
vn 0.5733 -0.8192 0.0157
vn -0.8194 -0.5727 -0.0236
vn -0.8195 -0.5726 -0.0236
vn -0.8191 -0.5735 0.0156
vn -0.8190 -0.5735 0.0156
vn -0.8160 -0.5679 -0.1078
vn -0.8160 -0.5678 -0.1079
vn -0.8093 -0.5263 -0.2608
vn 0.5722 -0.8130 -0.1079
vn 0.5723 -0.8129 -0.1079
vn 0.5802 -0.7716 -0.2609
vn 0.5802 -0.7715 -0.2609
vn -0.8094 -0.5262 -0.2608
vn 0.5729 -0.8117 -0.1139
vn -0.8162 -0.5665 -0.1139
vn 0.5541 -0.8247 -0.1134
vn -0.8030 -0.5851 -0.1133
vn -0.7923 -0.5162 0.3254
vn -0.7997 -0.5047 0.3254
vn -0.7310 -0.1959 0.6536
vn -0.7205 -0.2077 0.6616
vn -0.5924 0.4124 0.6921
vn -0.6185 0.4151 0.6672
vn -0.5843 0.7168 0.3805
vn -0.5728 0.8073 0.1423
vn -0.5829 0.7177 0.3809
vn -0.5727 0.8073 0.1423
vn -0.5518 0.8339 0.0094
vn -0.5731 0.8195 0.0082
vn -0.5732 0.8194 0.0085
vn -0.5731 0.8195 0.0085
vn 0.8187 0.5742 0.0085
vn 0.8186 0.5743 0.0085
vn 0.5517 -0.8340 -0.0084
vn 0.8186 0.5743 0.0082
vn 0.5731 -0.8195 -0.0073
vn 0.5731 -0.8194 -0.0085
vn -0.8186 -0.5743 -0.0073
vn -0.8187 -0.5742 -0.0085
vn 0.5732 -0.8194 -0.0085
vn -0.8186 -0.5742 -0.0085
vn -0.8035 -0.5953 -0.0084
vn -0.8142 -0.5629 -0.1423
vn -0.8141 -0.5630 -0.1423
vn -0.7929 -0.4753 -0.3814
vn -0.7941 -0.4736 -0.3809
vn -0.7267 -0.1877 -0.6608
vn -0.6968 -0.1939 -0.6906
vn -0.6222 0.4271 -0.6561
vn -0.6053 0.4372 -0.6652
vn -0.5796 0.7449 -0.3305
vn -0.5673 0.7546 -0.3298
vn -0.5536 0.8246 0.1166
vn -0.5802 0.7716 0.2609
vn -0.5732 0.8110 0.1172
vn -0.5802 0.7715 0.2609
vn 0.8162 0.5657 0.1172
vn 0.8093 0.5263 0.2608
vn -0.5722 0.8130 0.1079
vn 0.8160 0.5679 0.1078
vn -0.5724 0.8129 0.1079
vn -0.5732 0.8192 -0.0156
vn -0.5732 0.8193 -0.0156
vn -0.5738 0.8186 0.0236
vn -0.5739 0.8186 0.0236
vn -0.5733 0.8192 -0.0157
vn -0.5732 0.8192 -0.0157
vn 0.8195 0.5726 0.0236
vn 0.8191 0.5734 -0.0157
vn 0.8195 0.5727 0.0236
vn 0.5732 -0.8192 0.0156
vn 0.5739 -0.8186 -0.0236
vn 0.8191 0.5735 -0.0156
vn 0.5732 -0.8193 0.0156
vn 0.5732 -0.8192 0.0157
vn 0.8191 0.5735 -0.0157
vn 0.8190 0.5735 -0.0156
vn 0.8159 0.5680 0.1079
vn 0.7996 0.5015 -0.3303
vn 0.7914 0.5148 -0.3297
vn 0.8024 0.5853 0.1165
vn 0.6057 -0.4417 0.6619
vn 0.5784 -0.7480 0.3255
vn 0.7186 0.2037 -0.6649
vn 0.6197 -0.4341 0.6539
vn 0.6975 0.1850 0.6923
vn 0.5886 -0.4205 -0.6905
vn 0.7310 0.1884 -0.6559
vn 0.7229 0.1786 0.6674
vn 0.6189 -0.4249 -0.6606
vn 0.7940 0.4740 0.3807
vn 0.5845 -0.7165 -0.3808
vn 0.5829 -0.7176 -0.3812
vn 0.8141 0.5631 0.1423
vn 0.7929 0.4754 0.3811
vn 0.5728 -0.8072 -0.1423
vn 0.5728 -0.8073 -0.1423
vn 0.8035 0.5953 0.0094
vn 0.5676 -0.7562 0.3255
vn -0.5722 0.8200 -0.0117
vn 0.8180 0.5751 -0.0117
vn -0.5730 0.8195 0.0045
vn -0.5736 0.8190 0.0181
vn -0.5724 0.8200 -0.0067
vn -0.5725 0.8199 -0.0067
vn -0.5731 0.8194 0.0095
vn -0.5732 0.8193 0.0095
vn -0.5726 0.8198 -0.0040
vn -0.5730 0.8195 0.0052
vn -0.5722 0.8200 -0.0124
vn -0.5721 0.8201 -0.0124
vn 0.8179 0.5752 -0.0124
vn 0.8180 0.5751 -0.0124
vn 0.8054 0.5754 -0.1427
vn -0.5602 0.8160 -0.1427
vn 0.8118 0.5663 -0.1423
vn -0.5695 0.8096 -0.1423
vn 0.8110 0.5268 -0.2543
vn -0.5822 0.7723 -0.2542
vn 0.8111 0.5268 -0.2543
vn -0.5822 0.7722 -0.2542
vn -0.5823 0.6587 -0.4766
vn -0.5951 0.6513 -0.4708
vn -0.6724 0.2593 -0.6933
vn -0.6368 0.2678 -0.7230
vn -0.6953 -0.1317 -0.7066
vn -0.7262 -0.1230 -0.6764
vn -0.7549 -0.5992 -0.2666
vn -0.8008 -0.5542 -0.2271
vn -0.8141 -0.5640 0.1383
vn -0.8097 -0.5702 0.1387
vn -0.8170 -0.5676 0.1020
vn -0.8175 -0.5669 0.1020
vn 0.5734 -0.8138 0.0943
vn 0.5744 -0.8131 0.0942
vn 0.8174 0.5669 -0.1021
vn 0.8169 0.5677 -0.1021
vn 0.8140 0.5640 -0.1389
vn -0.5735 0.8137 -0.0943
vn -0.5716 0.8081 -0.1423
vn -0.5743 0.8132 -0.0943
vn -0.5527 0.7780 0.2988
vn 0.8057 0.5585 0.1975
vn 0.8097 0.5701 -0.1393
vn -0.5652 0.8125 -0.1427
vn -0.5277 0.7893 0.3140
vn -0.6386 0.4052 0.6542
vn -0.5904 0.3989 0.7016
vn -0.7189 -0.0050 0.6951
vn -0.6865 -0.0265 0.7266
vn -0.7817 -0.4072 0.4724
vn -0.7718 -0.4190 0.4783
vn -0.8111 -0.5268 0.2543
vn -0.8118 -0.5660 0.1436
vn -0.8052 -0.5753 0.1439
vn -0.8110 -0.5268 0.2543
vn 0.5696 -0.8093 0.1435
vn 0.5823 -0.7722 0.2542
vn -0.8179 -0.5752 0.0124
vn -0.8185 -0.5744 -0.0052
vn -0.8182 -0.5749 0.0040
vn 0.5726 -0.8198 0.0040
vn 0.5731 -0.8195 -0.0052
vn 0.5730 -0.8196 -0.0052
vn 0.8183 0.5748 -0.0040
vn 0.8186 0.5744 0.0052
vn 0.8182 0.5749 -0.0040
vn 0.8186 0.5742 0.0095
vn 0.5732 -0.8194 -0.0095
vn -0.8182 -0.5749 0.0067
vn 0.5725 -0.8199 0.0067
vn -0.8187 -0.5741 -0.0095
vn -0.8187 -0.5742 -0.0095
vn -0.8189 -0.5737 -0.0181
vn -0.8186 -0.5744 -0.0045
vn -0.8185 -0.5745 -0.0045
vn -0.8179 -0.5752 0.0117
vn -0.8180 -0.5752 0.0117
vn 0.5722 -0.8200 0.0117
vn 0.8186 0.5744 0.0045
vn 0.5730 -0.8195 -0.0045
vn 0.8185 0.5744 0.0045
vn 0.8188 0.5737 0.0181
vn 0.5736 -0.8190 -0.0181
vn 0.8189 0.5737 0.0181
vn 0.5735 -0.8190 -0.0181
vn 0.8182 0.5749 -0.0067
vn 0.8181 0.5750 -0.0067
vn 0.8187 0.5742 0.0095
vn 0.5721 -0.8201 0.0124
vn 0.5722 -0.8200 0.0124
vn 0.5602 -0.8158 0.1439
vn 0.5822 -0.6576 0.4782
vn 0.5822 -0.7723 0.2543
vn 0.5955 -0.6499 0.4722
vn 0.7818 0.4086 -0.4709
vn 0.6898 0.0340 -0.7232
vn 0.6363 -0.2597 0.7264
vn 0.7203 0.0138 -0.6935
vn 0.6741 -0.2506 0.6949
vn 0.5957 -0.3878 -0.7034
vn 0.6946 0.1409 0.7055
vn 0.6392 -0.3926 -0.6612
vn 0.5304 -0.7851 -0.3199
vn 0.7505 0.6117 0.2500
vn 0.7290 0.1316 0.6717
vn 0.5512 -0.7754 -0.3082
vn 0.5653 -0.8126 0.1421
vn 0.5716 -0.8082 0.1417
vn 0.7722 0.4200 -0.4767
vn 0.5737 -0.8191 0.0003
vn 0.5656 -0.8247 0.0013
vn 0.5369 -0.7948 -0.2829
vn 0.5309 -0.7974 -0.2868
vn 0.8188 0.5736 0.0256
vn 0.8245 0.5653 0.0269
vn 0.7537 0.5028 -0.4233
vn 0.7557 0.4954 -0.4283
vn -0.5824 0.8129 -0.0006
vn -0.5660 0.7781 -0.2723
vn -0.5655 0.7786 -0.2719
vn -0.5738 0.8190 -0.0016
vn -0.8126 -0.5823 -0.0256
vn -0.8063 -0.5804 -0.1143
vn -0.8079 -0.5785 -0.1123
vn -0.8187 -0.5736 -0.0270
vn -0.8186 0.1443 -0.5560
vn 0.4533 0.8221 0.3444
vn -0.2352 0.9711 0.0413
vn 0.8292 0.5521 -0.0875
vn 0.6824 0.6232 0.3821
vn -0.5921 0.7987 0.1075
vn 0.9730 -0.1715 -0.1546
vn 0.8185 -0.1443 -0.5560
vn -0.2149 0.9748 -0.0596
vn 0.4513 0.8705 -0.1962
vn -0.1945 0.9794 -0.0538
vn -0.0523 0.9560 0.2887
vn 0.3488 0.8456 0.4040
vn -0.5926 0.1045 0.7987
vn -0.1449 0.9276 0.3445
vn 0.3442 0.8756 0.3388
vn 0.5853 0.6106 -0.5335
vn -0.2179 0.7497 -0.6249
vn 0.5531 0.8321 0.0413
vn 0.5920 0.8036 0.0619
vn -0.4293 0.8178 0.3834
vn -0.4281 0.8190 0.3821
vn 0.4596 0.8641 -0.2051
vn -0.5904 0.8024 -0.0875
vn -0.5729 0.8164 -0.0729
vn -0.2117 0.8293 -0.5171
vn 0.5823 0.6906 -0.4289
vn 0.7696 0.6341 0.0755
vn 0.8296 0.5480 0.1075
vn 0.4311 -0.0760 0.8991
vn 0.9754 -0.1720 0.1382
vn -0.9730 0.1716 -0.1546
vn 0.8186 -0.1443 -0.5560
vn 0.5530 0.8321 0.0413
vn -0.4293 0.8177 0.3834
vn -0.4281 0.8189 0.3822
vn 0.4595 0.8642 -0.2050
vn -0.5905 0.8023 -0.0876
vn -0.9822 0.1732 0.0728
vn -0.9548 0.1684 -0.2449
vn -0.9107 0.1606 0.3805
vn -0.7544 0.1330 0.6428
vn -0.5272 0.0930 0.8447
vn -0.5271 0.0930 0.8447
vn -0.2412 0.0425 0.9695
vn 0.0717 -0.0126 0.9973
vn 0.3747 -0.0661 0.9248
vn 0.6330 -0.1116 0.7660
vn 0.8318 -0.1467 0.5353
vn -0.8318 0.1467 -0.5353
vn -0.6330 0.1116 -0.7660
vn -0.3747 0.0661 -0.9248
vn 0.9548 -0.1684 0.2449
vn 0.9822 -0.1732 -0.0728
vn 0.9107 -0.1606 -0.3805
vn 0.7544 -0.1330 -0.6428
vn 0.5272 -0.0930 -0.8447
vn 0.5271 -0.0930 -0.8447
vn 0.2412 -0.0425 -0.9695
vn -0.0717 0.0126 -0.9973
vn 0.3891 -0.0686 -0.9186
vn 0.3891 -0.0686 -0.9187
vn 0.9585 -0.1690 -0.2295
vn 0.0233 0.9268 0.3747
vn 0.1749 0.9001 0.3990
vn -0.1076 0.9499 0.2934
vn -0.1978 0.9658 0.1674
vn -0.2338 0.9722 0.0159
vn -0.2098 0.9679 -0.1380
vn -0.1297 0.9538 -0.2709
vn -0.0057 0.9319 -0.3625
vn 0.1435 0.9056 -0.3990
vn 0.2951 0.8789 -0.3747
vn 0.4260 0.8558 -0.2934
vn 0.4482 0.8519 0.2709
vn 0.5282 0.8378 0.1380
vn 0.4481 0.8519 0.2709
vn 0.3241 0.8738 0.3626
vn 0.5522 0.8336 -0.0159
vn 0.5162 0.8399 -0.1674
vn 0.0837 0.2529 0.9639
vn -0.2825 0.3175 0.9052
vn -0.5986 0.3733 0.7087
vn -0.8167 0.4117 0.4044
vn -0.9034 0.4270 0.0385
vn -0.8457 0.4168 -0.3333
vn -0.6522 0.3827 -0.6544
vn -0.3525 0.3298 -0.8758
vn 0.0836 0.2530 0.9639
vn 0.4440 0.1894 0.8758
vn 0.7438 0.1366 0.6544
vn 0.9372 0.1024 0.3333
vn 0.9950 0.0923 -0.0385
vn 0.9082 0.1076 -0.4044
vn 0.6902 0.1460 -0.7087
vn 0.3740 0.2017 -0.9052
vn 0.3740 0.2018 -0.9052
vn 0.0079 0.2663 -0.9639
vn 0.6035 0.6116 -0.5115
vn -0.3580 0.7812 0.5115
vn -0.3580 0.7811 0.5116
vn -0.6799 0.1199 0.7235
vn -0.7125 0.1256 -0.6904
vn -0.7125 0.1257 -0.6904
vn -0.7124 0.1256 -0.6904
vn 0.7125 -0.1256 0.6904
vn 0.7124 -0.1256 0.6904
vn 0.6799 -0.1199 -0.7235
vn 0.6799 -0.1199 -0.7234
vn 0.8190 0.5737 0.0151
vn 0.8190 0.5736 0.0151
vn -0.5734 0.8191 -0.0151
vn -0.9846 0.1736 -0.0213
vn 0.0210 -0.0037 -0.9998
vn -0.0210 0.0037 0.9998
vn 0.9846 -0.1736 0.0213
vn 0.5812 0.6156 0.5323
vn 0.5812 0.6155 0.5323
vn -0.3356 0.7772 -0.5323
vn -0.6483 0.1143 -0.7528
vn 0.7413 -0.1307 -0.6583
vn 0.7413 -0.1306 -0.6583
vn 0.7414 -0.1307 -0.6583
vn -0.7413 0.1307 0.6583
vn -0.7414 0.1307 0.6583
vn 0.6483 -0.1143 0.7528
vn -0.0226 0.7220 -0.6915
vn 0.2682 0.6707 0.6915
vn 0.2682 0.6708 0.6915
vn 0.2056 -0.0363 0.9780
vn -0.9631 0.1698 0.2088
vn -0.9631 0.1699 0.2088
vn 0.9631 -0.1698 -0.2088
vn 0.9631 -0.1699 -0.2088
vn -0.2056 0.0363 -0.9780
vn -0.2056 0.0362 -0.9780
vn -0.5084 0.8077 -0.2985
vn -0.5085 0.8077 -0.2985
vn 0.7541 0.5851 0.2985
vn 0.8928 -0.1574 0.4221
vn -0.4157 0.0733 0.9065
vn -0.4156 0.0733 0.9066
vn 0.4157 -0.0733 -0.9065
vn -0.8928 0.1574 -0.4221
vn -0.4987 0.8060 0.3189
vn 0.7443 0.5868 -0.3189
vn 0.8789 -0.1550 -0.4511
vn 0.4442 -0.0783 0.8925
vn -0.4442 0.0783 -0.8925
vn -0.8789 0.1550 0.4511
vn -0.0518 0.7272 0.6845
vn 0.2974 0.6656 -0.6845
vn 0.2469 -0.0435 -0.9681
vn 0.9533 -0.1681 0.2507
vn 0.9533 -0.1682 0.2508
vn 0.9534 -0.1681 0.2507
vn -0.9534 0.1681 -0.2507
vn -0.9533 0.1682 -0.2507
vn -0.9533 0.1681 -0.2507
vn -0.2469 0.0435 0.9681
vn 0.6039 0.1479 -0.7832
vn 0.0435 0.2467 -0.9681
vn -0.5169 0.3455 -0.7832
vn -0.8632 0.4066 -0.2992
vn -0.8632 0.4066 0.2992
vn -0.5169 0.3455 0.7832
vn 0.0435 0.2467 0.9681
vn 0.6039 0.1479 0.7832
vn 0.9502 0.0868 0.2992
vn 0.9502 0.0868 -0.2992
vn 0.9484 -0.1672 -0.2692
vn 0.7091 0.6862 -0.1619
vn 0.8062 0.5651 -0.1753
vn -0.5651 0.8061 -0.1755
vn -0.4322 0.8871 -0.1621
vn -0.9484 0.1672 -0.2693
vn -0.0036 0.0005 -1.0000
vn -0.0035 0.0006 -1.0000
vn -0.0037 0.0006 -1.0000
vn 0.0026 -0.0002 1.0000
vn 0.0025 -0.0006 1.0000
vn 0.0025 -0.0004 1.0000
vn 0.3821 0.6842 0.6211
vn 0.1216 0.6894 0.7142
vn 0.3821 0.6843 -0.6211
vn 0.1216 0.6894 -0.7141
vn -0.1251 0.7737 -0.6211
vn -0.4445 0.8620 -0.2435
vn -0.5011 0.8654 -0.0000
vn -0.4445 0.8620 0.2435
vn -0.1251 0.7737 0.6211
vn 0.3821 0.6842 -0.6211
vn 0.7125 0.6580 -0.2435
vn 0.7669 0.6418 -0.0000
vn 0.7125 0.6580 0.2435
vn 0.1692 0.9597 0.2246
vn 0.1692 0.9596 0.2246
vn 0.1334 0.7565 0.6402
vn -0.4689 0.5085 0.7222
vn -0.5150 0.5300 0.6737
vn -0.5150 0.5300 -0.6737
vn -0.4689 0.5085 -0.7222
vn 0.1334 0.7565 -0.6402
vn 0.6145 0.3175 -0.7222
vn 0.6652 0.3219 -0.6737
vn 0.6145 0.3175 0.7222
vn 0.6652 0.3219 0.6737
vn -0.6503 -0.2627 0.7128
vn -0.1334 -0.7566 0.6402
vn -0.6717 -0.2636 0.6923
vn 0.5212 -0.4693 0.7128
vn 0.5411 -0.4775 0.6923
vn -0.1334 -0.7566 -0.6401
vn -0.6503 -0.2627 -0.7128
vn -0.6717 -0.2636 -0.6923
vn 0.5212 -0.4693 -0.7128
vn 0.5411 -0.4775 -0.6923
vn 0.3043 -0.0537 0.9511
vn 0.7967 -0.1405 0.5878
vn 0.7967 -0.1405 -0.5878
vn 0.3043 -0.0537 -0.9511
vn -0.3043 0.0537 -0.9511
vn -0.7967 0.1405 -0.5878
vn -0.7967 0.1405 0.5878
vn -0.3043 0.0537 0.9511
vn -0.8996 -0.0273 0.4358
vn -0.8360 0.3333 0.4358
vn -0.8493 -0.4235 0.3151
vn -0.8178 -0.4013 0.4125
vn -0.6428 -0.7262 0.2437
vn -0.6280 -0.7224 0.2893
vn -0.3770 -0.9237 0.0683
vn -0.3834 -0.9223 0.0486
vn -0.1158 -0.9697 -0.2149
vn -0.1356 -0.9660 -0.2201
vn -0.6533 0.6885 0.3150
vn -0.6313 0.6568 0.4125
vn -0.3557 0.9023 0.2437
vn -0.3431 0.8936 0.2893
vn -0.0448 0.9978 0.0486
vn -0.0383 0.9969 0.0683
vn 0.2228 0.9509 -0.2149
vn 0.2030 0.9541 -0.2201
vn 0.3504 0.7778 -0.5218
vn 0.4512 0.4659 -0.7611
vn 0.3585 0.5101 -0.7819
vn 0.4033 0.1148 -0.9078
vn 0.3397 -0.2458 -0.9078
vn 0.1624 -0.6019 -0.7819
vn 0.2646 -0.5921 -0.7611
vn 0.0633 -0.8507 -0.5218
vn 0.1101 -0.8525 -0.5109
vn 0.3950 0.7635 -0.5109
vn -0.7188 0.1267 -0.6836
vn -0.7188 0.1268 -0.6836
vn 0.2272 -0.1681 -0.9592
vn 0.6640 -0.1625 -0.7299
vn 0.4776 0.7254 -0.4957
vn 0.2117 -0.0972 -0.9725
vn 0.0764 0.9929 -0.0908
vn -0.7195 0.1269 -0.6828
vn -0.7196 0.1267 -0.6828
vn -0.7196 0.1266 -0.6828
vn -0.7196 0.1268 -0.6828
vn -0.7196 0.1269 -0.6827
vn -0.9475 0.0390 0.3172
vn -0.6795 0.0744 0.7299
vn -0.3535 0.8682 0.3484
vn -0.9486 0.1782 0.2614
vn -0.1713 -0.9852 0.0023
vn 0.1827 -0.9239 -0.3362
vn -0.4835 -0.8065 0.3403
vn -0.6985 0.1098 0.7071
vn -0.6973 0.1104 0.7083
vn 0.6940 -0.1357 -0.7071
vn 0.6953 -0.1352 -0.7059
vn 0.6412 0.5864 0.4949
vn 0.9982 -0.0078 -0.0592
vn 0.8607 0.0068 0.5091
vn 0.8118 0.0327 0.5830
vn 0.9888 0.0139 -0.1488
vn 0.5962 -0.0132 -0.8027
vn 0.2082 -0.0257 -0.9778
vn -0.9564 0.1686 -0.2384
vn -0.1939 0.0261 0.9807
vn 0.1592 0.0328 0.9867
vn -0.2227 0.0393 0.9741
vn -0.9472 0.1670 -0.2737
vn 0.1828 -0.0322 -0.9826
vn 0.5188 -0.0915 -0.8500
vn 0.9627 -0.1698 -0.2107
vn 0.7080 -0.1248 0.6950
vn 0.9627 -0.1697 -0.2107
vn -0.0013 0.0002 1.0000
vn -0.3369 0.0594 0.9397
vn 0.7846 -0.1384 0.6043
vn 0.9595 -0.1692 0.2251
vn 0.9667 -0.1704 0.1910
vn 0.9501 -0.1611 0.2673
vn 0.9667 -0.1704 0.1911
vn 0.9822 -0.1732 -0.0721
vn 0.9207 -0.1623 -0.3550
vn 0.8094 -0.1427 -0.5696
vn 0.6953 -0.1226 -0.7082
vn 0.5526 -0.0974 -0.8277
vn 0.4330 -0.0763 -0.8982
vn 0.4330 -0.0764 -0.8982
vn 0.2148 -0.0379 -0.9759
vn 0.9483 -0.1657 0.2708
vn 0.9335 -0.1592 0.3212
vn 0.9283 -0.1574 0.3370
vn 0.9342 -0.1647 0.3165
vn -0.0300 -0.1728 0.9845
vn 0.0005 -0.0001 1.0000
vn -0.0298 -0.1729 0.9845
vn 0.0541 0.3042 0.9511
vn 0.0537 0.3041 0.9511
vn 0.1303 0.7385 0.6616
vn 0.1302 0.7382 0.6619
vn 0.2251 -0.0397 -0.9735
vn 0.3575 -0.0630 -0.9318
vn 0.0948 -0.0167 -0.9954
vn -0.0948 0.0167 -0.9954
vn -0.2251 0.0397 -0.9735
vn -0.3329 0.0587 -0.9411
vn 0.9548 -0.1684 0.2451
vn 0.1901 0.9790 -0.0734
vn 0.2002 0.9772 -0.0705
vn 0.2049 0.9766 -0.0658
vn 0.1923 0.9777 -0.0847
vn 0.1802 0.9811 -0.0703
vn 0.1733 0.9826 -0.0671
vn 0.1799 0.9812 -0.0704
vn 0.1665 0.9835 -0.0704
vn 0.1562 0.9850 -0.0734
vn 0.1662 0.9836 -0.0703
vn 0.1480 0.9864 -0.0711
vn 0.1432 0.9875 -0.0658
vn 0.1537 0.9845 -0.0847
vn -0.1736 -0.9848 -0.0016
vn -0.1740 -0.9847 -0.0006
vn -0.1735 -0.9848 -0.0005
vn -0.1742 -0.9847 -0.0004
vn -0.1732 -0.9849 -0.0007
vn -0.1730 -0.9849 -0.0005
vn -0.1737 -0.9848 -0.0005
vn -0.9848 0.1735 -0.0043
vn -0.9848 0.1738 0.0013
vn -0.9848 0.1735 -0.0062
vn -0.9848 0.1736 0.0009
vn -0.9848 0.1738 0.0006
vn -0.0001 -0.0005 1.0000
vn 0.0028 0.0157 0.9999
vn -0.7846 0.1384 0.6043
vn -0.9301 0.1640 0.3286
vn -0.9216 0.1661 0.3509
vn -0.9218 0.1700 0.3483
vn -0.9317 0.1697 0.3212
vn -0.9261 0.1695 0.3370
vn -0.9342 0.1647 0.3165
vn -0.9682 0.1707 0.1827
vn -0.9828 0.1733 -0.0646
vn -0.9209 0.1624 -0.3545
vn -0.7862 0.1386 -0.6022
vn -0.6953 0.1226 -0.7082
vn -0.5842 0.1030 -0.8050
vn -0.0005 0.0001 1.0000
vn -0.0309 -0.1726 0.9845
vn -0.0311 -0.1727 0.9845
vn 0.0532 0.3044 0.9511
vn 0.0535 0.3041 0.9511
vn -0.2148 0.0379 -0.9759
vn -0.4135 0.0729 -0.9076
vn 0.1302 0.7381 0.6620
vn 0.1302 0.7385 0.6616
vn -0.9508 0.1676 0.2607
vn 0.9848 -0.1735 0.0013
vn 0.9848 -0.1738 -0.0043
vn 0.9848 -0.1738 -0.0062
vn 0.9848 -0.1736 0.0009
vn 0.9848 -0.1735 0.0006
vn 0.1736 0.9848 0.0031
vn 0.3972 -0.8009 0.4482
vn 0.9522 -0.1679 0.2550
vn 0.5469 -0.8273 -0.1284
vn 0.7260 -0.4307 -0.5360
vn 0.8296 0.1564 -0.5360
vn 0.7969 0.5903 -0.1284
vn 0.6471 0.6167 0.4482
vn 0.4681 0.2202 0.8558
vn 0.6472 0.6167 0.4482
vn 0.3645 -0.3670 0.8559
vn 0.4680 0.2202 0.8558
vn 0.3645 -0.3670 0.8558
vn -0.8062 -0.5887 -0.0592
vn -0.9222 0.1626 0.3509
vn -0.6002 -0.6250 0.4992
vn -0.8787 -0.1478 -0.4540
vn -0.7751 0.4394 -0.4540
vn -0.5562 0.8289 -0.0592
vn -0.3502 0.7926 0.4992
vn -0.2777 0.3517 0.8940
vn -0.3812 -0.2355 0.8940
vn -0.3813 -0.2355 0.8940
vn -0.1604 -0.9098 -0.3827
vn -0.0665 -0.3769 -0.9239
vn 0.4925 -0.8177 0.2981
vn -0.1604 -0.9098 0.3827
vn 0.4925 -0.8177 -0.2981
vn 0.5657 -0.4025 -0.7197
vn 0.5657 -0.4025 0.7197
vn 0.6692 0.1847 0.7197
vn 0.7424 0.5999 0.2981
vn 0.1604 0.9098 0.3827
vn 0.0665 0.3769 0.9239
vn -0.0665 -0.3769 0.9239
vn 0.7424 0.5999 -0.2981
vn 0.1604 0.9098 -0.3827
vn 0.6692 0.1847 -0.7197
vn 0.0665 0.3769 -0.9239
vn -0.1182 -0.6705 -0.7324
vn 0.1182 0.6705 -0.7324
vn 0.1182 0.6705 0.7324
vn -0.1182 -0.6705 0.7324
vn -0.8294 0.3344 0.4474
vn -0.8699 0.4109 0.2728
vn -0.7618 0.6172 0.1970
vn -0.7618 0.6172 -0.1970
vn -0.8294 0.3344 -0.4474
vn -0.8699 0.4109 -0.2728
vn -0.8938 -0.0306 -0.4474
vn -0.9580 -0.0886 -0.2728
vn -0.9269 -0.3194 -0.1970
vn -0.8938 -0.0306 0.4474
vn -0.9580 -0.0886 0.2728
vn -0.9269 -0.3194 0.1970
vn -0.0664 -0.3769 -0.9239
vn -0.7425 -0.5999 -0.2981
vn -0.7424 -0.5999 0.2981
vn -0.6692 -0.1847 0.7197
vn -0.5657 0.4025 0.7197
vn -0.4925 0.8177 0.2981
vn -0.4925 0.8177 -0.2981
vn -0.0664 -0.3769 0.9239
vn -0.5657 0.4025 -0.7197
vn -0.7424 -0.5999 -0.2981
vn -0.6692 -0.1847 -0.7197
vn -0.6693 -0.1847 -0.7197
vn 0.8294 -0.3344 0.4474
vn 0.8699 -0.4109 0.2728
vn 0.7618 -0.6172 0.1970
vn 0.8938 0.0306 0.4474
vn 0.9580 0.0886 0.2728
vn 0.9269 0.3194 -0.1970
vn 0.9269 0.3194 0.1970
vn 0.9580 0.0886 -0.2728
vn 0.8938 0.0306 -0.4474
vn 0.8294 -0.3344 -0.4474
vn 0.8699 -0.4109 -0.2728
vn 0.7618 -0.6172 -0.1970
vn 0.1720 0.9747 -0.1429
vn 0.1723 0.9746 -0.1429
vn -0.1719 -0.9749 0.1417
vn -0.1735 -0.9848 -0.0003
vn -0.1735 -0.9848 -0.0002
vn -0.1446 -0.8985 -0.4144
vn -0.1514 -0.9379 -0.3120
vn -0.1514 -0.9380 -0.3120
vn -0.0881 0.0322 0.9956
vn -0.1097 0.0567 0.9923
vn -0.1205 0.0375 0.9920
vn -0.0770 -0.9177 -0.3898
vn -0.0766 -0.9177 -0.3898
vn -0.0014 -0.0254 0.9997
vn -0.0015 -0.0254 0.9997
vn 0.2100 0.6593 -0.7219
vn 0.2100 0.6594 -0.7219
vn 0.1226 0.7055 0.6981
vn 0.1226 0.7054 0.6981
vn -0.1227 -0.7055 -0.6981
vn -0.1228 -0.7054 -0.6981
vn 0.1227 0.7054 0.6981
vn 0.1231 0.7051 0.6984
vt 0.303227 0.142363
vt 0.313635 0.147566
vt 0.300377 0.147566
vt 0.302304 0.142364
vt 0.311288 0.142363
vt 0.312212 0.142364
vt 0.566953 0.462361
vt 0.566937 0.462862
vt 0.566729 0.462683
vt 0.566644 0.462189
vt 0.567222 0.462592
vt 0.567438 0.462873
vt 0.567105 0.463079
vt 0.567225 0.463326
vt 0.567593 0.463191
vt 0.566489 0.462549
vt 0.566228 0.462467
vt 0.566307 0.462083
vt 0.565955 0.462047
vt 0.565955 0.462439
vt 0.565603 0.462083
vt 0.565682 0.462467
vt 0.565265 0.462189
vt 0.565420 0.462549
vt 0.564956 0.462361
vt 0.565181 0.462683
vt 0.564688 0.462592
vt 0.564973 0.462862
vt 0.564472 0.462873
vt 0.564805 0.463079
vt 0.564317 0.463191
vt 0.564685 0.463326
vt 0.399025 0.234865
vt 0.404051 0.234971
vt 0.404045 0.235325
vt 0.399035 0.234476
vt 0.404060 0.234618
vt 0.399047 0.234087
vt 0.404071 0.234264
vt 0.399062 0.233698
vt 0.404085 0.233910
vt 0.399018 0.235254
vt 0.404041 0.235679
vt 0.399014 0.235643
vt 0.404040 0.236033
vt 0.399013 0.236033
vt 0.404041 0.236386
vt 0.399014 0.236422
vt 0.404045 0.236740
vt 0.399018 0.236811
vt 0.404051 0.237094
vt 0.399025 0.237200
vt 0.404060 0.237448
vt 0.399035 0.237589
vt 0.404071 0.237801
vt 0.399047 0.237978
vt 0.404085 0.238155
vt 0.399062 0.238367
vt 0.309072 0.502015
vt 0.309454 0.501489
vt 0.309512 0.502015
vt 0.309024 0.502443
vt 0.309024 0.501586
vt 0.309281 0.500990
vt 0.308883 0.501179
vt 0.309002 0.500541
vt 0.308656 0.500813
vt 0.308632 0.500164
vt 0.308354 0.500506
vt 0.308187 0.499878
vt 0.307991 0.500272
vt 0.307690 0.499697
vt 0.307586 0.500125
vt 0.309454 0.502540
vt 0.308883 0.502850
vt 0.308656 0.503216
vt 0.309281 0.503039
vt 0.309002 0.503488
vt 0.308354 0.503524
vt 0.307991 0.503757
vt 0.308632 0.503865
vt 0.308187 0.504151
vt 0.307586 0.503904
vt 0.307690 0.504332
vt 0.266154 0.361900
vt 0.260995 0.361900
vt 0.260995 0.361371
vt 0.260995 0.362428
vt 0.266154 0.362428
vt 0.260995 0.362957
vt 0.266154 0.362957
vt 0.266154 0.363485
vt 0.260995 0.363485
vt 0.260995 0.364014
vt 0.266154 0.364014
vt 0.260995 0.364542
vt 0.266154 0.364542
vt 0.266154 0.365071
vt 0.260995 0.365071
vt 0.266154 0.361371
vt 0.266154 0.360842
vt 0.266154 0.360314
vt 0.260995 0.360842
vt 0.260995 0.360314
vt 0.266154 0.359785
vt 0.260995 0.359785
vt 0.266154 0.359257
vt 0.260995 0.359257
vt 0.260995 0.358728
vt 0.266154 0.358728
vt 0.485435 0.093890
vt 0.484910 0.093951
vt 0.484865 0.093758
vt 0.485435 0.093691
vt 0.485960 0.093951
vt 0.484324 0.093953
vt 0.484413 0.094131
vt 0.483844 0.094268
vt 0.483971 0.094421
vt 0.483448 0.094685
vt 0.483607 0.094804
vt 0.483159 0.095181
vt 0.483341 0.095261
vt 0.483187 0.095766
vt 0.482991 0.095730
vt 0.486006 0.093758
vt 0.486457 0.094131
vt 0.486546 0.093953
vt 0.486899 0.094421
vt 0.487263 0.094804
vt 0.487027 0.094268
vt 0.487423 0.094685
vt 0.487530 0.095261
vt 0.487684 0.095766
vt 0.487712 0.095181
vt 0.487880 0.095730
vt 0.189823 0.362176
vt 0.190222 0.361602
vt 0.190222 0.362176
vt 0.189823 0.362751
vt 0.189823 0.361602
vt 0.190222 0.361027
vt 0.189823 0.361027
vt 0.190221 0.360452
vt 0.189822 0.360453
vt 0.189822 0.359878
vt 0.190221 0.359878
vt 0.190220 0.359303
vt 0.189821 0.359304
vt 0.190219 0.358728
vt 0.189820 0.358729
vt 0.190222 0.362751
vt 0.189823 0.363325
vt 0.190222 0.363326
vt 0.189822 0.363900
vt 0.190221 0.363900
vt 0.189822 0.364475
vt 0.190221 0.364475
vt 0.189821 0.365049
vt 0.190220 0.365050
vt 0.189820 0.365624
vt 0.190219 0.365624
vt 0.566006 0.246203
vt 0.566629 0.246243
vt 0.566006 0.246362
vt 0.565442 0.246095
vt 0.566571 0.246095
vt 0.567165 0.245903
vt 0.567056 0.245787
vt 0.567537 0.245390
vt 0.567393 0.245322
vt 0.567695 0.244776
vt 0.567536 0.244766
vt 0.567615 0.244147
vt 0.567464 0.244196
vt 0.567310 0.243591
vt 0.567187 0.243692
vt 0.565383 0.246243
vt 0.564956 0.245787
vt 0.564619 0.245322
vt 0.564847 0.245903
vt 0.564475 0.245390
vt 0.564476 0.244766
vt 0.564548 0.244196
vt 0.564317 0.244776
vt 0.564397 0.244147
vt 0.564825 0.243692
vt 0.564702 0.243591
vt 0.341853 0.304420
vt 0.341219 0.304121
vt 0.341853 0.304121
vt 0.342487 0.304420
vt 0.341219 0.304420
vt 0.340585 0.304120
vt 0.340585 0.304420
vt 0.339951 0.304120
vt 0.339950 0.304419
vt 0.339316 0.304119
vt 0.339316 0.304418
vt 0.338682 0.304417
vt 0.338682 0.304118
vt 0.338048 0.304116
vt 0.338047 0.304415
vt 0.342487 0.304121
vt 0.343122 0.304420
vt 0.343121 0.304120
vt 0.343756 0.304419
vt 0.343756 0.304120
vt 0.344390 0.304418
vt 0.344390 0.304119
vt 0.345025 0.304417
vt 0.345024 0.304118
vt 0.345659 0.304415
vt 0.345658 0.304116
vt 0.692397 0.129215
vt 0.692613 0.129588
vt 0.692613 0.130019
vt 0.692397 0.130392
vt 0.692024 0.128999
vt 0.691593 0.128999
vt 0.691220 0.129215
vt 0.691004 0.129588
vt 0.691004 0.130019
vt 0.691220 0.130392
vt 0.692024 0.130608
vt 0.691593 0.130608
vt 0.668283 0.463786
vt 0.668283 0.464747
vt 0.666429 0.464616
vt 0.666429 0.463897
vt 0.081572 0.607134
vt 0.081775 0.607211
vt 0.081775 0.608172
vt 0.081572 0.608249
vt 0.080921 0.605952
vt 0.080859 0.606025
vt 0.081580 0.605952
vt 0.080859 0.608637
vt 0.080921 0.608710
vt 0.081580 0.608710
vt 0.128427 0.658359
vt 0.128156 0.658627
vt 0.128156 0.656767
vt 0.128315 0.656773
vt 0.128157 0.656551
vt 0.105475 0.656767
vt 0.105475 0.658625
vt 0.105164 0.658515
vt 0.105315 0.656772
vt 0.105475 0.656551
vt 0.154187 0.581610
vt 0.153394 0.581610
vt 0.153476 0.580660
vt 0.154272 0.582431
vt 0.153476 0.582582
vt 0.153648 0.583213
vt 0.154457 0.583060
vt 0.154272 0.580811
vt 0.153648 0.580028
vt 0.154457 0.580181
vt 0.155719 0.605952
vt 0.155719 0.608710
vt 0.155061 0.608710
vt 0.155061 0.605952
vt 0.154999 0.608638
vt 0.154999 0.606025
vt 0.514187 0.498507
vt 0.511074 0.498507
vt 0.510620 0.497820
vt 0.514642 0.497820
vt 0.204283 0.327287
vt 0.204118 0.328562
vt 0.204118 0.327287
vt 0.204118 0.332584
vt 0.204283 0.334598
vt 0.204281 0.326284
vt 0.204118 0.334598
vt 0.204281 0.335601
vt 0.203896 0.334809
vt 0.203897 0.335468
vt 0.204222 0.335676
vt 0.203838 0.335544
vt 0.203176 0.583209
vt 0.202886 0.582925
vt 0.202886 0.580313
vt 0.203176 0.580028
vt 0.203515 0.583209
vt 0.203515 0.580028
vt 0.905269 0.768780
vt 0.905644 0.768690
vt 0.905674 0.768780
vt 0.905238 0.768690
vt 0.227350 0.335469
vt 0.226966 0.335601
vt 0.226965 0.334598
vt 0.227130 0.334598
vt 0.227352 0.334810
vt 0.227130 0.332584
vt 0.226964 0.327287
vt 0.227129 0.328562
vt 0.226964 0.326284
vt 0.227348 0.326416
vt 0.227129 0.327287
vt 0.227351 0.327075
vt 0.227023 0.326209
vt 0.227406 0.326341
vt 0.388682 0.580313
vt 0.388682 0.582925
vt 0.388392 0.583209
vt 0.204222 0.326209
vt 0.203897 0.326416
vt 0.203838 0.326341
vt 0.388392 0.580028
vt 0.203896 0.327075
vt 0.769612 0.942542
vt 0.769612 0.942881
vt 0.769517 0.942881
vt 0.769517 0.942542
vt 0.590507 0.109523
vt 0.593574 0.109523
vt 0.593419 0.109788
vt 0.590661 0.109788
vt 0.514537 0.422514
vt 0.510776 0.422514
vt 0.511100 0.421943
vt 0.510620 0.423302
vt 0.514213 0.421943
vt 0.514693 0.423302
vt 0.514537 0.424112
vt 0.510776 0.424112
vt 0.514213 0.424683
vt 0.511100 0.424683
vt 0.011340 0.531114
vt 0.011340 0.527092
vt 0.012027 0.527546
vt 0.012027 0.530659
vt 0.365711 0.580028
vt 0.365711 0.583209
vt 0.365372 0.583209
vt 0.365372 0.580028
vt 0.724060 0.942881
vt 0.723964 0.942881
vt 0.723964 0.942542
vt 0.724060 0.942542
vt 0.249335 0.580790
vt 0.249171 0.580154
vt 0.249985 0.580028
vt 0.250115 0.580650
vt 0.249873 0.580875
vt 0.249399 0.581590
vt 0.249868 0.581594
vt 0.249342 0.582414
vt 0.250128 0.582554
vt 0.249984 0.583182
vt 0.249171 0.583047
vt 0.250208 0.581765
vt 0.701283 0.942881
vt 0.701188 0.942881
vt 0.701188 0.942542
vt 0.701283 0.942542
vt 0.746836 0.942542
vt 0.746836 0.942881
vt 0.746741 0.942881
vt 0.746741 0.942542
vt 0.564317 0.416101
vt 0.567644 0.416101
vt 0.567571 0.416163
vt 0.567644 0.415624
vt 0.564317 0.415624
vt 0.564390 0.416163
vt 0.567644 0.438905
vt 0.564317 0.438905
vt 0.564390 0.438844
vt 0.564317 0.439366
vt 0.567644 0.439366
vt 0.567571 0.438844
vt 0.565119 0.392699
vt 0.566967 0.392700
vt 0.567644 0.392943
vt 0.565124 0.392072
vt 0.566972 0.392072
vt 0.564317 0.392943
vt 0.566841 0.369147
vt 0.567644 0.369391
vt 0.564317 0.369391
vt 0.564993 0.369148
vt 0.566837 0.368520
vt 0.564989 0.368521
vt 0.338068 0.182521
vt 0.338047 0.181803
vt 0.346425 0.181803
vt 0.346446 0.182521
vt 0.346425 0.133017
vt 0.338047 0.133017
vt 0.338069 0.132179
vt 0.346446 0.132179
vt 0.338047 0.255239
vt 0.338047 0.254611
vt 0.346425 0.254611
vt 0.346425 0.255239
vt 0.338047 0.231930
vt 0.338047 0.231302
vt 0.346425 0.231302
vt 0.346425 0.231930
vt 0.306194 0.335525
vt 0.305854 0.335525
vt 0.305854 0.335064
vt 0.306194 0.334523
vt 0.305854 0.326687
vt 0.306194 0.327212
vt 0.306194 0.326209
vt 0.305854 0.326209
vt 0.346886 0.011680
vt 0.346361 0.011341
vt 0.347364 0.011340
vt 0.339050 0.011341
vt 0.347364 0.011680
vt 0.338509 0.011680
vt 0.338047 0.011340
vt 0.338047 0.011680
vt 0.882044 0.080100
vt 0.882506 0.080096
vt 0.882550 0.080365
vt 0.881890 0.080365
vt 0.226187 0.755386
vt 0.225922 0.755540
vt 0.225922 0.754156
vt 0.226191 0.754204
vt 0.246145 0.658299
vt 0.245569 0.658564
vt 0.245569 0.656551
vt 0.246229 0.656551
vt 0.151108 0.658564
vt 0.151108 0.656551
vt 0.151688 0.656830
vt 0.152492 0.658564
vt 0.152468 0.656975
vt 0.411664 0.580609
vt 0.411363 0.580028
vt 0.412638 0.580028
vt 0.411816 0.581573
vt 0.412638 0.583095
vt 0.411664 0.582515
vt 0.411363 0.583095
vt 0.088296 0.326209
vt 0.088296 0.336047
vt 0.087803 0.326209
vt 0.087803 0.336048
vt 0.041949 0.336047
vt 0.038319 0.326209
vt 0.041949 0.326209
vt 0.038319 0.336047
vt 0.064630 0.326209
vt 0.065122 0.336048
vt 0.064630 0.336047
vt 0.065122 0.326209
vt 0.011340 0.326209
vt 0.015639 0.336047
vt 0.011340 0.336047
vt 0.015639 0.326209
vt 0.514918 0.375857
vt 0.510954 0.376219
vt 0.510620 0.375857
vt 0.514583 0.376219
vt 0.514583 0.398900
vt 0.510619 0.399262
vt 0.510954 0.398900
vt 0.514918 0.399262
vt 0.237254 0.358731
vt 0.238009 0.365348
vt 0.237255 0.365350
vt 0.236949 0.358731
vt 0.236949 0.365351
vt 0.238008 0.358729
vt 0.238314 0.365348
vt 0.238314 0.358728
vt 0.787699 0.542769
vt 0.788596 0.543039
vt 0.787553 0.543039
vt 0.788453 0.542769
vt 0.788450 0.588940
vt 0.787553 0.588670
vt 0.788596 0.588670
vt 0.787697 0.588940
vt 0.213209 0.358729
vt 0.213208 0.365348
vt 0.212903 0.365348
vt 0.213963 0.358731
vt 0.212903 0.358728
vt 0.213962 0.365350
vt 0.214268 0.358731
vt 0.214268 0.365351
vt 0.788450 0.565720
vt 0.787553 0.565989
vt 0.787697 0.565720
vt 0.788596 0.565989
vt 0.787699 0.520088
vt 0.788596 0.519819
vt 0.788453 0.520088
vt 0.787553 0.519819
vt 0.618800 0.080725
vt 0.616513 0.080390
vt 0.618809 0.080390
vt 0.616512 0.126755
vt 0.618801 0.126423
vt 0.618808 0.126758
vt 0.616516 0.126423
vt 0.616261 0.126510
vt 0.616255 0.126678
vt 0.616515 0.080722
vt 0.616260 0.080635
vt 0.616255 0.080466
vt 0.618788 0.195978
vt 0.616512 0.195639
vt 0.618797 0.195643
vt 0.616514 0.195978
vt 0.616512 0.218999
vt 0.618789 0.218663
vt 0.618797 0.218999
vt 0.616515 0.218659
vt 0.616261 0.218750
vt 0.616255 0.218918
vt 0.616260 0.195887
vt 0.616255 0.195719
vt 0.011923 0.147731
vt 0.012078 0.150007
vt 0.011926 0.150016
vt 0.011774 0.150007
vt 0.012076 0.147732
vt 0.012079 0.141674
vt 0.011924 0.141668
vt 0.012077 0.140156
vt 0.011765 0.141666
vt 0.011919 0.140140
vt 0.011766 0.140128
vt 0.011912 0.138990
vt 0.012067 0.138998
vt 0.012075 0.137853
vt 0.011924 0.137854
vt 0.011940 0.134872
vt 0.012103 0.134878
vt 0.011772 0.137856
vt 0.011778 0.134873
vt 0.011962 0.133765
vt 0.011784 0.133767
vt 0.012142 0.133764
vt 0.011784 0.132064
vt 0.012100 0.132062
vt 0.011942 0.132062
vt 0.011960 0.130670
vt 0.012143 0.130683
vt 0.011987 0.129813
vt 0.012202 0.129815
vt 0.012141 0.128588
vt 0.011956 0.128596
vt 0.012108 0.127159
vt 0.011935 0.127159
vt 0.012099 0.125306
vt 0.011928 0.125307
vt 0.012082 0.121414
vt 0.011767 0.127156
vt 0.011757 0.125311
vt 0.011745 0.121427
vt 0.011913 0.121420
vt 0.011856 0.109959
vt 0.011687 0.109952
vt 0.012028 0.109949
vt 0.011566 0.121423
vt 0.011513 0.109943
vt 0.011409 0.125309
vt 0.011393 0.121418
vt 0.011587 0.125312
vt 0.011584 0.127159
vt 0.011772 0.128596
vt 0.011407 0.127161
vt 0.011384 0.128593
vt 0.011578 0.128596
vt 0.011340 0.129816
vt 0.011559 0.129813
vt 0.011588 0.130677
vt 0.011400 0.130683
vt 0.011611 0.132064
vt 0.011439 0.132063
vt 0.011410 0.133765
vt 0.011597 0.133766
vt 0.011616 0.134872
vt 0.011453 0.134874
vt 0.011607 0.137852
vt 0.011446 0.137850
vt 0.011470 0.139000
vt 0.011618 0.138992
vt 0.011611 0.140143
vt 0.011460 0.140154
vt 0.011610 0.141672
vt 0.011454 0.141675
vt 0.011474 0.147733
vt 0.011623 0.147733
vt 0.011624 0.149999
vt 0.011473 0.150007
vt 0.011772 0.147732
vt 0.011764 0.138983
vt 0.011776 0.130674
vt 0.011773 0.129812
vt 0.011340 0.109952
vt 0.616492 0.333750
vt 0.616515 0.334087
vt 0.616269 0.334014
vt 0.618772 0.333752
vt 0.616255 0.333846
vt 0.618788 0.334087
vt 0.616515 0.310732
vt 0.618788 0.310734
vt 0.618772 0.311069
vt 0.616492 0.311069
vt 0.616269 0.310805
vt 0.616255 0.310972
vt 0.616493 0.287716
vt 0.616515 0.288049
vt 0.616268 0.287977
vt 0.618779 0.287716
vt 0.616255 0.287810
vt 0.618795 0.288051
vt 0.616515 0.264700
vt 0.618779 0.265035
vt 0.616492 0.265033
vt 0.616269 0.264771
vt 0.616255 0.264938
vt 0.618795 0.264700
vt 0.928777 0.536847
vt 0.928441 0.537182
vt 0.928441 0.536847
vt 0.928777 0.537182
vt 0.928441 0.583215
vt 0.928777 0.582880
vt 0.928777 0.583215
vt 0.928441 0.582880
vt 0.788701 0.011340
vt 0.787553 0.011529
vt 0.787553 0.011340
vt 0.788701 0.011529
vt 0.905238 0.585848
vt 0.905692 0.585660
vt 0.905692 0.585848
vt 0.905238 0.585660
vt 0.691831 0.435722
vt 0.691329 0.436398
vt 0.691004 0.436523
vt 0.692330 0.436523
vt 0.764492 0.617122
vt 0.763580 0.616933
vt 0.763851 0.616855
vt 0.691903 0.435842
vt 0.692247 0.436389
vt 0.593869 0.754910
vt 0.593532 0.754435
vt 0.593573 0.754156
vt 0.593731 0.754943
vt 0.593704 0.755132
vt 0.593827 0.755225
vt 0.593532 0.755299
vt 0.593567 0.755445
vt 0.692431 0.436092
vt 0.692222 0.435825
vt 0.692300 0.435713
vt 0.692561 0.436088
vt 0.764655 0.616855
vt 0.764784 0.616932
vt 0.905238 0.240540
vt 0.905716 0.240351
vt 0.905716 0.240540
vt 0.905238 0.240351
vt 0.764456 0.616966
vt 0.905238 0.654489
vt 0.905680 0.654300
vt 0.905680 0.654489
vt 0.905238 0.654300
vt 0.410705 0.754156
vt 0.410894 0.755482
vt 0.410705 0.755482
vt 0.410894 0.754156
vt 0.403960 0.288442
vt 0.403960 0.293154
vt 0.402780 0.289339
vt 0.399013 0.293154
vt 0.402779 0.288442
vt 0.399013 0.289339
vt 0.399013 0.343229
vt 0.402780 0.347044
vt 0.399014 0.347045
vt 0.403960 0.343228
vt 0.403960 0.347940
vt 0.402780 0.347940
vt 0.537857 0.081140
vt 0.541624 0.081259
vt 0.537857 0.081259
vt 0.541623 0.081140
vt 0.397136 0.527093
vt 0.397255 0.530907
vt 0.397136 0.530908
vt 0.397255 0.527092
vt 0.482991 0.141247
vt 0.487939 0.141365
vt 0.482991 0.141365
vt 0.487939 0.141247
vt 0.355111 0.499699
vt 0.354993 0.504410
vt 0.354993 0.499697
vt 0.355111 0.504411
vt 0.353463 0.778221
vt 0.353344 0.779402
vt 0.353344 0.778221
vt 0.353463 0.779401
vt 0.315024 0.825774
vt 0.315143 0.826670
vt 0.315024 0.826670
vt 0.315143 0.825773
vt 0.400194 0.261945
vt 0.403960 0.265761
vt 0.399013 0.265761
vt 0.399013 0.261048
vt 0.400194 0.261048
vt 0.403960 0.261945
vt 0.402780 0.316732
vt 0.403960 0.315835
vt 0.403960 0.320547
vt 0.399013 0.320546
vt 0.402780 0.315836
vt 0.399014 0.316731
vt 0.537857 0.104058
vt 0.541624 0.103940
vt 0.541624 0.104058
vt 0.537857 0.103940
vt 0.374455 0.527093
vt 0.374336 0.530907
vt 0.374336 0.527092
vt 0.374455 0.530908
vt 0.482991 0.118566
vt 0.487938 0.118447
vt 0.487939 0.118566
vt 0.482991 0.118447
vt 0.332312 0.504410
vt 0.332193 0.499699
vt 0.332312 0.499697
vt 0.332193 0.504411
vt 0.376144 0.778221
vt 0.376263 0.779402
vt 0.376144 0.779402
vt 0.376263 0.778222
vt 0.337942 0.825774
vt 0.337824 0.826670
vt 0.337824 0.825773
vt 0.337943 0.826670
vt 0.563814 0.608511
vt 0.563677 0.607754
vt 0.563795 0.607760
vt 0.563913 0.607749
vt 0.563891 0.607371
vt 0.563681 0.607370
vt 0.563790 0.607370
vt 0.563784 0.606960
vt 0.563554 0.607367
vt 0.563690 0.606958
vt 0.563785 0.606615
vt 0.563581 0.606965
vt 0.563680 0.606622
vt 0.563572 0.606646
vt 0.563666 0.605954
vt 0.563782 0.605952
vt 0.563553 0.605958
vt 0.563898 0.605954
vt 0.563891 0.606622
vt 0.563996 0.606644
vt 0.563991 0.606964
vt 0.563885 0.606958
vt 0.564006 0.605956
vt 0.564113 0.606656
vt 0.564127 0.606965
vt 0.564160 0.607364
vt 0.564228 0.606639
vt 0.564264 0.606944
vt 0.564295 0.607714
vt 0.564163 0.607701
vt 0.564031 0.607720
vt 0.564015 0.607368
vt 0.564312 0.607359
vt 0.563946 0.608505
vt 0.564068 0.608499
vt 0.564187 0.608494
vt 0.564306 0.608492
vt 0.564215 0.605956
vt 0.564110 0.605957
vt 0.563553 0.607731
vt 0.563682 0.608513
vt 0.563554 0.608513
vt 0.058790 0.682689
vt 0.059833 0.682689
vt 0.059833 0.683139
vt 0.058790 0.682240
vt 0.058790 0.683139
vt 0.059833 0.682240
vt 0.058790 0.681790
vt 0.058790 0.681340
vt 0.059833 0.681790
vt 0.059833 0.681340
vt 0.905687 0.494110
vt 0.905238 0.493660
vt 0.905687 0.493660
vt 0.905238 0.494110
vt 0.905687 0.516791
vt 0.905238 0.517240
vt 0.905238 0.516791
vt 0.905687 0.517240
vt 0.540512 0.607749
vt 0.540611 0.608511
vt 0.540479 0.608505
vt 0.540394 0.607720
vt 0.540357 0.608499
vt 0.540410 0.607368
vt 0.540262 0.607701
vt 0.540266 0.607364
vt 0.540130 0.607714
vt 0.540113 0.607358
vt 0.540435 0.606964
vt 0.540161 0.606944
vt 0.540298 0.606965
vt 0.540198 0.606639
vt 0.540312 0.606656
vt 0.540210 0.605956
vt 0.540420 0.605956
vt 0.540429 0.606644
vt 0.540315 0.605957
vt 0.540528 0.605954
vt 0.540644 0.605952
vt 0.540534 0.606622
vt 0.540640 0.606614
vt 0.540540 0.606958
vt 0.540641 0.606960
vt 0.540635 0.607370
vt 0.540534 0.607370
vt 0.540630 0.607760
vt 0.540744 0.607370
vt 0.540872 0.607367
vt 0.540736 0.606958
vt 0.540749 0.607754
vt 0.540743 0.608513
vt 0.540872 0.607731
vt 0.540871 0.608513
vt 0.540844 0.606965
vt 0.540745 0.606622
vt 0.540853 0.606646
vt 0.540760 0.605954
vt 0.540872 0.605958
vt 0.540119 0.608491
vt 0.540238 0.608494
vt 0.035065 0.682689
vt 0.036109 0.682240
vt 0.036109 0.682689
vt 0.035065 0.683139
vt 0.036109 0.683139
vt 0.035065 0.682240
vt 0.036109 0.681790
vt 0.035065 0.681790
vt 0.036109 0.681340
vt 0.035065 0.681340
vt 0.905687 0.470530
vt 0.905238 0.470979
vt 0.905238 0.470530
vt 0.905687 0.470979
vt 0.905687 0.447399
vt 0.905238 0.447849
vt 0.905238 0.447399
vt 0.905687 0.447849
vt 0.667408 0.534041
vt 0.666683 0.533491
vt 0.667382 0.533520
vt 0.668007 0.533523
vt 0.668273 0.534051
vt 0.667994 0.534573
vt 0.667369 0.534561
vt 0.666670 0.534573
vt 0.666429 0.534029
vt 0.399006 0.607944
vt 0.399461 0.608195
vt 0.399380 0.608478
vt 0.398795 0.608148
vt 0.400051 0.608480
vt 0.398742 0.607495
vt 0.398457 0.607567
vt 0.398990 0.607385
vt 0.398734 0.606975
vt 0.399257 0.607646
vt 0.399154 0.607321
vt 0.399343 0.607549
vt 0.399582 0.607725
vt 0.399905 0.607813
vt 0.399876 0.607686
vt 0.399609 0.607618
vt 0.400151 0.607577
vt 0.400264 0.607712
vt 0.400352 0.607325
vt 0.400229 0.607284
vt 0.400290 0.607001
vt 0.400186 0.606689
vt 0.400443 0.606976
vt 0.400096 0.606769
vt 0.399868 0.606596
vt 0.399841 0.606698
vt 0.399585 0.606636
vt 0.399307 0.606746
vt 0.399546 0.606523
vt 0.399099 0.607003
vt 0.399184 0.606652
vt 0.399227 0.607025
vt 0.398988 0.606517
vt 0.398450 0.606895
vt 0.398781 0.606306
vt 0.399435 0.606245
vt 0.399362 0.605958
vt 0.399960 0.606238
vt 0.400418 0.606498
vt 0.400042 0.605952
vt 0.400632 0.606293
vt 0.400680 0.606951
vt 0.400969 0.606881
vt 0.400685 0.607475
vt 0.400969 0.607558
vt 0.400428 0.607928
vt 0.399981 0.608194
vt 0.400632 0.608141
vt 0.262440 0.706590
vt 0.262114 0.706974
vt 0.262064 0.706620
vt 0.262475 0.706918
vt 0.262428 0.706271
vt 0.262064 0.706272
vt 0.262302 0.705950
vt 0.262654 0.706168
vt 0.262689 0.705835
vt 0.262914 0.706223
vt 0.263056 0.705901
vt 0.263317 0.706188
vt 0.262937 0.706354
vt 0.263367 0.706513
vt 0.262947 0.706547
vt 0.262970 0.706738
vt 0.263366 0.706838
vt 0.262966 0.706866
vt 0.263161 0.707159
vt 0.262817 0.707295
vt 0.262720 0.706975
vt 0.262409 0.707258
vt 0.692562 0.296182
vt 0.692134 0.295555
vt 0.692467 0.295496
vt 0.692132 0.296182
vt 0.692134 0.296809
vt 0.692467 0.296869
vt 0.691783 0.296807
vt 0.691783 0.296182
vt 0.691433 0.296809
vt 0.691435 0.296182
vt 0.691433 0.295555
vt 0.691783 0.295558
vt 0.691004 0.296182
vt 0.691099 0.295496
vt 0.691099 0.296869
vt 0.494027 0.605952
vt 0.493889 0.608564
vt 0.493882 0.605953
vt 0.494029 0.608563
vt 0.494172 0.605952
vt 0.494170 0.608563
vt 0.494317 0.605953
vt 0.494310 0.608564
vt 0.517143 0.605952
vt 0.517004 0.608564
vt 0.516998 0.605953
vt 0.517145 0.608563
vt 0.517287 0.605952
vt 0.517285 0.608563
vt 0.517432 0.605953
vt 0.517426 0.608564
vt 0.951739 0.832441
vt 0.951739 0.832198
vt 0.951809 0.832319
vt 0.951599 0.832198
vt 0.951528 0.832319
vt 0.951599 0.832441
vt 0.268910 0.656551
vt 0.270804 0.658501
vt 0.268910 0.658501
vt 0.270804 0.656551
vt 0.365341 0.658501
vt 0.364626 0.656551
vt 0.365341 0.656551
vt 0.364626 0.658501
vt 0.603575 0.658445
vt 0.602860 0.656551
vt 0.603575 0.656551
vt 0.602860 0.658445
vt 0.341230 0.656551
vt 0.341945 0.658501
vt 0.341230 0.658501
vt 0.341945 0.656551
vt 0.626256 0.656551
vt 0.626971 0.658445
vt 0.626256 0.658445
vt 0.626971 0.656551
vt 0.881890 0.426362
vt 0.882494 0.426876
vt 0.881890 0.426876
vt 0.882494 0.426362
vt 0.316616 0.681424
vt 0.317220 0.681342
vt 0.317220 0.681426
vt 0.316617 0.682505
vt 0.317222 0.682506
vt 0.316617 0.682589
vt 0.317222 0.682590
vt 0.317220 0.683104
vt 0.316616 0.683103
vt 0.316616 0.681340
vt 0.764780 0.313711
vt 0.764720 0.314284
vt 0.763640 0.314284
vt 0.763580 0.314225
vt 0.763580 0.313711
vt 0.764780 0.314225
vt 0.764780 0.337479
vt 0.763580 0.336965
vt 0.764780 0.336965
vt 0.763580 0.337479
vt 0.763640 0.337538
vt 0.764720 0.337538
vt 0.514521 0.222992
vt 0.515059 0.222877
vt 0.515059 0.222992
vt 0.514521 0.222877
vt 0.513871 0.222992
vt 0.513871 0.222877
vt 0.513221 0.222992
vt 0.513221 0.222877
vt 0.512570 0.222992
vt 0.512570 0.222877
vt 0.511920 0.222992
vt 0.511920 0.222877
vt 0.511270 0.222992
vt 0.511270 0.222877
vt 0.510619 0.222992
vt 0.510619 0.222877
vt 0.511270 0.177285
vt 0.510620 0.177400
vt 0.510620 0.177285
vt 0.511270 0.177400
vt 0.511920 0.177285
vt 0.511920 0.177400
vt 0.512570 0.177285
vt 0.512570 0.177400
vt 0.513221 0.177285
vt 0.513221 0.177400
vt 0.513871 0.177285
vt 0.513871 0.177400
vt 0.514521 0.177285
vt 0.514521 0.177400
vt 0.515059 0.177398
vt 0.515059 0.177285
vt 0.591139 0.039626
vt 0.592254 0.039848
vt 0.591674 0.039848
vt 0.592959 0.039603
vt 0.590729 0.039216
vt 0.590507 0.038681
vt 0.590507 0.038101
vt 0.590729 0.037566
vt 0.591139 0.037156
vt 0.591674 0.036935
vt 0.592253 0.036935
vt 0.592789 0.037156
vt 0.593199 0.037566
vt 0.593420 0.038102
vt 0.593464 0.038847
vt 0.487381 0.188158
vt 0.487516 0.187607
vt 0.487634 0.188132
vt 0.487362 0.188738
vt 0.487612 0.188781
vt 0.487183 0.189289
vt 0.486859 0.189770
vt 0.487412 0.189400
vt 0.487048 0.189940
vt 0.486416 0.190142
vt 0.486550 0.190358
vt 0.485886 0.190378
vt 0.485956 0.190622
vt 0.485313 0.190459
vt 0.484739 0.190378
vt 0.485313 0.190713
vt 0.484669 0.190622
vt 0.484209 0.190142
vt 0.484075 0.190358
vt 0.483766 0.189770
vt 0.483577 0.189940
vt 0.483442 0.189289
vt 0.483264 0.188738
vt 0.483213 0.189400
vt 0.483013 0.188781
vt 0.483244 0.188158
vt 0.482991 0.188132
vt 0.483108 0.187607
vt 0.483396 0.187427
vt 0.487229 0.187427
vt 0.660542 0.705835
vt 0.660361 0.707031
vt 0.660361 0.706122
vt 0.660540 0.707318
vt 0.660654 0.707318
vt 0.660654 0.705835
vt 0.591977 0.826022
vt 0.591855 0.826261
vt 0.591855 0.826022
vt 0.591977 0.825773
vt 0.591855 0.825773
vt 0.591977 0.826261
vt 0.591855 0.826606
vt 0.591977 0.826606
vt 0.882233 0.587501
vt 0.881890 0.587278
vt 0.882497 0.587278
vt 0.881994 0.587505
vt 0.882233 0.633097
vt 0.881890 0.633319
vt 0.881994 0.633093
vt 0.882497 0.633319
vt 0.637583 0.826022
vt 0.637461 0.826261
vt 0.637461 0.826022
vt 0.637583 0.825773
vt 0.637461 0.825773
vt 0.637583 0.826261
vt 0.637461 0.826606
vt 0.637583 0.826606
vt 0.882233 0.610408
vt 0.881890 0.610186
vt 0.882497 0.610186
vt 0.881994 0.610412
vt 0.882233 0.656004
vt 0.881890 0.656227
vt 0.881994 0.656000
vt 0.882497 0.656227
vt 0.881890 0.450071
vt 0.882495 0.449557
vt 0.882495 0.450071
vt 0.881890 0.449557
vt 0.340508 0.681424
vt 0.339904 0.681342
vt 0.340509 0.681340
vt 0.339904 0.681426
vt 0.340507 0.682505
vt 0.339902 0.682506
vt 0.340507 0.682589
vt 0.339902 0.682590
vt 0.339904 0.683104
vt 0.340509 0.683103
vt 0.763580 0.290457
vt 0.764780 0.290971
vt 0.764720 0.291030
vt 0.763640 0.291030
vt 0.763580 0.290971
vt 0.764780 0.290457
vt 0.764780 0.383533
vt 0.763640 0.383474
vt 0.764720 0.383474
vt 0.763580 0.383533
vt 0.763580 0.384047
vt 0.764780 0.384047
vt 0.515059 0.245784
vt 0.514521 0.245673
vt 0.515059 0.245673
vt 0.514521 0.245787
vt 0.513871 0.245787
vt 0.513871 0.245673
vt 0.513221 0.245673
vt 0.513221 0.245787
vt 0.512570 0.245673
vt 0.512570 0.245787
vt 0.511920 0.245673
vt 0.511920 0.245787
vt 0.511270 0.245787
vt 0.511270 0.245673
vt 0.510619 0.245673
vt 0.510619 0.245787
vt 0.515059 0.200196
vt 0.514409 0.200081
vt 0.515059 0.200081
vt 0.514409 0.200196
vt 0.513759 0.200196
vt 0.513759 0.200081
vt 0.513108 0.200081
vt 0.513108 0.200196
vt 0.512458 0.200081
vt 0.512458 0.200196
vt 0.511808 0.200081
vt 0.511808 0.200196
vt 0.511157 0.200196
vt 0.511157 0.200081
vt 0.510620 0.200081
vt 0.510620 0.200196
vt 0.592297 0.011340
vt 0.591012 0.011586
vt 0.591717 0.011340
vt 0.590507 0.012341
vt 0.592832 0.011562
vt 0.593242 0.011972
vt 0.593464 0.012507
vt 0.593464 0.013087
vt 0.593242 0.013622
vt 0.592832 0.014032
vt 0.592297 0.014254
vt 0.591717 0.014254
vt 0.591182 0.014032
vt 0.590772 0.013622
vt 0.590550 0.013087
vt 0.487634 0.215975
vt 0.487381 0.215949
vt 0.487362 0.215369
vt 0.487518 0.216501
vt 0.487612 0.215326
vt 0.487183 0.214818
vt 0.487412 0.214707
vt 0.486859 0.214337
vt 0.487048 0.214168
vt 0.486416 0.213965
vt 0.486550 0.213749
vt 0.485886 0.213729
vt 0.485956 0.213485
vt 0.485313 0.213648
vt 0.485313 0.213394
vt 0.484739 0.213729
vt 0.484669 0.213485
vt 0.484209 0.213965
vt 0.484075 0.213749
vt 0.483766 0.214337
vt 0.483577 0.214167
vt 0.483442 0.214818
vt 0.483213 0.214707
vt 0.483263 0.215369
vt 0.483013 0.215326
vt 0.483244 0.215949
vt 0.482991 0.215975
vt 0.483110 0.216500
vt 0.483396 0.216680
vt 0.487229 0.216680
vt 0.637680 0.707031
vt 0.637502 0.705835
vt 0.637680 0.706122
vt 0.637499 0.707318
vt 0.637387 0.705835
vt 0.637387 0.707318
vt 0.569174 0.826022
vt 0.569052 0.826022
vt 0.569052 0.825773
vt 0.569174 0.826261
vt 0.569174 0.825773
vt 0.569052 0.826261
vt 0.569174 0.826606
vt 0.569052 0.826606
vt 0.881890 0.518783
vt 0.882233 0.518560
vt 0.882497 0.518783
vt 0.881994 0.518556
vt 0.881890 0.541464
vt 0.882233 0.541686
vt 0.881994 0.541690
vt 0.882497 0.541464
vt 0.614780 0.826022
vt 0.614658 0.826022
vt 0.614658 0.825773
vt 0.614780 0.826261
vt 0.614780 0.825773
vt 0.614658 0.826261
vt 0.614780 0.826606
vt 0.614658 0.826606
vt 0.881890 0.679134
vt 0.882233 0.678911
vt 0.882497 0.679134
vt 0.881994 0.678908
vt 0.881890 0.564371
vt 0.882233 0.564594
vt 0.881994 0.564597
vt 0.882497 0.564371
vt 0.788292 0.057193
vt 0.788478 0.057717
vt 0.788293 0.057717
vt 0.788108 0.057193
vt 0.788108 0.057717
vt 0.787923 0.057193
vt 0.787923 0.057717
vt 0.787739 0.057192
vt 0.787738 0.057717
vt 0.787554 0.057192
vt 0.787553 0.057717
vt 0.788477 0.057192
vt 0.788662 0.057192
vt 0.788662 0.057717
vt 0.660151 0.802087
vt 0.660487 0.802817
vt 0.660151 0.803020
vt 0.660487 0.802290
vt 0.637470 0.803020
vt 0.637134 0.802290
vt 0.637470 0.802087
vt 0.637134 0.802817
vt 0.719364 0.896692
vt 0.719112 0.896164
vt 0.719364 0.896164
vt 0.719112 0.896692
vt 0.928834 0.102993
vt 0.928441 0.103245
vt 0.928441 0.102993
vt 0.928834 0.103245
vt 0.928441 0.080312
vt 0.928834 0.080059
vt 0.928834 0.080312
vt 0.928441 0.080059
vt 0.691004 0.105599
vt 0.692667 0.106318
vt 0.691004 0.106318
vt 0.692667 0.105599
vt 0.386157 0.681340
vt 0.386876 0.683074
vt 0.386157 0.683074
vt 0.386876 0.681340
vt 0.567847 0.849384
vt 0.567906 0.850103
vt 0.567847 0.850103
vt 0.567906 0.849384
vt 0.575727 0.683074
vt 0.575802 0.681401
vt 0.575785 0.683064
vt 0.575727 0.681340
vt 0.598558 0.683014
vt 0.598482 0.681340
vt 0.598541 0.681351
vt 0.598482 0.683074
vt 0.545094 0.850103
vt 0.545166 0.849384
vt 0.545166 0.850103
vt 0.545094 0.849384
vt 0.787553 0.450179
vt 0.788603 0.450899
vt 0.787553 0.450899
vt 0.788603 0.450179
vt 0.787617 0.611621
vt 0.788603 0.611693
vt 0.787553 0.611693
vt 0.788603 0.611621
vt 0.788603 0.634374
vt 0.787617 0.634447
vt 0.787553 0.634374
vt 0.788603 0.634447
vt 0.591963 0.533196
vt 0.591963 0.533803
vt 0.591632 0.533813
vt 0.592330 0.533207
vt 0.591595 0.533207
vt 0.591302 0.533843
vt 0.591230 0.533240
vt 0.590975 0.533892
vt 0.590866 0.533295
vt 0.590652 0.533961
vt 0.590507 0.533372
vt 0.592294 0.533813
vt 0.592696 0.533240
vt 0.592623 0.533843
vt 0.593059 0.533295
vt 0.592950 0.533892
vt 0.593418 0.533372
vt 0.593274 0.533961
vt 0.590507 0.322323
vt 0.593540 0.322083
vt 0.593540 0.322323
vt 0.590507 0.322083
vt 0.541400 0.524568
vt 0.538112 0.524971
vt 0.537857 0.524568
vt 0.541145 0.524971
vt 0.882178 0.334376
vt 0.881890 0.333863
vt 0.882510 0.333863
vt 0.881941 0.334337
vt 0.537857 0.410841
vt 0.541145 0.410286
vt 0.541400 0.410841
vt 0.538112 0.410286
vt 0.881890 0.357569
vt 0.882178 0.357057
vt 0.882510 0.357569
vt 0.881941 0.357095
vt 0.103066 0.873472
vt 0.103362 0.873192
vt 0.103381 0.873472
vt 0.103016 0.872799
vt 0.149927 0.802385
vt 0.149621 0.803051
vt 0.149425 0.802087
vt 0.150039 0.803051
vt 0.643213 0.408787
vt 0.643690 0.408846
vt 0.641495 0.408846
vt 0.643307 0.408747
vt 0.643692 0.408262
vt 0.643309 0.408236
vt 0.641972 0.408787
vt 0.641877 0.408747
vt 0.641493 0.408262
vt 0.641876 0.408236
vt 0.621519 0.681341
vt 0.621239 0.683059
vt 0.621239 0.681340
vt 0.621519 0.683059
vt 0.318195 0.658150
vt 0.318310 0.658037
vt 0.318549 0.658268
vt 0.318268 0.656859
vt 0.318110 0.658553
vt 0.318110 0.658169
vt 0.318488 0.656551
vt 0.318146 0.656754
vt 0.905474 0.194480
vt 0.905732 0.194801
vt 0.905238 0.194801
vt 0.905558 0.194459
vt 0.858524 0.081066
vt 0.858781 0.080801
vt 0.859199 0.081066
vt 0.858500 0.080803
vt 0.787946 0.403998
vt 0.788537 0.403565
vt 0.788620 0.403975
vt 0.787553 0.403565
vt 0.293424 0.681340
vt 0.293834 0.681606
vt 0.293338 0.681358
vt 0.293907 0.681508
vt 0.293934 0.681607
vt 0.293935 0.682848
vt 0.293907 0.682947
vt 0.293834 0.682848
vt 0.293424 0.683113
vt 0.293338 0.683095
vt 0.715451 0.596501
vt 0.715483 0.597151
vt 0.715361 0.597047
vt 0.716694 0.596501
vt 0.716785 0.597047
vt 0.716662 0.597151
vt 0.174846 0.683125
vt 0.174674 0.681406
vt 0.174840 0.681340
vt 0.174674 0.683154
vt 0.668068 0.487428
vt 0.666528 0.487779
vt 0.666429 0.487437
vt 0.668312 0.487779
vt 0.691004 0.177153
vt 0.692644 0.176543
vt 0.692644 0.177153
vt 0.691004 0.176543
vt 0.360799 0.826635
vt 0.360799 0.825773
vt 0.361142 0.826026
vt 0.360624 0.826635
vt 0.361142 0.826637
vt 0.360624 0.825773
vt 0.579937 0.656580
vt 0.579765 0.658299
vt 0.579765 0.656551
vt 0.580179 0.656825
vt 0.580160 0.658464
vt 0.151820 0.683125
vt 0.151993 0.681406
vt 0.151993 0.683154
vt 0.151827 0.681340
vt 0.666673 0.510460
vt 0.668213 0.510810
vt 0.666429 0.510810
vt 0.668312 0.510469
vt 0.691004 0.199834
vt 0.692644 0.200444
vt 0.691004 0.200444
vt 0.692644 0.199834
vt 0.384167 0.825773
vt 0.384342 0.826635
vt 0.384167 0.826635
vt 0.383823 0.826026
vt 0.383823 0.826637
vt 0.384342 0.825773
vt 0.556842 0.658435
vt 0.556670 0.658464
vt 0.556670 0.656716
vt 0.557084 0.658190
vt 0.557065 0.656551
vt 0.641518 0.385137
vt 0.641788 0.384976
vt 0.641788 0.385550
vt 0.643507 0.384976
vt 0.641493 0.385555
vt 0.643507 0.385550
vt 0.643716 0.385137
vt 0.643748 0.385555
vt 0.641493 0.525910
vt 0.643687 0.525728
vt 0.643687 0.525910
vt 0.641493 0.525728
vt 0.643687 0.454765
vt 0.641493 0.455182
vt 0.641493 0.454765
vt 0.643687 0.455182
vt 0.331810 0.896532
vt 0.331392 0.896672
vt 0.331392 0.896164
vt 0.331807 0.896715
vt 0.643687 0.431527
vt 0.641493 0.432084
vt 0.641493 0.431527
vt 0.643687 0.432084
vt 0.308711 0.896672
vt 0.308293 0.896532
vt 0.308711 0.896164
vt 0.308296 0.896715
vt 0.667691 0.393923
vt 0.667692 0.393584
vt 0.668324 0.393587
vt 0.667061 0.393923
vt 0.668321 0.393926
vt 0.667060 0.393584
vt 0.666431 0.393926
vt 0.666429 0.393587
vt 0.618148 0.357108
vt 0.618781 0.356773
vt 0.618778 0.357112
vt 0.618150 0.356769
vt 0.617518 0.357107
vt 0.617518 0.356768
vt 0.616888 0.357108
vt 0.616886 0.356769
vt 0.616257 0.357112
vt 0.616255 0.356773
vt 0.082888 0.632924
vt 0.083167 0.632822
vt 0.083470 0.633237
vt 0.082889 0.632226
vt 0.083305 0.633484
vt 0.083966 0.633396
vt 0.083972 0.633695
vt 0.084465 0.633249
vt 0.084642 0.633489
vt 0.084779 0.632846
vt 0.085063 0.632932
vt 0.084784 0.632336
vt 0.085063 0.632234
vt 0.084479 0.631921
vt 0.084647 0.631673
vt 0.083985 0.631756
vt 0.083978 0.631457
vt 0.083487 0.631908
vt 0.083309 0.631668
vt 0.083173 0.632312
vt 0.882521 0.310843
vt 0.881890 0.311182
vt 0.881890 0.310843
vt 0.882521 0.311182
vt 0.882521 0.264803
vt 0.881890 0.265142
vt 0.881890 0.264803
vt 0.882521 0.265142
vt 0.881890 0.288162
vt 0.882521 0.287823
vt 0.882521 0.288162
vt 0.881890 0.287823
vt 0.269021 0.682467
vt 0.269839 0.683061
vt 0.269333 0.682897
vt 0.270345 0.682897
vt 0.269021 0.681935
vt 0.269333 0.681505
vt 0.269839 0.681340
vt 0.270345 0.681505
vt 0.270657 0.682467
vt 0.270657 0.681935
vt 0.974722 0.489877
vt 0.974537 0.489720
vt 0.974722 0.489720
vt 0.974537 0.489877
vt 0.236581 0.531000
vt 0.236396 0.527092
vt 0.236581 0.527092
vt 0.236396 0.531000
vt 0.282127 0.527092
vt 0.282284 0.527092
vt 0.282284 0.531000
vt 0.282127 0.531000
vt 0.259446 0.531000
vt 0.259262 0.527092
vt 0.259446 0.527092
vt 0.259262 0.531000
vt 0.787553 0.104361
vt 0.788044 0.104130
vt 0.788044 0.104361
vt 0.788673 0.104130
vt 0.787553 0.104130
vt 0.788673 0.104361
vt 0.651294 0.778221
vt 0.651525 0.778743
vt 0.651294 0.778743
vt 0.651525 0.779372
vt 0.651525 0.778221
vt 0.651294 0.779372
vt 0.787553 0.265873
vt 0.788009 0.265691
vt 0.788009 0.266128
vt 0.788638 0.265691
vt 0.788638 0.266128
vt 0.905674 0.746009
vt 0.905238 0.745778
vt 0.905674 0.745778
vt 0.905238 0.746009
vt 0.537857 0.176113
vt 0.540915 0.175937
vt 0.540914 0.176122
vt 0.537858 0.175929
vt 0.537857 0.175772
vt 0.541523 0.175582
vt 0.537857 0.175588
vt 0.541523 0.175767
vt 0.541061 0.176022
vt 0.742262 0.896284
vt 0.742045 0.896693
vt 0.742045 0.896164
vt 0.974722 0.512715
vt 0.974538 0.512558
vt 0.974722 0.512558
vt 0.974538 0.512715
vt 0.882059 0.380250
vt 0.882521 0.380435
vt 0.882059 0.380435
vt 0.881890 0.380250
vt 0.881890 0.380435
vt 0.882521 0.380250
vt 0.928441 0.126147
vt 0.928835 0.125926
vt 0.928835 0.126147
vt 0.928441 0.125926
vt 0.905238 0.631619
vt 0.905683 0.631399
vt 0.905683 0.631619
vt 0.905238 0.631399
vt 0.491171 0.965579
vt 0.491093 0.965784
vt 0.491093 0.965563
vt 0.491171 0.965772
vt 0.788567 0.680533
vt 0.788046 0.680497
vt 0.788049 0.680164
vt 0.787997 0.680497
vt 0.788567 0.679943
vt 0.787998 0.680104
vt 0.787553 0.680104
vt 0.787553 0.680497
vt 0.011545 0.802601
vt 0.011561 0.802648
vt 0.011340 0.802648
vt 0.011561 0.803092
vt 0.011352 0.802601
vt 0.011449 0.802087
vt 0.011340 0.803092
vt 0.974537 0.763574
vt 0.974680 0.763673
vt 0.974537 0.763673
vt 0.974680 0.763574
vt 0.974680 0.740893
vt 0.974537 0.740793
vt 0.974680 0.740793
vt 0.974537 0.740893
vt 0.740223 0.546437
vt 0.739559 0.547043
vt 0.739495 0.546444
vt 0.739549 0.545843
vt 0.740225 0.547032
vt 0.740624 0.546858
vt 0.740625 0.546434
vt 0.740840 0.546432
vt 0.740617 0.546010
vt 0.740214 0.545843
vt 0.514530 0.154593
vt 0.514530 0.154486
vt 0.515104 0.154556
vt 0.510620 0.154605
vt 0.510620 0.154486
vt 0.514530 0.109001
vt 0.514530 0.108896
vt 0.515104 0.108938
vt 0.510619 0.109006
vt 0.510619 0.108887
vt 0.511194 0.086096
vt 0.511194 0.086201
vt 0.510620 0.086138
vt 0.515104 0.086088
vt 0.515104 0.086206
vt 0.511193 0.131687
vt 0.511193 0.131794
vt 0.510619 0.131757
vt 0.515103 0.131687
vt 0.515104 0.131805
vt 0.502129 0.754156
vt 0.502271 0.755460
vt 0.502129 0.755460
vt 0.502271 0.754156
vt 0.524952 0.755460
vt 0.525052 0.754156
vt 0.525052 0.755460
vt 0.524952 0.754156
vt 0.547832 0.754156
vt 0.547733 0.755460
vt 0.547733 0.754156
vt 0.547832 0.755460
vt 0.034279 0.707382
vt 0.034537 0.705835
vt 0.034537 0.707382
vt 0.034279 0.705835
vt 0.216587 0.707382
vt 0.216645 0.705907
vt 0.216645 0.707310
vt 0.216587 0.705835
vt 0.148430 0.707382
vt 0.148373 0.705907
vt 0.148430 0.705835
vt 0.148373 0.707310
vt 0.815490 0.942870
vt 0.815232 0.942542
vt 0.815490 0.942542
vt 0.815232 0.942870
vt 0.951857 0.056846
vt 0.951586 0.056918
vt 0.951528 0.056846
vt 0.951857 0.056918
vt 0.148181 0.965834
vt 0.147923 0.965563
vt 0.148181 0.965563
vt 0.147923 0.965834
vt 0.951857 0.011412
vt 0.951586 0.011340
vt 0.951857 0.011340
vt 0.951528 0.011412
vt 0.838429 0.942870
vt 0.838171 0.942542
vt 0.838429 0.942542
vt 0.838171 0.942870
vt 0.951857 0.034093
vt 0.951586 0.034165
vt 0.951528 0.034093
vt 0.951857 0.034165
vt 0.216998 0.965834
vt 0.216740 0.965563
vt 0.216998 0.965563
vt 0.216740 0.965834
vt 0.951857 0.102423
vt 0.951586 0.102352
vt 0.951857 0.102352
vt 0.951528 0.102423
vt 0.692552 0.667641
vt 0.691005 0.667813
vt 0.691004 0.667555
vt 0.692552 0.667813
vt 0.193849 0.707382
vt 0.193906 0.705907
vt 0.193906 0.707310
vt 0.193849 0.705835
vt 0.080214 0.705907
vt 0.080157 0.707385
vt 0.080157 0.705835
vt 0.080215 0.707313
vt 0.884049 0.942860
vt 0.884220 0.942555
vt 0.884220 0.942873
vt 0.884049 0.942542
vt 0.951846 0.284932
vt 0.951586 0.285004
vt 0.951528 0.284932
vt 0.951846 0.285004
vt 0.239850 0.965824
vt 0.239679 0.965576
vt 0.239850 0.965563
vt 0.239679 0.965837
vt 0.951846 0.398768
vt 0.951586 0.398696
vt 0.951846 0.398696
vt 0.951528 0.398768
vt 0.951846 0.193549
vt 0.951528 0.193807
vt 0.951528 0.193549
vt 0.951846 0.193807
vt 0.951528 0.239498
vt 0.951789 0.239427
vt 0.951846 0.239498
vt 0.951528 0.239427
vt 0.262789 0.965824
vt 0.262531 0.965563
vt 0.262789 0.965563
vt 0.262531 0.965824
vt 0.951846 0.307757
vt 0.951586 0.307685
vt 0.951846 0.307685
vt 0.951528 0.307757
vt 0.057476 0.707382
vt 0.057218 0.705835
vt 0.057476 0.705835
vt 0.057218 0.707382
vt 0.171168 0.707310
vt 0.171111 0.705835
vt 0.171168 0.705907
vt 0.171111 0.707382
vt 0.239326 0.707310
vt 0.239383 0.705835
vt 0.239383 0.707382
vt 0.239326 0.705907
vt 0.792293 0.942870
vt 0.792551 0.942542
vt 0.792551 0.942870
vt 0.792293 0.942542
vt 0.951586 0.079599
vt 0.951857 0.079671
vt 0.951528 0.079671
vt 0.951857 0.079599
vt 0.171120 0.965563
vt 0.170862 0.965834
vt 0.170862 0.965563
vt 0.171120 0.965834
vt 0.861368 0.942542
vt 0.861110 0.942870
vt 0.861110 0.942542
vt 0.861368 0.942870
vt 0.951586 0.125104
vt 0.951857 0.125176
vt 0.951528 0.125176
vt 0.951857 0.125104
vt 0.193801 0.965834
vt 0.194059 0.965563
vt 0.194059 0.965834
vt 0.193801 0.965563
vt 0.951857 0.147857
vt 0.951586 0.147929
vt 0.951528 0.147857
vt 0.951857 0.147929
vt 0.011340 0.705835
vt 0.011598 0.707382
vt 0.011340 0.707382
vt 0.011598 0.705835
vt 0.102953 0.707310
vt 0.102896 0.705835
vt 0.102953 0.705907
vt 0.102896 0.707382
vt 0.125634 0.707310
vt 0.125692 0.705835
vt 0.125692 0.707382
vt 0.125634 0.705907
vt 0.951846 0.170868
vt 0.951528 0.170610
vt 0.951846 0.170610
vt 0.951528 0.170868
vt 0.951586 0.375943
vt 0.951846 0.376015
vt 0.951528 0.376015
vt 0.951846 0.375943
vt 0.285728 0.965563
vt 0.285470 0.965824
vt 0.285470 0.965563
vt 0.285728 0.965824
vt 0.951528 0.216488
vt 0.951846 0.216746
vt 0.951528 0.216746
vt 0.951846 0.216488
vt 0.308409 0.965824
vt 0.308667 0.965563
vt 0.308667 0.965824
vt 0.308409 0.965563
vt 0.951846 0.353190
vt 0.951586 0.353262
vt 0.951528 0.353190
vt 0.951846 0.353262
vt 0.255290 0.335324
vt 0.250087 0.326209
vt 0.255290 0.326209
vt 0.250087 0.335324
vt 0.370492 0.178420
vt 0.376054 0.178958
vt 0.370045 0.178958
vt 0.375694 0.178420
vt 0.157474 0.335324
vt 0.157975 0.326261
vt 0.157975 0.335732
vt 0.157474 0.326209
vt 0.111545 0.335324
vt 0.110977 0.326261
vt 0.111545 0.326209
vt 0.110977 0.335732
vt 0.283174 0.326209
vt 0.277971 0.335324
vt 0.277971 0.326209
vt 0.283174 0.335324
vt 0.370045 0.202176
vt 0.375607 0.201639
vt 0.376054 0.202176
vt 0.370404 0.201639
vt 0.180656 0.326261
vt 0.181157 0.335324
vt 0.180656 0.335732
vt 0.181157 0.326209
vt 0.134225 0.335324
vt 0.134793 0.326261
vt 0.134793 0.335732
vt 0.134225 0.326209
vt 0.642548 0.501141
vt 0.642548 0.503041
vt 0.642285 0.503041
vt 0.642811 0.501141
vt 0.642284 0.501141
vt 0.642022 0.503041
vt 0.642020 0.501141
vt 0.641818 0.503042
vt 0.641757 0.501141
vt 0.641555 0.503047
vt 0.641493 0.501146
vt 0.642811 0.503041
vt 0.643075 0.501141
vt 0.643074 0.503041
vt 0.643339 0.501141
vt 0.643278 0.503042
vt 0.643541 0.503047
vt 0.643602 0.501146
vt 0.882340 0.149524
vt 0.882526 0.149074
vt 0.882526 0.149338
vt 0.882340 0.148887
vt 0.881890 0.149338
vt 0.882076 0.149524
vt 0.882076 0.148887
vt 0.881890 0.149074
vt 0.882076 0.195518
vt 0.881915 0.195130
vt 0.882101 0.194944
vt 0.882364 0.194944
vt 0.882525 0.195069
vt 0.882339 0.195518
vt 0.882525 0.195332
vt 0.881890 0.195332
vt 0.928803 0.422562
vt 0.928441 0.422658
vt 0.928441 0.422400
vt 0.928803 0.422658
vt 0.928441 0.057379
vt 0.928837 0.057083
vt 0.928837 0.057379
vt 0.928441 0.057083
vt 0.951824 0.718253
vt 0.951528 0.718157
vt 0.951824 0.718157
vt 0.951528 0.718253
vt 0.928803 0.399557
vt 0.928441 0.399461
vt 0.928803 0.399461
vt 0.928441 0.399719
vt 0.468413 0.965563
vt 0.468288 0.965796
vt 0.468288 0.965563
vt 0.468413 0.965796
vt 0.673451 0.896694
vt 0.673218 0.896164
vt 0.673451 0.896164
vt 0.673153 0.896694
vt 0.951528 0.649742
vt 0.951827 0.649866
vt 0.951528 0.649866
vt 0.951827 0.649742
vt 0.696365 0.896164
vt 0.696132 0.896694
vt 0.696132 0.896164
vt 0.696431 0.896694
vt 0.951528 0.672547
vt 0.951827 0.672671
vt 0.951528 0.672671
vt 0.951827 0.672547
vt 0.627492 0.896694
vt 0.627194 0.896164
vt 0.627492 0.896164
vt 0.627194 0.896694
vt 0.951528 0.695352
vt 0.951827 0.695476
vt 0.951528 0.695476
vt 0.951827 0.695352
vt 0.650173 0.896164
vt 0.650472 0.896695
vt 0.650173 0.896694
vt 0.650472 0.896164
vt 0.928441 0.376780
vt 0.928803 0.376484
vt 0.928803 0.376780
vt 0.928441 0.376484
vt 0.226196 0.581626
vt 0.226490 0.581626
vt 0.226490 0.582424
vt 0.226196 0.580827
vt 0.226196 0.582424
vt 0.226490 0.583223
vt 0.226196 0.583223
vt 0.226490 0.580827
vt 0.226196 0.580028
vt 0.226490 0.580028
vt 0.314291 0.359527
vt 0.313997 0.358728
vt 0.314291 0.358728
vt 0.313997 0.359527
vt 0.314291 0.360326
vt 0.313997 0.360326
vt 0.314291 0.361124
vt 0.313997 0.361124
vt 0.314291 0.361923
vt 0.313997 0.361923
vt 0.314291 0.362721
vt 0.313997 0.362721
vt 0.314291 0.363520
vt 0.313997 0.363520
vt 0.314291 0.364318
vt 0.313997 0.364318
vt 0.314291 0.365117
vt 0.313997 0.365117
vt 0.231138 0.606911
vt 0.230180 0.605952
vt 0.230788 0.606303
vt 0.229479 0.605952
vt 0.231138 0.607612
vt 0.230788 0.608220
vt 0.230180 0.608570
vt 0.229479 0.608570
vt 0.228871 0.608220
vt 0.228521 0.607612
vt 0.228871 0.606303
vt 0.228521 0.606911
vt 0.566246 0.488842
vt 0.567039 0.488688
vt 0.566313 0.489106
vt 0.565547 0.488844
vt 0.565473 0.489106
vt 0.564939 0.488498
vt 0.564746 0.488689
vt 0.564584 0.487899
vt 0.564322 0.487968
vt 0.564577 0.487208
vt 0.564923 0.486611
vt 0.564317 0.487135
vt 0.564736 0.486416
vt 0.565527 0.486270
vt 0.565462 0.486007
vt 0.566227 0.486271
vt 0.566298 0.486009
vt 0.566837 0.486604
vt 0.567192 0.487198
vt 0.567028 0.486412
vt 0.567454 0.487129
vt 0.567196 0.487891
vt 0.567457 0.487964
vt 0.566850 0.488493
vt 0.034690 0.605964
vt 0.034777 0.606690
vt 0.034667 0.606682
vt 0.034557 0.606685
vt 0.034535 0.607108
vt 0.034794 0.607134
vt 0.034655 0.607132
vt 0.034671 0.607625
vt 0.034890 0.607050
vt 0.034793 0.607625
vt 0.034909 0.607171
vt 0.034908 0.607558
vt 0.034908 0.607694
vt 0.034785 0.608033
vt 0.034680 0.608041
vt 0.034896 0.608013
vt 0.034821 0.608718
vt 0.034703 0.608724
vt 0.034935 0.608712
vt 0.034584 0.608727
vt 0.034574 0.608040
vt 0.034427 0.607706
vt 0.034539 0.607628
vt 0.034461 0.608027
vt 0.034285 0.607805
vt 0.034385 0.607747
vt 0.034347 0.608036
vt 0.034470 0.608728
vt 0.034355 0.608729
vt 0.034241 0.608731
vt 0.034232 0.608030
vt 0.034302 0.607748
vt 0.034403 0.607804
vt 0.928797 0.445455
vt 0.928472 0.445339
vt 0.928766 0.445339
vt 0.034184 0.606695
vt 0.034312 0.606711
vt 0.034299 0.606988
vt 0.034174 0.607017
vt 0.034441 0.606703
vt 0.034418 0.607030
vt 0.928797 0.468136
vt 0.928472 0.468251
vt 0.928441 0.468136
vt 0.928766 0.468251
vt 0.928441 0.445455
vt 0.905238 0.791549
vt 0.905323 0.791461
vt 0.905668 0.791549
vt 0.034420 0.607176
vt 0.034448 0.605960
vt 0.034334 0.605957
vt 0.034220 0.605952
vt 0.034565 0.605962
vt 0.034892 0.606714
vt 0.034815 0.605970
vt 0.034935 0.605977
vt 0.011340 0.682689
vt 0.012384 0.682689
vt 0.012384 0.683139
vt 0.011340 0.682240
vt 0.011340 0.683139
vt 0.012384 0.682240
vt 0.011340 0.681790
vt 0.012384 0.681790
vt 0.011340 0.681340
vt 0.012384 0.681340
vt 0.905687 0.378007
vt 0.905238 0.378457
vt 0.905238 0.378007
vt 0.905687 0.378457
vt 0.905238 0.401138
vt 0.905687 0.401588
vt 0.905238 0.401588
vt 0.905687 0.401138
vt 0.277798 0.606690
vt 0.277728 0.605960
vt 0.277854 0.605969
vt 0.277907 0.606720
vt 0.277972 0.605978
vt 0.278008 0.607029
vt 0.278035 0.606745
vt 0.277882 0.607034
vt 0.278165 0.606745
vt 0.277934 0.607412
vt 0.278132 0.607076
vt 0.277902 0.607396
vt 0.278058 0.607358
vt 0.277818 0.607293
vt 0.278202 0.605993
vt 0.278087 0.605986
vt 0.277982 0.607666
vt 0.278171 0.607890
vt 0.278053 0.607903
vt 0.278084 0.607603
vt 0.278202 0.608615
vt 0.278083 0.608620
vt 0.277965 0.608625
vt 0.277935 0.607900
vt 0.277846 0.608630
vt 0.277819 0.607920
vt 0.277724 0.608634
vt 0.277710 0.607927
vt 0.277601 0.607924
vt 0.277602 0.608635
vt 0.277570 0.607502
vt 0.277455 0.607581
vt 0.277485 0.607910
vt 0.277483 0.608634
vt 0.277697 0.607498
vt 0.277577 0.607043
vt 0.277461 0.607041
vt 0.277454 0.607432
vt 0.277577 0.606681
vt 0.277460 0.606701
vt 0.277602 0.605955
vt 0.277479 0.605952
vt 0.277689 0.606677
vt 0.277775 0.607037
vt 0.277683 0.607042
vt 0.277833 0.607492
vt 0.277952 0.607567
vt 0.278104 0.607661
vt 0.277998 0.607606
vt 0.666878 0.654280
vt 0.667328 0.655324
vt 0.666878 0.655324
vt 0.666429 0.654280
vt 0.666429 0.655324
vt 0.667328 0.654280
vt 0.667777 0.655324
vt 0.667777 0.654280
vt 0.668227 0.654280
vt 0.668227 0.655324
vt 0.905687 0.424268
vt 0.905238 0.424718
vt 0.905238 0.424268
vt 0.905687 0.424718
vt 0.905687 0.354877
vt 0.905238 0.355326
vt 0.905238 0.354877
vt 0.905687 0.355326
vt 0.645174 0.682474
vt 0.644497 0.683007
vt 0.644200 0.682474
vt 0.644200 0.681873
vt 0.644497 0.681340
vt 0.645174 0.681873
vt 0.644878 0.681340
vt 0.644878 0.683007
vt 0.928822 0.308181
vt 0.928441 0.308051
vt 0.928822 0.308051
vt 0.928441 0.308181
vt 0.881890 0.838516
vt 0.882500 0.838647
vt 0.881890 0.838647
vt 0.882500 0.838516
vt 0.102559 0.896765
vt 0.102689 0.896164
vt 0.102689 0.896765
vt 0.102559 0.896164
vt 0.882500 0.747402
vt 0.881890 0.747272
vt 0.882500 0.747272
vt 0.881890 0.747402
vt 0.928441 0.285240
vt 0.928822 0.285370
vt 0.928441 0.285370
vt 0.928822 0.285240
vt 0.011471 0.896164
vt 0.011340 0.896774
vt 0.011340 0.896164
vt 0.011471 0.896774
vt 0.079748 0.896765
vt 0.079878 0.896164
vt 0.079878 0.896765
vt 0.079748 0.896164
vt 0.034282 0.896164
vt 0.034152 0.896774
vt 0.034152 0.896164
vt 0.034282 0.896774
vt 0.691537 0.012314
vt 0.691004 0.011637
vt 0.691537 0.011340
vt 0.692139 0.012314
vt 0.692139 0.011340
vt 0.692671 0.011637
vt 0.692671 0.012018
vt 0.691004 0.012018
vt 0.928822 0.353673
vt 0.928441 0.353803
vt 0.928441 0.353673
vt 0.928822 0.353803
vt 0.881890 0.861458
vt 0.882500 0.861327
vt 0.882500 0.861458
vt 0.881890 0.861327
vt 0.125500 0.896765
vt 0.125370 0.896164
vt 0.125500 0.896164
vt 0.125370 0.896765
vt 0.881890 0.793024
vt 0.882500 0.792894
vt 0.882500 0.793024
vt 0.881890 0.792894
vt 0.928822 0.330862
vt 0.928441 0.330992
vt 0.928441 0.330862
vt 0.928822 0.330992
vt 0.882500 0.815705
vt 0.881890 0.815835
vt 0.881890 0.815705
vt 0.882500 0.815835
vt 0.148312 0.896765
vt 0.148181 0.896164
vt 0.148312 0.896164
vt 0.148181 0.896765
vt 0.882500 0.770083
vt 0.881890 0.770213
vt 0.881890 0.770083
vt 0.882500 0.770213
vt 0.788054 0.242763
vt 0.787585 0.243010
vt 0.787553 0.242930
vt 0.788640 0.243010
vt 0.788654 0.242899
vt 0.858504 0.588121
vt 0.859185 0.588010
vt 0.859189 0.588121
vt 0.858500 0.588010
vt 0.422443 0.778749
vt 0.421759 0.779365
vt 0.421759 0.778749
vt 0.422443 0.778221
vt 0.421759 0.778221
vt 0.422443 0.779365
vt 0.217740 0.872799
vt 0.217826 0.873483
vt 0.217740 0.873483
vt 0.217826 0.872799
vt 0.788153 0.219835
vt 0.787567 0.220082
vt 0.787553 0.219971
vt 0.788623 0.220082
vt 0.788654 0.220002
vt 0.882494 0.403681
vt 0.881890 0.403681
vt 0.881890 0.403353
vt 0.882494 0.403353
vt 0.882192 0.403116
vt 0.246340 0.682232
vt 0.245888 0.681847
vt 0.246340 0.681847
vt 0.245888 0.681519
vt 0.245888 0.682232
vt 0.246340 0.682616
vt 0.245888 0.682616
vt 0.245888 0.682944
vt 0.246340 0.683123
vt 0.246340 0.681340
vt 0.835230 0.470546
vt 0.835737 0.469941
vt 0.835737 0.470546
vt 0.835230 0.469941
vt 0.834993 0.470243
vt 0.691004 0.036122
vt 0.691232 0.036019
vt 0.691555 0.036360
vt 0.691004 0.035465
vt 0.691458 0.036580
vt 0.692032 0.036360
vt 0.692113 0.036602
vt 0.692370 0.036023
vt 0.692616 0.036135
vt 0.692394 0.035562
vt 0.692628 0.035456
vt 0.692071 0.035235
vt 0.692152 0.034995
vt 0.691595 0.035241
vt 0.691490 0.035011
vt 0.691241 0.035555
vt 0.764418 0.150284
vt 0.764769 0.151117
vt 0.764423 0.151463
vt 0.763928 0.151465
vt 0.763926 0.150279
vt 0.763580 0.151113
vt 0.763580 0.150624
vt 0.764769 0.150628
vt 0.057616 0.608553
vt 0.058179 0.606130
vt 0.058179 0.608553
vt 0.057897 0.608731
vt 0.057616 0.606130
vt 0.057897 0.605952
vt 0.508146 0.580361
vt 0.508442 0.580361
vt 0.508442 0.582784
vt 0.508146 0.580028
vt 0.508146 0.582784
vt 0.508442 0.583117
vt 0.508146 0.583117
vt 0.508442 0.580028
vt 0.485169 0.582784
vt 0.485465 0.583117
vt 0.485169 0.583117
vt 0.485465 0.582784
vt 0.485169 0.580361
vt 0.485465 0.580361
vt 0.485169 0.580028
vt 0.485465 0.580028
vt 0.740205 0.313733
vt 0.739495 0.314029
vt 0.739495 0.313733
vt 0.740205 0.314029
vt 0.740897 0.313733
vt 0.740897 0.314029
vt 0.740205 0.337006
vt 0.740897 0.336710
vt 0.740897 0.337006
vt 0.740205 0.336710
vt 0.739495 0.337006
vt 0.739495 0.336710
vt 0.295286 0.754848
vt 0.295583 0.755523
vt 0.295286 0.755523
vt 0.295583 0.754848
vt 0.295286 0.754156
vt 0.295583 0.754156
vt 0.318560 0.754848
vt 0.318264 0.754156
vt 0.318560 0.754156
vt 0.318264 0.754848
vt 0.318560 0.755523
vt 0.318264 0.755523
vt 0.788621 0.080742
vt 0.788634 0.081177
vt 0.788293 0.081449
vt 0.787848 0.081442
vt 0.788329 0.080406
vt 0.787881 0.080398
vt 0.787553 0.081105
vt 0.787553 0.080676
vt 0.294075 0.656576
vt 0.294857 0.656551
vt 0.294652 0.657038
vt 0.295429 0.657155
vt 0.294231 0.657038
vt 0.293919 0.657291
vt 0.293497 0.657099
vt 0.293485 0.657878
vt 0.293932 0.657690
vt 0.294211 0.658000
vt 0.293986 0.658476
vt 0.294814 0.658499
vt 0.294625 0.657974
vt 0.294934 0.657741
vt 0.295429 0.657968
vt 0.294913 0.657359
vt 0.541419 0.316242
vt 0.538729 0.316840
vt 0.538662 0.316591
vt 0.537857 0.316313
vt 0.538677 0.317049
vt 0.541483 0.316328
vt 0.537957 0.316242
vt 0.375180 0.988528
vt 0.375099 0.988635
vt 0.375099 0.988528
vt 0.375180 0.988635
vt 0.537857 0.501807
vt 0.538644 0.501807
vt 0.538644 0.501887
vt 0.537857 0.501887
vt 0.541423 0.501887
vt 0.541423 0.501807
vt 0.673429 0.965563
vt 0.673348 0.965779
vt 0.673348 0.965563
vt 0.673429 0.965779
vt 0.538729 0.222500
vt 0.541419 0.223098
vt 0.538662 0.222749
vt 0.537857 0.223027
vt 0.537957 0.223098
vt 0.538677 0.222291
vt 0.541483 0.223012
vt 0.540611 0.292963
vt 0.540678 0.293213
vt 0.537921 0.293561
vt 0.541483 0.293490
vt 0.540663 0.292754
vt 0.537857 0.293476
vt 0.541383 0.293561
vt 0.329657 0.988528
vt 0.329576 0.988635
vt 0.329576 0.988528
vt 0.329657 0.988635
vt 0.538644 0.479045
vt 0.541423 0.479126
vt 0.538644 0.479126
vt 0.537857 0.479045
vt 0.537857 0.479126
vt 0.541423 0.479045
vt 0.605144 0.965563
vt 0.605064 0.965779
vt 0.605064 0.965563
vt 0.605144 0.965779
vt 0.538729 0.363427
vt 0.541419 0.364025
vt 0.538662 0.363676
vt 0.537857 0.363954
vt 0.537957 0.364025
vt 0.538677 0.363218
vt 0.541483 0.363939
vt 0.102437 0.988528
vt 0.102356 0.988650
vt 0.102356 0.988528
vt 0.102437 0.988650
vt 0.567801 0.197054
vt 0.564317 0.196886
vt 0.567801 0.196886
vt 0.567801 0.197222
vt 0.564317 0.197054
vt 0.564317 0.197222
vt 0.567801 0.197390
vt 0.564317 0.197390
vt 0.567801 0.197558
vt 0.564317 0.197558
vt 0.974538 0.580917
vt 0.974705 0.581085
vt 0.974538 0.581085
vt 0.974705 0.580917
vt 0.974538 0.626615
vt 0.974705 0.626782
vt 0.974538 0.626782
vt 0.974705 0.626615
vt 0.256786 0.502728
vt 0.256524 0.504339
vt 0.256524 0.502728
vt 0.259374 0.504339
vt 0.256786 0.501442
vt 0.259374 0.499697
vt 0.256524 0.499698
vt 0.256524 0.501441
vt 0.487633 0.239360
vt 0.486022 0.239623
vt 0.486022 0.239360
vt 0.487633 0.242331
vt 0.482991 0.242331
vt 0.484736 0.239623
vt 0.482992 0.239360
vt 0.484735 0.239360
vt 0.692615 0.342468
vt 0.691004 0.342349
vt 0.692615 0.342349
vt 0.691004 0.342468
vt 0.593478 0.437362
vt 0.590628 0.437481
vt 0.590507 0.437360
vt 0.593478 0.437481
vt 0.399865 0.965563
vt 0.399746 0.965826
vt 0.399746 0.965563
vt 0.399865 0.965826
vt 0.400644 0.504339
vt 0.400814 0.499697
vt 0.400814 0.504339
vt 0.400644 0.499697
vt 0.590507 0.391759
vt 0.593357 0.391878
vt 0.590507 0.391878
vt 0.593478 0.391757
vt 0.482462 0.683084
vt 0.482581 0.681340
vt 0.482581 0.683084
vt 0.482462 0.681340
vt 0.331466 0.965563
vt 0.331348 0.965826
vt 0.331348 0.965563
vt 0.331466 0.965826
vt 0.540611 0.199401
vt 0.541483 0.198874
vt 0.540663 0.199610
vt 0.540678 0.199152
vt 0.537921 0.198803
vt 0.537857 0.198889
vt 0.541383 0.198803
vt 0.397860 0.988528
vt 0.397941 0.988635
vt 0.397860 0.988635
vt 0.397941 0.988528
vt 0.538644 0.433522
vt 0.538644 0.433603
vt 0.537857 0.433603
vt 0.537857 0.433522
vt 0.541423 0.433522
vt 0.541423 0.433603
vt 0.627906 0.965778
vt 0.627825 0.965563
vt 0.627906 0.965563
vt 0.627825 0.965778
vt 0.540611 0.245987
vt 0.541483 0.246515
vt 0.541383 0.246586
vt 0.540678 0.246237
vt 0.537921 0.246586
vt 0.537857 0.246500
vt 0.540663 0.245779
vt 0.538729 0.339939
vt 0.537857 0.340466
vt 0.538677 0.339730
vt 0.538662 0.340188
vt 0.541419 0.340537
vt 0.541483 0.340451
vt 0.537957 0.340537
vt 0.352418 0.988635
vt 0.352337 0.988528
vt 0.352418 0.988528
vt 0.352337 0.988635
vt 0.538644 0.456284
vt 0.538644 0.456364
vt 0.537857 0.456364
vt 0.541423 0.456284
vt 0.537857 0.456284
vt 0.541423 0.456364
vt 0.650667 0.965779
vt 0.650587 0.965563
vt 0.650667 0.965563
vt 0.650587 0.965779
vt 0.541483 0.270003
vt 0.540611 0.269475
vt 0.540663 0.269267
vt 0.540678 0.269725
vt 0.541383 0.270073
vt 0.537921 0.270073
vt 0.537857 0.269988
vt 0.034072 0.988528
vt 0.034152 0.988650
vt 0.034072 0.988650
vt 0.034152 0.988528
vt 0.079675 0.988650
vt 0.079595 0.988528
vt 0.079675 0.988528
vt 0.079595 0.988650
vt 0.564317 0.220910
vt 0.567801 0.220742
vt 0.567801 0.220910
vt 0.564317 0.220742
vt 0.564317 0.220574
vt 0.567801 0.220574
vt 0.567801 0.220406
vt 0.564317 0.220406
vt 0.567801 0.220239
vt 0.564317 0.220239
vt 0.974705 0.603934
vt 0.974537 0.603766
vt 0.974705 0.603766
vt 0.974537 0.603934
vt 0.974705 0.649463
vt 0.974538 0.649631
vt 0.974538 0.649463
vt 0.974705 0.649631
vt 0.284905 0.504339
vt 0.284643 0.502728
vt 0.284905 0.502728
vt 0.282055 0.504339
vt 0.284643 0.501442
vt 0.282055 0.499697
vt 0.284905 0.499698
vt 0.284905 0.501441
vt 0.484602 0.265275
vt 0.482991 0.265012
vt 0.484602 0.265012
vt 0.485889 0.265275
vt 0.482991 0.267983
vt 0.487633 0.267983
vt 0.487632 0.265012
vt 0.485889 0.265012
vt 0.691004 0.319669
vt 0.692615 0.319550
vt 0.692615 0.319669
vt 0.691004 0.319550
vt 0.590507 0.414561
vt 0.593357 0.414679
vt 0.590507 0.414679
vt 0.593478 0.414559
vt 0.377065 0.965826
vt 0.376947 0.965563
vt 0.377065 0.965563
vt 0.376947 0.965826
vt 0.377963 0.504339
vt 0.377792 0.499697
vt 0.377963 0.499697
vt 0.377792 0.504339
vt 0.708522 0.755448
vt 0.708522 0.754156
vt 0.708640 0.754167
vt 0.731439 0.755448
vt 0.731321 0.755437
vt 0.731439 0.754156
vt 0.590628 0.369076
vt 0.593478 0.368958
vt 0.593478 0.369076
vt 0.590507 0.368956
vt 0.505380 0.683084
vt 0.505262 0.681340
vt 0.505380 0.681340
vt 0.505262 0.683084
vt 0.354266 0.965826
vt 0.354147 0.965563
vt 0.354266 0.965563
vt 0.354147 0.965826
vt 0.175173 0.656769
vt 0.175396 0.656551
vt 0.175587 0.656571
vt 0.176428 0.657094
vt 0.176549 0.657226
vt 0.176855 0.658266
vt 0.176765 0.658507
vt 0.176463 0.658541
vt 0.175465 0.658273
vt 0.175173 0.657745
vt 0.175256 0.658083
vt 0.175272 0.656605
vt 0.337339 0.363835
vt 0.337090 0.364830
vt 0.337052 0.363835
vt 0.337377 0.364830
vt 0.337094 0.365055
vt 0.337380 0.365055
vt 0.337322 0.363460
vt 0.337307 0.363147
vt 0.337035 0.363460
vt 0.337020 0.363147
vt 0.337267 0.362098
vt 0.336980 0.362098
vt 0.337259 0.361742
vt 0.336972 0.361742
vt 0.336980 0.361436
vt 0.337267 0.361436
vt 0.337030 0.360326
vt 0.337316 0.360326
vt 0.337039 0.360126
vt 0.337326 0.360126
vt 0.337085 0.359117
vt 0.337371 0.359117
vt 0.337092 0.358896
vt 0.337379 0.358896
vt 0.337094 0.358728
vt 0.337380 0.358728
vt 0.363189 0.683067
vt 0.363362 0.682939
vt 0.363223 0.683116
vt 0.363307 0.682916
vt 0.363476 0.681949
vt 0.363419 0.681947
vt 0.363375 0.681601
vt 0.363427 0.681577
vt 0.363189 0.681389
vt 0.363220 0.681340
vt 0.272461 0.755525
vt 0.272605 0.754495
vt 0.272517 0.755540
vt 0.272549 0.754495
vt 0.272461 0.754203
vt 0.272496 0.754156
vt 0.341241 0.755475
vt 0.341427 0.755260
vt 0.341274 0.755524
vt 0.341241 0.754176
vt 0.341295 0.754156
vt 0.341369 0.755253
vt 0.545431 0.707309
vt 0.545552 0.707156
vt 0.545479 0.707342
vt 0.545497 0.707142
vt 0.545599 0.706157
vt 0.545657 0.706150
vt 0.545534 0.705976
vt 0.545582 0.705943
vt 0.545431 0.705889
vt 0.545454 0.705835
vt 0.375826 0.224892
vt 0.375826 0.225127
vt 0.374851 0.225116
vt 0.376018 0.224893
vt 0.374851 0.224880
vt 0.374503 0.225111
vt 0.374503 0.224876
vt 0.374220 0.225107
vt 0.374220 0.224872
vt 0.373187 0.225095
vt 0.373187 0.224860
vt 0.372882 0.225093
vt 0.372882 0.224857
vt 0.372625 0.225095
vt 0.372625 0.224859
vt 0.371541 0.225110
vt 0.371541 0.224874
vt 0.371362 0.225112
vt 0.371362 0.224877
vt 0.370372 0.224890
vt 0.370372 0.225126
vt 0.370180 0.224892
vt 0.370180 0.225128
vt 0.370045 0.224893
vt 0.370045 0.225128
vt 0.376018 0.225128
vt 0.641765 0.574616
vt 0.642341 0.574940
vt 0.641977 0.574848
vt 0.643337 0.574940
vt 0.641493 0.573603
vt 0.641540 0.573250
vt 0.641827 0.573143
vt 0.642893 0.573456
vt 0.643040 0.573592
vt 0.643574 0.574450
vt 0.643529 0.574823
vt 0.643597 0.574669
vt 0.071410 0.365503
vt 0.071400 0.358732
vt 0.072131 0.358732
vt 0.070683 0.365501
vt 0.072132 0.365503
vt 0.072838 0.358732
vt 0.072840 0.365503
vt 0.073569 0.358732
vt 0.073562 0.365502
vt 0.074463 0.365500
vt 0.074464 0.364260
vt 0.074466 0.358730
vt 0.074896 0.364506
vt 0.075079 0.364261
vt 0.404544 0.035836
vt 0.399013 0.035224
vt 0.404544 0.034607
vt 0.399013 0.035839
vt 0.074896 0.365500
vt 0.070672 0.358731
vt 0.069266 0.364260
vt 0.069264 0.365498
vt 0.069277 0.358728
vt 0.045175 0.365501
vt 0.044492 0.358731
vt 0.045177 0.358730
vt 0.046581 0.364260
vt 0.046571 0.358728
vt 0.046583 0.365498
vt 0.044481 0.365502
vt 0.043796 0.358731
vt 0.043793 0.365502
vt 0.043111 0.358731
vt 0.043109 0.365502
vt 0.042415 0.358730
vt 0.042420 0.365501
vt 0.041560 0.364259
vt 0.041562 0.365499
vt 0.041128 0.364504
vt 0.041128 0.365499
vt 0.040946 0.364259
vt 0.041562 0.358728
vt 0.040333 0.358728
vt 0.040331 0.364260
vt 0.763580 0.244316
vt 0.764819 0.244262
vt 0.764819 0.244316
vt 0.763580 0.244262
vt 0.592891 0.509876
vt 0.593362 0.508548
vt 0.592939 0.509903
vt 0.592446 0.510408
vt 0.592473 0.510460
vt 0.591753 0.510515
vt 0.591759 0.510457
vt 0.591078 0.510305
vt 0.591106 0.510253
vt 0.590569 0.509822
vt 0.590517 0.509849
vt 0.590507 0.508948
vt 0.590560 0.508963
vt 0.590629 0.508532
vt 0.590682 0.508547
vt 0.593311 0.508532
vt 0.205509 0.608280
vt 0.205840 0.607651
vt 0.205551 0.608322
vt 0.204878 0.608601
vt 0.205781 0.607640
vt 0.205781 0.606955
vt 0.205840 0.606944
vt 0.205509 0.606315
vt 0.205551 0.606273
vt 0.204712 0.605952
vt 0.204711 0.606011
vt 0.203483 0.605994
vt 0.203483 0.606042
vt 0.204877 0.608546
vt 0.203483 0.608601
vt 0.203483 0.608547
vt 0.080626 0.803081
vt 0.080570 0.802087
vt 0.080625 0.802087
vt 0.080569 0.803081
vt 0.951835 0.558577
vt 0.951529 0.558625
vt 0.951528 0.558568
vt 0.951834 0.558625
vt 0.730125 0.802087
vt 0.730243 0.803017
vt 0.730125 0.803017
vt 0.730243 0.802087
vt 0.811382 0.102656
vt 0.812312 0.102538
vt 0.812312 0.102656
vt 0.811382 0.102538
vt 0.811382 0.034258
vt 0.812312 0.034140
vt 0.812312 0.034258
vt 0.811382 0.034140
vt 0.775842 0.803017
vt 0.775724 0.802087
vt 0.775842 0.802087
vt 0.775724 0.803017
vt 0.811382 0.148255
vt 0.812312 0.148136
vt 0.812312 0.148255
vt 0.811382 0.148136
vt 0.811382 0.239452
vt 0.812312 0.239333
vt 0.812312 0.239452
vt 0.811382 0.239333
vt 0.812312 0.262133
vt 0.811382 0.262251
vt 0.811382 0.262133
vt 0.812312 0.262251
vt 0.811382 0.125455
vt 0.812312 0.125337
vt 0.812312 0.125455
vt 0.811382 0.125337
vt 0.811382 0.535843
vt 0.812312 0.535724
vt 0.812312 0.535843
vt 0.811382 0.535724
vt 0.811382 0.490244
vt 0.812312 0.490126
vt 0.812312 0.490244
vt 0.811382 0.490126
vt 0.812312 0.604122
vt 0.811382 0.604241
vt 0.811382 0.604122
vt 0.812312 0.604241
vt 0.811382 0.581442
vt 0.812312 0.581323
vt 0.812312 0.581442
vt 0.811382 0.581323
vt 0.811382 0.307850
vt 0.812312 0.307731
vt 0.812312 0.307850
vt 0.811382 0.307731
vt 0.812312 0.398929
vt 0.811382 0.399047
vt 0.811382 0.398929
vt 0.812312 0.399047
vt 0.812312 0.421728
vt 0.811382 0.421846
vt 0.811382 0.421728
vt 0.812312 0.421846
vt 0.811382 0.330649
vt 0.812312 0.330531
vt 0.812312 0.330649
vt 0.811382 0.330531
vt 0.811382 0.695438
vt 0.812312 0.695320
vt 0.812312 0.695438
vt 0.811382 0.695320
vt 0.812312 0.672520
vt 0.811382 0.672639
vt 0.811382 0.672520
vt 0.812312 0.672639
vt 0.812312 0.740918
vt 0.811382 0.741037
vt 0.811382 0.740918
vt 0.812312 0.741037
vt 0.011340 0.825773
vt 0.011459 0.826703
vt 0.011340 0.826703
vt 0.011459 0.825773
vt 0.691004 0.059760
vt 0.692203 0.059300
vt 0.692680 0.059760
vt 0.551906 0.682568
vt 0.553046 0.683016
vt 0.552383 0.683028
vt 0.553046 0.681340
vt 0.551894 0.681906
vt 0.552383 0.681353
vt 0.691464 0.059283
vt 0.402401 0.160201
vt 0.402401 0.160332
vt 0.401663 0.160328
vt 0.403064 0.160211
vt 0.401663 0.160198
vt 0.401000 0.160201
vt 0.401000 0.160332
vt 0.400338 0.160211
vt 0.399675 0.160220
vt 0.400338 0.160341
vt 0.399676 0.160350
vt 0.399013 0.160223
vt 0.399013 0.160354
vt 0.404465 0.160223
vt 0.404465 0.160354
vt 0.403726 0.160350
vt 0.403726 0.160220
vt 0.403064 0.160341
vt 0.435001 0.683016
vt 0.433840 0.682471
vt 0.433840 0.681808
vt 0.434971 0.681341
vt 0.434309 0.681340
vt 0.435440 0.681810
vt 0.435470 0.682548
vt 0.434339 0.683015
vt 0.616255 0.450092
vt 0.618748 0.450826
vt 0.616255 0.450826
vt 0.618748 0.450092
vt 0.616255 0.426652
vt 0.618748 0.427411
vt 0.616255 0.427411
vt 0.618748 0.426652
vt 0.244976 0.849384
vt 0.244754 0.850118
vt 0.244754 0.849384
vt 0.244976 0.850118
vt 0.618748 0.542225
vt 0.616256 0.542439
vt 0.616255 0.542217
vt 0.618749 0.542439
vt 0.290560 0.850118
vt 0.290775 0.849384
vt 0.290775 0.850118
vt 0.290560 0.849384
vt 0.835752 0.655646
vt 0.834993 0.655432
vt 0.835752 0.655432
vt 0.834993 0.655646
vt 0.616256 0.519321
vt 0.618748 0.519536
vt 0.616255 0.519536
vt 0.618749 0.519314
vt 0.834993 0.586730
vt 0.835752 0.586952
vt 0.834993 0.586952
vt 0.835752 0.586730
vt 0.427362 0.246192
vt 0.432506 0.246472
vt 0.427362 0.246472
vt 0.432506 0.246192
vt 0.125159 0.965844
vt 0.125242 0.965564
vt 0.125242 0.965844
vt 0.125159 0.965563
vt 0.079632 0.965564
vt 0.079715 0.965844
vt 0.079632 0.965844
vt 0.079715 0.965563
vt 0.432506 0.269153
vt 0.427363 0.269235
vt 0.427362 0.269153
vt 0.432506 0.269235
vt 0.404407 0.110287
vt 0.399013 0.109377
vt 0.404407 0.109377
vt 0.404407 0.111197
vt 0.399013 0.110287
vt 0.399013 0.111197
vt 0.404407 0.112107
vt 0.399013 0.112107
vt 0.404407 0.084877
vt 0.399013 0.083967
vt 0.404407 0.083967
vt 0.404407 0.085787
vt 0.399013 0.084877
vt 0.399013 0.085787
vt 0.404407 0.086697
vt 0.399013 0.086697
vt 0.666883 0.605767
vt 0.666883 0.607343
vt 0.666429 0.606555
vt 0.668248 0.606555
vt 0.667793 0.607343
vt 0.667793 0.605767
vt 0.666883 0.558829
vt 0.668248 0.558042
vt 0.667793 0.558829
vt 0.667793 0.557254
vt 0.666883 0.557254
vt 0.666428 0.558042
vt 0.462488 0.583024
vt 0.460573 0.581477
vt 0.462417 0.581476
vt 0.460966 0.580691
vt 0.460244 0.583024
vt 0.462028 0.580690
vt 0.461050 0.580029
vt 0.461943 0.580028
vt 0.557569 0.580691
vt 0.556507 0.580690
vt 0.556592 0.580028
vt 0.557954 0.581477
vt 0.557484 0.580029
vt 0.556118 0.581477
vt 0.556048 0.583019
vt 0.558292 0.583019
vt 0.301619 0.606482
vt 0.303080 0.607291
vt 0.301026 0.607297
vt 0.303195 0.608512
vt 0.302518 0.606474
vt 0.303177 0.606851
vt 0.300958 0.606855
vt 0.301407 0.606094
vt 0.302067 0.606245
vt 0.302726 0.606084
vt 0.302065 0.605952
vt 0.300883 0.608512
vt 0.132132 0.606506
vt 0.132019 0.607187
vt 0.131757 0.606747
vt 0.131812 0.607653
vt 0.132217 0.607858
vt 0.132318 0.607168
vt 0.131416 0.608337
vt 0.131235 0.607990
vt 0.129797 0.608625
vt 0.129730 0.608174
vt 0.131175 0.606465
vt 0.129730 0.606381
vt 0.131325 0.606124
vt 0.129779 0.605952
vt 0.432506 0.223511
vt 0.427362 0.223228
vt 0.432506 0.223228
vt 0.427362 0.223511
vt 0.951811 0.923748
vt 0.951528 0.923831
vt 0.951528 0.923748
vt 0.951812 0.923831
vt 0.432506 0.314680
vt 0.427362 0.314763
vt 0.427362 0.314680
vt 0.432506 0.314763
vt 0.338069 0.329224
vt 0.344840 0.328522
vt 0.344840 0.329249
vt 0.338067 0.329954
vt 0.344838 0.329971
vt 0.338065 0.330662
vt 0.344836 0.330679
vt 0.338064 0.331393
vt 0.344834 0.331401
vt 0.343590 0.332300
vt 0.338060 0.332290
vt 0.344831 0.332302
vt 0.343589 0.332915
vt 0.343835 0.332733
vt 0.338047 0.333591
vt 0.343589 0.333530
vt 0.344829 0.332735
vt 0.338070 0.328496
vt 0.343602 0.327103
vt 0.338070 0.327101
vt 0.344840 0.327103
vt 0.012734 0.358749
vt 0.012748 0.365519
vt 0.011340 0.364281
vt 0.013420 0.358749
vt 0.011340 0.358750
vt 0.011340 0.365519
vt 0.013442 0.365520
vt 0.014116 0.358747
vt 0.014130 0.365518
vt 0.014800 0.358746
vt 0.014815 0.365517
vt 0.015496 0.358745
vt 0.015503 0.365515
vt 0.016361 0.364271
vt 0.016350 0.358741
vt 0.016976 0.364270
vt 0.017650 0.358728
vt 0.016794 0.364516
vt 0.017590 0.364270
vt 0.016362 0.365511
vt 0.016795 0.365510
vt 0.764819 0.221581
vt 0.763580 0.221527
vt 0.764819 0.221527
vt 0.763580 0.221581
vt 0.592891 0.484507
vt 0.593362 0.485835
vt 0.593311 0.485851
vt 0.592939 0.484480
vt 0.592446 0.483975
vt 0.592473 0.483922
vt 0.591753 0.483867
vt 0.591759 0.483926
vt 0.591078 0.484078
vt 0.591106 0.484130
vt 0.590569 0.484561
vt 0.590507 0.485435
vt 0.590517 0.484534
vt 0.590560 0.485420
vt 0.590629 0.485851
vt 0.590682 0.485836
vt 0.180434 0.606255
vt 0.179794 0.605952
vt 0.180475 0.606212
vt 0.180782 0.606874
vt 0.180724 0.606888
vt 0.180743 0.607572
vt 0.180802 0.607582
vt 0.180489 0.608220
vt 0.180532 0.608261
vt 0.179703 0.608604
vt 0.179700 0.608546
vt 0.178402 0.608599
vt 0.178400 0.608551
vt 0.179795 0.606007
vt 0.178400 0.605991
vt 0.178402 0.606045
vt 0.103362 0.802087
vt 0.103307 0.803081
vt 0.103307 0.802087
vt 0.103363 0.803081
vt 0.951529 0.535830
vt 0.951834 0.535878
vt 0.951528 0.535887
vt 0.951834 0.535830
vt 0.753043 0.802087
vt 0.752924 0.803017
vt 0.752924 0.802087
vt 0.753043 0.803017
vt 0.812312 0.057057
vt 0.811382 0.056939
vt 0.812312 0.056939
vt 0.811382 0.057057
vt 0.812312 0.079857
vt 0.811382 0.079738
vt 0.812312 0.079738
vt 0.811382 0.079857
vt 0.812312 0.011459
vt 0.811382 0.011340
vt 0.812312 0.011340
vt 0.811382 0.011459
vt 0.812312 0.171054
vt 0.811382 0.170936
vt 0.812312 0.170936
vt 0.811382 0.171054
vt 0.811382 0.284932
vt 0.812312 0.285050
vt 0.811382 0.285050
vt 0.812312 0.284932
vt 0.812312 0.216653
vt 0.811382 0.216534
vt 0.812312 0.216534
vt 0.811382 0.216653
vt 0.812312 0.193853
vt 0.811382 0.193735
vt 0.812312 0.193735
vt 0.811382 0.193853
vt 0.812312 0.558642
vt 0.811382 0.558524
vt 0.812312 0.558524
vt 0.811382 0.558642
vt 0.811382 0.626922
vt 0.812312 0.627040
vt 0.811382 0.627040
vt 0.812312 0.626922
vt 0.812312 0.513044
vt 0.811382 0.512925
vt 0.812312 0.512925
vt 0.811382 0.513044
vt 0.812312 0.649839
vt 0.811382 0.649721
vt 0.812312 0.649721
vt 0.811382 0.649839
vt 0.812312 0.353448
vt 0.811382 0.353330
vt 0.812312 0.353330
vt 0.811382 0.353448
vt 0.811382 0.444527
vt 0.812312 0.444646
vt 0.811382 0.444646
vt 0.812312 0.444527
vt 0.811382 0.467327
vt 0.812312 0.467445
vt 0.811382 0.467445
vt 0.812312 0.467327
vt 0.812312 0.376248
vt 0.811382 0.376129
vt 0.812312 0.376129
vt 0.811382 0.376248
vt 0.034140 0.826703
vt 0.034258 0.825773
vt 0.034258 0.826703
vt 0.034140 0.825773
vt 0.811382 0.763718
vt 0.812312 0.763836
vt 0.811382 0.763836
vt 0.812312 0.763718
vt 0.811382 0.786517
vt 0.812312 0.786635
vt 0.811382 0.786635
vt 0.812312 0.786517
vt 0.812312 0.718237
vt 0.811382 0.718119
vt 0.812312 0.718119
vt 0.811382 0.718237
vt 0.691004 0.082918
vt 0.692202 0.082459
vt 0.692680 0.082918
vt 0.528074 0.682568
vt 0.529213 0.683016
vt 0.528551 0.683028
vt 0.529213 0.681340
vt 0.528061 0.681906
vt 0.528551 0.681353
vt 0.691464 0.082441
vt 0.400414 0.183048
vt 0.401076 0.183169
vt 0.400414 0.183178
vt 0.399752 0.183057
vt 0.399752 0.183187
vt 0.399013 0.183061
vt 0.399013 0.183191
vt 0.403802 0.183187
vt 0.404465 0.183061
vt 0.404465 0.183191
vt 0.403802 0.183057
vt 0.403140 0.183178
vt 0.403140 0.183048
vt 0.402477 0.183169
vt 0.401815 0.183165
vt 0.402477 0.183039
vt 0.401815 0.183035
vt 0.401076 0.183039
vt 0.458620 0.683016
vt 0.458182 0.681809
vt 0.458650 0.681341
vt 0.459781 0.681808
vt 0.459313 0.681340
vt 0.459781 0.682471
vt 0.459282 0.683015
vt 0.458151 0.682547
vt 0.616255 0.380531
vt 0.618759 0.379797
vt 0.618759 0.380531
vt 0.616266 0.379793
vt 0.618748 0.403212
vt 0.616255 0.403971
vt 0.616255 0.403212
vt 0.618748 0.403971
vt 0.267657 0.849384
vt 0.267879 0.850118
vt 0.267657 0.850118
vt 0.267879 0.849384
vt 0.616262 0.473515
vt 0.618759 0.473729
vt 0.616255 0.473729
vt 0.618767 0.473507
vt 0.835731 0.678327
vt 0.835014 0.678541
vt 0.834993 0.678327
vt 0.835752 0.678541
vt 0.835752 0.632536
vt 0.834993 0.632751
vt 0.834993 0.632536
vt 0.835752 0.632751
vt 0.616256 0.496633
vt 0.618748 0.496418
vt 0.618749 0.496633
vt 0.616255 0.496410
vt 0.834993 0.609855
vt 0.835752 0.609633
vt 0.835752 0.609855
vt 0.834993 0.609633
vt 0.432517 0.154539
vt 0.427362 0.154819
vt 0.427362 0.154539
vt 0.432517 0.154819
vt 0.102396 0.965563
vt 0.102478 0.965843
vt 0.102396 0.965844
vt 0.102478 0.965563
vt 0.056951 0.965563
vt 0.056868 0.965843
vt 0.056868 0.965563
vt 0.056883 0.965845
vt 0.427364 0.177500
vt 0.432516 0.177583
vt 0.427362 0.177583
vt 0.432518 0.177500
vt 0.881890 0.701815
vt 0.882505 0.701863
vt 0.881890 0.701863
vt 0.882505 0.701815
vt 0.399028 0.061287
vt 0.404417 0.060352
vt 0.404422 0.061261
vt 0.399013 0.060410
vt 0.399025 0.059429
vt 0.404420 0.059442
vt 0.404422 0.058532
vt 0.399028 0.058520
vt 0.404407 0.134788
vt 0.399013 0.135697
vt 0.399013 0.134788
vt 0.404407 0.135697
vt 0.404407 0.136607
vt 0.399013 0.136607
vt 0.399013 0.137517
vt 0.404407 0.137517
vt 0.666883 0.631599
vt 0.668248 0.630811
vt 0.667793 0.631599
vt 0.667793 0.630024
vt 0.666883 0.630024
vt 0.666429 0.630811
vt 0.666428 0.582298
vt 0.667793 0.583086
vt 0.666883 0.583086
vt 0.668248 0.582298
vt 0.666883 0.581510
vt 0.667865 0.581510
vt 0.435390 0.581482
vt 0.436842 0.580696
vt 0.437234 0.581483
vt 0.435319 0.583029
vt 0.437563 0.583029
vt 0.435833 0.580689
vt 0.436761 0.580034
vt 0.435868 0.580028
vt 0.532908 0.580690
vt 0.531461 0.581477
vt 0.531846 0.580691
vt 0.532823 0.580028
vt 0.531931 0.580029
vt 0.533297 0.581477
vt 0.533367 0.583019
vt 0.531123 0.583019
vt 0.325876 0.608512
vt 0.328046 0.607297
vt 0.328189 0.608512
vt 0.325991 0.607291
vt 0.327452 0.606482
vt 0.326554 0.606474
vt 0.325894 0.606851
vt 0.328113 0.606855
vt 0.327004 0.606245
vt 0.327665 0.606094
vt 0.327006 0.605952
vt 0.326345 0.606084
vt 0.105903 0.606543
vt 0.104455 0.608178
vt 0.104455 0.606385
vt 0.104511 0.605952
vt 0.106067 0.606196
vt 0.106505 0.606846
vt 0.106897 0.606614
vt 0.105956 0.608068
vt 0.106751 0.607302
vt 0.106947 0.607975
vt 0.106553 0.607755
vt 0.107049 0.607301
vt 0.106123 0.608408
vt 0.104517 0.608626
vt 0.427362 0.200547
vt 0.432506 0.200264
vt 0.432506 0.200547
vt 0.427362 0.200264
vt 0.034104 0.965563
vt 0.034187 0.965846
vt 0.034104 0.965847
vt 0.034187 0.965563
vt 0.951812 0.901067
vt 0.951529 0.900985
vt 0.951812 0.900985
vt 0.951528 0.901067
vt 0.427362 0.291916
vt 0.432506 0.291999
vt 0.427362 0.291999
vt 0.432506 0.291916
vt 0.358052 0.705835
vt 0.358132 0.707290
vt 0.358052 0.707290
vt 0.359115 0.705944
vt 0.359356 0.705835
vt 0.359356 0.705943
vt 0.141741 0.230082
vt 0.140062 0.259731
vt 0.140062 0.230054
vt 0.141729 0.259764
vt 0.248017 0.011340
vt 0.277685 0.011581
vt 0.248011 0.011578
vt 0.277694 0.011340
vt 0.248011 0.125619
vt 0.277685 0.125510
vt 0.277685 0.125619
vt 0.248011 0.125510
vt 0.311386 0.707290
vt 0.311148 0.707181
vt 0.311386 0.707182
vt 0.310058 0.707290
vt 0.310145 0.705835
vt 0.310058 0.705835
vt 0.248011 0.057271
vt 0.277697 0.057191
vt 0.277694 0.057271
vt 0.248013 0.057184
vt 0.214374 0.259737
vt 0.212918 0.230054
vt 0.214374 0.230054
vt 0.212918 0.259737
vt 0.335291 0.707290
vt 0.335371 0.705835
vt 0.335371 0.707290
vt 0.334308 0.705944
vt 0.334067 0.705835
vt 0.334067 0.705943
vt 0.164422 0.230081
vt 0.166089 0.259731
vt 0.164422 0.259764
vt 0.166101 0.230054
vt 0.248017 0.034500
vt 0.277685 0.034262
vt 0.277694 0.034503
vt 0.248011 0.034262
vt 0.277685 0.102829
vt 0.248011 0.102720
vt 0.277685 0.102720
vt 0.248011 0.102829
vt 0.286286 0.707181
vt 0.286048 0.707290
vt 0.286048 0.707182
vt 0.287377 0.707290
vt 0.287289 0.705835
vt 0.287377 0.705835
vt 0.277696 0.080039
vt 0.248011 0.079952
vt 0.277694 0.079960
vt 0.248013 0.080039
vt 0.190238 0.230054
vt 0.188782 0.259737
vt 0.188782 0.230054
vt 0.190238 0.259737
vt 0.200123 0.631457
vt 0.200459 0.631815
vt 0.200123 0.631815
vt 0.200459 0.632079
vt 0.200459 0.631457
vt 0.200123 0.632079
vt 0.200459 0.632846
vt 0.200123 0.632846
vt 0.200459 0.633085
vt 0.200123 0.633085
vt 0.200459 0.633732
vt 0.200123 0.633732
vt 0.186856 0.285761
vt 0.186599 0.299917
vt 0.186599 0.285761
vt 0.186539 0.283318
vt 0.186857 0.299917
vt 0.186539 0.302360
vt 0.187057 0.302360
vt 0.187057 0.283318
vt 0.138566 0.283333
vt 0.138223 0.283916
vt 0.138188 0.283318
vt 0.138590 0.283916
vt 0.138223 0.301890
vt 0.138590 0.301890
vt 0.138566 0.302474
vt 0.138188 0.302489
vt 0.062128 0.287459
vt 0.062128 0.298176
vt 0.057436 0.301804
vt 0.065122 0.287459
vt 0.057436 0.283831
vt 0.062128 0.287124
vt 0.062128 0.298511
vt 0.057716 0.302317
vt 0.062128 0.302317
vt 0.057716 0.283318
vt 0.062128 0.283318
vt 0.065122 0.298176
vt 0.034692 0.657060
vt 0.034357 0.656551
vt 0.034692 0.656551
vt 0.034357 0.657060
vt 0.034692 0.657218
vt 0.034692 0.657967
vt 0.034357 0.657218
vt 0.034357 0.657967
vt 0.034692 0.658123
vt 0.034357 0.658123
vt 0.034357 0.658659
vt 0.034692 0.658659
vt 0.171037 0.013469
vt 0.167450 0.011340
vt 0.170941 0.013155
vt 0.171186 0.012058
vt 0.167453 0.011705
vt 0.170622 0.014777
vt 0.171356 0.013632
vt 0.171269 0.014771
vt 0.170378 0.015187
vt 0.167498 0.016934
vt 0.170223 0.015987
vt 0.138087 0.017188
vt 0.169789 0.016644
vt 0.169140 0.017090
vt 0.168231 0.017188
vt 0.136923 0.013507
vt 0.137456 0.016454
vt 0.136266 0.013640
vt 0.136253 0.014388
vt 0.136388 0.014471
vt 0.136896 0.014497
vt 0.136388 0.013541
vt 0.137273 0.016176
vt 0.171489 0.013860
vt 0.171460 0.014626
vt 0.171264 0.012173
vt 0.591689 0.705835
vt 0.591354 0.705974
vt 0.591354 0.705835
vt 0.591689 0.705974
vt 0.591689 0.707007
vt 0.591354 0.707007
vt 0.591689 0.707335
vt 0.591354 0.707335
vt 0.373175 0.130048
vt 0.372465 0.130201
vt 0.372443 0.129688
vt 0.375136 0.130824
vt 0.373649 0.130100
vt 0.374943 0.130559
vt 0.375005 0.130206
vt 0.374904 0.129962
vt 0.374275 0.129523
vt 0.374045 0.129588
vt 0.376158 0.131291
vt 0.376113 0.131159
vt 0.370284 0.130553
vt 0.370045 0.131291
vt 0.370910 0.129887
vt 0.371657 0.129639
vt 0.477701 0.503777
vt 0.478037 0.504254
vt 0.477701 0.504254
vt 0.478037 0.503777
vt 0.477702 0.502961
vt 0.477702 0.502174
vt 0.478037 0.502961
vt 0.478037 0.502174
vt 0.477702 0.501386
vt 0.478037 0.501386
vt 0.477702 0.500473
vt 0.478037 0.500473
vt 0.477701 0.499697
vt 0.478037 0.499697
vt 0.199536 0.656551
vt 0.199871 0.656884
vt 0.199536 0.656884
vt 0.199871 0.658604
vt 0.199871 0.656551
vt 0.199536 0.658604
vt 0.328610 0.530897
vt 0.328245 0.527092
vt 0.328610 0.527092
vt 0.328245 0.530897
vt 0.011340 0.260637
vt 0.015146 0.230054
vt 0.015146 0.260637
vt 0.011340 0.230054
vt 0.590507 0.062813
vt 0.591538 0.063142
vt 0.590569 0.063345
vt 0.593564 0.063345
vt 0.593257 0.063215
vt 0.591422 0.062647
vt 0.590582 0.062675
vt 0.591317 0.062529
vt 0.300713 0.198682
vt 0.300377 0.198682
vt 0.300377 0.197714
vt 0.311429 0.198682
vt 0.311765 0.197714
vt 0.311765 0.198682
vt 0.233110 0.283830
vt 0.232799 0.302317
vt 0.232799 0.283318
vt 0.233110 0.301804
vt 0.223475 0.631815
vt 0.223140 0.632079
vt 0.223140 0.631815
vt 0.223475 0.631457
vt 0.223140 0.631457
vt 0.223475 0.632079
vt 0.223475 0.632846
vt 0.223140 0.632846
vt 0.223475 0.633085
vt 0.223140 0.633085
vt 0.223140 0.633732
vt 0.223475 0.633732
vt 0.011340 0.658659
vt 0.011676 0.658150
vt 0.011676 0.658659
vt 0.011340 0.658150
vt 0.011676 0.657992
vt 0.011340 0.657992
vt 0.011676 0.657243
vt 0.011340 0.657243
vt 0.011340 0.657087
vt 0.011676 0.657087
vt 0.011340 0.656551
vt 0.011676 0.656551
vt 0.090347 0.141143
vt 0.093829 0.144068
vt 0.093419 0.144312
vt 0.091796 0.144631
vt 0.092111 0.144727
vt 0.092502 0.145179
vt 0.092274 0.145046
vt 0.093268 0.145150
vt 0.093413 0.144959
vt 0.089982 0.141140
vt 0.090700 0.144876
vt 0.090815 0.144954
vt 0.095575 0.141188
vt 0.094847 0.117038
vt 0.092149 0.110613
vt 0.095830 0.111777
vt 0.095096 0.111146
vt 0.093139 0.110586
vt 0.094818 0.110963
vt 0.093113 0.110078
vt 0.093030 0.109943
vt 0.092282 0.109956
vt 0.092183 0.110078
vt 0.095830 0.141921
vt 0.095732 0.142829
vt 0.094629 0.143913
vt 0.095286 0.143478
vt 0.568338 0.707196
vt 0.568673 0.707335
vt 0.568338 0.707335
vt 0.568673 0.706163
vt 0.568673 0.707196
vt 0.568338 0.706163
vt 0.568673 0.705835
vt 0.568338 0.705835
vt 0.373027 0.154496
vt 0.373737 0.154650
vt 0.371067 0.155273
vt 0.370045 0.155739
vt 0.373759 0.154137
vt 0.375918 0.155001
vt 0.376158 0.155739
vt 0.375292 0.154336
vt 0.374545 0.154087
vt 0.372553 0.154549
vt 0.371260 0.155007
vt 0.372158 0.154036
vt 0.371197 0.154654
vt 0.371299 0.154410
vt 0.371928 0.153972
vt 0.370089 0.155607
vt 0.515176 0.011676
vt 0.514699 0.011341
vt 0.515176 0.011340
vt 0.514699 0.011676
vt 0.513884 0.011676
vt 0.513884 0.011341
vt 0.513096 0.011676
vt 0.513096 0.011341
vt 0.512309 0.011341
vt 0.512309 0.011676
vt 0.511395 0.011341
vt 0.511395 0.011676
vt 0.510619 0.011340
vt 0.510619 0.011676
vt 0.222888 0.656884
vt 0.222552 0.658604
vt 0.222552 0.656884
vt 0.222888 0.656551
vt 0.222552 0.656551
vt 0.222888 0.658604
vt 0.351291 0.530897
vt 0.351656 0.527092
vt 0.351656 0.530897
vt 0.351291 0.527092
vt 0.225329 0.040362
vt 0.194789 0.038389
vt 0.225330 0.039997
vt 0.224449 0.040536
vt 0.223526 0.042757
vt 0.224044 0.042757
vt 0.194549 0.042757
vt 0.194170 0.042757
vt 0.037827 0.230054
vt 0.041633 0.260637
vt 0.037827 0.260637
vt 0.041633 0.230054
vt 0.593502 0.086842
vt 0.592533 0.086640
vt 0.593564 0.086310
vt 0.590507 0.086842
vt 0.590814 0.086712
vt 0.593488 0.086173
vt 0.592754 0.086026
vt 0.592649 0.086144
vt 0.300377 0.296568
vt 0.311094 0.293913
vt 0.311094 0.296568
vt 0.300377 0.293913
vt 0.111703 0.283318
vt 0.111703 0.287124
vt 0.110806 0.283318
vt 0.111703 0.298511
vt 0.115507 0.287459
vt 0.115507 0.287124
vt 0.115507 0.298176
vt 0.115507 0.298511
vt 0.110806 0.302316
vt 0.111703 0.302317
vt 0.117381 0.230054
vt 0.098382 0.259032
vt 0.098382 0.230054
vt 0.117381 0.259032
vt 0.311094 0.271232
vt 0.300377 0.267382
vt 0.311094 0.267382
vt 0.300377 0.271232
vt 0.075701 0.230054
vt 0.075366 0.259466
vt 0.064649 0.259466
vt 0.064314 0.230054
vt 0.064314 0.259466
vt 0.075701 0.259466
vt 0.209738 0.302317
vt 0.210118 0.285739
vt 0.210118 0.299895
vt 0.209738 0.283318
vt 0.223526 0.011341
vt 0.224044 0.011340
vt 0.224449 0.013561
vt 0.194789 0.015709
vt 0.225329 0.013736
vt 0.225330 0.014101
vt 0.194549 0.011341
vt 0.194170 0.011340
vt 0.161271 0.302316
vt 0.163858 0.285739
vt 0.163858 0.299895
vt 0.163529 0.302317
vt 0.161271 0.283318
vt 0.163529 0.283318
vt 0.173656 0.802749
vt 0.173382 0.803023
vt 0.173188 0.802555
vt 0.173656 0.802361
vt 0.173382 0.802087
vt 0.172994 0.802087
vt 0.172720 0.802361
vt 0.172994 0.803023
vt 0.172720 0.802749
vt 0.407614 0.825773
vt 0.407441 0.826190
vt 0.407268 0.825773
vt 0.407858 0.826017
vt 0.407023 0.826017
vt 0.407023 0.826363
vt 0.407268 0.826608
vt 0.407614 0.826608
vt 0.407858 0.826363
vt 0.285612 0.896164
vt 0.285612 0.896728
vt 0.285422 0.896695
vt 0.691385 0.551650
vt 0.692583 0.551874
vt 0.691004 0.551874
vt 0.691385 0.459429
vt 0.691004 0.459204
vt 0.692586 0.459204
vt 0.692583 0.528745
vt 0.691385 0.528969
vt 0.691004 0.528745
vt 0.691004 0.482336
vt 0.691385 0.482110
vt 0.692586 0.482336
vt 0.691776 0.574961
vt 0.691004 0.574756
vt 0.691776 0.574718
vt 0.692539 0.574555
vt 0.691004 0.574923
vt 0.692539 0.575124
vt 0.692539 0.597805
vt 0.692539 0.598374
vt 0.691776 0.598211
vt 0.692539 0.644305
vt 0.692539 0.644874
vt 0.691776 0.644711
vt 0.691776 0.597968
vt 0.691004 0.598006
vt 0.691004 0.598173
vt 0.691776 0.644467
vt 0.691004 0.644506
vt 0.691004 0.644673
vt 0.692539 0.621055
vt 0.692539 0.621624
vt 0.691776 0.621461
vt 0.691776 0.621218
vt 0.691004 0.621256
vt 0.691004 0.621423
vt 0.974705 0.672479
vt 0.974537 0.672312
vt 0.974705 0.672312
vt 0.974537 0.672479
vt 0.291316 0.359143
vt 0.288834 0.364793
vt 0.288834 0.359143
vt 0.291280 0.358728
vt 0.288834 0.358729
vt 0.291316 0.364792
vt 0.291280 0.365198
vt 0.288834 0.365197
vt 0.370045 0.011340
vt 0.376007 0.011597
vt 0.370357 0.011597
vt 0.376332 0.011340
vt 0.764693 0.104127
vt 0.763838 0.103338
vt 0.764530 0.103337
vt 0.764790 0.103370
vt 0.763676 0.104127
vt 0.763580 0.103370
vt 0.764530 0.126808
vt 0.764790 0.126841
vt 0.764693 0.127598
vt 0.763838 0.126808
vt 0.763676 0.127598
vt 0.763580 0.126841
vt 0.788640 0.357794
vt 0.787554 0.358004
vt 0.787553 0.357794
vt 0.788640 0.358004
vt 0.764768 0.708733
vt 0.763581 0.709011
vt 0.763580 0.708733
vt 0.764768 0.709011
vt 0.764768 0.731692
vt 0.763581 0.731970
vt 0.763580 0.731692
vt 0.764768 0.731970
vt 0.787553 0.473580
vt 0.788621 0.473780
vt 0.787553 0.473780
vt 0.787553 0.380884
vt 0.787591 0.380685
vt 0.788640 0.380884
vt 0.764768 0.686053
vt 0.763580 0.686053
vt 0.764690 0.685743
vt 0.764768 0.662750
vt 0.764690 0.663062
vt 0.763580 0.662750
vt 0.582142 0.779373
vt 0.582431 0.778221
vt 0.582461 0.779373
vt 0.559140 0.778221
vt 0.559461 0.778221
vt 0.559431 0.779373
vt 0.788530 0.896212
vt 0.788220 0.896680
vt 0.788077 0.896164
vt 0.788530 0.896680
vt 0.951839 0.421449
vt 0.951528 0.421665
vt 0.951528 0.421449
vt 0.951839 0.421665
vt 0.905238 0.332196
vt 0.905706 0.331980
vt 0.905706 0.332196
vt 0.905238 0.331980
vt 0.604297 0.896164
vt 0.604513 0.896700
vt 0.604297 0.896700
vt 0.604513 0.896164
vt 0.858500 0.541988
vt 0.858995 0.541327
vt 0.859162 0.541988
vt 0.858662 0.541327
vt 0.540538 0.872799
vt 0.540538 0.873473
vt 0.540303 0.872841
vt 0.859181 0.796987
vt 0.858500 0.796987
vt 0.858542 0.796752
vt 0.859161 0.774071
vt 0.858500 0.773633
vt 0.859161 0.773424
vt 0.858500 0.773935
vt 0.058023 0.850107
vt 0.058684 0.849571
vt 0.058684 0.849999
vt 0.058023 0.849384
vt 0.776547 0.849384
vt 0.777208 0.849904
vt 0.776547 0.850067
vt 0.777208 0.849477
vt 0.834993 0.747804
vt 0.835543 0.747144
vt 0.835723 0.747804
vt 0.835138 0.747144
vt 0.683952 0.850070
vt 0.684613 0.849539
vt 0.684613 0.849945
vt 0.683952 0.849384
vt 0.011340 0.849384
vt 0.012001 0.849887
vt 0.011340 0.850109
vt 0.012001 0.849546
vt 0.104706 0.849384
vt 0.105366 0.849903
vt 0.104706 0.850105
vt 0.105366 0.849547
vt 0.859173 0.219438
vt 0.858675 0.218778
vt 0.859032 0.218778
vt 0.858500 0.219438
vt 0.428456 0.849384
vt 0.429116 0.849922
vt 0.428456 0.850080
vt 0.429116 0.849539
vt 0.151389 0.849384
vt 0.152049 0.849935
vt 0.151389 0.850102
vt 0.152049 0.849550
vt 0.359683 0.850089
vt 0.360343 0.849537
vt 0.360343 0.849977
vt 0.359683 0.849384
vt 0.858500 0.289462
vt 0.859037 0.288802
vt 0.859170 0.289462
vt 0.858598 0.288802
vt 0.660611 0.850070
vt 0.661271 0.849530
vt 0.661271 0.849950
vt 0.660611 0.849384
vt 0.859161 0.704083
vt 0.858500 0.703559
vt 0.859161 0.703432
vt 0.858500 0.703978
vt 0.859161 0.680751
vt 0.858500 0.680262
vt 0.859161 0.680097
vt 0.858500 0.680657
vt 0.858500 0.150053
vt 0.858997 0.149393
vt 0.859174 0.150053
vt 0.858594 0.149393
vt 0.613929 0.849384
vt 0.614589 0.849884
vt 0.613929 0.850071
vt 0.614589 0.849551
vt 0.859187 0.335150
vt 0.858500 0.335301
vt 0.858500 0.335060
vt 0.632119 0.873472
vt 0.631981 0.872799
vt 0.632221 0.872799
vt 0.858549 0.495727
vt 0.858500 0.495491
vt 0.859185 0.495491
vt 0.858549 0.404057
vt 0.858500 0.403821
vt 0.859187 0.403821
vt 0.858500 0.518646
vt 0.858535 0.518408
vt 0.859184 0.518646
vt 0.815327 0.873466
vt 0.815327 0.872799
vt 0.815563 0.872840
vt 0.655006 0.873470
vt 0.654902 0.872799
vt 0.655143 0.872799
vt 0.859188 0.312143
vt 0.858549 0.312379
vt 0.858500 0.312143
vt 0.723897 0.873469
vt 0.723662 0.872844
vt 0.723897 0.872799
vt 0.882549 0.126094
vt 0.881890 0.126207
vt 0.881890 0.125967
vt 0.882557 0.011577
vt 0.881890 0.011577
vt 0.881931 0.011340
vt 0.792646 0.873468
vt 0.792411 0.872844
vt 0.792646 0.872799
vt 0.080097 0.873479
vt 0.080097 0.872799
vt 0.080335 0.872835
vt 0.194819 0.872799
vt 0.195060 0.872799
vt 0.194961 0.873475
vt 0.858536 0.842823
vt 0.858500 0.842585
vt 0.859181 0.842585
vt 0.240507 0.872799
vt 0.240743 0.872846
vt 0.240507 0.873475
vt 0.148980 0.872799
vt 0.149216 0.872846
vt 0.148980 0.873477
vt 0.858536 0.634081
vt 0.858500 0.633843
vt 0.859182 0.633843
vt 0.858500 0.426973
vt 0.858549 0.426738
vt 0.859186 0.426973
vt 0.838244 0.872799
vt 0.838485 0.872799
vt 0.838379 0.873466
vt 0.858546 0.103983
vt 0.858500 0.103747
vt 0.859197 0.103747
vt 0.309262 0.872799
vt 0.309498 0.872846
vt 0.309262 0.873475
vt 0.859180 0.034779
vt 0.858742 0.034118
vt 0.859045 0.034118
vt 0.858500 0.034779
vt 0.858500 0.565329
vt 0.858995 0.564669
vt 0.859162 0.565329
vt 0.858662 0.564668
vt 0.517622 0.872841
vt 0.517386 0.873473
vt 0.517386 0.872799
vt 0.859181 0.819668
vt 0.858542 0.819904
vt 0.858500 0.819668
vt 0.859161 0.750743
vt 0.858500 0.750305
vt 0.859161 0.750095
vt 0.858500 0.750607
vt 0.081365 0.850106
vt 0.082025 0.849571
vt 0.082025 0.849998
vt 0.081365 0.849384
vt 0.799889 0.849384
vt 0.800549 0.849904
vt 0.799889 0.850067
vt 0.800549 0.849477
vt 0.834993 0.771146
vt 0.835543 0.770485
vt 0.835723 0.771146
vt 0.835138 0.770485
vt 0.707294 0.850070
vt 0.707954 0.849539
vt 0.707954 0.849945
vt 0.707294 0.849384
vt 0.835731 0.564049
vt 0.835202 0.563388
vt 0.835544 0.563388
vt 0.834993 0.564049
vt 0.034682 0.849384
vt 0.035342 0.849887
vt 0.034682 0.850109
vt 0.035342 0.849546
vt 0.128047 0.849384
vt 0.128708 0.849903
vt 0.128047 0.850106
vt 0.128708 0.849547
vt 0.859173 0.242779
vt 0.858675 0.242119
vt 0.859032 0.242119
vt 0.858500 0.242779
vt 0.835738 0.447260
vt 0.835176 0.446600
vt 0.835558 0.446600
vt 0.834993 0.447260
vt 0.451797 0.849384
vt 0.452457 0.849922
vt 0.451797 0.850080
vt 0.452457 0.849539
vt 0.835763 0.354546
vt 0.835186 0.353885
vt 0.835571 0.353885
vt 0.834993 0.354546
vt 0.174730 0.849384
vt 0.175390 0.849935
vt 0.174730 0.850102
vt 0.175390 0.849550
vt 0.336342 0.850089
vt 0.337002 0.849537
vt 0.337002 0.849977
vt 0.336342 0.849384
vt 0.858500 0.266121
vt 0.859037 0.265460
vt 0.859170 0.266121
vt 0.858598 0.265460
vt 0.637270 0.850070
vt 0.637930 0.849530
vt 0.637930 0.849950
vt 0.637270 0.849384
vt 0.859161 0.727414
vt 0.858500 0.726891
vt 0.859161 0.726764
vt 0.858500 0.727310
vt 0.498411 0.850078
vt 0.499071 0.849575
vt 0.499071 0.849970
vt 0.498411 0.849384
vt 0.859161 0.657416
vt 0.858500 0.656927
vt 0.859161 0.656762
vt 0.858500 0.657322
vt 0.198071 0.850100
vt 0.198732 0.849589
vt 0.198732 0.849992
vt 0.198071 0.849384
vt 0.858500 0.173395
vt 0.858997 0.172734
vt 0.859174 0.173395
vt 0.858594 0.172734
vt 0.590587 0.849384
vt 0.591248 0.849884
vt 0.590587 0.850071
vt 0.591248 0.849551
vt 0.859187 0.358072
vt 0.858500 0.358224
vt 0.858500 0.357982
vt 0.034497 0.873479
vt 0.034259 0.872835
vt 0.034497 0.872799
vt 0.677824 0.872799
vt 0.678064 0.872799
vt 0.677927 0.873469
vt 0.858549 0.381140
vt 0.858500 0.380904
vt 0.859187 0.380904
vt 0.286340 0.872799
vt 0.286581 0.872799
vt 0.286440 0.873475
vt 0.746814 0.873468
vt 0.746578 0.872844
vt 0.746814 0.872799
vt 0.859185 0.472575
vt 0.858549 0.472811
vt 0.858500 0.472575
vt 0.586242 0.873472
vt 0.586141 0.872799
vt 0.586382 0.872799
vt 0.700981 0.873469
vt 0.700745 0.872844
vt 0.700981 0.872799
vt 0.882549 0.103173
vt 0.881890 0.103286
vt 0.881890 0.103046
vt 0.769730 0.873468
vt 0.769494 0.872844
vt 0.769730 0.872799
vt 0.882557 0.034494
vt 0.881890 0.034494
vt 0.881931 0.034258
vt 0.057178 0.873479
vt 0.057178 0.872799
vt 0.057416 0.872835
vt 0.171897 0.872799
vt 0.172138 0.872799
vt 0.172039 0.873475
vt 0.011340 0.872835
vt 0.011579 0.872799
vt 0.011579 0.873480
vt 0.263424 0.872799
vt 0.263659 0.872846
vt 0.263424 0.873475
vt 0.609063 0.872838
vt 0.609300 0.872799
vt 0.609300 0.873473
vt 0.563219 0.872799
vt 0.563460 0.872799
vt 0.563359 0.873473
vt 0.126061 0.872836
vt 0.126299 0.872799
vt 0.126299 0.873478
vt 0.332179 0.872837
vt 0.332416 0.872799
vt 0.332416 0.873474
vt 0.858500 0.449894
vt 0.858500 0.449654
vt 0.859185 0.449786
vt 0.881890 0.057415
vt 0.881890 0.057175
vt 0.882553 0.057284
vt 0.616514 0.034689
vt 0.618803 0.034357
vt 0.618810 0.034692
vt 0.616262 0.034442
vt 0.616518 0.034357
vt 0.616255 0.034610
vt 0.616512 0.172958
vt 0.618789 0.172623
vt 0.618797 0.172958
vt 0.616515 0.172619
vt 0.616262 0.172713
vt 0.616255 0.172881
vt 0.177442 0.631457
vt 0.177107 0.633734
vt 0.177103 0.631459
vt 0.928781 0.606156
vt 0.928441 0.606156
vt 0.928533 0.605902
vt 0.928701 0.605896
vt 0.177442 0.633741
vt 0.616516 0.011340
vt 0.618804 0.011676
vt 0.616519 0.011673
vt 0.616262 0.011582
vt 0.616255 0.011414
vt 0.618812 0.011340
vt 0.928777 0.560199
vt 0.928441 0.559863
vt 0.928777 0.559863
vt 0.928441 0.560199
vt 0.616512 0.103738
vt 0.618801 0.103406
vt 0.618808 0.103742
vt 0.616516 0.103406
vt 0.616261 0.103493
vt 0.616255 0.103661
vt 0.616512 0.242019
vt 0.618789 0.241683
vt 0.618797 0.242019
vt 0.616514 0.241680
vt 0.616261 0.241770
vt 0.616255 0.241938
vt 0.928781 0.629095
vt 0.928441 0.629095
vt 0.928534 0.628842
vt 0.154422 0.631457
vt 0.154087 0.633734
vt 0.154083 0.631459
vt 0.154422 0.633741
vt 0.928702 0.628837
vt 0.616512 0.057373
vt 0.616515 0.057706
vt 0.616260 0.057618
vt 0.618800 0.057709
vt 0.618809 0.057373
vt 0.616255 0.057450
vt 0.035338 0.147693
vt 0.035497 0.149881
vt 0.035351 0.149890
vt 0.035205 0.149883
vt 0.035191 0.147695
vt 0.035147 0.141873
vt 0.035138 0.140413
vt 0.035296 0.141866
vt 0.035449 0.141862
vt 0.035290 0.140397
vt 0.035139 0.139301
vt 0.035289 0.139291
vt 0.035436 0.140384
vt 0.035571 0.139291
vt 0.035585 0.140398
vt 0.035431 0.139284
vt 0.035574 0.138196
vt 0.035714 0.139298
vt 0.035729 0.138193
vt 0.035731 0.140407
vt 0.035748 0.141869
vt 0.035597 0.141868
vt 0.035770 0.147692
vt 0.035627 0.147694
vt 0.035484 0.147694
vt 0.035642 0.149872
vt 0.035787 0.149879
vt 0.035701 0.135332
vt 0.035545 0.135332
vt 0.035736 0.134268
vt 0.035575 0.132736
vt 0.035559 0.134269
vt 0.035736 0.132675
vt 0.035552 0.132549
vt 0.035553 0.132743
vt 0.035532 0.132736
vt 0.035383 0.134271
vt 0.035373 0.132671
vt 0.035362 0.132667
vt 0.035378 0.132558
vt 0.035208 0.134268
vt 0.035205 0.132602
vt 0.035233 0.135334
vt 0.035076 0.135340
vt 0.035031 0.134267
vt 0.035053 0.132670
vt 0.035389 0.135333
vt 0.035416 0.138200
vt 0.035270 0.138200
vt 0.035124 0.138200
vt 0.035042 0.132674
vt 0.035034 0.132563
vt 0.035205 0.132570
vt 0.035153 0.131102
vt 0.034962 0.131119
vt 0.035346 0.131104
vt 0.035108 0.130207
vt 0.035331 0.130201
vt 0.034883 0.130213
vt 0.035308 0.128923
vt 0.034918 0.128929
vt 0.035113 0.128923
vt 0.034885 0.127527
vt 0.034927 0.125588
vt 0.035060 0.127523
vt 0.035104 0.125598
vt 0.034919 0.121609
vt 0.035350 0.127443
vt 0.035281 0.125598
vt 0.035090 0.121613
vt 0.035259 0.121618
vt 0.035058 0.109965
vt 0.035230 0.109955
vt 0.035442 0.121613
vt 0.035455 0.125594
vt 0.035534 0.127443
vt 0.035637 0.125585
vt 0.035618 0.121608
vt 0.035855 0.127522
vt 0.035715 0.128919
vt 0.035512 0.128924
vt 0.035784 0.130197
vt 0.035556 0.130198
vt 0.035543 0.131102
vt 0.035739 0.131104
vt 0.035727 0.132547
vt 0.035407 0.109943
vt 0.035582 0.109952
vt 0.034883 0.109954
vt 0.928441 0.513830
vt 0.928777 0.514166
vt 0.928441 0.514166
vt 0.928777 0.513830
vt 0.905752 0.171673
vt 0.905238 0.171778
vt 0.905238 0.171673
vt 0.905752 0.171778
vt 0.974738 0.330018
vt 0.974538 0.330123
vt 0.974538 0.330018
vt 0.974738 0.330123
vt 0.730635 0.849990
vt 0.730980 0.849971
vt 0.730823 0.850086
vt 0.974537 0.398479
vt 0.974732 0.398374
vt 0.974732 0.398479
vt 0.974537 0.398374
vt 0.730973 0.849771
vt 0.730635 0.849384
vt 0.974537 0.307337
vt 0.974748 0.307233
vt 0.974748 0.307337
vt 0.974537 0.307233
vt 0.905760 0.148888
vt 0.905238 0.148992
vt 0.905238 0.148888
vt 0.905760 0.148992
vt 0.974537 0.352908
vt 0.974738 0.352803
vt 0.974738 0.352908
vt 0.974537 0.352803
vt 0.974538 0.375693
vt 0.974732 0.375589
vt 0.974732 0.375693
vt 0.974538 0.375589
vt 0.859060 0.611162
vt 0.859079 0.610816
vt 0.859176 0.610986
vt 0.858879 0.610802
vt 0.858500 0.611162
vt 0.974537 0.284552
vt 0.974748 0.284447
vt 0.974748 0.284552
vt 0.974537 0.284447
vt 0.193878 0.896733
vt 0.194083 0.896167
vt 0.194083 0.896736
vt 0.193878 0.896164
vt 0.399895 0.896191
vt 0.399916 0.896733
vt 0.399895 0.896707
vt 0.399916 0.896164
vt 0.490724 0.896190
vt 0.490703 0.896733
vt 0.490703 0.896164
vt 0.490724 0.896707
vt 0.901088 0.965573
vt 0.901183 0.965768
vt 0.901088 0.965778
vt 0.901183 0.965563
vt 0.647722 0.988549
vt 0.647696 0.988623
vt 0.647696 0.988528
vt 0.647722 0.988623
vt 0.974742 0.079732
vt 0.974545 0.079659
vt 0.974750 0.079659
vt 0.974537 0.079732
vt 0.806647 0.988528
vt 0.806673 0.988602
vt 0.806647 0.988623
vt 0.806673 0.988528
vt 0.696110 0.965768
vt 0.696204 0.965573
vt 0.696204 0.965778
vt 0.696110 0.965563
vt 0.534185 0.988549
vt 0.534159 0.988623
vt 0.534159 0.988528
vt 0.534185 0.988623
vt 0.488744 0.988528
vt 0.488771 0.988602
vt 0.488744 0.988623
vt 0.488771 0.988528
vt 0.216764 0.896733
vt 0.216969 0.896167
vt 0.216969 0.896736
vt 0.216764 0.896164
vt 0.513426 0.896707
vt 0.513405 0.896164
vt 0.513427 0.896191
vt 0.513405 0.896733
vt 0.764531 0.965768
vt 0.764436 0.965573
vt 0.764531 0.965563
vt 0.764436 0.965778
vt 0.738551 0.988549
vt 0.738525 0.988623
vt 0.738525 0.988528
vt 0.738551 0.988623
vt 0.974742 0.193503
vt 0.974545 0.193430
vt 0.974750 0.193430
vt 0.974537 0.193503
vt 0.670403 0.988528
vt 0.670429 0.988602
vt 0.670403 0.988623
vt 0.670429 0.988528
vt 0.787211 0.965768
vt 0.787306 0.965573
vt 0.787306 0.965778
vt 0.787211 0.965563
vt 0.715844 0.988549
vt 0.715818 0.988623
vt 0.715818 0.988528
vt 0.715844 0.988623
vt 0.974545 0.216258
vt 0.974742 0.216184
vt 0.974750 0.216258
vt 0.974537 0.216184
vt 0.511451 0.988528
vt 0.511478 0.988602
vt 0.511451 0.988623
vt 0.511478 0.988528
vt 0.262536 0.896733
vt 0.262741 0.896167
vt 0.262741 0.896736
vt 0.262536 0.896164
vt 0.377214 0.896707
vt 0.377193 0.896164
vt 0.377214 0.896191
vt 0.377193 0.896733
vt 0.445320 0.896191
vt 0.445299 0.896733
vt 0.445299 0.896164
vt 0.445320 0.896707
vt 0.855632 0.965768
vt 0.855538 0.965573
vt 0.855632 0.965563
vt 0.855538 0.965778
vt 0.761259 0.988549
vt 0.761232 0.988622
vt 0.761232 0.988528
vt 0.761259 0.988622
vt 0.974742 0.102486
vt 0.974545 0.102413
vt 0.974750 0.102413
vt 0.974537 0.102486
vt 0.624988 0.988528
vt 0.625015 0.988602
vt 0.624988 0.988623
vt 0.625015 0.988528
vt 0.718885 0.965768
vt 0.718980 0.965573
vt 0.718980 0.965778
vt 0.718885 0.965563
vt 0.556893 0.988549
vt 0.556866 0.988623
vt 0.556866 0.988528
vt 0.556893 0.988623
vt 0.466037 0.988528
vt 0.466063 0.988602
vt 0.466037 0.988623
vt 0.466063 0.988528
vt 0.170992 0.896733
vt 0.171197 0.896167
vt 0.171197 0.896736
vt 0.170992 0.896164
vt 0.536107 0.896190
vt 0.536129 0.896733
vt 0.536107 0.896706
vt 0.536129 0.896164
vt 0.832857 0.965768
vt 0.832762 0.965573
vt 0.832857 0.965563
vt 0.832762 0.965778
vt 0.829381 0.988549
vt 0.829354 0.988623
vt 0.829354 0.988528
vt 0.829381 0.988622
vt 0.974742 0.056978
vt 0.974545 0.056904
vt 0.974750 0.056904
vt 0.974537 0.056978
vt 0.878313 0.965768
vt 0.878407 0.965573
vt 0.878407 0.965778
vt 0.878313 0.965563
vt 0.602307 0.988549
vt 0.602281 0.988623
vt 0.602281 0.988528
vt 0.602307 0.988623
vt 0.974545 0.125241
vt 0.974742 0.125167
vt 0.974750 0.125241
vt 0.974537 0.125167
vt 0.443329 0.988528
vt 0.443356 0.988602
vt 0.443329 0.988623
vt 0.443356 0.988528
vt 0.239650 0.896733
vt 0.239855 0.896167
vt 0.239855 0.896736
vt 0.239650 0.896164
vt 0.468001 0.896191
vt 0.468022 0.896733
vt 0.468001 0.896707
vt 0.468022 0.896164
vt 0.558831 0.896190
vt 0.558810 0.896733
vt 0.558810 0.896164
vt 0.558831 0.896706
vt 0.741755 0.965768
vt 0.741661 0.965573
vt 0.741755 0.965563
vt 0.741661 0.965778
vt 0.693137 0.988549
vt 0.693110 0.988623
vt 0.693110 0.988528
vt 0.693137 0.988623
vt 0.974742 0.147995
vt 0.974545 0.147921
vt 0.974750 0.147921
vt 0.974537 0.147995
vt 0.852062 0.988528
vt 0.852088 0.988602
vt 0.852062 0.988623
vt 0.852088 0.988528
vt 0.809987 0.965768
vt 0.810081 0.965573
vt 0.810081 0.965778
vt 0.809987 0.965563
vt 0.579600 0.988549
vt 0.579574 0.988623
vt 0.579574 0.988528
vt 0.579600 0.988623
vt 0.974545 0.170749
vt 0.974742 0.170676
vt 0.974750 0.170749
vt 0.974537 0.170676
vt 0.420622 0.988528
vt 0.420648 0.988602
vt 0.420622 0.988623
vt 0.420648 0.988528
vt 0.928443 0.171650
vt 0.928831 0.171777
vt 0.928441 0.171777
vt 0.928832 0.171650
vt 0.928459 0.262544
vt 0.928831 0.262559
vt 0.928441 0.262559
vt 0.928813 0.262544
vt 0.974543 0.900134
vt 0.974665 0.900069
vt 0.974670 0.900134
vt 0.974537 0.900069
vt 0.920185 0.988542
vt 0.920167 0.988593
vt 0.920167 0.988528
vt 0.920185 0.988593
vt 0.011340 0.988655
vt 0.011391 0.988532
vt 0.011391 0.988660
vt 0.011340 0.988528
vt 0.897468 0.988528
vt 0.897486 0.988578
vt 0.897468 0.988593
vt 0.897486 0.988528
vt 0.974665 0.922879
vt 0.974543 0.922814
vt 0.974670 0.922814
vt 0.974537 0.922879
vt 0.942884 0.988542
vt 0.942866 0.988593
vt 0.942866 0.988528
vt 0.942884 0.988593
vt 0.974665 0.945560
vt 0.974542 0.945610
vt 0.974538 0.945560
vt 0.974669 0.945610
vt 0.874769 0.988528
vt 0.874787 0.988578
vt 0.874769 0.988593
vt 0.874787 0.988528
vt 0.313661 0.849387
vt 0.313456 0.850114
vt 0.313456 0.849384
vt 0.313661 0.850118
vt 0.383073 0.849384
vt 0.383052 0.850088
vt 0.383024 0.849410
vt 0.383073 0.850114
vt 0.238773 0.988576
vt 0.238747 0.988650
vt 0.238747 0.988528
vt 0.238773 0.988650
vt 0.405775 0.849410
vt 0.405754 0.850114
vt 0.405754 0.849384
vt 0.405775 0.850088
vt 0.513852 0.965572
vt 0.513974 0.965768
vt 0.513852 0.965777
vt 0.513974 0.965563
vt 0.946646 0.965768
vt 0.946719 0.965571
vt 0.946747 0.965775
vt 0.946646 0.965563
vt 0.306869 0.988528
vt 0.306895 0.988629
vt 0.306869 0.988650
vt 0.306895 0.988528
vt 0.216065 0.988549
vt 0.216039 0.988650
vt 0.216039 0.988528
vt 0.216066 0.988650
vt 0.974545 0.034223
vt 0.974742 0.034122
vt 0.974750 0.034223
vt 0.974538 0.034122
vt 0.147943 0.988650
vt 0.147917 0.988549
vt 0.147943 0.988528
vt 0.147917 0.988650
vt 0.753866 0.849387
vt 0.753661 0.850089
vt 0.753661 0.849384
vt 0.753866 0.850093
vt 0.858500 0.126664
vt 0.859180 0.126685
vt 0.858527 0.126712
vt 0.859206 0.126664
vt 0.261480 0.988576
vt 0.261454 0.988650
vt 0.261454 0.988528
vt 0.261480 0.988650
vt 0.858527 0.196076
vt 0.859206 0.196097
vt 0.858500 0.196097
vt 0.859179 0.196076
vt 0.559580 0.965768
vt 0.559458 0.965572
vt 0.559580 0.965563
vt 0.559458 0.965777
vt 0.284161 0.988528
vt 0.284188 0.988629
vt 0.284161 0.988650
vt 0.284188 0.988528
vt 0.170624 0.988629
vt 0.170651 0.988528
vt 0.170651 0.988650
vt 0.170624 0.988528
vt 0.974742 0.011340
vt 0.974545 0.011441
vt 0.974538 0.011340
vt 0.974750 0.011441
vt 0.193358 0.988650
vt 0.193332 0.988549
vt 0.193358 0.988528
vt 0.193332 0.988650
vt 0.928833 0.148969
vt 0.928443 0.148828
vt 0.928835 0.148828
vt 0.928441 0.148969
vt 0.928460 0.194458
vt 0.928834 0.194472
vt 0.928441 0.194472
vt 0.928815 0.194458
vt 0.974552 0.809053
vt 0.974682 0.809072
vt 0.974538 0.809072
vt 0.974682 0.809053
vt 0.974537 0.831771
vt 0.974668 0.831753
vt 0.974682 0.831771
vt 0.974538 0.831753
vt 0.974682 0.466900
vt 0.974541 0.467040
vt 0.974538 0.466898
vt 0.974728 0.467040
vt 0.974668 0.786373
vt 0.974538 0.786354
vt 0.974682 0.786354
vt 0.974537 0.786373
vt 0.974537 0.535414
vt 0.974710 0.535396
vt 0.974724 0.535414
vt 0.974537 0.535396
vt 0.662911 0.754283
vt 0.663042 0.755448
vt 0.662909 0.755448
vt 0.640228 0.754283
vt 0.640228 0.755449
vt 0.640096 0.755448
vt 0.640097 0.754280
vt 0.640144 0.754156
vt 0.640210 0.754164
vt 0.663042 0.754279
vt 0.662997 0.754156
vt 0.662931 0.754164
vt 0.479313 0.754294
vt 0.479446 0.755462
vt 0.479313 0.755462
vt 0.479448 0.754290
vt 0.479399 0.754156
vt 0.479333 0.754164
vt 0.399078 0.778225
vt 0.398944 0.779393
vt 0.398944 0.778221
vt 0.974673 0.854452
vt 0.974673 0.854586
vt 0.974537 0.854543
vt 0.974544 0.854476
vt 0.399076 0.779393
vt 0.011564 0.301338
vt 0.011498 0.301339
vt 0.011505 0.299397
vt 0.011535 0.303489
vt 0.011637 0.299398
vt 0.011630 0.301340
vt 0.011623 0.303521
vt 0.011571 0.299398
vt 0.011579 0.297054
vt 0.011645 0.297052
vt 0.011586 0.295161
vt 0.011652 0.295161
vt 0.011657 0.293583
vt 0.011590 0.293583
vt 0.011599 0.290999
vt 0.011665 0.290998
vt 0.011524 0.293582
vt 0.011519 0.295161
vt 0.011456 0.293581
vt 0.011530 0.290997
vt 0.011608 0.288006
vt 0.011464 0.290996
vt 0.011541 0.288002
vt 0.011474 0.287998
vt 0.011548 0.285891
vt 0.011614 0.285898
vt 0.011483 0.285884
vt 0.011624 0.283331
vt 0.011558 0.283324
vt 0.011492 0.283318
vt 0.011425 0.283324
vt 0.011418 0.285890
vt 0.011407 0.288001
vt 0.011399 0.290997
vt 0.011389 0.293582
vt 0.011386 0.295160
vt 0.011452 0.295161
vt 0.011447 0.297049
vt 0.011381 0.297051
vt 0.011438 0.299396
vt 0.011372 0.299397
vt 0.011368 0.301339
vt 0.011433 0.301341
vt 0.011513 0.297052
vt 0.011470 0.303495
vt 0.011405 0.303503
vt 0.011340 0.303495
vt 0.011689 0.283325
vt 0.011680 0.285891
vt 0.011674 0.288002
vt 0.011689 0.303528
vt 0.034459 0.283318
vt 0.034471 0.284761
vt 0.034383 0.284754
vt 0.034549 0.283339
vt 0.034370 0.283327
vt 0.034393 0.286196
vt 0.034482 0.286204
vt 0.034407 0.287092
vt 0.034490 0.287090
vt 0.034476 0.287627
vt 0.034381 0.287639
vt 0.034568 0.286198
vt 0.034574 0.287072
vt 0.034569 0.287605
vt 0.034565 0.288025
vt 0.034643 0.288034
vt 0.034665 0.287614
vt 0.034655 0.287073
vt 0.034662 0.286190
vt 0.034753 0.287091
vt 0.034755 0.287635
vt 0.034750 0.286194
vt 0.034738 0.284751
vt 0.034647 0.284750
vt 0.034636 0.283346
vt 0.034723 0.283324
vt 0.034558 0.284759
vt 0.034724 0.288036
vt 0.034631 0.288449
vt 0.034698 0.288456
vt 0.034624 0.288973
vt 0.034688 0.288979
vt 0.034619 0.289854
vt 0.034680 0.289858
vt 0.034616 0.290466
vt 0.034675 0.290464
vt 0.034605 0.292703
vt 0.034665 0.292702
vt 0.034651 0.295484
vt 0.034635 0.298659
vt 0.034575 0.298660
vt 0.034591 0.295485
vt 0.034532 0.295483
vt 0.034515 0.298658
vt 0.034444 0.300719
vt 0.034455 0.298656
vt 0.034504 0.300720
vt 0.034564 0.300722
vt 0.034491 0.303239
vt 0.034430 0.303238
vt 0.034552 0.303240
vt 0.034625 0.300721
vt 0.034612 0.303240
vt 0.034370 0.303238
vt 0.034383 0.300720
vt 0.034395 0.298657
vt 0.034411 0.295482
vt 0.034472 0.295481
vt 0.034427 0.292701
vt 0.034486 0.292700
vt 0.034545 0.292702
vt 0.034556 0.290463
vt 0.034497 0.290461
vt 0.034499 0.289860
vt 0.034558 0.289857
vt 0.034501 0.288983
vt 0.034440 0.289857
vt 0.034439 0.290463
vt 0.034440 0.288979
vt 0.034498 0.288456
vt 0.034433 0.288454
vt 0.034488 0.288021
vt 0.034564 0.288452
vt 0.034561 0.288978
vt 0.034413 0.288035
vt 0.087895 0.286416
vt 0.087829 0.283321
vt 0.087903 0.283318
vt 0.087976 0.283321
vt 0.087821 0.286417
vt 0.087813 0.290513
vt 0.087886 0.290512
vt 0.087880 0.292791
vt 0.087804 0.292789
vt 0.087803 0.293283
vt 0.087878 0.293281
vt 0.087813 0.294924
vt 0.087954 0.292789
vt 0.087954 0.293281
vt 0.087964 0.294924
vt 0.087888 0.294924
vt 0.087963 0.295488
vt 0.087805 0.295492
vt 0.087885 0.295489
vt 0.087894 0.295683
vt 0.087825 0.295694
vt 0.087907 0.295870
vt 0.087850 0.295878
vt 0.087917 0.296088
vt 0.087866 0.296085
vt 0.087855 0.296362
vt 0.087916 0.296759
vt 0.087913 0.296364
vt 0.087863 0.296768
vt 0.087918 0.298291
vt 0.087865 0.298293
vt 0.087927 0.302628
vt 0.087874 0.302630
vt 0.087972 0.298293
vt 0.087980 0.302630
vt 0.088022 0.296776
vt 0.087969 0.296767
vt 0.088024 0.298296
vt 0.088077 0.298293
vt 0.088086 0.302630
vt 0.088033 0.302633
vt 0.088074 0.296767
vt 0.088025 0.296361
vt 0.088080 0.296362
vt 0.088070 0.296085
vt 0.088020 0.296079
vt 0.088027 0.295872
vt 0.088089 0.295875
vt 0.088035 0.295690
vt 0.088107 0.295691
vt 0.088044 0.295491
vt 0.088125 0.295493
vt 0.088112 0.294922
vt 0.088103 0.293281
vt 0.088037 0.294924
vt 0.088030 0.293282
vt 0.088104 0.292790
vt 0.088028 0.292788
vt 0.088035 0.290515
vt 0.088110 0.290514
vt 0.088118 0.286418
vt 0.088044 0.286419
vt 0.088050 0.283324
vt 0.088125 0.283321
vt 0.087959 0.290514
vt 0.087970 0.286418
vt 0.087964 0.295686
vt 0.087964 0.295871
vt 0.087968 0.296083
vt 0.087970 0.296363
vt 0.267653 0.224432
vt 0.269697 0.224364
vt 0.269701 0.224432
vt 0.269697 0.224501
vt 0.267649 0.224363
vt 0.265274 0.224432
vt 0.265271 0.224363
vt 0.263801 0.224433
vt 0.263797 0.224364
vt 0.261006 0.224432
vt 0.261002 0.224363
vt 0.257933 0.224432
vt 0.257930 0.224363
vt 0.255268 0.224432
vt 0.255264 0.224363
vt 0.252180 0.224433
vt 0.252176 0.224364
vt 0.251555 0.224435
vt 0.251545 0.224368
vt 0.252176 0.224502
vt 0.251546 0.224502
vt 0.250938 0.224437
vt 0.250943 0.224503
vt 0.250943 0.224371
vt 0.250291 0.224505
vt 0.250290 0.224364
vt 0.250298 0.224435
vt 0.249769 0.224442
vt 0.249762 0.224380
vt 0.249451 0.224449
vt 0.249439 0.224393
vt 0.249197 0.224455
vt 0.249190 0.224408
vt 0.249041 0.224461
vt 0.249043 0.224420
vt 0.248557 0.224460
vt 0.248554 0.224419
vt 0.248013 0.224457
vt 0.248013 0.224417
vt 0.248553 0.224501
vt 0.248012 0.224497
vt 0.248549 0.224539
vt 0.248011 0.224537
vt 0.249046 0.224544
vt 0.248012 0.224578
vt 0.248552 0.224578
vt 0.249042 0.224586
vt 0.249186 0.224553
vt 0.249042 0.224502
vt 0.249189 0.224603
vt 0.249433 0.224558
vt 0.249440 0.224611
vt 0.249759 0.224565
vt 0.249762 0.224626
vt 0.250284 0.224571
vt 0.250291 0.224638
vt 0.250943 0.224630
vt 0.250948 0.224566
vt 0.251537 0.224568
vt 0.251545 0.224635
vt 0.252172 0.224570
vt 0.252176 0.224638
vt 0.255260 0.224570
vt 0.255264 0.224638
vt 0.257926 0.224570
vt 0.255264 0.224501
vt 0.257930 0.224501
vt 0.261002 0.224501
vt 0.260998 0.224570
vt 0.261002 0.224639
vt 0.263794 0.224571
vt 0.257930 0.224639
vt 0.263797 0.224640
vt 0.265268 0.224571
vt 0.265271 0.224640
vt 0.267645 0.224570
vt 0.267649 0.224639
vt 0.269692 0.224570
vt 0.269697 0.224639
vt 0.267649 0.224501
vt 0.265271 0.224501
vt 0.263797 0.224501
vt 0.249765 0.224505
vt 0.249443 0.224506
vt 0.249192 0.224503
vt 0.605144 0.778345
vt 0.605275 0.779376
vt 0.605142 0.779379
vt 0.605275 0.778339
vt 0.605219 0.778221
vt 0.605153 0.778228
vt 0.445124 0.778352
vt 0.445257 0.779389
vt 0.445124 0.779389
vt 0.445258 0.778348
vt 0.445224 0.778221
vt 0.445158 0.778226
vt 0.787560 0.657128
vt 0.788594 0.657262
vt 0.787553 0.657262
vt 0.974672 0.877388
vt 0.974537 0.877388
vt 0.974589 0.877267
vt 0.974656 0.877270
vt 0.788598 0.657129
vt 0.674339 0.778339
vt 0.674206 0.779373
vt 0.674208 0.778336
vt 0.674240 0.778221
vt 0.674306 0.778226
vt 0.674339 0.779373
vt 0.697209 0.779369
vt 0.697020 0.778221
vt 0.697209 0.778221
vt 0.697020 0.779369
vt 0.905238 0.562979
vt 0.905692 0.562791
vt 0.905692 0.562979
vt 0.905238 0.562791
vt 0.692330 0.413032
vt 0.691004 0.413032
vt 0.691329 0.412908
vt 0.691831 0.412231
vt 0.692247 0.412898
vt 0.692561 0.412597
vt 0.905238 0.286278
vt 0.905716 0.286090
vt 0.905716 0.286278
vt 0.905238 0.286090
vt 0.692431 0.412602
vt 0.692300 0.412222
vt 0.905238 0.677358
vt 0.905680 0.677170
vt 0.905680 0.677358
vt 0.905238 0.677170
vt 0.692222 0.412334
vt 0.691903 0.412351
vt 0.763872 0.570960
vt 0.763709 0.571227
vt 0.763580 0.571150
vt 0.570513 0.755299
vt 0.570809 0.755225
vt 0.570549 0.755445
vt 0.570685 0.755132
vt 0.570713 0.754943
vt 0.570851 0.754910
vt 0.570513 0.754435
vt 0.570554 0.754156
vt 0.763908 0.571116
vt 0.764513 0.571227
vt 0.764784 0.571149
vt 0.387836 0.754156
vt 0.388025 0.755482
vt 0.387836 0.755482
vt 0.388025 0.754156
vt 0.742947 0.778221
vt 0.742759 0.779369
vt 0.742759 0.778221
vt 0.742947 0.779369
vt 0.692348 0.388686
vt 0.691324 0.388815
vt 0.691004 0.388686
vt 0.691805 0.389520
vt 0.692258 0.388820
vt 0.692575 0.389156
vt 0.692286 0.389541
vt 0.692439 0.389146
vt 0.905238 0.217482
vt 0.905716 0.217670
vt 0.905238 0.217670
vt 0.905716 0.217482
vt 0.692208 0.389423
vt 0.764655 0.640070
vt 0.764492 0.639803
vt 0.764784 0.639993
vt 0.882185 0.495875
vt 0.882394 0.495654
vt 0.882504 0.495756
vt 0.691878 0.389403
vt 0.691608 0.388936
vt 0.691951 0.389280
vt 0.881890 0.495759
vt 0.881985 0.495654
vt 0.882164 0.495722
vt 0.764456 0.639959
vt 0.763851 0.640070
vt 0.763580 0.639992
vt 0.905238 0.700039
vt 0.905680 0.700227
vt 0.905238 0.700227
vt 0.905680 0.700039
vt 0.905238 0.608529
vt 0.905692 0.608718
vt 0.905238 0.608718
vt 0.905692 0.608529
vt 0.433575 0.755482
vt 0.433763 0.754156
vt 0.433763 0.755482
vt 0.433575 0.754156
vt 0.720078 0.778221
vt 0.719889 0.779369
vt 0.719889 0.778221
vt 0.720078 0.779369
vt 0.692348 0.365149
vt 0.691324 0.365278
vt 0.691005 0.365149
vt 0.691805 0.365984
vt 0.692258 0.365283
vt 0.692576 0.365619
vt 0.905716 0.263409
vt 0.905238 0.263220
vt 0.905716 0.263220
vt 0.905238 0.263409
vt 0.692439 0.365609
vt 0.692286 0.366005
vt 0.905238 0.722908
vt 0.905680 0.723097
vt 0.905238 0.723097
vt 0.905680 0.722908
vt 0.692208 0.365887
vt 0.691878 0.365866
vt 0.691608 0.365399
vt 0.691951 0.365743
vt 0.881890 0.472856
vt 0.881985 0.472751
vt 0.882164 0.472820
vt 0.882185 0.472973
vt 0.882394 0.472751
vt 0.882504 0.472854
vt 0.764655 0.594175
vt 0.764492 0.593908
vt 0.764784 0.594098
vt 0.764456 0.594064
vt 0.763851 0.594175
vt 0.763580 0.594097
vt 0.905238 0.539921
vt 0.905692 0.540110
vt 0.905238 0.540110
vt 0.905692 0.539921
vt 0.456444 0.755482
vt 0.456633 0.754156
vt 0.456633 0.755482
vt 0.456444 0.754156
vt 0.510827 0.035555
vt 0.510935 0.035609
vt 0.510619 0.036209
vt 0.511243 0.034980
vt 0.510738 0.036870
vt 0.510619 0.036888
vt 0.510738 0.036227
vt 0.510935 0.037487
vt 0.510827 0.037541
vt 0.511328 0.035065
vt 0.511818 0.034564
vt 0.511872 0.034672
vt 0.512471 0.034357
vt 0.512490 0.034475
vt 0.513151 0.034357
vt 0.513132 0.034475
vt 0.513750 0.034672
vt 0.513804 0.034564
vt 0.514380 0.034980
vt 0.514295 0.035065
vt 0.514795 0.035555
vt 0.514688 0.035609
vt 0.515003 0.036209
vt 0.514884 0.036227
vt 0.515003 0.036888
vt 0.514884 0.036870
vt 0.514688 0.037487
vt 0.514795 0.037541
vt 0.340808 0.034660
vt 0.340808 0.034361
vt 0.341517 0.034361
vt 0.340098 0.034660
vt 0.341517 0.034660
vt 0.342203 0.034361
vt 0.342203 0.034660
vt 0.342882 0.034361
vt 0.342882 0.034660
vt 0.343568 0.034361
vt 0.343568 0.034660
vt 0.344277 0.034361
vt 0.344277 0.034660
vt 0.344987 0.034361
vt 0.344987 0.034660
vt 0.345673 0.034361
vt 0.345673 0.034660
vt 0.346352 0.034361
vt 0.346352 0.034660
vt 0.347038 0.034361
vt 0.347038 0.034660
vt 0.340098 0.034361
vt 0.339412 0.034660
vt 0.339412 0.034361
vt 0.338733 0.034660
vt 0.338733 0.034361
vt 0.338047 0.034660
vt 0.338047 0.034361
vt 0.339986 0.109198
vt 0.339986 0.109498
vt 0.339338 0.109498
vt 0.339338 0.109198
vt 0.340658 0.109198
vt 0.338696 0.109498
vt 0.338696 0.109198
vt 0.338047 0.109498
vt 0.338047 0.109198
vt 0.340658 0.109498
vt 0.341329 0.109198
vt 0.341329 0.109498
vt 0.341978 0.109198
vt 0.341978 0.109498
vt 0.342620 0.109198
vt 0.342620 0.109498
vt 0.343268 0.109198
vt 0.343268 0.109498
vt 0.343940 0.109198
vt 0.343940 0.109498
vt 0.344611 0.109198
vt 0.344611 0.109498
vt 0.345259 0.109198
vt 0.345259 0.109498
vt 0.345902 0.109198
vt 0.345902 0.109498
vt 0.346550 0.109198
vt 0.346550 0.109498
vt 0.951528 0.626940
vt 0.951828 0.627061
vt 0.951528 0.627061
vt 0.951828 0.626940
vt 0.951528 0.604139
vt 0.951828 0.604260
vt 0.951528 0.604260
vt 0.951828 0.604139
vt 0.511243 0.062784
vt 0.510935 0.062154
vt 0.511328 0.062699
vt 0.511818 0.063199
vt 0.511872 0.063092
vt 0.512471 0.063407
vt 0.512490 0.063288
vt 0.513132 0.063288
vt 0.513750 0.063092
vt 0.513151 0.063407
vt 0.513804 0.063199
vt 0.514295 0.062699
vt 0.514380 0.062784
vt 0.514795 0.062208
vt 0.514688 0.062154
vt 0.515003 0.061555
vt 0.514884 0.061536
vt 0.515003 0.060876
vt 0.514884 0.060894
vt 0.514688 0.060276
vt 0.514795 0.060222
vt 0.510827 0.062208
vt 0.510619 0.061555
vt 0.510738 0.061536
vt 0.510738 0.060894
vt 0.510619 0.060876
vt 0.510935 0.060276
vt 0.510827 0.060222
vt 0.403005 0.210650
vt 0.401742 0.209182
vt 0.402004 0.209069
vt 0.401457 0.209185
vt 0.402097 0.211011
vt 0.403717 0.209988
vt 0.402209 0.208869
vt 0.404151 0.208974
vt 0.402322 0.208604
vt 0.403794 0.209865
vt 0.404167 0.208003
vt 0.402325 0.208317
vt 0.403833 0.207090
vt 0.402218 0.208050
vt 0.401182 0.207844
vt 0.401743 0.207732
vt 0.402012 0.207844
vt 0.403087 0.206288
vt 0.403773 0.206974
vt 0.402141 0.205884
vt 0.403037 0.206255
vt 0.401451 0.207732
vt 0.401112 0.205872
vt 0.402082 0.205872
vt 0.400157 0.206255
vt 0.401053 0.205884
vt 0.400981 0.208881
vt 0.400868 0.208323
vt 0.400977 0.208052
vt 0.399406 0.206985
vt 0.400089 0.206291
vt 0.401190 0.209081
vt 0.400213 0.210669
vt 0.399366 0.209876
vt 0.400869 0.208612
vt 0.399499 0.210026
vt 0.401121 0.211017
vt 0.399013 0.208959
vt 0.399013 0.207979
vt 0.399359 0.207073
vt 0.308758 0.040970
vt 0.307724 0.040369
vt 0.308689 0.040318
vt 0.309780 0.040808
vt 0.309643 0.040167
vt 0.310779 0.040540
vt 0.310577 0.039917
vt 0.311745 0.040169
vt 0.311479 0.039570
vt 0.312667 0.039699
vt 0.312340 0.039131
vt 0.313535 0.039135
vt 0.314339 0.038483
vt 0.313150 0.038605
vt 0.313901 0.037996
vt 0.315071 0.037751
vt 0.314584 0.037313
vt 0.307724 0.041024
vt 0.306691 0.040970
vt 0.306759 0.040318
vt 0.305805 0.040167
vt 0.305668 0.040808
vt 0.304871 0.039917
vt 0.304669 0.040540
vt 0.303969 0.039570
vt 0.303703 0.040169
vt 0.303108 0.039131
vt 0.302781 0.039699
vt 0.302298 0.038605
vt 0.301913 0.039135
vt 0.301547 0.037996
vt 0.301109 0.038483
vt 0.300864 0.037313
vt 0.300377 0.037751
vt 0.428721 0.705835
vt 0.429382 0.705835
vt 0.429382 0.705916
vt 0.428721 0.705916
vt 0.429382 0.706736
vt 0.428721 0.706736
vt 0.429382 0.706818
vt 0.428721 0.706818
vt 0.428721 0.707321
vt 0.429382 0.707321
vt 0.313108 0.803022
vt 0.312605 0.802087
vt 0.313108 0.802087
vt 0.312547 0.802145
vt 0.312547 0.802964
vt 0.312605 0.803022
vt 0.475240 0.802087
vt 0.475744 0.803022
vt 0.475240 0.803022
vt 0.475801 0.802964
vt 0.475801 0.802145
vt 0.475744 0.802087
vt 0.355097 0.872799
vt 0.355600 0.873460
vt 0.355097 0.873460
vt 0.355600 0.872799
vt 0.475405 0.705835
vt 0.476066 0.705916
vt 0.475405 0.705916
vt 0.476066 0.706736
vt 0.476066 0.705835
vt 0.475405 0.706736
vt 0.476066 0.706818
vt 0.475405 0.707321
vt 0.476066 0.707321
vt 0.475405 0.706818
vt 0.382834 0.803022
vt 0.382330 0.802087
vt 0.382834 0.802087
vt 0.382273 0.802145
vt 0.382273 0.802964
vt 0.382330 0.803022
vt 0.335789 0.802087
vt 0.336292 0.803022
vt 0.335789 0.803022
vt 0.336350 0.802964
vt 0.336350 0.802145
vt 0.336292 0.802087
vt 0.471018 0.872799
vt 0.471521 0.873460
vt 0.471018 0.873460
vt 0.471521 0.872799
vt 0.452724 0.707321
vt 0.452063 0.707239
vt 0.452724 0.707239
vt 0.452063 0.706420
vt 0.452063 0.707321
vt 0.452724 0.706420
vt 0.452063 0.706338
vt 0.452724 0.705835
vt 0.452063 0.705835
vt 0.452724 0.706338
vt 0.428756 0.802087
vt 0.429260 0.803022
vt 0.428756 0.803022
vt 0.429318 0.802964
vt 0.429318 0.802145
vt 0.429260 0.802087
vt 0.405515 0.802087
vt 0.406018 0.803022
vt 0.405515 0.803022
vt 0.406076 0.802964
vt 0.406076 0.802145
vt 0.406018 0.802087
vt 0.378281 0.872799
vt 0.378784 0.873460
vt 0.378281 0.873460
vt 0.378784 0.872799
vt 0.406040 0.707321
vt 0.405379 0.707239
vt 0.406040 0.707239
vt 0.405379 0.706420
vt 0.405379 0.707321
vt 0.406040 0.706420
vt 0.405379 0.706338
vt 0.406040 0.706338
vt 0.406040 0.705835
vt 0.405379 0.705835
vt 0.243382 0.803022
vt 0.242879 0.802087
vt 0.243382 0.802087
vt 0.242821 0.802145
vt 0.242821 0.802964
vt 0.242879 0.803022
vt 0.266063 0.802087
vt 0.266566 0.803022
vt 0.266063 0.803022
vt 0.266624 0.802964
vt 0.266624 0.802145
vt 0.266566 0.802087
vt 0.425153 0.873460
vt 0.424649 0.872799
vt 0.425153 0.872799
vt 0.424649 0.873460
vt 0.382698 0.707321
vt 0.382037 0.707239
vt 0.382698 0.707239
vt 0.382037 0.706420
vt 0.382037 0.707321
vt 0.382698 0.706420
vt 0.382037 0.706338
vt 0.382698 0.706338
vt 0.382698 0.705835
vt 0.382037 0.705835
vt 0.451998 0.802087
vt 0.452502 0.803022
vt 0.451998 0.803022
vt 0.452559 0.802964
vt 0.452559 0.802145
vt 0.452502 0.802087
vt 0.196898 0.803022
vt 0.196395 0.802087
vt 0.196898 0.802087
vt 0.196337 0.802145
vt 0.196395 0.803022
vt 0.196337 0.802964
vt 0.401969 0.873460
vt 0.401465 0.872799
vt 0.401969 0.872799
vt 0.401465 0.873460
vt 0.498747 0.705835
vt 0.499408 0.705835
vt 0.499408 0.705916
vt 0.498747 0.705916
vt 0.499408 0.706736
vt 0.498747 0.706736
vt 0.499408 0.706818
vt 0.498747 0.707321
vt 0.499408 0.707321
vt 0.498747 0.706818
vt 0.289305 0.802087
vt 0.289808 0.803022
vt 0.289305 0.803022
vt 0.289866 0.802964
vt 0.289866 0.802145
vt 0.289808 0.802087
vt 0.220140 0.803022
vt 0.219637 0.802087
vt 0.220140 0.802087
vt 0.219579 0.802145
vt 0.219579 0.802964
vt 0.219637 0.803022
vt 0.447834 0.872799
vt 0.448337 0.873460
vt 0.447834 0.873460
vt 0.448337 0.872799
vt 0.522089 0.705835
vt 0.522750 0.705916
vt 0.522089 0.705916
vt 0.522750 0.706736
vt 0.522750 0.705835
vt 0.522089 0.706736
vt 0.522750 0.706818
vt 0.522089 0.707321
vt 0.522750 0.707321
vt 0.522089 0.706818
vt 0.498482 0.802087
vt 0.498986 0.803022
vt 0.498482 0.803022
vt 0.499043 0.802964
vt 0.499043 0.802145
vt 0.498986 0.802087
vt 0.359592 0.803022
vt 0.359088 0.802087
vt 0.359592 0.802087
vt 0.359031 0.802145
vt 0.359031 0.802964
vt 0.359088 0.803022
vt 0.494705 0.873460
vt 0.494202 0.872799
vt 0.494705 0.872799
vt 0.494202 0.873460
vt 0.564987 0.321174
vt 0.564622 0.322109
vt 0.564317 0.321400
vt 0.565173 0.321924
vt 0.565685 0.321060
vt 0.565747 0.321829
vt 0.566391 0.321060
vt 0.566329 0.321829
vt 0.567089 0.321174
vt 0.566903 0.321924
vt 0.567759 0.321400
vt 0.567454 0.322109
vt 0.564987 0.344904
vt 0.564622 0.345839
vt 0.564317 0.345130
vt 0.565173 0.345653
vt 0.565684 0.344790
vt 0.565747 0.345559
vt 0.566391 0.344790
vt 0.566329 0.345559
vt 0.567089 0.344904
vt 0.566903 0.345653
vt 0.567759 0.345130
vt 0.567454 0.345839
vt 0.389812 0.657783
vt 0.389470 0.656730
vt 0.389812 0.657201
vt 0.389470 0.658253
vt 0.388917 0.656551
vt 0.388917 0.658433
vt 0.388364 0.656730
vt 0.388364 0.658253
vt 0.388022 0.657201
vt 0.388022 0.657783
vt 0.253819 0.608416
vt 0.254767 0.608140
vt 0.254633 0.608636
vt 0.253954 0.607920
vt 0.254772 0.608039
vt 0.253960 0.607836
vt 0.253962 0.606755
vt 0.254773 0.606549
vt 0.253956 0.606671
vt 0.254768 0.606448
vt 0.254632 0.605952
vt 0.253819 0.606176
vt 0.764780 0.360793
vt 0.763580 0.360279
vt 0.763640 0.360219
vt 0.764720 0.360219
vt 0.764780 0.360279
vt 0.763580 0.360793
vt 0.692658 0.153348
vt 0.691086 0.153289
vt 0.692576 0.153289
vt 0.691004 0.153348
vt 0.691004 0.153862
vt 0.692658 0.153862
vt 0.538711 0.129069
vt 0.538285 0.128894
vt 0.538296 0.127139
vt 0.538612 0.129296
vt 0.540604 0.129070
vt 0.538720 0.126965
vt 0.538621 0.126741
vt 0.540711 0.126739
vt 0.540612 0.126966
vt 0.541038 0.127140
vt 0.541235 0.126973
vt 0.541463 0.127492
vt 0.541214 0.127557
vt 0.541463 0.128542
vt 0.541210 0.128476
vt 0.541028 0.128895
vt 0.540702 0.129294
vt 0.541225 0.129064
vt 0.538100 0.126971
vt 0.537862 0.127489
vt 0.538115 0.127556
vt 0.538107 0.128475
vt 0.537857 0.128540
vt 0.538087 0.129061
vt 0.835302 0.794535
vt 0.835302 0.794299
vt 0.835719 0.794535
vt 0.835719 0.793827
vt 0.835302 0.794015
vt 0.834993 0.794015
vt 0.834993 0.794299
vt 0.835302 0.793827
vt 0.885465 0.919861
vt 0.885369 0.919455
vt 0.885559 0.919455
vt 0.885369 0.919861
vt 0.445417 0.965563
vt 0.445607 0.965800
vt 0.445417 0.965800
vt 0.445607 0.965563
vt 0.862688 0.919455
vt 0.862591 0.919861
vt 0.862498 0.919455
vt 0.862688 0.919861
vt 0.823327 0.850092
vt 0.823230 0.849384
vt 0.823327 0.849384
vt 0.823230 0.850092
vt 0.974537 0.421160
vt 0.974728 0.421348
vt 0.974537 0.421348
vt 0.974728 0.421160
vt 0.951838 0.444346
vt 0.951528 0.444536
vt 0.951528 0.444346
vt 0.951838 0.444536
vt 0.951838 0.467217
vt 0.951528 0.467407
vt 0.951528 0.467217
vt 0.951838 0.467407
vt 0.951528 0.786645
vt 0.951812 0.786455
vt 0.951812 0.786645
vt 0.951528 0.786455
vt 0.835302 0.817924
vt 0.835302 0.817688
vt 0.835719 0.817924
vt 0.835719 0.817216
vt 0.835302 0.817404
vt 0.834993 0.817404
vt 0.834993 0.817688
vt 0.835302 0.817216
vt 0.928847 0.011434
vt 0.928441 0.011531
vt 0.928441 0.011340
vt 0.928847 0.011531
vt 0.422546 0.965563
vt 0.422736 0.965800
vt 0.422546 0.965800
vt 0.422736 0.965563
vt 0.928441 0.034212
vt 0.928847 0.034308
vt 0.928441 0.034402
vt 0.928847 0.034212
vt 0.859209 0.011340
vt 0.858500 0.011437
vt 0.858500 0.011340
vt 0.859209 0.011437
vt 0.974537 0.444029
vt 0.974728 0.444217
vt 0.974537 0.444217
vt 0.974728 0.444029
vt 0.951838 0.490088
vt 0.951528 0.490278
vt 0.951528 0.490088
vt 0.951838 0.490278
vt 0.951838 0.512959
vt 0.951528 0.513149
vt 0.951528 0.512959
vt 0.951838 0.513149
vt 0.951528 0.809517
vt 0.951812 0.809326
vt 0.951812 0.809517
vt 0.951528 0.809326
vt 0.787859 0.750455
vt 0.788522 0.750250
vt 0.788563 0.750300
vt 0.787876 0.750392
vt 0.787624 0.750250
vt 0.787553 0.750305
vt 0.763661 0.080656
vt 0.763580 0.080617
vt 0.763847 0.080406
vt 0.763877 0.080464
vt 0.764568 0.080406
vt 0.764538 0.080464
vt 0.764754 0.080656
vt 0.764835 0.080617
vt 0.678427 0.942542
vt 0.678491 0.942554
vt 0.678507 0.942843
vt 0.678427 0.942882
vt 0.787783 0.127042
vt 0.787813 0.127100
vt 0.787634 0.127257
vt 0.788444 0.127042
vt 0.787553 0.127219
vt 0.788414 0.127100
vt 0.788593 0.127257
vt 0.788673 0.127219
vt 0.882520 0.172205
vt 0.881890 0.172263
vt 0.881920 0.172205
vt 0.951818 0.763774
vt 0.951569 0.763695
vt 0.951806 0.763710
vt 0.951528 0.763774
vt 0.882551 0.172263
vt 0.951777 0.740934
vt 0.951528 0.741014
vt 0.951540 0.740950
vt 0.951818 0.741014
vt 0.905758 0.034265
vt 0.905238 0.034509
vt 0.905238 0.034265
vt 0.905758 0.034509
vt 0.834136 0.896164
vt 0.834379 0.896685
vt 0.834136 0.896685
vt 0.834379 0.896164
vt 0.905238 0.057433
vt 0.905758 0.057190
vt 0.905758 0.057433
vt 0.905238 0.057190
vt 0.905758 0.080114
vt 0.905238 0.080358
vt 0.905238 0.080114
vt 0.905758 0.080358
vt 0.880229 0.896685
vt 0.879985 0.896164
vt 0.880229 0.896164
vt 0.879985 0.896685
vt 0.905758 0.011340
vt 0.905238 0.011584
vt 0.905238 0.011340
vt 0.905758 0.011584
vt 0.905758 0.103039
vt 0.905238 0.103282
vt 0.905238 0.103039
vt 0.905758 0.103282
vt 0.811211 0.896164
vt 0.811455 0.896685
vt 0.811211 0.896685
vt 0.811455 0.896164
vt 0.857060 0.896164
vt 0.857304 0.896684
vt 0.857060 0.896684
vt 0.857304 0.896164
vt 0.905758 0.125963
vt 0.905238 0.126207
vt 0.905238 0.125963
vt 0.905758 0.126207
vt 0.409863 0.681501
vt 0.409557 0.682443
vt 0.409557 0.681922
vt 0.409863 0.682864
vt 0.410358 0.683025
vt 0.410358 0.681340
vt 0.410853 0.682864
vt 0.410853 0.681501
vt 0.411159 0.681922
vt 0.411159 0.682443
vt 0.305470 0.527723
vt 0.305134 0.527796
vt 0.304965 0.527209
vt 0.305564 0.528374
vt 0.305289 0.527092
vt 0.586993 0.608453
vt 0.587388 0.607909
vt 0.587332 0.608514
vt 0.587059 0.607846
vt 0.587396 0.607262
vt 0.587069 0.607236
vt 0.587044 0.606627
vt 0.587368 0.606606
vt 0.586993 0.606019
vt 0.587314 0.605952
vt 0.305221 0.528400
vt 0.305556 0.528982
vt 0.305223 0.529010
vt 0.305496 0.529626
vt 0.305169 0.529617
vt 0.305400 0.530275
vt 0.305079 0.530221
vt 0.304965 0.530820
vt 0.305277 0.530920
vt 0.764230 0.057393
vt 0.764834 0.057692
vt 0.764188 0.057725
vt 0.763621 0.057365
vt 0.763580 0.057707
vt 0.618153 0.149900
vt 0.618707 0.149439
vt 0.618798 0.149772
vt 0.618109 0.149558
vt 0.617497 0.149938
vt 0.617500 0.149594
vt 0.616892 0.149879
vt 0.616892 0.149544
vt 0.616255 0.149765
vt 0.616291 0.149439
vt 0.764839 0.057365
vt 0.178977 0.580028
vt 0.180205 0.581257
vt 0.180205 0.581867
vt 0.179540 0.580262
vt 0.179972 0.580693
vt 0.178367 0.580028
vt 0.179972 0.582431
vt 0.177803 0.580262
vt 0.179540 0.582862
vt 0.177372 0.580693
vt 0.178977 0.583096
vt 0.177138 0.581257
vt 0.178367 0.583096
vt 0.177138 0.581867
vt 0.177803 0.582862
vt 0.177372 0.582431
vt 0.521904 0.803036
vt 0.521724 0.802182
vt 0.521904 0.802087
vt 0.521745 0.803040
vt 0.928753 0.652022
vt 0.928441 0.651776
vt 0.928779 0.651776
vt 0.928550 0.652024
vt 0.928448 0.490932
vt 0.928786 0.490932
vt 0.928779 0.491149
vt 0.928441 0.491149
vt 0.081514 0.657634
vt 0.082068 0.657634
vt 0.082204 0.658574
vt 0.082266 0.657486
vt 0.081316 0.657486
vt 0.081378 0.658574
vt 0.082473 0.656764
vt 0.081099 0.657486
vt 0.081109 0.656764
vt 0.081502 0.656551
vt 0.082081 0.656551
vt 0.082483 0.657486
vt 0.544765 0.802182
vt 0.544585 0.803036
vt 0.544585 0.802087
vt 0.544743 0.803040
vt 0.660264 0.826598
vt 0.660422 0.825773
vt 0.660422 0.826598
vt 0.660264 0.825773
vt 0.905492 0.309297
vt 0.905238 0.308978
vt 0.905484 0.308959
vt 0.905701 0.308961
vt 0.905708 0.309299
vt 0.905238 0.309181
vt 0.614370 0.706282
vt 0.614705 0.706292
vt 0.614707 0.706871
vt 0.614372 0.705835
vt 0.614372 0.706861
vt 0.614372 0.707308
vt 0.614707 0.707318
vt 0.614707 0.705845
vt 0.834994 0.377227
vt 0.835715 0.377562
vt 0.834993 0.377562
vt 0.835760 0.377227
vt 0.835715 0.400243
vt 0.834994 0.400577
vt 0.834993 0.400243
vt 0.835760 0.400577
vt 0.567701 0.802925
vt 0.567445 0.802087
vt 0.567701 0.802176
vt 0.567445 0.803036
vt 0.788545 0.703469
vt 0.787553 0.703342
vt 0.788520 0.703214
vt 0.034242 0.802109
vt 0.034498 0.803067
vt 0.034242 0.803084
vt 0.034507 0.802087
vt 0.787575 0.703607
vt 0.788536 0.703734
vt 0.787567 0.703872
vt 0.788513 0.704169
vt 0.787553 0.704117
vt 0.126044 0.803048
vt 0.126744 0.802087
vt 0.126744 0.803048
vt 0.126044 0.802087
vt 0.057437 0.803049
vt 0.057187 0.802089
vt 0.057623 0.802087
vt 0.057702 0.803050
vt 0.057888 0.802088
vt 0.057192 0.803050
vt 0.475730 0.850083
vt 0.475485 0.849387
vt 0.475730 0.849384
vt 0.475485 0.850080
vt 0.475240 0.849488
vt 0.475138 0.849734
vt 0.475240 0.849979
vt 0.036850 0.633728
vt 0.036286 0.633485
vt 0.036906 0.633428
vt 0.036286 0.631484
vt 0.036396 0.633769
vt 0.036634 0.633870
vt 0.036583 0.631457
vt 0.951827 0.581306
vt 0.951528 0.581459
vt 0.951528 0.581306
vt 0.951827 0.581459
vt 0.011493 0.607953
vt 0.011340 0.605952
vt 0.011493 0.605952
vt 0.011493 0.608259
vt 0.011340 0.607953
vt 0.011340 0.608259
vt 0.011493 0.608517
vt 0.011493 0.608776
vt 0.011340 0.608517
vt 0.011340 0.608776
vt 0.131402 0.631762
vt 0.131249 0.631762
vt 0.131249 0.631457
vt 0.131402 0.633759
vt 0.131402 0.631457
vt 0.131249 0.633759
vt 0.060207 0.631899
vt 0.059884 0.633870
vt 0.059587 0.633843
vt 0.059587 0.631842
vt 0.059697 0.631557
vt 0.059935 0.631457
vt 0.060151 0.631599
vt 0.265259 0.252289
vt 0.268005 0.251589
vt 0.268005 0.252289
vt 0.265259 0.251589
vt 0.262346 0.252289
vt 0.261723 0.252289
vt 0.262346 0.251589
vt 0.260107 0.252289
vt 0.261723 0.247322
vt 0.267064 0.248074
vt 0.260107 0.247322
vt 0.258159 0.252289
vt 0.258159 0.247322
vt 0.256191 0.252289
vt 0.256191 0.247322
vt 0.254754 0.252289
vt 0.254754 0.247322
vt 0.253507 0.252289
vt 0.253507 0.247322
vt 0.252406 0.251265
vt 0.252406 0.247322
vt 0.252406 0.252289
vt 0.251024 0.251265
vt 0.251024 0.252289
vt 0.249549 0.251265
vt 0.249549 0.252289
vt 0.248011 0.251265
vt 0.248011 0.247321
vt 0.249549 0.247321
vt 0.248011 0.252289
vt 0.267317 0.251589
vt 0.267142 0.248139
vt 0.267640 0.249897
vt 0.267640 0.249594
vt 0.537857 0.152901
vt 0.539576 0.152159
vt 0.539576 0.152901
vt 0.539879 0.152159
vt 0.537857 0.152040
vt 0.539879 0.152901
vt 0.541409 0.152901
vt 0.541409 0.152002
vt 0.541507 0.152901
vt 0.541507 0.151977
vt 0.339360 0.082757
vt 0.340859 0.086518
vt 0.339360 0.086518
vt 0.338047 0.086518
vt 0.338047 0.082757
vt 0.340859 0.082757
vt 0.342257 0.082757
vt 0.342257 0.086518
vt 0.343654 0.086518
vt 0.343654 0.082757
vt 0.345153 0.082757
vt 0.346575 0.086518
vt 0.345153 0.086518
vt 0.346575 0.082757
vt 0.514562 0.472595
vt 0.510802 0.475139
vt 0.510620 0.472595
vt 0.514562 0.475139
vt 0.344445 0.208014
vt 0.346310 0.206156
vt 0.345686 0.208621
vt 0.345086 0.205679
vt 0.343005 0.207692
vt 0.343005 0.206768
vt 0.341467 0.206768
vt 0.342236 0.205202
vt 0.343628 0.205336
vt 0.340845 0.205336
vt 0.339386 0.205678
vt 0.340027 0.208013
vt 0.338047 0.206159
vt 0.338712 0.208621
vt 0.341467 0.207692
vt 0.339913 0.158516
vt 0.339271 0.156174
vt 0.340730 0.155832
vt 0.338047 0.156649
vt 0.338671 0.159122
vt 0.341352 0.157270
vt 0.341353 0.158195
vt 0.342121 0.155698
vt 0.342891 0.157270
vt 0.343513 0.155832
vt 0.344972 0.156173
vt 0.344330 0.158515
vt 0.346311 0.156653
vt 0.345647 0.159122
vt 0.342891 0.158194
vt 0.304421 0.171186
vt 0.302584 0.170436
vt 0.310645 0.170436
vt 0.309239 0.171186
vt 0.302138 0.172712
vt 0.301724 0.170248
vt 0.300377 0.175033
vt 0.302585 0.170247
vt 0.311523 0.172712
vt 0.311505 0.170248
vt 0.313283 0.175033
vt 0.310644 0.170247
vt 0.239106 0.557247
vt 0.239034 0.553797
vt 0.239223 0.553795
vt 0.239551 0.555482
vt 0.239034 0.557313
vt 0.239556 0.555784
vt 0.035630 0.527170
vt 0.034708 0.531035
vt 0.034708 0.527092
vt 0.035632 0.531035
vt 0.187834 0.527092
vt 0.189371 0.530957
vt 0.187834 0.530957
vt 0.189372 0.527092
vt 0.346108 0.281435
vt 0.338048 0.277919
vt 0.346108 0.277919
vt 0.338047 0.281435
vt 0.260058 0.298914
vt 0.260759 0.296168
vt 0.260759 0.298914
vt 0.260058 0.296168
vt 0.260759 0.293254
vt 0.260058 0.293254
vt 0.255791 0.292612
vt 0.260759 0.292612
vt 0.256544 0.298108
vt 0.260059 0.298360
vt 0.256609 0.298186
vt 0.258367 0.298684
vt 0.258064 0.298684
vt 0.260759 0.290999
vt 0.255791 0.290999
vt 0.255791 0.289054
vt 0.260759 0.289054
vt 0.260759 0.287084
vt 0.255791 0.287084
vt 0.260759 0.285604
vt 0.255791 0.285604
vt 0.260759 0.284358
vt 0.255791 0.284358
vt 0.255791 0.283318
vt 0.259734 0.283318
vt 0.260759 0.283318
vt 0.539690 0.387605
vt 0.539387 0.386864
vt 0.539690 0.386864
vt 0.541409 0.387605
vt 0.541409 0.386744
vt 0.539387 0.387605
vt 0.537857 0.387605
vt 0.537857 0.386706
vt 0.591982 0.460162
vt 0.590507 0.461186
vt 0.590507 0.460162
vt 0.591982 0.461186
vt 0.593431 0.460162
vt 0.593431 0.461186
vt 0.057037 0.825797
vt 0.056939 0.826697
vt 0.056939 0.825773
vt 0.057037 0.826697
vt 0.514380 0.449914
vt 0.510619 0.447364
vt 0.514562 0.447364
vt 0.510619 0.449914
vt 0.262310 0.553861
vt 0.262754 0.555626
vt 0.262426 0.557313
vt 0.262237 0.557310
vt 0.262237 0.553795
vt 0.262759 0.555323
vt 0.059236 0.531035
vt 0.058315 0.527170
vt 0.059236 0.527092
vt 0.058313 0.531035
vt 0.314238 0.071096
vt 0.300686 0.072682
vt 0.300377 0.071096
vt 0.300518 0.069153
vt 0.301217 0.067313
vt 0.314112 0.069155
vt 0.313414 0.067313
vt 0.312523 0.066132
vt 0.302035 0.066132
vt 0.311640 0.065252
vt 0.302918 0.065252
vt 0.303829 0.064634
vt 0.310803 0.064635
vt 0.309488 0.064027
vt 0.305071 0.064027
vt 0.308049 0.063705
vt 0.306510 0.063705
vt 0.313943 0.072682
vt 0.482991 0.164747
vt 0.487809 0.164046
vt 0.487809 0.164747
vt 0.482991 0.164046
vt 0.691011 0.248150
vt 0.691247 0.248037
vt 0.691564 0.248345
vt 0.691250 0.247597
vt 0.691004 0.247508
vt 0.691451 0.247048
vt 0.692093 0.247048
vt 0.691561 0.247285
vt 0.692002 0.247294
vt 0.692556 0.247489
vt 0.692320 0.247602
vt 0.692317 0.248042
vt 0.692562 0.248131
vt 0.692116 0.248591
vt 0.691474 0.248591
vt 0.692006 0.248354
vt 0.691561 0.272578
vt 0.692002 0.272569
vt 0.692093 0.272815
vt 0.691250 0.272266
vt 0.691451 0.272815
vt 0.692556 0.272373
vt 0.692320 0.272261
vt 0.692562 0.271732
vt 0.692317 0.271821
vt 0.691564 0.271518
vt 0.692006 0.271509
vt 0.692116 0.271272
vt 0.691474 0.271272
vt 0.691011 0.271713
vt 0.691247 0.271826
vt 0.691004 0.272355
vt 0.593129 0.557364
vt 0.593073 0.557420
vt 0.592770 0.557185
vt 0.593317 0.557746
vt 0.592870 0.557003
vt 0.592370 0.557200
vt 0.592419 0.557035
vt 0.592684 0.557332
vt 0.592953 0.557537
vt 0.593151 0.557810
vt 0.592030 0.557143
vt 0.592041 0.556969
vt 0.591682 0.557165
vt 0.591649 0.556986
vt 0.591336 0.557282
vt 0.591257 0.557107
vt 0.591174 0.556895
vt 0.591600 0.556664
vt 0.592052 0.556642
vt 0.592500 0.556715
vt 0.591000 0.557496
vt 0.590869 0.557334
vt 0.590807 0.557253
vt 0.590712 0.557810
vt 0.590507 0.557693
vt 0.454052 0.826016
vt 0.454296 0.826605
vt 0.454052 0.826361
vt 0.454640 0.825773
vt 0.454296 0.825773
vt 0.454884 0.826361
vt 0.454884 0.826016
vt 0.454640 0.826605
vt 0.882072 0.218820
vt 0.882511 0.218638
vt 0.882329 0.218820
vt 0.881890 0.218638
vt 0.881890 0.218381
vt 0.882072 0.218199
vt 0.882329 0.218199
vt 0.882511 0.218381
vt 0.835494 0.701502
vt 0.835744 0.701221
vt 0.835744 0.701502
vt 0.835494 0.701221
vt 0.835243 0.701502
vt 0.835243 0.701221
vt 0.834993 0.701502
vt 0.834993 0.701221
vt 0.951528 0.855122
vt 0.951809 0.855372
vt 0.951528 0.855372
vt 0.951809 0.855122
vt 0.835426 0.493402
vt 0.835490 0.493227
vt 0.835687 0.493392
vt 0.835558 0.493615
vt 0.835730 0.493645
vt 0.835603 0.493869
vt 0.835361 0.493770
vt 0.835360 0.493956
vt 0.835119 0.493867
vt 0.835165 0.493614
vt 0.834993 0.493643
vt 0.835232 0.493227
vt 0.835189 0.493481
vt 0.835037 0.493394
vt 0.590734 0.581305
vt 0.590507 0.581625
vt 0.590678 0.581252
vt 0.591019 0.581070
vt 0.590918 0.580898
vt 0.591107 0.581210
vt 0.591406 0.581074
vt 0.591354 0.580915
vt 0.591735 0.581011
vt 0.591723 0.580837
vt 0.592084 0.581037
vt 0.592115 0.580857
vt 0.592444 0.581150
vt 0.592522 0.580967
vt 0.592798 0.581364
vt 0.592603 0.580744
vt 0.592992 0.581106
vt 0.592930 0.581192
vt 0.592148 0.580515
vt 0.591690 0.580491
vt 0.591267 0.580611
vt 0.593105 0.581683
vt 0.593315 0.581556
vt 0.590852 0.581414
vt 0.590669 0.581683
vt 0.431127 0.825773
vt 0.430539 0.826016
vt 0.430783 0.825773
vt 0.431371 0.826361
vt 0.431371 0.826016
vt 0.430783 0.826605
vt 0.431127 0.826605
vt 0.430539 0.826361
vt 0.881890 0.241683
vt 0.882072 0.242122
vt 0.881890 0.241940
vt 0.882072 0.241501
vt 0.882329 0.241501
vt 0.882511 0.241683
vt 0.882511 0.241940
vt 0.882329 0.242122
vt 0.951809 0.878053
vt 0.951528 0.878304
vt 0.951528 0.878053
vt 0.951809 0.878304
vt 0.835744 0.724463
vt 0.835494 0.724183
vt 0.835744 0.724183
vt 0.835494 0.724463
vt 0.835243 0.724183
vt 0.835243 0.724463
vt 0.834993 0.724183
vt 0.834993 0.724463
vt 0.835426 0.517191
vt 0.835489 0.517366
vt 0.835232 0.517366
vt 0.835189 0.517112
vt 0.835037 0.517199
vt 0.835687 0.517201
vt 0.835557 0.516978
vt 0.835602 0.516724
vt 0.835729 0.516948
vt 0.835361 0.516823
vt 0.835360 0.516637
vt 0.835118 0.516725
vt 0.835165 0.516979
vt 0.834993 0.516950
vt 0.787553 0.726849
vt 0.788540 0.727569
vt 0.787553 0.727569
vt 0.788540 0.726849
vt 0.125118 0.988528
vt 0.125236 0.988646
vt 0.125118 0.988646
vt 0.125236 0.988528
vt 0.906901 0.942542
vt 0.906973 0.942813
vt 0.906901 0.942870
vt 0.906973 0.942542
vt 0.951528 0.262251
vt 0.951789 0.262179
vt 0.951846 0.262251
vt 0.951528 0.262179
vt 0.951586 0.330438
vt 0.951846 0.330510
vt 0.951528 0.330510
vt 0.951846 0.330438
vt 0.056833 0.988650
vt 0.056914 0.988528
vt 0.056914 0.988650
vt 0.056833 0.988528
vt 0.685723 0.755448
vt 0.685723 0.754156
vt 0.685841 0.755437
vt 0.763580 0.011459
vt 0.764861 0.011340
vt 0.764872 0.011459
vt 0.882505 0.724543
vt 0.881890 0.724591
vt 0.881890 0.724543
vt 0.882505 0.724591
vt 0.011423 0.965563
vt 0.011340 0.965846
vt 0.011340 0.965563
vt 0.011423 0.965847
vt 0.764943 0.896212
vt 0.765254 0.896680
vt 0.764943 0.896680
vt 0.765396 0.896164
vt 0.859180 0.058120
vt 0.858742 0.057459
vt 0.859045 0.057459
vt 0.858500 0.058120
vt 0.835731 0.540708
vt 0.835202 0.540047
vt 0.835544 0.540047
vt 0.834993 0.540708
vt 0.835738 0.423919
vt 0.835176 0.423258
vt 0.835558 0.423258
vt 0.834993 0.423919
vt 0.835763 0.331205
vt 0.835186 0.330544
vt 0.835571 0.330544
vt 0.834993 0.331205
vt 0.521752 0.850078
vt 0.522413 0.849575
vt 0.522413 0.849970
vt 0.521752 0.849384
vt 0.221412 0.850100
vt 0.222073 0.849589
vt 0.222073 0.849992
vt 0.221412 0.849384
vt 0.056963 0.896164
vt 0.057067 0.896771
vt 0.056963 0.896771
vt 0.057067 0.896164
vt 0.581616 0.896164
vt 0.581512 0.896724
vt 0.581512 0.896164
vt 0.581616 0.896724
vt 0.974545 0.261766
vt 0.974742 0.261693
vt 0.974750 0.261766
vt 0.974538 0.261693
vt 0.422618 0.896191
vt 0.422597 0.896733
vt 0.422597 0.896164
vt 0.422618 0.896707
vt 0.974545 0.239012
vt 0.974742 0.238939
vt 0.974750 0.239012
vt 0.974537 0.238939
vt 0.354512 0.896191
vt 0.354491 0.896733
vt 0.354491 0.896164
vt 0.354512 0.896707
vt 0.783966 0.988623
vt 0.783940 0.988549
vt 0.783966 0.988528
vt 0.783940 0.988622
vt 0.928459 0.239863
vt 0.928831 0.239849
vt 0.928813 0.239863
vt 0.928441 0.239849
vt 0.536655 0.965768
vt 0.536777 0.965572
vt 0.536777 0.965777
vt 0.536655 0.965563
vt 0.923864 0.965768
vt 0.923937 0.965571
vt 0.923965 0.965776
vt 0.923864 0.965563
vt 0.582261 0.965768
vt 0.582383 0.965572
vt 0.582383 0.965777
vt 0.582261 0.965563
vt 0.928460 0.217168
vt 0.928834 0.217153
vt 0.928815 0.217168
vt 0.928441 0.217153
vt 0.974542 0.695160
vt 0.974682 0.695301
vt 0.974537 0.695301
vt 0.974687 0.695160
vt 0.974679 0.718112
vt 0.974541 0.717982
vt 0.974683 0.717982
vt 0.974538 0.718112
vt 0.974540 0.558095
vt 0.974667 0.558235
vt 0.974537 0.558236
vt 0.974712 0.558095
s 0
usemtl マテリアル.003
f 3/1/1 2/2/1 1/3/1
f 3/1/2 1/3/2 4/4/2
f 3/1/1 5/5/1 2/2/1
f 6/6/3 2/2/3 5/5/3
f 7/7/4 11/8/4 8/9/4
f 9/10/5 7/7/5 8/9/5
f 7/7/6 10/11/6 11/8/6
f 11/8/7 12/12/7 13/13/7
f 11/8/7 10/11/7 12/12/7
f 12/12/8 14/14/8 13/13/8
f 12/12/9 15/15/9 14/14/9
f 9/10/10 8/9/10 16/16/10
f 18/17/11 9/10/11 16/16/11
f 18/17/12 17/18/12 9/10/12
f 19/19/13 17/18/13 18/17/13
f 19/19/14 18/17/14 20/20/14
f 21/21/15 19/19/15 20/20/15
f 21/21/16 20/20/16 22/22/16
f 23/23/17 21/21/17 22/22/17
f 23/23/18 22/22/18 24/24/18
f 25/25/19 23/23/19 24/24/19
f 25/25/20 24/24/20 26/26/20
f 27/27/21 25/25/21 26/26/21
f 27/27/22 26/26/22 28/28/22
f 29/29/23 27/27/23 28/28/23
f 29/29/24 28/28/24 30/30/24
f 31/31/25 29/29/25 30/30/25
f 31/31/26 30/30/26 32/32/26
f 35/33/27 33/34/27 34/35/27
f 37/36/28 33/34/28 35/33/28
f 37/36/29 36/37/29 33/34/29
f 38/38/30 36/37/30 37/36/30
f 38/38/31 39/39/31 36/37/31
f 40/40/32 39/39/32 38/38/32
f 40/40/33 41/41/33 39/39/33
f 35/33/34 34/35/34 42/42/34
f 42/42/35 34/35/35 43/43/35
f 42/42/35 43/43/35 44/44/35
f 44/44/36 43/43/36 45/45/36
f 44/44/37 45/45/37 46/46/37
f 46/46/38 45/45/38 47/47/38
f 46/46/39 47/47/39 48/48/39
f 48/48/40 47/47/40 49/49/40
f 48/48/41 49/49/41 50/50/41
f 50/50/42 49/49/42 51/51/42
f 50/50/43 51/51/43 52/52/43
f 52/52/44 51/51/44 53/53/44
f 52/52/45 53/53/45 54/54/45
f 54/54/46 53/53/46 55/55/46
f 54/54/46 55/55/46 56/56/46
f 56/56/47 55/55/47 57/57/47
f 56/56/48 57/57/48 58/58/48
f 59/59/49 63/60/49 60/61/49
f 61/62/50 59/59/50 60/61/50
f 59/59/49 62/63/49 63/60/49
f 62/63/51 64/64/51 63/60/51
f 66/65/52 65/66/52 64/64/52
f 62/63/51 66/65/51 64/64/51
f 66/65/53 67/67/53 65/66/53
f 67/67/54 69/68/54 65/66/54
f 67/67/55 68/69/55 69/68/55
f 68/69/56 70/70/56 69/68/56
f 68/69/56 72/71/56 70/70/56
f 72/71/57 71/72/57 70/70/57
f 72/71/58 73/73/58 71/72/58
f 61/62/50 60/61/50 74/74/50
f 75/75/59 61/62/59 74/74/59
f 77/76/60 75/75/60 76/77/60
f 75/75/59 74/74/59 76/77/59
f 77/76/60 76/77/60 78/78/60
f 79/79/61 77/76/61 78/78/61
f 81/80/62 79/79/62 80/81/62
f 79/79/63 78/78/63 80/81/63
f 81/80/64 80/81/64 82/82/64
f 83/83/65 81/80/65 82/82/65
f 83/83/66 82/82/66 84/84/66
f 87/85/67 85/86/67 86/87/67
f 87/85/68 88/88/68 85/86/68
f 90/89/69 89/90/69 88/88/69
f 87/85/68 90/89/68 88/88/68
f 90/89/69 91/91/69 89/90/69
f 91/91/70 92/92/70 93/93/70
f 91/91/70 93/93/70 89/90/70
f 92/92/71 94/94/71 93/93/71
f 92/92/71 96/95/71 94/94/71
f 96/95/72 95/96/72 94/94/72
f 96/95/72 97/97/72 95/96/72
f 97/97/73 98/98/73 99/99/73
f 97/97/73 99/99/73 95/96/73
f 87/85/67 86/87/67 100/100/67
f 101/101/74 100/100/74 86/87/74
f 103/102/75 101/101/75 102/103/75
f 101/101/74 86/87/74 102/103/74
f 103/102/75 102/103/75 104/104/75
f 105/105/76 103/102/76 104/104/76
f 105/105/77 104/104/77 106/106/77
f 107/107/78 105/105/78 106/106/78
f 107/107/78 106/106/78 108/108/78
f 107/107/79 108/108/79 109/109/79
f 107/107/79 109/109/79 110/110/79
f 111/111/80 112/112/80 115/113/80
f 111/111/80 115/113/80 113/114/80
f 114/115/81 111/111/81 113/114/81
f 112/112/82 116/116/82 115/113/82
f 112/112/82 117/117/82 116/116/82
f 117/117/83 118/118/83 116/116/83
f 120/119/84 119/120/84 118/118/84
f 117/117/83 120/119/83 118/118/83
f 120/119/85 121/121/85 119/120/85
f 121/121/86 122/122/86 119/120/86
f 121/121/86 123/123/86 122/122/86
f 123/123/87 124/124/87 125/125/87
f 123/123/88 125/125/88 122/122/88
f 114/115/81 113/114/81 126/126/81
f 127/127/89 114/115/89 126/126/89
f 127/127/89 126/126/89 128/128/89
f 129/129/90 127/127/90 128/128/90
f 131/130/91 129/129/91 130/131/91
f 129/129/92 128/128/92 130/131/92
f 131/130/91 130/131/91 132/132/91
f 133/133/93 131/130/93 132/132/93
f 135/134/94 133/133/94 134/135/94
f 133/133/93 132/132/93 134/135/93
f 135/134/95 134/135/95 136/136/95
f 137/137/96 141/138/96 138/139/96
f 139/140/97 137/137/97 138/139/97
f 137/137/96 140/141/96 141/138/96
f 140/141/98 142/142/98 141/138/98
f 144/143/99 143/144/99 142/142/99
f 140/141/98 144/143/98 142/142/98
f 144/143/99 145/145/99 143/144/99
f 145/145/100 146/146/100 147/147/100
f 145/145/100 147/147/100 143/144/100
f 146/146/101 148/148/101 147/147/101
f 150/149/102 149/150/102 148/148/102
f 146/146/101 150/149/101 148/148/101
f 150/149/102 151/151/102 149/150/102
f 139/140/97 138/139/97 152/152/97
f 153/153/103 139/140/103 152/152/103
f 153/153/104 152/152/104 154/154/104
f 155/155/105 153/153/105 154/154/105
f 155/155/105 154/154/105 156/156/105
f 157/157/106 155/155/106 156/156/106
f 157/157/107 156/156/107 158/158/107
f 159/159/108 157/157/108 158/158/108
f 159/159/109 158/158/109 160/160/109
f 161/161/110 159/159/110 160/160/110
f 161/161/110 160/160/110 162/162/110
f 163/163/111 167/164/111 164/165/111
f 165/166/112 163/163/112 164/165/112
f 163/163/111 166/167/111 167/164/111
f 166/167/113 168/168/113 167/164/113
f 170/169/114 169/170/114 168/168/114
f 166/167/113 170/169/113 168/168/113
f 170/169/114 171/171/114 169/170/114
f 171/171/115 173/172/115 169/170/115
f 171/171/115 172/173/115 173/172/115
f 172/173/116 174/174/116 173/172/116
f 172/173/116 176/175/116 174/174/116
f 176/175/117 175/176/117 174/174/117
f 176/175/117 177/177/117 175/176/117
f 165/166/112 164/165/112 178/178/112
f 179/179/118 165/166/118 178/178/118
f 181/180/119 179/179/119 180/181/119
f 179/179/118 178/178/118 180/181/118
f 181/180/119 180/181/119 182/182/119
f 183/183/120 181/180/120 182/182/120
f 185/184/121 183/183/121 184/185/121
f 183/183/120 182/182/120 184/185/120
f 185/184/121 184/185/121 186/186/121
f 187/187/122 185/184/122 186/186/122
f 187/187/122 186/186/122 188/188/122
f 189/189/123 193/190/123 190/191/123
f 191/192/124 189/189/124 190/191/124
f 189/189/125 192/193/125 193/190/125
f 192/193/126 194/194/126 193/190/126
f 192/193/126 196/195/126 194/194/126
f 196/195/127 195/196/127 194/194/127
f 196/195/128 197/197/128 195/196/128
f 197/197/129 198/198/129 195/196/129
f 197/197/130 199/199/130 198/198/130
f 199/199/131 200/200/131 201/201/131
f 199/199/131 201/201/131 198/198/131
f 200/200/132 202/202/132 201/201/132
f 200/200/132 203/203/132 202/202/132
f 191/192/133 190/191/133 204/204/133
f 205/205/134 191/192/134 204/204/134
f 205/205/134 204/204/134 206/206/134
f 207/207/135 205/205/135 206/206/135
f 207/207/135 206/206/135 208/208/135
f 209/209/136 207/207/136 208/208/136
f 209/209/136 208/208/136 210/210/136
f 211/211/137 209/209/137 210/210/137
f 211/211/138 210/210/138 212/212/138
f 213/213/139 211/211/139 212/212/139
f 213/213/140 212/212/140 214/214/140
f 217/215/141 215/216/141 216/217/141
f 217/215/141 216/217/141 218/218/141
f 218/218/141 219/219/141 217/215/141
f 218/218/141 220/220/141 219/219/141
f 218/218/141 221/221/141 220/220/141
f 218/218/141 222/222/141 221/221/141
f 223/223/141 222/222/141 218/218/141
f 224/224/141 223/223/141 218/218/141
f 226/225/141 224/224/141 218/218/141
f 226/225/141 225/226/141 224/224/141
f 229/227/142 227/228/142 228/229/142
f 229/227/142 228/229/142 230/230/142
f 233/231/141 231/232/141 232/233/141
f 233/231/141 232/233/141 236/234/141
f 234/235/143 233/231/143 238/236/143
f 235/237/144 233/231/144 234/235/144
f 233/231/145 236/234/145 237/238/145
f 233/231/145 237/238/145 238/236/145
f 237/238/146 236/234/146 239/239/146
f 236/234/147 240/240/147 239/239/147
f 243/241/148 241/242/148 242/243/148
f 243/241/149 242/243/149 244/244/149
f 242/243/150 245/245/150 244/244/150
f 248/246/151 246/247/151 247/248/151
f 248/246/152 247/248/152 250/249/152
f 249/250/153 248/246/153 250/249/153
f 253/251/154 251/252/154 252/253/154
f 255/254/155 251/252/155 253/251/155
f 255/254/156 254/255/156 251/252/156
f 256/256/157 254/255/157 255/254/157
f 256/256/158 255/254/158 257/257/158
f 253/251/159 252/253/159 258/258/159
f 258/258/160 252/253/160 259/259/160
f 258/258/161 259/259/161 260/260/161
f 263/261/141 261/262/141 262/263/141
f 263/261/141 262/263/141 264/264/141
f 264/264/162 262/263/162 265/265/162
f 264/264/141 265/265/141 266/266/141
f 269/267/163 267/268/163 268/269/163
f 269/267/163 268/269/163 270/270/163
f 271/271/164 272/272/164 274/273/164
f 273/274/164 272/272/164 271/271/164
f 273/274/164 271/271/164 276/275/164
f 275/276/165 271/271/165 274/273/165
f 278/277/166 276/275/166 277/278/166
f 278/277/164 273/274/164 276/275/164
f 279/279/167 278/277/167 277/278/167
f 280/280/168 279/279/168 277/278/168
f 282/281/169 281/282/169 280/280/169
f 282/281/170 280/280/170 277/278/170
f 284/283/171 283/284/171 281/285/171
f 284/283/171 281/285/171 285/286/171
f 286/287/172 284/283/172 285/286/172
f 286/287/172 285/286/172 287/288/172
f 289/289/173 288/290/173 283/291/173
f 289/289/174 290/292/174 288/290/174
f 288/293/175 291/294/175 292/295/175
f 288/293/176 292/295/176 293/296/176
f 288/293/177 293/296/177 294/297/177
f 292/295/178 295/298/178 293/296/178
f 295/298/178 292/295/178 297/299/178
f 295/298/178 297/299/178 296/300/178
f 297/299/179 298/301/179 299/302/179
f 297/299/180 299/302/180 300/303/180
f 300/303/178 296/300/178 297/299/178
f 301/304/177 300/303/177 299/302/177
f 303/305/181 302/306/181 299/302/181
f 303/305/182 299/302/182 298/301/182
f 305/307/183 302/308/183 304/309/183
f 307/310/184 306/311/184 305/312/184
f 305/307/183 304/309/183 308/313/183
f 307/310/185 275/276/185 306/311/185
f 306/311/186 275/276/186 309/314/186
f 274/273/187 309/314/187 275/276/187
f 312/315/188 310/316/188 311/317/188
f 312/315/188 311/317/188 313/318/188
f 316/319/189 314/320/189 315/321/189
f 316/319/189 315/321/189 317/322/189
f 319/323/141 318/324/141 321/325/141
f 320/326/141 318/324/141 319/323/141
f 319/323/141 321/325/141 322/327/141
f 320/326/141 319/323/141 323/328/141
f 320/326/141 323/328/141 324/329/141
f 320/326/141 324/329/141 325/330/141
f 325/330/141 324/329/141 326/331/141
f 325/330/141 326/331/141 327/332/141
f 330/333/190 328/334/190 329/335/190
f 330/333/190 329/335/190 331/336/190
f 334/337/191 332/338/191 333/339/191
f 334/337/191 333/339/191 335/340/191
f 338/341/192 336/342/192 337/343/192
f 338/341/192 337/343/192 339/344/192
f 342/345/193 340/346/193 341/347/193
f 342/345/194 341/347/194 343/348/194
f 342/345/195 343/348/195 344/349/195
f 345/350/196 342/345/196 344/349/196
f 345/350/197 346/351/197 347/352/197
f 345/350/198 344/349/198 346/351/198
f 346/351/199 348/353/199 347/352/199
f 347/352/200 348/353/200 349/354/200
f 347/352/201 349/354/201 350/355/201
f 346/351/202 351/356/202 348/353/202
f 354/357/203 352/358/203 353/359/203
f 354/357/203 353/359/203 355/360/203
f 358/361/204 356/362/204 357/363/204
f 358/361/204 357/363/204 359/364/204
f 362/365/205 360/366/205 361/367/205
f 363/368/206 360/366/206 362/365/206
f 363/368/206 362/365/206 364/369/206
f 362/365/205 361/367/205 365/370/205
f 368/371/207 366/372/207 367/373/207
f 369/374/206 366/372/206 368/371/206
f 369/374/206 368/371/206 370/375/206
f 368/371/207 367/373/207 371/376/207
f 374/377/208 372/378/208 373/379/208
f 376/380/209 372/378/209 374/377/209
f 376/380/209 375/381/209 372/378/209
f 374/377/210 373/379/210 377/382/210
f 380/383/211 378/384/211 379/385/211
f 380/383/212 379/385/212 381/386/212
f 382/387/213 380/383/213 381/386/213
f 382/387/213 381/386/213 383/388/213
f 386/389/214 384/390/214 385/391/214
f 386/389/214 385/391/214 387/392/214
f 390/393/215 388/394/215 389/395/215
f 390/393/215 389/395/215 391/396/215
f 394/397/216 392/398/216 393/399/216
f 394/397/216 393/399/216 395/400/216
f 398/401/217 396/402/217 397/403/217
f 398/401/217 397/403/217 399/404/217
f 402/405/218 400/406/218 401/407/218
f 402/405/219 401/407/219 403/408/219
f 403/408/220 405/409/220 404/410/220
f 403/408/220 401/407/220 405/409/220
f 406/411/221 405/409/221 407/412/221
f 406/411/222 404/410/222 405/409/222
f 409/413/223 408/414/223 411/415/223
f 410/416/224 408/414/224 409/413/224
f 409/413/225 411/415/225 412/417/225
f 410/416/224 409/413/224 413/418/224
f 414/419/226 410/416/226 413/418/226
f 414/419/227 413/418/227 415/420/227
f 418/421/228 416/422/228 417/423/228
f 418/421/229 417/423/229 419/424/229
f 422/425/230 420/426/230 421/427/230
f 422/425/231 421/427/231 423/428/231
f 426/429/141 424/430/141 425/431/141
f 426/429/141 425/431/141 427/432/141
f 430/433/141 428/434/141 429/435/141
f 430/433/141 429/435/141 431/436/141
f 429/435/141 432/437/141 431/436/141
f 435/438/141 433/439/141 434/440/141
f 436/441/141 435/438/141 434/440/141
f 437/442/141 436/441/141 434/440/141
f 438/443/141 436/441/141 437/442/141
f 439/444/141 438/443/141 437/442/141
f 440/445/232 442/446/232 441/447/232
f 442/446/232 443/448/232 441/447/232
f 446/449/233 445/450/233 444/451/233
f 446/449/233 447/452/233 445/450/233
f 450/453/234 449/454/234 448/455/234
f 450/453/234 451/456/234 449/454/234
f 454/457/235 453/458/235 452/459/235
f 454/457/235 455/460/235 453/458/235
f 458/461/236 457/462/236 456/463/236
f 458/461/237 459/464/237 457/462/237
f 462/465/238 461/466/238 460/467/238
f 462/465/238 463/468/238 461/466/238
f 466/469/218 465/470/218 464/471/218
f 468/472/239 466/469/239 464/471/239
f 468/472/240 464/471/240 467/473/240
f 466/469/218 469/474/218 465/470/218
f 471/475/241 469/474/241 470/476/241
f 471/475/242 465/470/242 469/474/242
f 474/477/141 473/478/141 472/479/141
f 474/477/141 475/480/141 473/478/141
f 478/481/206 477/482/206 476/483/206
f 478/481/206 479/484/206 477/482/206
f 480/485/243 481/486/243 484/487/243
f 482/488/221 481/486/221 480/485/221
f 480/485/244 484/487/244 483/489/244
f 485/490/245 482/488/245 486/491/245
f 482/488/218 485/490/218 481/486/218
f 485/490/246 486/491/246 487/492/246
f 490/493/141 489/494/141 488/495/141
f 490/493/141 491/496/141 489/494/141
f 494/497/206 493/498/206 492/499/206
f 494/497/206 495/500/206 493/498/206
f 498/501/247 497/502/247 496/503/247
f 500/504/248 499/505/248 496/506/248
f 500/504/249 501/507/249 499/505/249
f 500/504/250 502/508/250 501/507/250
f 500/504/251 503/509/251 502/508/251
f 498/501/252 504/510/252 497/502/252
f 497/502/253 504/510/253 505/511/253
f 497/502/254 505/511/254 506/512/254
f 509/513/255 508/514/255 507/515/255
f 509/513/256 510/516/256 508/514/256
f 512/517/257 509/518/257 511/519/257
f 512/517/258 513/520/258 509/518/258
f 512/517/259 514/521/259 513/520/259
f 512/517/260 515/522/260 514/521/260
f 508/514/261 510/516/261 516/523/261
f 508/514/262 516/523/262 517/524/262
f 519/525/263 521/526/263 518/527/263
f 520/528/264 519/525/264 518/527/264
f 519/525/265 522/529/265 521/526/265
f 519/525/266 523/530/266 522/529/266
f 525/531/267 524/532/267 523/530/267
f 519/525/268 525/531/268 523/530/268
f 526/533/269 525/531/269 519/525/269
f 526/533/270 527/534/270 525/531/270
f 525/531/271 527/534/271 524/532/271
f 528/535/272 529/536/272 527/534/272
f 526/533/273 528/535/273 527/534/273
f 527/534/274 530/537/274 524/532/274
f 527/534/275 529/536/275 530/537/275
f 529/536/276 531/538/276 530/537/276
f 529/536/277 533/539/277 531/538/277
f 534/540/278 532/541/278 531/538/278
f 534/540/279 531/538/279 533/539/279
f 535/542/280 534/540/280 533/539/280
f 535/542/281 536/543/281 534/540/281
f 536/543/282 537/544/282 534/540/282
f 537/544/283 532/541/283 534/540/283
f 536/543/284 538/545/284 537/544/284
f 537/544/285 539/546/285 532/541/285
f 540/547/286 537/544/286 538/545/286
f 537/544/287 542/548/287 539/546/287
f 540/547/288 541/549/288 537/544/288
f 537/544/289 541/549/289 542/548/289
f 543/550/290 544/551/290 542/548/290
f 543/550/291 542/548/291 541/549/291
f 545/552/292 544/551/292 543/550/292
f 545/552/293 546/553/293 544/551/293
f 545/552/294 547/554/294 546/553/294
f 548/555/295 549/556/295 547/554/295
f 545/552/296 548/555/296 547/554/296
f 550/557/297 551/558/297 549/556/297
f 548/555/298 550/557/298 549/556/298
f 550/557/299 553/559/299 551/558/299
f 553/559/300 552/560/300 551/558/300
f 554/561/301 555/562/301 553/559/301
f 554/561/302 553/559/302 550/557/302
f 556/563/303 553/559/303 555/562/303
f 556/563/304 557/564/304 553/559/304
f 553/559/305 557/564/305 552/560/305
f 556/563/306 558/565/306 557/564/306
f 558/565/307 552/560/307 557/564/307
f 556/563/308 559/566/308 558/565/308
f 558/565/309 560/567/309 552/560/309
f 562/568/310 561/569/310 559/566/310
f 562/568/311 559/566/311 556/563/311
f 563/570/312 564/571/312 562/568/312
f 563/570/313 562/568/313 565/572/313
f 565/572/314 562/568/314 556/563/314
f 564/571/315 561/569/315 562/568/315
f 565/572/316 555/562/316 554/561/316
f 565/572/317 554/561/317 566/573/317
f 563/570/318 565/572/318 566/573/318
f 565/572/319 556/563/319 555/562/319
f 566/573/320 554/561/320 568/574/320
f 563/570/321 566/573/321 567/575/321
f 570/576/322 567/575/322 566/573/322
f 566/573/323 568/574/323 569/577/323
f 570/576/324 566/573/324 569/577/324
f 571/578/325 570/576/325 569/577/325
f 571/578/326 569/577/326 572/579/326
f 571/578/327 572/579/327 573/580/327
f 571/578/328 573/580/328 574/581/328
f 574/581/329 573/580/329 575/582/329
f 574/581/330 575/582/330 576/583/330
f 577/584/331 576/583/331 575/582/331
f 577/584/332 575/582/332 578/585/332
f 577/584/333 578/585/333 579/586/333
f 577/584/334 579/586/334 580/587/334
f 580/587/335 579/586/335 581/588/335
f 580/587/336 581/588/336 582/589/336
f 583/590/337 582/589/337 581/588/337
f 583/590/338 581/588/338 584/591/338
f 583/590/339 584/591/339 585/592/339
f 583/590/340 585/592/340 586/593/340
f 586/593/341 585/592/341 587/594/341
f 586/593/342 587/594/342 588/595/342
f 589/596/343 588/595/343 587/594/343
f 589/596/344 591/597/344 590/598/344
f 589/596/345 590/598/345 592/599/345
f 589/596/346 587/594/346 591/597/346
f 590/598/347 591/597/347 593/600/347
f 587/594/348 593/600/348 591/597/348
f 526/533/349 519/525/349 593/600/349
f 520/528/350 593/600/350 519/525/350
f 590/598/351 593/600/351 520/528/351
f 587/594/352 526/533/352 593/600/352
f 585/592/353 526/533/353 587/594/353
f 584/591/354 528/535/354 585/592/354
f 585/592/355 528/535/355 526/533/355
f 581/588/356 594/601/356 584/591/356
f 584/591/357 594/601/357 528/535/357
f 535/542/358 529/536/358 594/601/358
f 528/535/359 594/601/359 529/536/359
f 581/588/360 535/542/360 594/601/360
f 581/588/361 579/586/361 536/543/361
f 581/588/362 536/543/362 535/542/362
f 579/586/363 538/545/363 536/543/363
f 579/586/364 578/585/364 538/545/364
f 575/582/365 538/545/365 578/585/365
f 575/582/366 540/547/366 538/545/366
f 575/582/367 595/602/367 540/547/367
f 575/582/368 573/580/368 595/602/368
f 595/602/369 545/552/369 543/550/369
f 540/547/370 595/602/370 543/550/370
f 573/580/371 596/603/371 595/602/371
f 595/602/372 596/603/372 545/552/372
f 573/580/373 572/579/373 596/603/373
f 568/574/374 545/552/374 596/603/374
f 569/577/375 596/603/375 572/579/375
f 569/577/376 568/574/376 596/603/376
f 554/561/377 548/555/377 568/574/377
f 568/574/374 548/555/374 545/552/374
f 564/571/378 597/604/378 561/569/378
f 554/561/379 550/557/379 548/555/379
f 540/547/380 543/550/380 541/549/380
f 535/542/381 533/539/381 529/536/381
f 598/605/382 599/606/382 602/607/382
f 600/608/383 599/606/383 598/605/383
f 598/605/384 602/607/384 601/609/384
f 600/608/385 603/610/385 599/606/385
f 605/611/386 603/612/386 604/613/386
f 606/614/387 607/615/387 605/611/387
f 605/611/388 604/613/388 606/614/388
f 606/614/389 608/616/389 607/615/389
f 609/617/390 610/618/390 613/619/390
f 611/620/391 610/618/391 609/617/391
f 609/617/392 613/619/392 612/621/392
f 611/620/393 614/622/393 610/618/393
f 617/623/394 616/624/394 615/625/394
f 615/625/395 618/626/395 617/623/395
f 615/625/396 619/627/396 618/626/396
f 617/623/397 620/628/397 616/624/397
f 623/629/398 622/630/398 621/631/398
f 623/629/398 624/632/398 622/630/398
f 627/633/399 626/634/399 625/635/399
f 627/633/399 628/636/399 626/634/399
f 631/637/400 630/638/400 629/639/400
f 631/637/400 632/640/400 630/638/400
f 634/641/401 632/642/401 633/643/401
f 634/641/401 635/644/401 632/642/401
f 636/645/402 638/646/402 630/647/402
f 637/648/403 630/647/403 638/646/403
f 639/649/404 638/650/404 640/651/404
f 636/645/405 641/652/405 638/646/405
f 637/648/406 638/646/406 642/653/406
f 644/654/407 643/655/407 638/656/407
f 644/654/408 647/657/408 643/655/408
f 646/658/409 644/654/409 645/659/409
f 646/658/410 647/657/410 644/654/410
f 648/660/411 646/658/411 645/659/411
f 648/660/412 645/659/412 649/661/412
f 649/662/413 652/663/413 650/664/413
f 649/662/414 650/664/414 653/665/414
f 639/649/415 651/666/415 649/667/415
f 642/653/416 649/662/416 653/665/416
f 655/668/417 653/669/417 654/670/417
f 655/668/417 656/671/417 653/669/417
f 642/653/418 653/665/418 637/648/418
f 652/663/419 641/652/419 636/645/419
f 652/663/420 636/645/420 650/664/420
f 639/649/421 657/672/421 651/666/421
f 639/649/422 640/651/422 657/672/422
f 659/673/423 650/674/423 658/675/423
f 659/673/423 660/676/423 650/674/423
f 663/677/424 662/678/424 661/679/424
f 663/677/424 664/680/424 662/678/424
f 668/681/425 665/682/425 666/683/425
f 667/684/426 666/683/426 665/682/426
f 668/681/427 666/683/427 669/685/427
f 667/684/426 670/686/426 666/683/426
f 673/687/428 672/688/428 671/689/428
f 673/687/428 674/690/428 672/688/428
f 672/688/429 674/690/429 675/691/429
f 672/688/430 675/691/430 676/692/430
f 678/693/431 679/694/431 677/695/431
f 678/693/431 680/696/431 679/694/431
f 683/697/191 682/698/191 681/699/191
f 683/697/191 684/700/191 682/698/191
f 687/701/432 686/702/432 685/703/432
f 687/701/433 688/704/433 686/702/433
f 691/705/434 690/706/434 689/707/434
f 691/705/435 692/708/435 690/706/435
f 695/709/436 694/710/436 693/711/436
f 695/709/437 696/712/437 694/710/437
f 699/713/438 698/714/438 697/715/438
f 699/713/439 700/716/439 698/714/439
f 703/717/426 702/718/426 701/719/426
f 704/720/440 703/717/440 701/719/440
f 704/720/427 705/721/427 703/717/427
f 703/717/426 706/722/426 702/718/426
f 708/723/441 710/724/441 707/725/441
f 709/726/428 708/723/428 707/725/428
f 708/723/430 711/727/430 710/724/430
f 709/726/428 712/728/428 708/723/428
f 715/729/442 714/730/442 713/731/442
f 715/729/431 716/732/431 714/730/431
f 719/733/172 718/734/172 717/735/172
f 719/733/172 720/736/172 718/734/172
f 723/737/443 722/738/443 721/739/443
f 723/737/433 724/740/433 722/738/433
f 727/741/444 726/742/444 725/743/444
f 727/741/445 728/744/445 726/742/445
f 731/745/446 730/746/446 729/747/446
f 731/745/447 732/748/447 730/746/447
f 735/749/448 734/750/448 733/751/448
f 735/749/449 736/752/449 734/750/449
f 738/753/450 740/754/450 737/755/450
f 739/756/451 738/753/451 737/755/451
f 742/757/452 739/756/452 737/755/452
f 737/755/453 740/754/453 743/758/453
f 737/755/454 743/758/454 741/759/454
f 742/757/455 737/755/455 741/759/455
f 745/760/456 741/759/456 743/758/456
f 740/754/206 744/761/206 743/758/206
f 746/762/206 743/758/206 744/761/206
f 745/760/456 743/758/456 746/762/456
f 746/762/457 748/763/457 745/760/457
f 747/764/206 749/765/206 746/762/206
f 746/762/206 744/761/206 747/764/206
f 746/762/458 749/765/458 748/763/458
f 750/766/206 752/767/206 749/765/206
f 747/764/206 750/766/206 749/765/206
f 749/765/459 752/767/459 751/768/459
f 749/765/459 751/768/459 748/763/459
f 750/766/206 753/769/206 752/767/206
f 751/768/460 754/770/460 755/771/460
f 751/768/461 755/771/461 748/763/461
f 755/771/141 758/772/141 756/773/141
f 755/771/141 756/773/141 757/774/141
f 748/763/462 755/771/462 757/774/462
f 754/770/141 758/772/141 755/771/141
f 760/775/451 759/776/451 758/772/451
f 758/772/463 759/776/463 761/777/463
f 754/770/141 760/775/141 758/772/141
f 758/772/464 761/777/464 756/773/464
f 756/773/465 761/777/465 764/778/465
f 763/779/466 762/780/466 761/777/466
f 762/780/467 764/778/467 761/777/467
f 763/779/468 761/777/468 759/776/468
f 768/781/469 765/782/469 764/778/469
f 769/783/470 764/778/470 765/782/470
f 756/773/465 764/778/465 766/784/465
f 769/783/471 766/784/471 764/778/471
f 762/780/467 767/785/467 764/778/467
f 768/781/472 764/778/472 767/785/472
f 766/784/141 769/783/141 739/756/141
f 769/783/141 770/786/141 739/756/141
f 769/783/141 771/787/141 770/786/141
f 771/787/461 769/783/461 765/782/461
f 771/787/461 765/782/461 772/788/461
f 773/789/459 772/788/459 765/782/459
f 773/789/459 765/782/459 768/781/459
f 739/756/451 770/786/451 738/753/451
f 757/774/141 766/784/141 742/757/141
f 766/784/141 739/756/141 742/757/141
f 757/774/141 756/773/141 766/784/141
f 774/790/450 763/779/450 759/776/450
f 774/790/450 759/776/450 775/791/450
f 760/775/451 775/791/451 759/776/451
f 741/759/473 745/760/473 757/774/473
f 741/759/473 757/774/473 742/757/473
f 748/763/474 757/774/474 745/760/474
f 740/754/206 776/792/206 744/761/206
f 777/793/206 776/792/206 740/754/206
f 777/793/206 778/794/206 776/792/206
f 738/753/450 777/793/450 740/754/450
f 779/795/475 780/796/475 783/797/475
f 781/798/476 780/796/476 779/795/476
f 779/795/475 783/797/475 782/799/475
f 781/798/476 784/800/476 780/796/476
f 785/801/477 784/800/477 781/798/477
f 787/802/478 786/803/478 785/801/478
f 785/801/477 786/803/477 784/800/477
f 787/802/478 788/804/478 786/803/478
f 791/805/172 790/806/172 789/807/172
f 791/805/172 792/808/172 790/806/172
f 795/809/191 794/810/191 793/811/191
f 795/809/191 796/812/191 794/810/191
f 799/813/460 798/814/460 797/815/460
f 801/816/479 799/813/479 797/815/479
f 801/816/141 797/815/141 800/817/141
f 803/818/141 799/813/141 801/816/141
f 802/819/480 801/816/480 800/817/480
f 804/820/481 801/816/481 802/819/481
f 804/820/464 803/818/464 801/816/464
f 804/820/482 802/819/482 805/821/482
f 804/820/483 805/821/483 806/822/483
f 804/820/484 807/823/484 803/818/484
f 804/820/467 806/822/467 809/824/467
f 804/820/465 808/825/465 807/823/465
f 804/820/467 809/824/467 808/825/467
f 808/825/472 809/824/472 810/826/472
f 812/827/459 810/826/459 811/828/459
f 808/825/469 810/826/469 812/827/469
f 812/827/461 814/829/461 813/830/461
f 808/825/470 812/827/470 813/830/470
f 812/827/461 815/831/461 814/829/461
f 812/827/459 811/828/459 815/831/459
f 816/832/141 813/830/141 814/829/141
f 817/833/485 818/834/485 816/832/485
f 816/832/141 818/834/141 813/830/141
f 817/833/451 819/835/451 818/834/451
f 819/835/486 820/836/486 818/834/486
f 818/834/141 807/823/141 813/830/141
f 818/834/141 820/836/141 807/823/141
f 819/835/455 821/837/455 820/836/455
f 820/836/473 821/837/473 823/838/473
f 803/818/141 807/823/141 820/836/141
f 803/818/141 820/836/141 822/839/141
f 820/836/487 823/838/487 822/839/487
f 824/840/488 823/838/488 825/841/488
f 822/839/474 823/838/474 824/840/474
f 825/841/489 823/838/489 821/837/489
f 826/842/206 825/841/206 827/843/206
f 828/844/206 825/841/206 826/842/206
f 825/841/490 821/837/490 827/843/490
f 824/840/458 825/841/458 828/844/458
f 798/814/459 824/840/459 828/844/459
f 829/845/206 828/844/206 830/846/206
f 798/814/459 828/844/459 829/845/459
f 828/844/206 826/842/206 830/846/206
f 829/845/206 830/846/206 831/847/206
f 826/842/206 827/843/206 832/848/206
f 827/843/454 821/837/454 819/835/454
f 832/848/206 827/843/206 833/849/206
f 827/843/453 819/835/453 833/849/453
f 832/848/206 833/849/206 834/850/206
f 833/849/450 819/835/450 817/833/450
f 834/850/206 833/849/206 835/851/206
f 833/849/450 817/833/450 835/851/450
f 834/850/206 835/851/206 836/852/206
f 822/839/462 824/840/462 799/813/462
f 799/813/460 824/840/460 798/814/460
f 803/818/141 822/839/141 799/813/141
f 808/825/471 813/830/471 807/823/471
f 802/819/450 837/853/450 805/821/450
f 802/819/450 838/854/450 837/853/450
f 802/819/451 800/817/451 838/854/451
f 841/855/476 840/856/476 839/857/476
f 843/858/475 841/855/475 839/857/475
f 843/858/475 839/857/475 842/859/475
f 841/855/476 844/860/476 840/856/476
f 844/860/477 845/861/477 840/856/477
f 844/860/477 846/862/477 845/861/477
f 846/862/478 847/863/478 845/861/478
f 846/862/478 848/864/478 847/863/478
f 851/865/191 850/866/191 849/867/191
f 851/865/191 852/868/191 850/866/191
f 855/869/172 854/870/172 853/871/172
f 855/869/172 856/872/172 854/870/172
f 859/873/491 858/874/491 857/875/491
f 860/876/492 859/873/492 857/875/492
f 860/876/493 861/877/493 859/873/493
f 862/878/494 859/873/494 861/877/494
f 862/878/495 863/879/495 859/873/495
f 859/873/496 863/879/496 864/880/496
f 859/873/497 864/880/497 865/881/497
f 859/873/498 865/881/498 858/874/498
f 867/882/499 869/883/499 866/884/499
f 867/882/499 866/884/499 870/885/499
f 869/883/500 868/886/500 866/884/500
f 872/887/501 867/882/501 870/885/501
f 872/887/501 870/885/501 871/888/501
f 874/889/502 872/887/502 873/890/502
f 873/890/503 872/887/503 871/888/503
f 875/891/504 872/887/504 874/889/504
f 875/891/504 867/882/504 872/887/504
f 876/892/505 877/893/505 875/891/505
f 876/892/506 875/891/506 874/889/506
f 875/891/507 869/883/507 867/882/507
f 875/891/508 878/894/508 869/883/508
f 877/893/509 878/894/509 875/891/509
f 879/895/510 869/883/510 878/894/510
f 881/896/511 879/895/511 878/894/511
f 877/893/512 880/897/512 878/894/512
f 881/896/513 878/894/513 880/897/513
f 882/898/514 879/895/514 881/896/514
f 882/898/515 883/899/515 879/895/515
f 882/898/516 884/900/516 883/899/516
f 882/898/517 885/901/517 884/900/517
f 886/902/518 884/900/518 885/901/518
f 886/902/519 888/903/519 887/904/519
f 886/902/520 887/904/520 884/900/520
f 886/902/521 889/905/521 888/903/521
f 889/905/522 890/906/522 888/903/522
f 889/905/523 891/907/523 890/906/523
f 892/908/524 890/906/524 891/907/524
f 894/909/525 893/910/525 892/908/525
f 892/908/526 893/910/526 890/906/526
f 894/909/527 896/911/527 895/912/527
f 894/909/528 895/912/528 893/910/528
f 894/909/529 897/913/529 896/911/529
f 876/892/530 896/911/530 897/913/530
f 874/889/502 873/890/502 896/911/502
f 896/911/531 873/890/531 898/914/531
f 876/892/532 874/889/532 896/911/532
f 896/911/531 898/914/531 895/912/531
f 898/914/533 900/915/533 899/916/533
f 901/917/534 898/914/534 899/916/534
f 895/912/535 898/914/535 901/917/535
f 898/914/533 873/890/533 900/915/533
f 901/917/534 899/916/534 902/918/534
f 903/919/536 901/917/536 902/918/536
f 895/912/535 901/917/535 893/910/535
f 893/910/537 901/917/537 903/919/537
f 888/903/538 903/919/538 904/920/538
f 904/920/539 903/919/539 905/921/539
f 888/903/538 890/906/538 903/919/538
f 903/919/540 902/918/540 905/921/540
f 893/910/537 903/919/537 890/906/537
f 904/920/539 905/921/539 906/922/539
f 908/923/541 906/922/541 907/924/541
f 908/923/541 904/920/541 906/922/541
f 909/925/542 908/923/542 907/924/542
f 887/904/543 904/920/543 908/923/543
f 884/900/544 887/904/544 908/923/544
f 884/900/544 908/923/544 909/925/544
f 909/925/542 907/924/542 910/926/542
f 911/927/545 909/925/545 910/926/545
f 883/899/546 909/925/546 911/927/546
f 883/899/546 884/900/546 909/925/546
f 879/895/547 883/899/547 911/927/547
f 879/895/547 911/927/547 913/928/547
f 911/927/545 910/926/545 912/929/545
f 913/928/548 911/927/548 912/929/548
f 913/928/548 912/929/548 868/886/548
f 869/883/500 913/928/500 868/886/500
f 879/895/549 913/928/549 869/883/549
f 887/904/543 888/903/543 904/920/543
f 873/890/550 871/888/550 900/915/550
f 914/930/551 915/931/551 919/932/551
f 916/933/552 915/931/552 914/930/552
f 917/934/553 914/930/553 918/935/553
f 914/930/554 919/932/554 918/935/554
f 917/934/555 918/935/555 920/936/555
f 922/937/556 917/934/556 920/936/556
f 922/937/557 920/936/557 921/938/557
f 923/939/558 922/937/558 921/938/558
f 923/939/559 925/940/559 924/941/559
f 923/939/560 924/941/560 926/942/560
f 923/939/561 921/938/561 925/940/561
f 926/942/562 924/941/562 927/943/562
f 926/942/563 927/943/563 928/944/563
f 929/945/564 928/944/564 927/943/564
f 929/945/565 927/943/565 930/946/565
f 931/947/566 929/945/566 930/946/566
f 931/947/567 933/948/567 932/949/567
f 931/947/568 932/949/568 934/950/568
f 931/947/569 930/946/569 933/948/569
f 934/950/570 935/951/570 916/933/570
f 934/950/571 932/949/571 935/951/571
f 916/933/572 935/951/572 915/931/572
f 938/952/573 937/953/573 936/954/573
f 938/952/574 939/955/574 937/953/574
f 941/956/575 939/955/575 938/952/575
f 941/956/575 938/952/575 940/957/575
f 942/958/576 939/955/576 941/956/576
f 942/958/576 944/959/576 939/955/576
f 942/958/577 943/960/577 945/961/577
f 942/958/577 945/961/577 944/959/577
f 945/961/578 947/962/578 946/963/578
f 945/961/578 946/963/578 944/959/578
f 948/964/579 947/962/579 945/961/579
f 943/960/580 948/964/580 945/961/580
f 948/964/581 949/965/581 947/962/581
f 943/960/580 950/966/580 948/964/580
f 939/955/582 946/963/582 937/953/582
f 939/955/582 944/959/582 946/963/582
f 953/967/583 952/968/583 951/969/583
f 953/967/583 954/970/583 952/968/583
f 955/971/584 954/970/584 953/967/584
f 955/971/584 956/972/584 954/970/584
f 957/973/585 956/972/585 955/971/585
f 957/973/586 958/974/586 956/972/586
f 961/975/587 960/976/587 959/977/587
f 961/975/587 962/978/587 960/976/587
f 963/979/588 962/978/588 961/975/588
f 963/979/588 964/980/588 962/978/588
f 965/981/589 964/980/589 963/979/589
f 965/981/590 966/982/590 964/980/590
f 969/983/141 968/984/141 967/985/141
f 969/983/141 970/986/141 968/984/141
f 972/987/141 970/986/141 969/983/141
f 972/987/141 969/983/141 971/988/141
f 975/989/218 974/990/218 973/991/218
f 975/989/218 976/992/218 974/990/218
f 979/993/206 978/994/206 977/995/206
f 979/993/206 980/996/206 978/994/206
f 983/997/172 982/998/172 981/999/172
f 983/997/172 984/1000/172 982/998/172
f 987/1001/141 986/1002/141 985/1003/141
f 987/1001/141 988/1004/141 986/1002/141
f 991/1005/191 990/1006/191 989/1007/191
f 991/1005/191 992/1008/191 990/1006/191
f 995/1009/591 994/1010/591 993/1011/591
f 995/1009/591 996/1012/591 994/1010/591
f 999/1013/592 998/1014/592 997/1015/592
f 1001/1016/218 999/1013/218 997/1015/218
f 1001/1016/218 997/1015/218 1000/1017/218
f 1002/1018/593 1001/1016/593 1000/1017/593
f 1002/1018/593 1000/1017/593 1003/1019/593
f 1004/1020/594 1002/1018/594 1003/1019/594
f 1004/1020/594 1005/1021/594 1002/1018/594
f 999/1013/595 1006/1022/595 998/1014/595
f 1009/1023/596 1008/1024/596 1007/1025/596
f 1010/1026/597 1009/1023/597 1007/1025/597
f 1011/1027/596 1009/1023/596 1010/1026/596
f 1009/1023/598 1012/1028/598 1008/1024/598
f 1015/1029/599 1014/1030/599 1013/1031/599
f 1015/1029/599 1016/1032/599 1014/1030/599
f 1018/1033/600 1016/1032/600 1015/1029/600
f 1018/1033/601 1015/1029/601 1017/1034/601
f 1021/1035/602 1020/1036/602 1019/1037/602
f 1021/1035/603 1022/1038/603 1020/1036/603
f 1023/1039/604 1022/1038/604 1021/1035/604
f 1023/1039/605 1024/1040/605 1022/1038/605
f 1025/1041/606 1024/1040/606 1023/1039/606
f 1025/1041/606 1026/1042/606 1024/1040/606
f 1027/1043/607 1026/1042/607 1025/1041/607
f 1027/1043/607 1028/1044/607 1026/1042/607
f 1029/1045/608 1028/1044/608 1027/1043/608
f 1029/1045/608 1030/1046/608 1028/1044/608
f 1031/1047/609 1030/1046/609 1029/1045/609
f 1031/1047/609 1032/1048/609 1030/1046/609
f 1033/1049/610 1032/1048/610 1031/1047/610
f 1033/1049/610 1034/1050/610 1032/1048/610
f 1037/1051/611 1036/1052/611 1035/1053/611
f 1037/1051/611 1038/1054/611 1036/1052/611
f 1039/1055/612 1038/1054/612 1037/1051/612
f 1039/1055/612 1040/1056/612 1038/1054/612
f 1041/1057/613 1040/1056/613 1039/1055/613
f 1041/1057/613 1042/1058/613 1040/1056/613
f 1043/1059/614 1042/1058/614 1041/1057/614
f 1043/1059/614 1044/1060/614 1042/1058/614
f 1045/1061/615 1044/1060/615 1043/1059/615
f 1045/1061/615 1046/1062/615 1044/1060/615
f 1047/1063/616 1046/1062/616 1045/1061/616
f 1047/1063/616 1048/1064/616 1046/1062/616
f 1050/1065/617 1048/1064/617 1047/1063/617
f 1050/1065/618 1047/1063/618 1049/1066/618
f 1053/1067/218 1052/1068/218 1051/1069/218
f 1053/1067/221 1054/1070/221 1052/1068/221
f 1054/1070/218 1053/1067/218 1055/1071/218
f 1054/1070/218 1055/1071/218 1056/1072/218
f 1054/1070/218 1056/1072/218 1057/1073/218
f 1054/1070/218 1057/1073/218 1058/1074/218
f 1059/1075/218 1054/1070/218 1058/1074/218
f 1060/1076/218 1054/1070/218 1059/1075/218
f 1061/1077/218 1054/1070/218 1060/1076/218
f 1062/1078/218 1054/1070/218 1061/1077/218
f 1063/1079/218 1054/1070/218 1062/1078/218
f 1064/1080/218 1054/1070/218 1063/1079/218
f 1064/1080/221 1065/1081/221 1054/1070/221
f 1068/1082/619 1067/1083/619 1066/1084/619
f 1070/1085/620 1068/1082/620 1066/1084/620
f 1070/1085/620 1066/1084/620 1069/1086/620
f 1071/1087/621 1070/1085/621 1069/1086/621
f 1072/1088/622 1071/1087/622 1073/1089/622
f 1071/1087/621 1069/1086/621 1073/1089/621
f 1072/1088/622 1073/1089/622 1074/1090/622
f 1076/1091/623 1072/1088/623 1074/1090/623
f 1076/1091/623 1074/1090/623 1075/1092/623
f 1077/1093/624 1076/1091/624 1075/1092/624
f 1077/1093/624 1075/1092/624 1078/1094/624
f 1079/1095/625 1077/1093/625 1078/1094/625
f 1080/1096/626 1079/1095/626 1081/1097/626
f 1079/1095/625 1078/1094/625 1081/1097/625
f 1080/1096/627 1081/1097/627 1082/1098/627
f 1084/1099/628 1080/1096/628 1082/1098/628
f 1084/1099/628 1082/1098/628 1083/1100/628
f 1085/1101/629 1084/1099/629 1083/1100/629
f 1085/1101/629 1083/1100/629 1086/1102/629
f 1087/1103/630 1085/1101/630 1086/1102/630
f 1088/1104/631 1087/1103/631 1089/1105/631
f 1087/1103/630 1086/1102/630 1089/1105/630
f 1088/1104/631 1089/1105/631 1090/1106/631
f 1092/1107/632 1088/1104/632 1090/1106/632
f 1092/1107/632 1090/1106/632 1091/1108/632
f 1092/1107/633 1091/1108/633 1094/1109/633
f 1092/1107/634 1094/1109/634 1093/1110/634
f 1068/1082/635 1095/1111/635 1067/1083/635
f 1098/1112/636 1097/1113/636 1096/1114/636
f 1098/1112/637 1099/1115/637 1097/1113/637
f 1098/1112/172 1100/1116/172 1099/1115/172
f 1098/1112/172 1101/1117/172 1100/1116/172
f 1104/1118/638 1103/1119/638 1102/1120/638
f 1106/1121/639 1104/1118/639 1102/1120/639
f 1106/1121/639 1102/1120/639 1105/1122/639
f 1104/1118/638 1107/1123/638 1103/1119/638
f 1109/1124/640 1103/1119/640 1107/1123/640
f 1109/1124/640 1107/1123/640 1108/1125/640
f 1112/1126/172 1111/1127/172 1110/1128/172
f 1112/1126/172 1113/1129/172 1111/1127/172
f 1116/1130/191 1115/1131/191 1114/1132/191
f 1116/1130/191 1117/1133/191 1115/1131/191
f 1120/1134/638 1119/1135/638 1118/1136/638
f 1122/1137/639 1120/1134/639 1118/1136/639
f 1122/1137/639 1118/1136/639 1121/1138/639
f 1120/1134/638 1123/1139/638 1119/1135/638
f 1125/1140/640 1119/1135/640 1123/1139/640
f 1125/1140/640 1123/1139/640 1124/1141/640
f 1128/1142/172 1127/1143/172 1126/1144/172
f 1128/1142/172 1129/1145/172 1127/1143/172
f 1132/1146/191 1131/1147/191 1130/1148/191
f 1132/1146/191 1133/1149/191 1131/1147/191
f 1136/1150/641 1135/1151/641 1134/1152/641
f 1136/1150/641 1137/1153/641 1135/1151/641
f 1140/1154/642 1139/1155/642 1138/1156/642
f 1140/1154/642 1141/1157/642 1139/1155/642
f 1142/1158/218 1141/1157/218 1140/1154/218
f 1142/1158/218 1144/1159/218 1141/1157/218
f 1143/1160/643 1144/1159/643 1142/1158/643
f 1143/1160/643 1145/1161/643 1144/1159/643
f 1143/1160/644 1146/1162/644 1145/1161/644
f 1143/1160/644 1147/1163/644 1146/1162/644
f 1150/1164/645 1149/1165/645 1148/1166/645
f 1151/1167/646 1150/1164/646 1148/1166/646
f 1152/1168/647 1150/1164/647 1151/1167/647
f 1150/1164/646 1153/1169/646 1149/1165/646
f 1156/1170/648 1155/1171/648 1154/1172/648
f 1156/1170/649 1157/1173/649 1155/1171/649
f 1159/1174/650 1157/1173/650 1156/1170/650
f 1159/1174/650 1156/1170/650 1158/1175/650
f 1162/1176/651 1161/1177/651 1160/1178/651
f 1162/1176/652 1163/1179/652 1161/1177/652
f 1163/1179/608 1165/1180/608 1164/1181/608
f 1163/1179/608 1164/1181/608 1161/1177/608
f 1165/1180/607 1166/1182/607 1164/1181/607
f 1165/1180/607 1167/1183/607 1166/1182/607
f 1167/1183/606 1168/1184/606 1166/1182/606
f 1167/1183/606 1169/1185/606 1168/1184/606
f 1169/1185/605 1170/1186/605 1168/1184/605
f 1169/1185/605 1171/1187/605 1170/1186/605
f 1171/1187/653 1173/1188/653 1172/1189/653
f 1171/1187/653 1172/1189/653 1170/1186/653
f 1173/1188/654 1174/1190/654 1172/1189/654
f 1173/1188/654 1175/1191/654 1174/1190/654
f 1178/1192/655 1177/1193/655 1176/1194/655
f 1178/1192/656 1179/1195/656 1177/1193/656
f 1179/1195/657 1181/1196/657 1180/1197/657
f 1179/1195/657 1180/1197/657 1177/1193/657
f 1181/1196/616 1182/1198/616 1180/1197/616
f 1181/1196/616 1183/1199/616 1182/1198/616
f 1183/1199/615 1184/1200/615 1182/1198/615
f 1183/1199/615 1185/1201/615 1184/1200/615
f 1185/1201/614 1186/1202/614 1184/1200/614
f 1185/1201/614 1187/1203/614 1186/1202/614
f 1187/1203/613 1189/1204/613 1188/1205/613
f 1187/1203/613 1188/1205/613 1186/1202/613
f 1189/1204/658 1190/1206/658 1188/1205/658
f 1189/1204/659 1191/1207/659 1190/1206/659
f 1194/1208/221 1193/1209/221 1192/1210/221
f 1194/1208/218 1195/1211/218 1193/1209/218
f 1195/1211/218 1194/1208/218 1196/1212/218
f 1195/1211/218 1196/1212/218 1197/1213/218
f 1195/1211/218 1197/1213/218 1198/1214/218
f 1195/1211/221 1198/1214/221 1199/1215/221
f 1200/1216/218 1195/1211/218 1199/1215/218
f 1201/1217/218 1195/1211/218 1200/1216/218
f 1202/1218/218 1195/1211/218 1201/1217/218
f 1203/1219/218 1195/1211/218 1202/1218/218
f 1204/1220/218 1195/1211/218 1203/1219/218
f 1205/1221/218 1195/1211/218 1204/1220/218
f 1205/1221/218 1206/1222/218 1195/1211/218
f 1207/1223/660 1208/1224/660 1211/1225/660
f 1209/1226/661 1208/1224/661 1207/1223/661
f 1207/1223/623 1211/1225/623 1210/1227/623
f 1210/1227/622 1211/1225/622 1212/1228/622
f 1213/1229/621 1212/1228/621 1214/1230/621
f 1210/1227/622 1212/1228/622 1213/1229/622
f 1213/1229/621 1214/1230/621 1215/1231/621
f 1215/1231/620 1214/1230/620 1216/1232/620
f 1215/1231/620 1216/1232/620 1217/1233/620
f 1217/1233/662 1216/1232/662 1218/1234/662
f 1220/1235/663 1218/1234/663 1219/1236/663
f 1217/1233/662 1218/1234/662 1220/1235/662
f 1220/1235/663 1219/1236/663 1221/1237/663
f 1221/1237/664 1219/1236/664 1223/1238/664
f 1221/1237/664 1223/1238/664 1222/1239/664
f 1222/1239/665 1223/1238/665 1224/1240/665
f 1222/1239/665 1224/1240/665 1225/1241/665
f 1225/1241/632 1224/1240/632 1226/1242/632
f 1228/1243/631 1226/1242/631 1227/1244/631
f 1225/1241/632 1226/1242/632 1228/1243/632
f 1228/1243/631 1227/1244/631 1229/1245/631
f 1229/1245/630 1227/1244/630 1231/1246/630
f 1229/1245/630 1231/1246/630 1230/1247/630
f 1230/1247/666 1231/1246/666 1232/1248/666
f 1230/1247/629 1232/1248/629 1233/1249/629
f 1232/1248/667 1234/1250/667 1233/1249/667
f 1232/1248/668 1235/1251/668 1234/1250/668
f 1209/1226/669 1236/1252/669 1208/1224/669
f 1239/1253/670 1238/1254/670 1237/1255/670
f 1239/1253/671 1240/1256/671 1238/1254/671
f 1240/1256/191 1241/1257/191 1238/1254/191
f 1240/1256/191 1242/1258/191 1241/1257/191
f 1243/1259/639 1244/1260/639 1247/1261/639
f 1245/1262/638 1244/1260/638 1243/1259/638
f 1243/1259/639 1247/1261/639 1246/1263/639
f 1245/1262/638 1248/1264/638 1244/1260/638
f 1248/1264/640 1245/1262/640 1249/1265/640
f 1248/1264/640 1249/1265/640 1250/1266/640
f 1253/1267/672 1252/1268/672 1251/1269/672
f 1253/1267/672 1254/1270/672 1252/1268/672
f 1257/1271/673 1256/1272/673 1255/1273/673
f 1257/1271/673 1258/1274/673 1256/1272/673
f 1259/1275/639 1260/1276/639 1263/1277/639
f 1261/1278/638 1260/1276/638 1259/1275/638
f 1259/1275/639 1263/1277/639 1262/1279/639
f 1261/1278/638 1264/1280/638 1260/1276/638
f 1264/1280/640 1261/1278/640 1265/1281/640
f 1264/1280/640 1265/1281/640 1266/1282/640
f 1269/1283/191 1268/1284/191 1267/1285/191
f 1269/1283/191 1270/1286/191 1268/1284/191
f 1273/1287/172 1272/1288/172 1271/1289/172
f 1273/1287/172 1274/1290/172 1272/1288/172
f 1277/1291/674 1276/1292/674 1275/1293/674
f 1279/1294/675 1277/1291/675 1275/1293/675
f 1279/1294/675 1275/1293/675 1278/1295/675
f 1280/1296/209 1279/1294/209 1278/1295/209
f 1280/1296/209 1278/1295/209 1282/1297/209
f 1281/1298/676 1280/1296/676 1282/1297/676
f 1281/1298/676 1282/1297/676 1283/1299/676
f 1285/1300/677 1283/1299/677 1284/1301/677
f 1285/1300/677 1281/1298/677 1283/1299/677
f 1277/1291/674 1286/1302/674 1276/1292/674
f 1286/1302/678 1288/1303/678 1287/1304/678
f 1286/1302/678 1287/1304/678 1276/1292/678
f 1291/1305/191 1290/1306/191 1289/1307/191
f 1291/1305/191 1292/1308/191 1290/1306/191
f 1295/1309/172 1294/1310/172 1293/1311/172
f 1295/1309/172 1296/1312/172 1294/1310/172
f 1299/1313/218 1298/1314/218 1297/1315/218
f 1299/1313/218 1300/1316/218 1298/1314/218
f 1303/1317/679 1302/1318/679 1301/1319/679
f 1303/1317/679 1304/1320/679 1302/1318/679
f 1307/1321/680 1306/1322/680 1305/1323/680
f 1307/1321/681 1308/1324/681 1306/1322/681
f 1311/1325/682 1310/1326/682 1309/1327/682
f 1311/1325/682 1312/1328/682 1310/1326/682
f 1315/1329/683 1314/1330/683 1313/1331/683
f 1315/1329/683 1316/1332/683 1314/1330/683
f 1319/1333/218 1318/1334/218 1317/1335/218
f 1319/1333/221 1320/1336/221 1318/1334/221
f 1323/1337/673 1322/1338/673 1321/1339/673
f 1323/1337/172 1324/1340/172 1322/1338/172
f 1327/1341/672 1326/1342/672 1325/1343/672
f 1327/1341/191 1328/1344/191 1326/1342/191
f 1331/1345/141 1330/1346/141 1329/1347/141
f 1331/1345/141 1332/1348/141 1330/1346/141
f 1335/1349/227 1334/1350/227 1333/1351/227
f 1335/1349/227 1336/1352/227 1334/1350/227
f 1339/1353/191 1338/1354/191 1337/1355/191
f 1339/1353/191 1340/1356/191 1338/1354/191
f 1343/1357/172 1342/1358/172 1341/1359/172
f 1343/1357/172 1344/1360/172 1342/1358/172
f 1345/1361/684 1346/1362/684 1349/1363/684
f 1347/1364/685 1346/1362/685 1345/1361/685
f 1345/1361/686 1349/1363/686 1348/1365/686
f 1348/1365/687 1349/1363/687 1350/1366/687
f 1352/1367/688 1350/1366/688 1351/1368/688
f 1348/1365/689 1350/1366/689 1352/1367/689
f 1352/1367/690 1351/1368/690 1353/1369/690
f 1353/1369/691 1355/1370/691 1354/1371/691
f 1353/1369/692 1351/1368/692 1355/1370/692
f 1347/1364/693 1356/1372/693 1346/1362/693
f 1357/1373/694 1356/1372/694 1347/1364/694
f 1357/1373/695 1358/1374/695 1356/1372/695
f 1359/1375/696 1358/1374/696 1357/1373/696
f 1359/1375/697 1360/1376/697 1358/1374/697
f 1361/1377/698 1360/1376/698 1359/1375/698
f 1361/1377/699 1362/1378/699 1360/1376/699
f 1365/1379/700 1364/1380/700 1363/1381/700
f 1365/1379/700 1366/1382/700 1364/1380/700
f 1369/1383/701 1368/1384/701 1367/1385/701
f 1369/1383/701 1370/1386/701 1368/1384/701
f 1373/1387/702 1372/1388/702 1371/1389/702
f 1373/1387/703 1374/1390/703 1372/1388/703
f 1377/1391/704 1376/1392/704 1375/1393/704
f 1377/1391/705 1378/1394/705 1376/1392/705
f 1381/1395/706 1380/1396/706 1379/1397/706
f 1381/1395/707 1382/1398/707 1380/1396/707
f 1385/1399/708 1384/1400/708 1383/1401/708
f 1385/1399/709 1386/1402/709 1384/1400/709
f 1389/1403/710 1388/1404/710 1387/1405/710
f 1389/1403/711 1390/1406/711 1388/1404/711
f 1393/1407/712 1391/1408/712 1392/1409/712
f 1393/1407/713 1395/1410/713 1391/1408/713
f 1395/1410/714 1394/1411/714 1391/1408/714
f 1395/1410/715 1396/1412/715 1394/1411/715
f 1393/1407/716 1392/1409/716 1397/1413/716
f 1398/1414/717 1397/1413/717 1392/1409/717
f 1399/1415/718 1398/1414/718 1392/1409/718
f 1399/1415/719 1400/1416/719 1398/1414/719
f 1403/1417/720 1402/1418/720 1401/1419/720
f 1403/1417/720 1404/1420/720 1402/1418/720
f 1408/1421/721 1405/1422/721 1406/1423/721
f 1407/1424/722 1406/1423/722 1405/1422/722
f 1409/1425/723 1408/1421/723 1406/1423/723
f 1409/1425/724 1410/1426/724 1408/1421/724
f 1407/1424/721 1411/1427/721 1406/1423/721
f 1407/1424/721 1412/1428/721 1411/1427/721
f 1414/1429/725 1413/1430/725 1411/1431/725
f 1414/1429/726 1415/1432/726 1413/1430/726
f 1418/1433/727 1417/1434/727 1416/1435/727
f 1418/1433/728 1419/1436/728 1417/1434/728
f 1422/1437/729 1421/1438/729 1420/1439/729
f 1422/1437/730 1423/1440/730 1421/1438/730
f 1426/1441/731 1425/1442/731 1424/1443/731
f 1426/1441/732 1427/1444/732 1425/1442/732
f 1428/1445/733 1425/1442/733 1427/1444/733
f 1429/1446/734 1425/1442/734 1428/1445/734
f 1431/1447/735 1430/1448/735 1429/1446/735
f 1429/1446/736 1430/1448/736 1425/1442/736
f 1432/1449/737 1430/1448/737 1431/1447/737
f 1432/1449/738 1433/1450/738 1430/1448/738
f 1436/1451/739 1435/1452/739 1434/1453/739
f 1437/1454/740 1435/1452/740 1436/1451/740
f 1437/1454/741 1439/1455/741 1438/1456/741
f 1437/1454/740 1438/1456/740 1435/1452/740
f 1442/1457/673 1441/1458/673 1440/1459/673
f 1442/1457/673 1443/1460/673 1441/1458/673
f 1446/1461/742 1445/1462/742 1444/1463/742
f 1446/1461/743 1447/1464/743 1445/1462/743
f 1450/1465/744 1449/1466/744 1448/1467/744
f 1450/1465/744 1451/1468/744 1449/1466/744
f 1452/1469/745 1453/1470/745 1456/1471/745
f 1454/1472/746 1453/1470/746 1452/1469/746
f 1452/1469/745 1456/1471/745 1455/1473/745
f 1454/1472/746 1457/1474/746 1453/1470/746
f 1460/1475/191 1459/1476/191 1458/1477/191
f 1461/1478/747 1459/1476/747 1460/1475/747
f 1461/1478/748 1462/1479/748 1459/1476/748
f 1465/1480/191 1464/1481/191 1463/1482/191
f 1465/1480/191 1466/1483/191 1464/1481/191
f 1469/1484/749 1468/1485/749 1467/1486/749
f 1469/1484/750 1470/1487/750 1468/1485/750
f 1473/1488/744 1472/1489/744 1471/1490/744
f 1473/1488/744 1474/1491/744 1472/1489/744
f 1477/1492/751 1476/1493/751 1475/1494/751
f 1479/1495/745 1477/1492/745 1475/1494/745
f 1479/1495/745 1475/1494/745 1478/1496/745
f 1477/1492/751 1480/1497/751 1476/1493/751
f 1481/1498/172 1482/1499/172 1484/1500/172
f 1484/1500/752 1483/1501/752 1481/1498/752
f 1484/1500/753 1485/1502/753 1483/1501/753
f 1489/1503/754 1486/1504/754 1487/1505/754
f 1488/1506/755 1487/1505/755 1486/1504/755
f 1489/1503/756 1487/1505/756 1490/1507/756
f 1488/1506/755 1491/1508/755 1487/1505/755
f 1492/1509/757 1491/1508/757 1488/1506/757
f 1492/1509/758 1493/1510/758 1491/1508/758
f 1496/1511/759 1495/1512/759 1494/1513/759
f 1496/1511/759 1497/1514/759 1495/1512/759
f 1500/1515/760 1499/1516/760 1498/1517/760
f 1500/1515/760 1501/1518/760 1499/1516/760
f 1504/1519/191 1503/1520/191 1502/1521/191
f 1504/1519/191 1505/1522/191 1503/1520/191
f 1508/1523/761 1507/1524/761 1506/1525/761
f 1508/1523/762 1509/1526/762 1507/1524/762
f 1512/1527/172 1511/1528/172 1510/1529/172
f 1512/1527/172 1513/1530/172 1511/1528/172
f 1514/1531/763 1515/1532/763 1518/1533/763
f 1516/1534/764 1515/1532/764 1514/1531/764
f 1514/1531/763 1518/1533/763 1517/1535/763
f 1516/1534/764 1519/1536/764 1515/1532/764
f 1520/1537/765 1519/1536/765 1516/1534/765
f 1520/1537/765 1521/1538/765 1519/1536/765
f 1523/1539/766 1522/1540/766 1520/1541/766
f 1523/1539/766 1524/1542/766 1522/1540/766
f 1525/1543/767 1524/1542/767 1523/1539/767
f 1525/1543/767 1526/1544/767 1524/1542/767
f 1527/1545/768 1526/1544/768 1525/1543/768
f 1527/1545/768 1528/1546/768 1526/1544/768
f 1529/1547/769 1528/1546/769 1527/1545/769
f 1529/1547/769 1530/1548/769 1528/1546/769
f 1531/1549/770 1532/1550/770 1535/1551/770
f 1533/1552/771 1532/1550/771 1531/1549/771
f 1531/1549/772 1535/1551/772 1534/1553/772
f 1534/1553/773 1535/1551/773 1536/1554/773
f 1534/1553/773 1536/1554/773 1537/1555/773
f 1537/1555/774 1536/1554/774 1538/1556/774
f 1537/1555/774 1538/1556/774 1539/1557/774
f 1539/1557/775 1538/1556/775 1540/1558/775
f 1542/1559/776 1540/1558/776 1541/1560/776
f 1539/1557/775 1540/1558/775 1542/1559/775
f 1542/1559/776 1541/1560/776 1543/1561/776
f 1543/1561/777 1541/1560/777 1545/1562/777
f 1543/1561/777 1545/1562/777 1544/1563/777
f 1544/1563/778 1545/1562/778 1546/1564/778
f 1544/1563/779 1546/1564/779 1547/1565/779
f 1547/1565/780 1546/1564/780 1548/1566/780
f 1550/1567/781 1548/1566/781 1549/1568/781
f 1547/1565/780 1548/1566/780 1550/1567/780
f 1550/1567/781 1549/1568/781 1533/1552/781
f 1533/1552/771 1549/1568/771 1532/1550/771
f 1553/1569/782 1552/1570/782 1551/1571/782
f 1553/1569/782 1554/1572/782 1552/1570/782
f 1556/1573/783 1555/1574/783 1553/1575/783
f 1556/1573/783 1557/1576/783 1555/1574/783
f 1559/1577/784 1558/1578/784 1556/1579/784
f 1559/1577/784 1560/1580/784 1558/1578/784
f 1563/1581/785 1562/1582/785 1561/1583/785
f 1563/1581/786 1564/1584/786 1562/1582/786
f 1564/1584/786 1563/1581/786 1565/1585/786
f 1564/1584/786 1565/1585/786 1566/1586/786
f 1567/1587/786 1564/1584/786 1566/1586/786
f 1568/1588/785 1564/1584/785 1567/1587/785
f 1570/1589/785 1568/1588/785 1569/1590/785
f 1570/1589/786 1564/1584/786 1568/1588/786
f 1573/1591/191 1572/1592/191 1571/1593/191
f 1573/1591/191 1574/1594/191 1572/1592/191
f 1577/1595/206 1576/1596/206 1575/1597/206
f 1577/1595/206 1578/1598/206 1576/1596/206
f 1578/1599/218 1579/1600/218 1581/1601/218
f 1578/1599/218 1581/1601/218 1580/1602/218
f 1579/1603/141 1583/1604/141 1582/1605/141
f 1579/1603/141 1584/1606/141 1583/1604/141
f 1588/1607/787 1585/1608/787 1586/1609/787
f 1587/1610/172 1586/1609/172 1585/1608/172
f 1588/1607/787 1589/1611/787 1585/1608/787
f 1587/1610/172 1590/1612/172 1586/1609/172
f 1594/1613/788 1591/1614/788 1592/1615/788
f 1593/1616/191 1592/1615/191 1591/1614/191
f 1594/1613/788 1595/1617/788 1591/1614/788
f 1593/1616/191 1596/1618/191 1592/1615/191
f 1600/1619/218 1597/1620/218 1598/1621/218
f 1599/1622/218 1598/1621/218 1597/1620/218
f 1599/1622/218 1601/1623/218 1598/1621/218
f 1604/1624/141 1603/1625/141 1602/1626/141
f 1604/1624/141 1605/1627/141 1603/1625/141
f 1608/1628/789 1607/1629/789 1606/1630/789
f 1608/1628/789 1609/1631/789 1607/1629/789
f 1610/1632/218 1607/1629/218 1609/1631/218
f 1612/1633/206 1610/1632/206 1611/1634/206
f 1610/1632/221 1613/1635/221 1607/1629/221
f 1612/1633/206 1613/1635/206 1610/1632/206
f 1614/1636/218 1607/1629/218 1613/1635/218
f 1616/1637/221 1614/1638/221 1615/1639/221
f 1619/1640/191 1618/1641/191 1617/1642/191
f 1619/1640/191 1620/1643/191 1618/1641/191
f 1623/1644/790 1622/1645/790 1621/1646/790
f 1625/1647/791 1623/1644/791 1621/1646/791
f 1625/1647/791 1621/1646/791 1624/1648/791
f 1623/1644/790 1626/1649/790 1622/1645/790
f 1629/1650/141 1628/1651/141 1627/1652/141
f 1629/1650/141 1630/1653/141 1628/1651/141
f 1633/1654/191 1632/1655/191 1631/1656/191
f 1633/1654/191 1634/1657/191 1632/1655/191
f 1637/1658/792 1636/1659/792 1635/1660/792
f 1637/1658/793 1638/1661/793 1636/1659/793
f 1642/1662/794 1639/1663/794 1640/1664/794
f 1641/1665/795 1640/1664/795 1639/1663/795
f 1642/1662/796 1640/1664/796 1643/1666/796
f 1641/1665/797 1644/1667/797 1640/1664/797
f 1646/1668/218 1644/1667/218 1641/1665/218
f 1646/1668/221 1641/1665/221 1645/1669/221
f 1650/1670/172 1647/1671/172 1648/1672/172
f 1649/1673/172 1648/1672/172 1647/1671/172
f 1652/1674/798 1651/1675/798 1650/1670/798
f 1650/1670/673 1648/1672/673 1652/1674/673
f 1649/1673/172 1653/1676/172 1648/1672/172
f 1656/1677/141 1655/1678/141 1654/1679/141
f 1656/1677/799 1657/1680/799 1655/1678/799
f 1660/1681/206 1659/1682/206 1658/1683/206
f 1660/1681/206 1661/1684/206 1659/1682/206
f 1663/1685/800 1665/1686/800 1662/1687/800
f 1664/1688/801 1663/1685/801 1662/1687/801
f 1663/1685/802 1666/1689/802 1665/1686/802
f 1667/1690/803 1666/1689/803 1663/1685/803
f 1667/1690/804 1663/1685/804 1668/1691/804
f 1667/1690/805 1668/1691/805 1669/1692/805
f 1668/1691/806 1670/1693/806 1669/1692/806
f 1663/1685/807 1671/1694/807 1670/1693/807
f 1663/1685/808 1670/1693/808 1668/1691/808
f 1664/1688/809 1671/1694/809 1663/1685/809
f 1672/1695/810 1673/1696/810 1675/1697/810
f 1674/1698/811 1673/1696/811 1672/1695/811
f 1674/1698/812 1676/1699/812 1673/1696/812
f 1673/1700/813 1678/1701/813 1677/1702/813
f 1679/1703/814 1678/1701/814 1673/1700/814
f 1679/1703/815 1680/1704/815 1678/1701/815
f 1678/1705/816 1681/1706/816 1682/1707/816
f 1683/1708/817 1681/1706/817 1678/1705/817
f 1683/1708/818 1684/1709/818 1681/1706/818
f 1681/1710/819 1686/1711/819 1685/1712/819
f 1687/1713/820 1686/1711/820 1681/1710/820
f 1687/1713/821 1688/1714/821 1686/1711/821
f 1691/1715/218 1690/1716/218 1689/1717/218
f 1691/1715/218 1692/1718/218 1690/1716/218
f 1695/1719/172 1694/1720/172 1693/1721/172
f 1695/1719/673 1696/1722/673 1694/1720/673
f 1699/1723/672 1698/1724/672 1697/1725/672
f 1699/1723/191 1700/1726/191 1698/1724/191
f 1703/1727/218 1702/1728/218 1701/1729/218
f 1703/1727/218 1704/1730/218 1702/1728/218
f 1707/1731/206 1706/1732/206 1705/1733/206
f 1707/1731/206 1708/1734/206 1706/1732/206
f 1711/1735/822 1710/1736/822 1709/1737/822
f 1711/1735/141 1712/1738/141 1710/1736/141
f 1715/1739/672 1714/1740/672 1713/1741/672
f 1715/1739/672 1716/1742/672 1714/1740/672
f 1719/1743/206 1718/1744/206 1717/1745/206
f 1719/1743/206 1720/1746/206 1718/1744/206
f 1723/1747/172 1722/1748/172 1721/1749/172
f 1723/1747/172 1724/1750/172 1722/1748/172
f 1727/1751/479 1726/1752/479 1725/1753/479
f 1727/1751/162 1728/1754/162 1726/1752/162
f 1731/1755/172 1730/1756/172 1729/1757/172
f 1731/1755/172 1732/1758/172 1730/1756/172
f 1735/1759/141 1734/1760/141 1733/1761/141
f 1735/1759/141 1736/1762/141 1734/1760/141
f 1739/1763/191 1738/1764/191 1737/1765/191
f 1739/1763/191 1740/1766/191 1738/1764/191
f 1743/1767/206 1742/1768/206 1741/1769/206
f 1743/1767/206 1744/1770/206 1742/1768/206
f 1747/1771/823 1746/1772/823 1745/1773/823
f 1747/1771/824 1748/1774/824 1746/1772/824
f 1751/1775/206 1750/1776/206 1749/1777/206
f 1751/1775/206 1752/1778/206 1750/1776/206
f 1755/1779/825 1754/1780/825 1753/1781/825
f 1755/1779/826 1756/1782/826 1754/1780/826
f 1759/1783/191 1758/1784/191 1757/1785/191
f 1759/1783/191 1760/1786/191 1758/1784/191
f 1763/1787/206 1762/1788/206 1761/1789/206
f 1763/1787/206 1764/1790/206 1762/1788/206
f 1767/1791/172 1766/1792/172 1765/1793/172
f 1767/1791/172 1768/1794/172 1766/1792/172
f 1771/1795/141 1770/1796/141 1769/1797/141
f 1771/1795/141 1772/1798/141 1770/1796/141
f 1775/1799/172 1774/1800/172 1773/1801/172
f 1775/1799/172 1776/1802/172 1774/1800/172
f 1779/1803/141 1778/1804/141 1777/1805/141
f 1779/1803/141 1780/1806/141 1778/1804/141
f 1783/1807/191 1782/1808/191 1781/1809/191
f 1783/1807/191 1784/1810/191 1782/1808/191
f 1787/1811/206 1786/1812/206 1785/1813/206
f 1787/1811/206 1788/1814/206 1786/1812/206
f 1791/1815/218 1790/1816/218 1789/1817/218
f 1791/1815/218 1792/1818/218 1790/1816/218
f 1795/1819/206 1794/1820/206 1793/1821/206
f 1795/1819/206 1796/1822/206 1794/1820/206
f 1799/1823/141 1798/1824/141 1797/1825/141
f 1799/1823/141 1800/1826/141 1798/1824/141
f 1803/1827/673 1802/1828/673 1801/1829/673
f 1803/1827/673 1804/1830/673 1802/1828/673
f 1807/1831/206 1806/1832/206 1805/1833/206
f 1807/1831/206 1808/1834/206 1806/1832/206
f 1811/1835/191 1810/1836/191 1809/1837/191
f 1811/1835/191 1812/1838/191 1810/1836/191
f 1815/1839/672 1814/1840/672 1813/1841/672
f 1815/1839/672 1816/1842/672 1814/1840/672
f 1819/1843/141 1818/1844/141 1817/1845/141
f 1819/1843/141 1820/1846/141 1818/1844/141
f 1823/1847/172 1822/1848/172 1821/1849/172
f 1823/1847/172 1824/1850/172 1822/1848/172
f 1827/1851/206 1826/1852/206 1825/1853/206
f 1827/1851/206 1828/1854/206 1826/1852/206
f 1831/1855/218 1830/1856/218 1829/1857/218
f 1831/1855/218 1832/1858/218 1830/1856/218
f 1835/1859/206 1834/1860/206 1833/1861/206
f 1835/1859/827 1836/1862/827 1834/1860/827
f 1839/1863/141 1838/1864/141 1837/1865/141
f 1839/1863/141 1840/1866/141 1838/1864/141
f 1843/1867/172 1842/1868/172 1841/1869/172
f 1843/1867/172 1844/1870/172 1842/1868/172
f 1847/1871/828 1846/1872/828 1845/1873/828
f 1847/1871/206 1848/1874/206 1846/1872/206
f 1851/1875/191 1850/1876/191 1849/1877/191
f 1851/1875/191 1852/1878/191 1850/1876/191
f 1855/1879/191 1854/1880/191 1853/1881/191
f 1855/1879/191 1856/1882/191 1854/1880/191
f 1859/1883/673 1858/1884/673 1857/1885/673
f 1859/1883/673 1860/1886/673 1858/1884/673
f 1863/1887/206 1862/1888/206 1861/1889/206
f 1863/1887/206 1864/1890/206 1862/1888/206
f 1867/1891/218 1866/1892/218 1865/1893/218
f 1867/1891/218 1868/1894/218 1866/1892/218
f 1871/1895/829 1870/1896/829 1869/1897/829
f 1871/1895/829 1872/1898/829 1870/1896/829
f 1875/1899/830 1874/1900/830 1873/1901/830
f 1875/1899/830 1876/1902/830 1874/1900/830
f 1879/1903/831 1878/1904/831 1877/1905/831
f 1879/1903/831 1880/1906/831 1878/1904/831
f 1883/1907/218 1882/1908/218 1881/1909/218
f 1883/1907/218 1884/1910/218 1882/1908/218
f 1887/1911/829 1886/1912/829 1885/1913/829
f 1887/1911/829 1888/1914/829 1886/1912/829
f 1891/1915/832 1890/1916/832 1889/1917/832
f 1891/1915/832 1892/1918/832 1890/1916/832
f 1895/1919/833 1894/1920/833 1893/1921/833
f 1895/1919/833 1896/1922/833 1894/1920/833
f 1897/1923/834 1898/1924/834 1901/1925/834
f 1899/1926/835 1898/1924/835 1897/1923/835
f 1897/1923/834 1901/1925/834 1900/1927/834
f 1900/1927/836 1901/1925/836 1902/1928/836
f 1904/1929/837 1902/1928/837 1903/1930/837
f 1900/1927/836 1902/1928/836 1904/1929/836
f 1904/1929/838 1903/1930/838 1905/1931/838
f 1905/1931/839 1907/1932/839 1906/1933/839
f 1905/1931/839 1903/1930/839 1907/1932/839
f 1899/1926/840 1908/1934/840 1898/1924/840
f 1909/1935/841 1908/1934/841 1899/1926/841
f 1909/1935/842 1910/1936/842 1908/1934/842
f 1911/1937/843 1910/1936/843 1909/1935/843
f 1911/1937/844 1912/1938/844 1910/1936/844
f 1914/1939/845 1912/1938/845 1911/1937/845
f 1914/1939/845 1911/1937/845 1913/1940/845
f 1917/1941/846 1916/1942/846 1915/1943/846
f 1917/1941/847 1918/1944/847 1916/1942/847
f 1920/1945/847 1918/1944/847 1917/1941/847
f 1920/1945/848 1917/1941/848 1919/1946/848
f 1922/1947/847 1918/1944/847 1920/1945/847
f 1922/1947/848 1920/1945/848 1921/1948/848
f 1925/1949/849 1924/1950/849 1923/1951/849
f 1925/1949/850 1923/1951/850 1926/1952/850
f 1925/1949/850 1926/1952/850 1927/1953/850
f 1929/1954/851 1925/1949/851 1927/1953/851
f 1929/1954/849 1927/1953/849 1928/1955/849
f 1925/1949/850 1930/1956/850 1924/1950/850
f 1933/1957/852 1932/1958/852 1931/1959/852
f 1933/1957/852 1934/1960/852 1932/1958/852
f 1937/1961/853 1936/1962/853 1935/1963/853
f 1937/1961/853 1938/1964/853 1936/1962/853
f 1941/1965/221 1940/1966/221 1939/1967/221
f 1941/1965/221 1942/1968/221 1940/1966/221
f 1945/1969/854 1944/1970/854 1943/1971/854
f 1945/1969/854 1946/1972/854 1944/1970/854
f 1949/1973/855 1948/1974/855 1947/1975/855
f 1949/1973/855 1950/1976/855 1948/1974/855
f 1953/1977/847 1952/1978/847 1951/1979/847
f 1953/1977/848 1954/1980/848 1952/1978/848
f 1957/1981/856 1956/1982/856 1955/1983/856
f 1957/1981/856 1958/1984/856 1956/1982/856
f 1961/1985/850 1960/1986/850 1959/1987/850
f 1961/1985/850 1962/1988/850 1960/1986/850
f 1965/1989/855 1964/1990/855 1963/1991/855
f 1965/1989/855 1966/1992/855 1964/1990/855
f 1969/1993/847 1968/1994/847 1967/1995/847
f 1969/1993/847 1970/1996/847 1968/1994/847
f 1973/1997/856 1972/1998/856 1971/1999/856
f 1973/1997/857 1974/2000/857 1972/1998/857
f 1977/2001/850 1976/2002/850 1975/2003/850
f 1977/2001/850 1978/2004/850 1976/2002/850
f 1981/2005/848 1980/2006/848 1979/2007/848
f 1981/2005/847 1982/2008/847 1980/2006/847
f 1983/2009/858 1984/2010/858 1987/2011/858
f 1985/2012/859 1984/2010/859 1983/2009/859
f 1983/2009/858 1987/2011/858 1986/2013/858
f 1986/2013/860 1987/2011/860 1988/2014/860
f 1986/2013/860 1988/2014/860 1989/2015/860
f 1985/2012/861 1990/2016/861 1984/2010/861
f 1991/2017/862 1990/2016/862 1985/2012/862
f 1991/2017/862 1992/2018/862 1990/2016/862
f 1995/2019/863 1994/2020/863 1993/2021/863
f 1995/2019/864 1996/2022/864 1994/2020/864
f 1997/2023/865 1996/2022/865 1995/2019/865
f 1997/2023/865 1998/2024/865 1996/2022/865
f 1999/2025/866 1998/2024/866 1997/2023/866
f 1999/2025/866 2000/2026/866 1998/2024/866
f 2001/2027/867 2000/2026/867 1999/2025/867
f 2001/2027/867 2002/2028/867 2000/2026/867
f 2003/2029/868 2002/2028/868 2001/2027/868
f 2003/2029/868 2004/2030/868 2002/2028/868
f 2005/2031/869 2004/2030/869 2003/2029/869
f 2005/2031/869 2006/2032/869 2004/2030/869
f 2007/2033/870 2006/2032/870 2005/2031/870
f 2007/2033/871 2008/2034/871 2006/2032/871
f 2009/2035/872 2008/2034/872 2007/2033/872
f 2009/2035/872 2010/2036/872 2008/2034/872
f 2013/2037/218 2012/2038/218 2011/2039/218
f 2013/2037/218 2014/2040/218 2012/2038/218
f 2014/2040/218 2013/2037/218 2015/2041/218
f 2014/2040/218 2015/2041/218 2016/2042/218
f 2014/2040/218 2016/2042/218 2017/2043/218
f 2014/2040/218 2017/2043/218 2018/2044/218
f 2019/2045/218 2014/2040/218 2018/2044/218
f 2020/2046/218 2014/2040/218 2019/2045/218
f 2022/2047/218 2020/2046/218 2021/2048/218
f 2022/2047/218 2014/2040/218 2020/2046/218
f 2025/2049/873 2024/2050/873 2023/2051/873
f 2027/2052/874 2025/2049/874 2023/2051/874
f 2027/2052/875 2023/2051/875 2026/2053/875
f 2028/2054/876 2027/2052/876 2026/2053/876
f 2028/2054/876 2026/2053/876 2029/2055/876
f 2030/2056/877 2028/2054/877 2029/2055/877
f 2030/2056/877 2029/2055/877 2031/2057/877
f 2032/2058/878 2030/2056/878 2031/2057/878
f 2033/2059/879 2032/2058/879 2034/2060/879
f 2032/2058/878 2031/2057/878 2034/2060/878
f 2033/2059/879 2034/2060/879 2035/2061/879
f 2037/2062/880 2033/2059/880 2035/2061/880
f 2037/2062/880 2035/2061/880 2036/2063/880
f 2038/2064/881 2037/2062/881 2036/2063/881
f 2038/2064/881 2036/2063/881 2039/2065/881
f 2040/2066/882 2038/2064/882 2039/2065/882
f 2041/2067/883 2040/2066/883 2042/2068/883
f 2040/2066/884 2039/2065/884 2042/2068/884
f 2041/2067/883 2042/2068/883 2043/2069/883
f 2045/2070/885 2041/2067/885 2043/2069/885
f 2045/2070/886 2043/2069/886 2044/2071/886
f 2046/2072/887 2045/2070/887 2044/2071/887
f 2046/2072/887 2044/2071/887 2024/2050/887
f 2025/2049/873 2046/2072/873 2024/2050/873
f 2048/2073/461 2050/2074/461 2047/2075/461
f 2049/2076/888 2048/2073/888 2047/2075/888
f 2052/2077/889 2049/2076/889 2047/2075/889
f 2047/2075/890 2050/2074/890 2053/2078/890
f 2047/2075/891 2053/2078/891 2051/2079/891
f 2052/2077/892 2047/2075/892 2051/2079/892
f 2055/2080/473 2051/2079/473 2053/2078/473
f 2050/2074/141 2054/2081/141 2053/2078/141
f 2055/2080/487 2053/2078/487 2057/2082/487
f 2053/2078/141 2058/2083/141 2056/2084/141
f 2053/2078/141 2056/2084/141 2057/2082/141
f 2059/2085/141 2061/2086/141 2057/2082/141
f 2057/2082/452 2061/2086/452 2060/2087/452
f 2057/2082/455 2060/2087/455 2055/2080/455
f 2059/2085/141 2062/2088/141 2061/2086/141
f 2062/2088/141 2064/2089/141 2061/2086/141
f 2061/2086/451 2064/2089/451 2063/2090/451
f 2061/2086/451 2063/2090/451 2060/2087/451
f 2062/2088/141 2065/2091/141 2064/2089/141
f 2063/2090/450 2066/2092/450 2067/2093/450
f 2063/2090/450 2067/2093/450 2060/2087/450
f 2067/2093/206 2069/2094/206 2068/2095/206
f 2060/2087/893 2067/2093/893 2068/2095/893
f 2067/2093/206 2070/2096/206 2069/2094/206
f 2066/2092/206 2070/2096/206 2067/2093/206
f 2070/2096/472 2072/2097/472 2071/2098/472
f 2070/2096/469 2073/2099/469 2072/2097/469
f 2074/2100/459 2073/2099/459 2070/2096/459
f 2066/2092/206 2074/2100/206 2070/2096/206
f 2074/2100/459 2075/2101/459 2073/2099/459
f 2076/2102/461 2073/2099/461 2075/2101/461
f 2076/2102/461 2077/2103/461 2073/2099/461
f 2077/2103/471 2078/2104/471 2079/2105/471
f 2077/2103/470 2079/2105/470 2073/2099/470
f 2080/2106/484 2081/2107/484 2079/2108/484
f 2082/2109/463 2084/2110/463 2081/2111/463
f 2082/2109/894 2081/2111/894 2086/2112/894
f 2083/2113/483 2085/2114/483 2081/2111/483
f 2083/2113/468 2081/2111/468 2084/2110/468
f 2088/2115/467 2081/2116/467 2087/2117/467
f 2088/2115/467 2090/2118/467 2081/2116/467
f 2080/2106/484 2089/2119/484 2081/2107/484
f 2068/2120/206 2088/2121/206 2091/2122/206
f 2068/2095/206 2087/2123/206 2052/2077/206
f 2085/2114/206 2083/2113/206 2049/2076/206
f 2085/2114/206 2049/2076/206 2052/2077/206
f 2092/2124/450 2083/2113/450 2084/2110/450
f 2092/2124/450 2084/2110/450 2093/2125/450
f 2094/2126/451 2093/2125/451 2084/2110/451
f 2094/2126/451 2084/2110/451 2082/2109/451
f 2083/2113/206 2092/2124/206 2095/2127/206
f 2083/2113/206 2095/2127/206 2049/2076/206
f 2049/2076/888 2095/2127/888 2048/2073/888
f 2060/2087/454 2068/2095/454 2055/2080/454
f 2051/2079/456 2055/2080/456 2068/2095/456
f 2051/2079/490 2068/2095/490 2052/2077/490
f 2050/2074/141 2096/2128/141 2054/2081/141
f 2097/2129/141 2096/2128/141 2050/2074/141
f 2097/2129/141 2098/2130/141 2096/2128/141
f 2048/2073/461 2097/2129/461 2050/2074/461
f 2099/2131/478 2100/2132/478 2103/2133/478
f 2101/2134/477 2100/2132/477 2099/2131/477
f 2099/2131/478 2103/2133/478 2102/2135/478
f 2101/2134/477 2104/2136/477 2100/2132/477
f 2105/2137/476 2104/2136/476 2101/2134/476
f 2105/2137/476 2106/2138/476 2104/2136/476
f 2107/2139/475 2106/2138/475 2105/2137/475
f 2107/2139/475 2108/2140/475 2106/2138/475
f 2111/2141/191 2110/2142/191 2109/2143/191
f 2111/2141/191 2112/2144/191 2110/2142/191
f 2115/2145/172 2114/2146/172 2113/2147/172
f 2115/2145/172 2116/2148/172 2114/2146/172
f 2119/2149/450 2118/2150/450 2117/2151/450
f 2121/2152/205 2119/2149/205 2117/2151/205
f 2121/2152/206 2117/2151/206 2120/2153/206
f 2124/2154/469 2121/2152/469 2122/2155/469
f 2122/2155/459 2121/2152/459 2120/2153/459
f 2124/2154/472 2123/2156/472 2121/2152/472
f 2123/2156/205 2119/2149/205 2121/2152/205
f 2124/2154/470 2122/2155/470 2130/2157/470
f 2124/2154/895 2126/2158/895 2123/2156/895
f 2124/2154/484 2125/2159/484 2129/2160/484
f 2124/2154/471 2130/2157/471 2125/2159/471
f 2124/2154/896 2127/2161/896 2126/2158/896
f 2124/2154/465 2129/2160/465 2128/2162/465
f 2122/2155/461 2131/2163/461 2130/2157/461
f 2122/2155/461 2132/2164/461 2131/2163/461
f 2122/2155/459 2120/2153/459 2132/2164/459
f 2128/2165/463 2134/2166/463 2133/2167/463
f 2128/2165/464 2135/2168/464 2134/2166/464
f 2133/2167/451 2134/2166/451 2136/2169/451
f 2133/2167/485 2136/2169/485 2137/2170/485
f 2133/2167/450 2137/2170/450 2138/2171/450
f 2133/2167/450 2138/2171/450 2139/2172/450
f 2140/2173/206 2139/2172/206 2138/2171/206
f 2140/2173/206 2141/2174/206 2139/2172/206
f 2142/2175/459 2141/2174/459 2140/2173/459
f 2142/2175/459 2143/2176/459 2141/2174/459
f 2145/2177/461 2143/2176/461 2142/2175/461
f 2145/2177/461 2142/2175/461 2144/2178/461
f 2146/2179/462 2143/2176/462 2145/2177/462
f 2148/2180/141 2146/2179/141 2145/2177/141
f 2147/2181/141 2145/2177/141 2144/2178/141
f 2148/2180/141 2145/2177/141 2147/2181/141
f 2147/2181/141 2144/2178/141 2149/2182/141
f 2146/2179/897 2150/2183/897 2143/2176/897
f 2152/2184/487 2150/2183/487 2146/2179/487
f 2153/2185/141 2146/2179/141 2151/2186/141
f 2153/2185/141 2152/2184/141 2146/2179/141
f 2154/2187/141 2152/2184/141 2153/2185/141
f 2154/2187/141 2153/2185/141 2155/2188/141
f 2156/2189/141 2154/2187/141 2155/2188/141
f 2156/2189/141 2155/2188/141 2157/2190/141
f 2118/2150/451 2154/2187/451 2156/2189/451
f 2158/2191/486 2152/2184/486 2154/2187/486
f 2118/2150/451 2158/2191/451 2154/2187/451
f 2119/2149/450 2158/2191/450 2118/2150/450
f 2159/2192/893 2158/2191/893 2119/2149/893
f 2159/2192/454 2160/2193/454 2158/2191/454
f 2158/2191/455 2160/2193/455 2152/2184/455
f 2161/2194/898 2160/2193/898 2159/2192/898
f 2152/2184/487 2160/2193/487 2150/2183/487
f 2161/2194/490 2150/2183/490 2160/2193/490
f 2143/2176/488 2150/2183/488 2161/2194/488
f 2123/2156/206 2126/2158/206 2161/2194/206
f 2141/2174/206 2161/2194/206 2162/2195/206
f 2143/2176/458 2161/2194/458 2141/2174/458
f 2123/2156/206 2161/2194/206 2159/2192/206
f 2141/2174/206 2162/2195/206 2139/2172/206
f 2123/2156/206 2159/2192/206 2119/2149/206
f 2164/2196/899 2139/2172/899 2163/2197/899
f 2164/2196/468 2133/2167/468 2139/2172/468
f 2167/2198/477 2166/2199/477 2165/2200/477
f 2169/2201/478 2167/2198/478 2165/2200/478
f 2169/2201/478 2165/2200/478 2168/2202/478
f 2167/2198/477 2170/2203/477 2166/2199/477
f 2170/2203/476 2171/2204/476 2166/2199/476
f 2170/2203/476 2172/2205/476 2171/2204/476
f 2172/2205/475 2174/2206/475 2173/2207/475
f 2172/2205/475 2173/2207/475 2171/2204/475
f 2177/2208/172 2176/2209/172 2175/2210/172
f 2177/2208/172 2178/2211/172 2176/2209/172
f 2181/2212/191 2180/2213/191 2179/2214/191
f 2181/2212/191 2182/2215/191 2180/2213/191
f 2185/2216/900 2184/2217/900 2183/2218/900
f 2186/2219/901 2185/2216/901 2183/2218/901
f 2188/2220/901 2187/2221/901 2186/2219/901
f 2186/2219/901 2187/2221/901 2185/2216/901
f 2188/2220/901 2189/2222/901 2187/2221/901
f 2185/2216/900 2190/2223/900 2184/2217/900
f 2193/2224/902 2192/2225/902 2191/2226/902
f 2193/2224/903 2194/2227/903 2192/2225/903
f 2197/2228/904 2196/2229/904 2195/2230/904
f 2197/2228/904 2198/2231/904 2196/2229/904
f 2198/2232/191 2200/2233/191 2199/2234/191
f 2198/2232/191 2201/2235/191 2200/2233/191
f 2201/2236/905 2203/2237/905 2202/2238/905
f 2201/2236/905 2204/2239/905 2203/2237/905
f 2207/2240/906 2206/2241/906 2205/2242/906
f 2207/2240/906 2208/2243/906 2206/2241/906
f 2211/2244/907 2210/2245/907 2209/2246/907
f 2211/2244/907 2212/2247/907 2210/2245/907
f 2212/2248/172 2214/2249/172 2213/2250/172
f 2212/2248/172 2215/2251/172 2214/2249/172
f 2215/2252/908 2217/2253/908 2216/2254/908
f 2215/2252/908 2218/2255/908 2217/2253/908
f 2221/2256/901 2220/2257/901 2219/2258/901
f 2219/2258/901 2222/2259/901 2221/2256/901
f 2219/2258/901 2223/2260/901 2222/2259/901
f 2222/2259/901 2223/2260/901 2224/2261/901
f 2222/2259/901 2224/2261/901 2225/2262/901
f 2221/2256/900 2226/2263/900 2220/2257/900
f 2229/2264/903 2228/2265/903 2227/2266/903
f 2229/2264/903 2230/2267/903 2228/2265/903
f 2233/2268/908 2232/2269/908 2231/2270/908
f 2233/2268/908 2234/2271/908 2232/2269/908
f 2236/2272/172 2234/2273/172 2235/2274/172
f 2236/2272/172 2237/2275/172 2234/2273/172
f 2239/2276/907 2237/2277/907 2238/2278/907
f 2239/2276/907 2240/2279/907 2237/2277/907
f 2243/2280/906 2242/2281/906 2241/2282/906
f 2243/2280/906 2244/2283/906 2242/2281/906
f 2247/2284/905 2246/2285/905 2245/2286/905
f 2247/2284/905 2248/2287/905 2246/2285/905
f 2250/2288/191 2248/2289/191 2249/2290/191
f 2250/2288/672 2251/2291/672 2248/2289/672
f 2253/2292/904 2251/2293/904 2252/2294/904
f 2253/2292/904 2254/2295/904 2251/2293/904
f 2257/2296/172 2256/2297/172 2255/2298/172
f 2257/2296/909 2258/2299/909 2256/2297/909
f 2257/2296/910 2259/2300/910 2258/2299/910
f 2262/2301/911 2261/2302/911 2260/2303/911
f 2262/2301/911 2263/2304/911 2261/2302/911
f 2266/2305/912 2265/2306/912 2264/2307/912
f 2267/2308/913 2266/2305/913 2264/2307/913
f 2267/2308/913 2264/2307/913 2268/2309/913
f 2266/2305/912 2269/2310/912 2265/2306/912
f 2272/2311/914 2271/2312/914 2270/2313/914
f 2272/2311/914 2273/2314/914 2271/2312/914
f 2276/2315/915 2275/2316/915 2274/2317/915
f 2276/2315/916 2278/2318/916 2275/2316/916
f 2276/2315/672 2277/2319/672 2278/2318/672
f 2279/2320/218 2280/2321/218 2282/2322/218
f 2282/2322/218 2281/2323/218 2279/2320/218
f 2282/2322/218 2283/2324/218 2281/2323/218
f 2287/2325/917 2284/2326/917 2285/2327/917
f 2286/2328/191 2285/2327/191 2284/2326/191
f 2287/2325/917 2288/2329/917 2284/2326/917
f 2290/2330/918 2289/2331/918 2288/2329/918
f 2290/2330/918 2288/2329/918 2287/2325/918
f 2290/2330/172 2291/2332/172 2289/2331/172
f 2290/2330/172 2292/2333/172 2291/2332/172
f 2286/2328/191 2293/2334/191 2285/2327/191
f 2296/2335/227 2295/2336/227 2294/2337/227
f 2296/2335/227 2297/2338/227 2295/2336/227
f 2296/2335/225 2298/2339/225 2297/2338/225
f 2299/2340/919 2300/2341/919 2303/2342/919
f 2301/2343/920 2300/2341/920 2299/2340/920
f 2299/2340/919 2303/2342/919 2302/2344/919
f 2303/2342/921 2305/2345/921 2304/2346/921
f 2303/2342/922 2304/2346/922 2302/2344/922
f 2305/2345/923 2306/2347/923 2307/2348/923
f 2305/2345/924 2307/2348/924 2304/2346/924
f 2307/2348/925 2309/2349/925 2308/2350/925
f 2307/2348/925 2306/2347/925 2309/2349/925
f 2308/2350/926 2309/2349/926 2310/2351/926
f 2312/2352/927 2310/2351/927 2311/2353/927
f 2308/2350/926 2310/2351/926 2312/2352/926
f 2312/2352/928 2311/2353/928 2313/2354/928
f 2313/2354/929 2311/2353/929 2314/2355/929
f 2313/2354/930 2314/2355/930 2301/2343/930
f 2301/2343/920 2314/2355/920 2300/2341/920
f 2317/2356/931 2316/2357/931 2315/2358/931
f 2317/2356/932 2315/2358/932 2318/2359/932
f 2319/2360/932 2318/2359/932 2320/2361/932
f 2317/2356/932 2318/2359/932 2319/2360/932
f 2319/2360/933 2320/2361/933 2321/2362/933
f 2317/2356/934 2322/2363/934 2316/2357/934
f 2324/2364/218 2326/2365/218 2323/2366/218
f 2325/2367/218 2324/2364/218 2323/2366/218
f 2328/2368/218 2327/2369/218 2326/2365/218
f 2324/2364/218 2328/2368/218 2326/2365/218
f 2329/2370/206 2330/2371/206 2333/2372/206
f 2331/2373/935 2330/2371/935 2329/2370/935
f 2329/2370/206 2333/2372/206 2332/2374/206
f 2332/2374/936 2333/2372/936 2334/2375/936
f 2332/2374/936 2334/2375/936 2335/2376/936
f 2331/2373/935 2336/2377/935 2330/2371/935
f 2338/2378/937 2336/2379/937 2337/2380/937
f 2338/2378/937 2339/2381/937 2336/2379/937
f 2340/2382/141 2339/2381/141 2338/2378/141
f 2340/2382/141 2341/2383/141 2339/2381/141
f 2342/2384/938 2343/2385/938 2341/2383/938
f 2342/2384/938 2341/2383/938 2340/2382/938
f 2346/2386/939 2345/2387/939 2344/2388/939
f 2346/2386/940 2347/2389/940 2345/2387/940
f 2348/2390/941 2347/2389/941 2346/2386/941
f 2348/2390/941 2349/2391/941 2347/2389/941
f 2352/2392/942 2351/2393/942 2350/2394/942
f 2352/2392/942 2353/2395/942 2351/2393/942
f 2354/2396/943 2353/2395/943 2352/2392/943
f 2354/2396/943 2355/2397/943 2353/2395/943
f 2358/2398/944 2357/2399/944 2356/2400/944
f 2358/2398/944 2359/2401/944 2357/2399/944
f 2360/2402/945 2359/2401/945 2358/2398/945
f 2360/2402/945 2361/2403/945 2359/2401/945
f 2364/2404/946 2363/2405/946 2362/2406/946
f 2364/2404/946 2365/2407/946 2363/2405/946
f 2366/2408/947 2365/2407/947 2364/2404/947
f 2366/2408/947 2367/2409/947 2365/2407/947
f 2370/2410/948 2369/2411/948 2368/2412/948
f 2370/2410/949 2368/2412/949 2371/2413/949
f 2370/2410/949 2371/2413/949 2372/2414/949
f 2371/2413/950 2373/2415/950 2372/2414/950
f 2371/2413/950 2374/2416/950 2373/2415/950
f 2374/2416/951 2375/2417/951 2373/2415/951
f 2379/2418/952 2376/2419/952 2377/2420/952
f 2378/2421/953 2377/2420/953 2376/2419/953
f 2379/2418/954 2377/2420/954 2380/2422/954
f 2379/2418/955 2380/2422/955 2381/2423/955
f 2379/2418/956 2381/2423/956 2382/2424/956
f 2383/2425/957 2382/2424/957 2381/2423/957
f 2383/2425/958 2386/2426/958 2384/2427/958
f 2383/2425/959 2384/2427/959 2385/2428/959
f 2383/2425/960 2381/2423/960 2386/2426/960
f 2387/2429/961 2385/2428/961 2384/2427/961
f 2387/2429/962 2384/2427/962 2388/2430/962
f 2387/2429/963 2388/2430/963 2389/2431/963
f 2387/2429/964 2389/2431/964 2390/2432/964
f 2378/2421/965 2390/2432/965 2389/2431/965
f 2378/2421/966 2389/2431/966 2391/2433/966
f 2378/2421/967 2391/2433/967 2377/2420/967
f 2395/2434/172 2392/2435/172 2393/2436/172
f 2394/2437/673 2393/2436/673 2392/2435/673
f 2392/2435/673 2397/2438/673 2394/2437/673
f 2395/2434/172 2396/2439/172 2392/2435/172
f 2394/2437/968 2398/2440/968 2393/2436/968
f 2401/2441/969 2400/2442/969 2399/2443/969
f 2401/2441/969 2402/2444/969 2400/2442/969
f 2404/2445/970 2406/2446/970 2403/2447/970
f 2404/2445/970 2403/2447/970 2407/2448/970
f 2406/2446/971 2405/2449/971 2403/2447/971
f 2406/2446/971 2408/2450/971 2405/2449/971
f 2411/2451/972 2410/2452/972 2409/2453/972
f 2411/2451/972 2412/2454/972 2410/2452/972
f 2415/2455/672 2414/2456/672 2413/2457/672
f 2417/2458/672 2415/2455/672 2413/2457/672
f 2417/2458/191 2413/2457/191 2416/2459/191
f 2417/2458/672 2418/2460/672 2415/2455/672
f 2415/2455/191 2419/2461/191 2414/2456/191
f 2420/2462/172 2421/2463/172 2424/2464/172
f 2422/2465/172 2421/2463/172 2420/2462/172
f 2420/2462/172 2425/2466/172 2422/2465/172
f 2420/2462/172 2424/2464/172 2423/2467/172
f 2422/2465/172 2426/2468/172 2421/2463/172
f 2429/2469/969 2428/2470/969 2427/2471/969
f 2429/2469/969 2430/2472/969 2428/2470/969
f 2433/2473/971 2432/2474/971 2431/2475/971
f 2435/2476/970 2433/2473/970 2431/2475/970
f 2435/2476/970 2431/2475/970 2434/2477/970
f 2433/2473/971 2436/2478/971 2432/2474/971
f 2439/2479/972 2438/2480/972 2437/2481/972
f 2439/2479/972 2440/2482/972 2438/2480/972
f 2443/2483/191 2442/2484/191 2441/2485/191
f 2441/2485/191 2444/2486/191 2443/2483/191
f 2441/2485/191 2445/2487/191 2444/2486/191
f 2444/2486/191 2446/2488/191 2443/2483/191
f 2443/2483/191 2447/2489/191 2442/2484/191
f 2450/2490/973 2449/2491/973 2448/2492/973
f 2450/2490/973 2451/2493/973 2449/2491/973
f 2454/2494/974 2453/2495/974 2452/2496/974
f 2456/2497/975 2455/2498/975 2454/2494/975
f 2454/2494/974 2455/2498/974 2453/2495/974
f 2456/2497/975 2457/2499/975 2455/2498/975
f 2458/2500/976 2457/2499/976 2456/2497/976
f 2458/2500/976 2459/2501/976 2457/2499/976
f 2460/2502/977 2459/2501/977 2458/2500/977
f 2460/2502/977 2461/2503/977 2459/2501/977
f 2464/2504/978 2463/2505/978 2462/2506/978
f 2464/2504/978 2465/2507/978 2463/2505/978
f 2468/2508/979 2467/2509/979 2466/2510/979
f 2468/2508/191 2469/2511/191 2467/2509/191
f 2472/2512/980 2471/2513/980 2470/2514/980
f 2472/2512/980 2473/2515/980 2471/2513/980
f 2473/2515/980 2472/2512/980 2474/2516/980
f 2473/2515/980 2474/2516/980 2475/2517/980
f 2475/2517/980 2474/2516/980 2477/2518/980
f 2477/2518/980 2474/2516/980 2476/2519/980
f 2480/2520/981 2479/2521/981 2478/2522/981
f 2479/2521/982 2480/2520/982 2481/2523/982
f 2481/2523/983 2483/2524/983 2482/2525/983
f 2481/2523/983 2482/2525/983 2479/2521/983
f 2483/2524/984 2484/2526/984 2482/2525/984
f 2482/2525/981 2484/2526/981 2485/2527/981
f 2488/2528/985 2487/2529/985 2486/2530/985
f 2488/2528/986 2489/2531/986 2487/2529/986
f 2492/2532/987 2491/2533/987 2490/2534/987
f 2492/2532/673 2493/2535/673 2491/2533/673
f 2496/2536/672 2495/2537/672 2494/2538/672
f 2496/2536/672 2497/2539/672 2495/2537/672
f 2500/2540/988 2499/2541/988 2498/2542/988
f 2500/2540/989 2501/2543/989 2499/2541/989
f 2504/2544/990 2503/2545/990 2502/2546/990
f 2504/2544/991 2505/2547/991 2503/2545/991
f 2508/2548/992 2507/2549/992 2506/2550/992
f 2508/2548/992 2509/2551/992 2507/2549/992
f 2512/2552/993 2511/2553/993 2510/2554/993
f 2512/2552/993 2513/2555/993 2511/2553/993
f 2516/2556/191 2515/2557/191 2514/2558/191
f 2517/2559/191 2515/2557/191 2516/2556/191
f 2516/2556/191 2518/2560/191 2517/2559/191
f 2516/2556/191 2519/2561/191 2518/2560/191
f 2517/2559/191 2520/2562/191 2515/2557/191
f 2523/2563/969 2522/2564/969 2521/2565/969
f 2523/2563/969 2524/2566/969 2522/2564/969
f 2525/2567/970 2527/2568/970 2526/2569/970
f 2525/2567/970 2526/2569/970 2529/2570/970
f 2528/2571/971 2527/2568/971 2525/2567/971
f 2528/2571/971 2530/2572/971 2527/2568/971
f 2533/2573/972 2532/2574/972 2531/2575/972
f 2533/2573/972 2534/2576/972 2532/2574/972
f 2537/2577/172 2536/2578/172 2535/2579/172
f 2537/2577/172 2535/2579/172 2538/2580/172
f 2537/2577/172 2538/2580/172 2539/2581/172
f 2539/2581/673 2540/2582/673 2537/2577/673
f 2537/2577/172 2541/2583/172 2536/2578/172
f 2544/2584/672 2543/2585/672 2542/2586/672
f 2545/2587/191 2543/2585/191 2544/2584/191
f 2544/2584/191 2546/2588/191 2545/2587/191
f 2544/2584/672 2547/2589/672 2546/2588/672
f 2545/2587/191 2548/2590/191 2543/2585/191
f 2551/2591/969 2550/2592/969 2549/2593/969
f 2551/2591/994 2552/2594/994 2550/2592/994
f 2553/2595/970 2554/2596/970 2557/2597/970
f 2555/2598/971 2554/2596/971 2553/2595/971
f 2553/2595/970 2557/2597/970 2556/2599/970
f 2555/2598/971 2558/2600/971 2554/2596/971
f 2561/2601/972 2560/2602/972 2559/2603/972
f 2561/2601/995 2562/2604/995 2560/2602/995
f 2565/2605/172 2564/2606/172 2563/2607/172
f 2567/2608/172 2564/2606/172 2565/2605/172
f 2566/2609/172 2567/2608/172 2565/2605/172
f 2564/2606/172 2567/2608/172 2568/2610/172
f 2564/2606/172 2568/2610/172 2569/2611/172
f 2572/2612/973 2571/2613/973 2570/2614/973
f 2572/2612/973 2573/2615/973 2571/2613/973
f 2576/2616/996 2575/2617/996 2574/2618/996
f 2576/2616/996 2577/2619/996 2575/2617/996
f 2580/2620/997 2579/2621/997 2578/2622/997
f 2580/2620/997 2581/2623/997 2579/2621/997
f 2581/2623/998 2583/2624/998 2582/2625/998
f 2581/2623/476 2582/2625/476 2579/2621/476
f 2583/2624/477 2584/2626/477 2582/2625/477
f 2583/2624/999 2585/2627/999 2584/2626/999
f 2585/2627/1000 2586/2628/1000 2584/2626/1000
f 2585/2627/478 2587/2629/478 2586/2628/478
f 2590/2630/672 2589/2631/672 2588/2632/672
f 2590/2630/672 2591/2633/672 2589/2631/672
f 2594/2634/673 2593/2635/673 2592/2636/673
f 2594/2634/673 2595/2637/673 2593/2635/673
f 2598/2638/980 2597/2639/980 2596/2640/980
f 2599/2641/980 2597/2639/980 2598/2638/980
f 2601/2642/980 2597/2639/980 2599/2641/980
f 2601/2642/980 2599/2641/980 2600/2643/980
f 2601/2642/980 2600/2643/980 2603/2644/980
f 2601/2642/980 2603/2644/980 2602/2645/980
f 2606/2646/981 2605/2647/981 2604/2648/981
f 2608/2649/983 2607/2650/983 2606/2646/983
f 2605/2647/984 2606/2646/984 2607/2650/984
f 2608/2649/983 2609/2651/983 2607/2650/983
f 2609/2651/982 2608/2649/982 2611/2652/982
f 2611/2652/981 2608/2649/981 2610/2653/981
f 2614/2654/992 2613/2655/992 2612/2656/992
f 2614/2654/1001 2615/2657/1001 2613/2655/1001
f 2618/2658/191 2617/2659/191 2616/2660/191
f 2618/2658/1002 2619/2661/1002 2617/2659/1002
f 2622/2662/172 2621/2663/172 2620/2664/172
f 2622/2662/172 2623/2665/172 2621/2663/172
f 2626/2666/988 2625/2667/988 2624/2668/988
f 2626/2666/989 2627/2669/989 2625/2667/989
f 2630/2670/986 2629/2671/986 2628/2672/986
f 2633/2673/986 2632/2674/986 2631/2675/986
f 2636/2676/1003 2635/2677/1003 2634/2678/1003
f 2636/2676/1004 2637/2679/1004 2635/2677/1004
f 2640/2680/992 2639/2681/992 2638/2682/992
f 2640/2680/985 2641/2683/985 2639/2681/985
f 2644/2684/1005 2643/2685/1005 2642/2686/1005
f 2644/2684/1006 2645/2687/1006 2643/2685/1006
f 2648/2688/1007 2647/2689/1007 2646/2690/1007
f 2648/2688/1007 2646/2690/1007 2649/2691/1007
f 2648/2688/1008 2649/2691/1008 2650/2692/1008
f 2648/2688/1007 2650/2692/1007 2651/2693/1007
f 2648/2688/1009 2651/2693/1009 2652/2694/1009
f 2653/2695/1009 2648/2688/1009 2652/2694/1009
f 2654/2696/1009 2648/2688/1009 2653/2695/1009
f 2656/2697/1009 2654/2696/1009 2655/2698/1009
f 2656/2697/1009 2648/2688/1009 2654/2696/1009
f 2648/2688/1010 2657/2699/1010 2647/2689/1010
f 2660/2700/1011 2658/2701/1011 2659/2702/1011
f 2660/2700/1011 2662/2703/1011 2658/2701/1011
f 2662/2703/1012 2661/2704/1012 2658/2701/1012
f 2662/2703/1012 2663/2705/1012 2661/2704/1012
f 2664/2706/1013 2660/2700/1013 2659/2702/1013
f 2666/2707/1014 2664/2706/1014 2665/2708/1014
f 2664/2706/1013 2659/2702/1013 2665/2708/1013
f 2666/2707/1014 2665/2708/1014 2667/2709/1014
f 2668/2710/1015 2666/2707/1015 2667/2709/1015
f 2668/2710/1015 2667/2709/1015 2669/2711/1015
f 2670/2712/1016 2668/2710/1016 2669/2711/1016
f 2670/2712/1016 2669/2711/1016 2672/2713/1016
f 2671/2714/1017 2673/2715/1017 2670/2712/1017
f 2671/2714/1017 2670/2712/1017 2672/2713/1017
f 2674/2716/1018 2675/2717/1018 2673/2715/1018
f 2674/2716/1018 2673/2715/1018 2671/2714/1018
f 2676/2718/1019 2677/2719/1019 2675/2717/1019
f 2676/2718/1019 2675/2717/1019 2674/2716/1019
f 2678/2720/1020 2677/2719/1020 2676/2718/1020
f 2678/2720/1021 2679/2721/1021 2677/2719/1021
f 2680/2722/1022 2681/2723/1022 2679/2721/1022
f 2680/2722/1022 2679/2721/1022 2678/2720/1022
f 2682/2724/1023 2681/2723/1023 2680/2722/1023
f 2682/2724/1023 2683/2725/1023 2681/2723/1023
f 2686/2726/1009 2685/2727/1009 2684/2728/1009
f 2686/2726/1024 2687/2729/1024 2685/2727/1024
f 2687/2729/1007 2688/2730/1007 2685/2727/1007
f 2687/2729/1009 2689/2731/1009 2688/2730/1009
f 2688/2730/1007 2689/2731/1007 2690/2732/1007
f 2692/2733/1009 2690/2732/1009 2691/2734/1009
f 2688/2730/1009 2690/2732/1009 2692/2733/1009
f 2692/2733/1009 2691/2734/1009 2693/2735/1009
f 2695/2736/1009 2694/2737/1009 2693/2738/1009
f 2695/2736/1010 2696/2739/1010 2694/2737/1010
f 2694/2737/1010 2696/2739/1010 2697/2740/1010
f 2694/2737/1010 2697/2740/1010 2698/2741/1010
f 2699/2742/1025 2700/2743/1025 2698/2744/1025
f 2700/2743/1009 2702/2745/1009 2701/2746/1009
f 2700/2743/1026 2703/2747/1026 2702/2745/1026
f 2699/2742/1027 2703/2747/1027 2700/2743/1027
f 2705/2748/1025 2704/2749/1025 2701/2750/1025
f 2705/2748/1028 2706/2751/1028 2704/2749/1028
f 2704/2749/1010 2706/2751/1010 2707/2752/1010
f 2704/2749/1007 2707/2752/1007 2708/2753/1007
f 2708/2753/1025 2707/2752/1025 2709/2754/1025
f 2711/2755/1029 2709/2754/1029 2710/2756/1029
f 2708/2753/1008 2709/2754/1008 2711/2755/1008
f 2711/2755/1009 2710/2756/1009 2712/2757/1009
f 2713/2758/1030 2714/2759/1030 2717/2760/1030
f 2715/2761/1031 2714/2759/1031 2713/2758/1031
f 2713/2758/1032 2717/2760/1032 2716/2762/1032
f 2716/2762/1033 2717/2760/1033 2718/2763/1033
f 2720/2764/1034 2718/2763/1034 2719/2765/1034
f 2716/2762/1033 2718/2763/1033 2720/2764/1033
f 2720/2764/1034 2719/2765/1034 2721/2766/1034
f 2721/2766/1035 2719/2765/1035 2722/2767/1035
f 2721/2766/1035 2722/2767/1035 2723/2768/1035
f 2723/2768/1036 2725/2769/1036 2724/2770/1036
f 2723/2768/1036 2722/2767/1036 2725/2769/1036
f 2725/2769/1037 2727/2771/1037 2726/2772/1037
f 2725/2769/1037 2726/2772/1037 2724/2770/1037
f 2727/2771/1038 2729/2773/1038 2728/2774/1038
f 2727/2771/1038 2728/2774/1038 2726/2772/1038
f 2729/2773/1039 2730/2775/1039 2731/2776/1039
f 2729/2773/1039 2731/2776/1039 2728/2774/1039
f 2730/2775/1040 2732/2777/1040 2731/2776/1040
f 2734/2778/1041 2733/2779/1041 2732/2777/1041
f 2730/2775/1040 2734/2778/1040 2732/2777/1040
f 2734/2778/1041 2735/2780/1041 2733/2779/1041
f 2735/2780/1042 2736/2781/1042 2733/2779/1042
f 2735/2780/1043 2737/2782/1043 2736/2781/1043
f 2715/2761/1044 2738/2783/1044 2714/2759/1044
f 2741/2784/1045 2740/2785/1045 2739/2786/1045
f 2741/2784/1046 2742/2787/1046 2740/2785/1046
f 2742/2787/1046 2741/2784/1046 2743/2788/1046
f 2742/2787/1046 2743/2788/1046 2744/2789/1046
f 2745/2790/1046 2742/2787/1046 2744/2789/1046
f 2746/2791/1046 2742/2787/1046 2745/2790/1046
f 2747/2792/1047 2742/2787/1047 2746/2791/1047
f 2748/2793/1046 2742/2787/1046 2747/2792/1046
f 2750/2794/1045 2748/2793/1045 2749/2795/1045
f 2750/2794/1046 2742/2787/1046 2748/2793/1046
f 2751/2796/1048 2752/2797/1048 2755/2798/1048
f 2753/2799/1049 2752/2797/1049 2751/2796/1049
f 2751/2796/1050 2755/2798/1050 2754/2800/1050
f 2754/2800/1051 2755/2798/1051 2756/2801/1051
f 2758/2802/1052 2756/2801/1052 2757/2803/1052
f 2754/2800/1051 2756/2801/1051 2758/2802/1051
f 2758/2802/1053 2757/2803/1053 2759/2804/1053
f 2760/2805/1054 2759/2804/1054 2761/2806/1054
f 2757/2803/1055 2761/2806/1055 2759/2804/1055
f 2757/2803/1056 2763/2807/1056 2761/2806/1056
f 2762/2808/1057 2760/2805/1057 2761/2806/1057
f 2764/2809/1058 2762/2808/1058 2761/2806/1058
f 2761/2806/1059 2763/2807/1059 2764/2809/1059
f 2766/2810/1060 2765/2811/1060 2763/2812/1060
f 2766/2810/172 2767/2813/172 2765/2811/172
f 2762/2808/1061 2768/2814/1061 2760/2805/1061
f 2753/2799/1062 2770/2815/1062 2752/2797/1062
f 2771/2816/191 2753/2799/191 2769/2817/191
f 2771/2816/191 2770/2815/191 2753/2799/191
f 2771/2816/191 2772/2818/191 2770/2815/191
f 2775/2819/1063 2774/2820/1063 2773/2821/1063
f 2773/2821/987 2776/2822/987 2775/2819/987
f 2773/2821/1064 2777/2823/1064 2776/2822/1064
f 2776/2822/172 2778/2824/172 2775/2819/172
f 2775/2819/1065 2779/2825/1065 2774/2820/1065
f 2779/2825/1066 2780/2826/1066 2774/2820/1066
f 2779/2825/1067 2781/2827/1067 2780/2826/1067
f 2781/2827/1068 2782/2828/1068 2780/2826/1068
f 2781/2827/1068 2783/2829/1068 2782/2828/1068
f 2783/2829/1069 2784/2830/1069 2782/2828/1069
f 2783/2829/1070 2785/2831/1070 2784/2830/1070
f 2786/2832/1071 2784/2830/1071 2785/2831/1071
f 2785/2831/1072 2787/2833/1072 2786/2832/1072
f 2787/2833/1073 2788/2834/1073 2786/2832/1073
f 2787/2833/1074 2789/2835/1074 2788/2834/1074
f 2788/2834/1075 2790/2836/1075 2786/2832/1075
f 2790/2836/1076 2791/2837/1076 2786/2832/1076
f 2790/2836/1077 2792/2838/1077 2791/2837/1077
f 2790/2836/191 2793/2839/191 2792/2838/191
f 2786/2832/1078 2791/2837/1078 2784/2830/1078
f 2796/2840/1079 2795/2841/1079 2794/2842/1079
f 2796/2840/1080 2797/2843/1080 2795/2841/1080
f 2800/2844/1081 2799/2845/1081 2798/2846/1081
f 2802/2847/1082 2800/2844/1082 2798/2846/1082
f 2802/2847/1083 2798/2846/1083 2801/2848/1083
f 2803/2849/1084 2802/2847/1084 2801/2848/1084
f 2803/2849/1085 2804/2850/1085 2802/2847/1085
f 2805/2851/1086 2804/2850/1086 2803/2849/1086
f 2805/2851/1086 2806/2852/1086 2804/2850/1086
f 2807/2853/1087 2806/2852/1087 2805/2851/1087
f 2807/2853/1088 2805/2851/1088 2808/2854/1088
f 2809/2855/1089 2807/2853/1089 2808/2854/1089
f 2809/2855/1090 2810/2856/1090 2807/2853/1090
f 2811/2857/1091 2810/2856/1091 2809/2855/1091
f 2811/2857/1090 2812/2858/1090 2810/2856/1090
f 2800/2844/1092 2813/2859/1092 2799/2845/1092
f 2815/2860/1093 2817/2861/1093 2814/2862/1093
f 2816/2863/1093 2815/2860/1093 2814/2862/1093
f 2815/2860/1093 2818/2864/1093 2817/2861/1093
f 2817/2861/1094 2818/2864/1094 2820/2865/1094
f 2817/2861/1094 2820/2865/1094 2819/2866/1094
f 2819/2866/1094 2820/2865/1094 2821/2867/1094
f 2819/2866/1093 2821/2867/1093 2822/2868/1093
f 2821/2867/1095 2823/2869/1095 2822/2868/1095
f 2821/2867/1095 2824/2870/1095 2823/2869/1095
f 2824/2870/1096 2825/2871/1096 2823/2869/1096
f 2824/2870/1094 2826/2872/1094 2825/2871/1094
f 2816/2863/1097 2827/2873/1097 2815/2860/1097
f 2828/2874/1097 2827/2873/1097 2816/2863/1097
f 2828/2874/1093 2829/2875/1093 2827/2873/1093
f 2832/2876/1098 2831/2877/1098 2830/2878/1098
f 2832/2876/1099 2833/2879/1099 2831/2877/1099
f 2835/2880/1100 2834/2881/1100 2832/2882/1100
f 2835/2880/1101 2836/2883/1101 2834/2881/1101
f 2839/2884/1102 2838/2885/1102 2837/2886/1102
f 2839/2884/1102 2840/2887/1102 2838/2885/1102
f 2843/2888/1103 2842/2889/1103 2841/2890/1103
f 2843/2888/1103 2844/2891/1103 2842/2889/1103
f 2847/2892/1104 2846/2893/1104 2845/2894/1104
f 2847/2892/1105 2848/2895/1105 2846/2893/1105
f 2851/2896/1106 2850/2897/1106 2849/2898/1106
f 2851/2896/1106 2852/2899/1106 2850/2897/1106
f 2855/2900/1102 2854/2901/1102 2853/2902/1102
f 2855/2900/1102 2856/2903/1102 2854/2901/1102
f 2859/2904/1107 2858/2905/1107 2857/2906/1107
f 2859/2904/1108 2860/2907/1108 2858/2905/1108
f 2863/2908/1104 2862/2909/1104 2861/2910/1104
f 2863/2908/1109 2864/2911/1109 2862/2909/1109
f 2867/2912/1106 2866/2913/1106 2865/2914/1106
f 2867/2912/1106 2868/2915/1106 2866/2913/1106
f 2871/2916/1110 2870/2917/1110 2869/2918/1110
f 2871/2916/1102 2872/2919/1102 2870/2917/1102
f 2875/2920/1107 2874/2921/1107 2873/2922/1107
f 2875/2920/1108 2876/2923/1108 2874/2921/1108
f 2879/2924/1104 2878/2925/1104 2877/2926/1104
f 2879/2924/1104 2880/2927/1104 2878/2925/1104
f 2883/2928/1111 2882/2929/1111 2881/2930/1111
f 2883/2928/1106 2884/2931/1106 2882/2929/1106
f 2887/2932/1102 2886/2933/1102 2885/2934/1102
f 2887/2932/1102 2888/2935/1102 2886/2933/1102
f 2891/2936/1107 2890/2937/1107 2889/2938/1107
f 2891/2936/1107 2892/2939/1107 2890/2937/1107
f 2895/2940/1104 2894/2941/1104 2893/2942/1104
f 2895/2940/1104 2896/2943/1104 2894/2941/1104
f 2899/2944/1106 2898/2945/1106 2897/2946/1106
f 2899/2944/1106 2900/2947/1106 2898/2945/1106
f 2903/2948/1102 2902/2949/1102 2901/2950/1102
f 2903/2948/1102 2904/2951/1102 2902/2949/1102
f 2907/2952/1103 2906/2953/1103 2905/2954/1103
f 2907/2952/1103 2908/2955/1103 2906/2953/1103
f 2911/2956/1105 2910/2957/1105 2909/2958/1105
f 2911/2956/1104 2912/2959/1104 2910/2957/1104
f 2915/2960/1106 2914/2961/1106 2913/2962/1106
f 2915/2960/1106 2916/2963/1106 2914/2961/1106
f 2919/2964/1091 2918/2965/1091 2917/2966/1091
f 2921/2967/1091 2917/2968/1091 2920/2969/1091
f 2921/2967/1091 2922/2970/1091 2917/2968/1091
f 2922/2970/1091 2921/2967/1091 2924/2971/1091
f 2922/2970/1091 2924/2971/1091 2923/2972/1091
f 2919/2964/1091 2925/2973/1091 2918/2965/1091
f 2926/2974/1112 2927/2975/1112 2930/2976/1112
f 2928/2977/1113 2927/2975/1113 2926/2974/1113
f 2926/2974/1114 2930/2976/1114 2929/2978/1114
f 2932/2979/1115 2929/2978/1115 2930/2976/1115
f 2932/2979/1116 2930/2976/1116 2931/2980/1116
f 2933/2981/1117 2932/2979/1117 2931/2980/1117
f 2935/2982/1118 2933/2981/1118 2934/2983/1118
f 2933/2981/1117 2931/2980/1117 2934/2983/1117
f 2935/2982/1118 2934/2983/1118 2936/2984/1118
f 2937/2985/1119 2935/2982/1119 2936/2984/1119
f 2937/2985/1119 2936/2984/1119 2938/2986/1119
f 2940/2987/1120 2938/2988/1120 2939/2989/1120
f 2940/2987/1121 2939/2989/1121 2941/2990/1121
f 2941/2990/1122 2942/2991/1122 2928/2977/1122
f 2941/2990/1123 2939/2989/1123 2942/2991/1123
f 2928/2977/1113 2942/2991/1113 2927/2975/1113
f 2945/2992/1124 2944/2993/1124 2943/2994/1124
f 2947/2995/1125 2945/2992/1125 2943/2994/1125
f 2947/2995/1126 2943/2994/1126 2946/2996/1126
f 2945/2992/1127 2947/2995/1127 2948/2997/1127
f 2945/2992/1127 2948/2997/1127 2949/2998/1127
f 2945/2992/1128 2950/2999/1128 2944/2993/1128
f 2953/3000/1129 2952/3001/1129 2951/3002/1129
f 2953/3000/1129 2954/3003/1129 2952/3001/1129
f 2957/3004/1129 2956/3005/1129 2955/3006/1129
f 2957/3004/1130 2958/3007/1130 2956/3005/1130
f 2961/3008/1131 2960/3009/1131 2959/3010/1131
f 2961/3008/1131 2962/3011/1131 2960/3009/1131
f 2965/3012/172 2964/3013/172 2963/3014/172
f 2965/3012/172 2966/3015/172 2964/3013/172
f 2969/3016/1132 2968/3017/1132 2967/3018/1132
f 2969/3016/1133 2970/3019/1133 2968/3017/1133
f 2973/3020/1134 2972/3021/1134 2971/3022/1134
f 2973/3020/1134 2974/3023/1134 2972/3021/1134
f 2977/3024/191 2976/3025/191 2975/3026/191
f 2977/3024/672 2978/3027/672 2976/3025/672
f 2981/3028/1135 2980/3029/1135 2979/3030/1135
f 2981/3028/1135 2982/3031/1135 2980/3029/1135
f 2985/3032/1136 2984/3033/1136 2983/3034/1136
f 2985/3032/1136 2986/3035/1136 2984/3033/1136
f 2989/3036/1137 2988/3037/1137 2987/3038/1137
f 2989/3036/1138 2990/3039/1138 2988/3037/1138
f 2993/3040/1139 2992/3041/1139 2991/3042/1139
f 2993/3040/1140 2994/3043/1140 2992/3041/1140
f 2997/3044/172 2996/3045/172 2995/3046/172
f 2997/3044/172 2998/3047/172 2996/3045/172
f 3001/3048/1141 3000/3049/1141 2999/3050/1141
f 3003/3051/172 3002/3052/172 3001/3048/172
f 3001/3048/1141 3002/3052/1141 3000/3049/1141
f 3003/3051/172 3004/3053/172 3002/3052/172
f 3005/3054/1142 3004/3053/1142 3003/3051/1142
f 3005/3054/1142 3006/3055/1142 3004/3053/1142
f 3009/3056/1143 3008/3057/1143 3007/3058/1143
f 3011/3059/191 3010/3060/191 3009/3056/191
f 3009/3056/1143 3010/3060/1143 3008/3057/1143
f 3011/3059/191 3012/3061/191 3010/3060/191
f 3013/3062/1144 3012/3061/1144 3011/3059/1144
f 3013/3062/1144 3014/3063/1144 3012/3061/1144
f 3017/3064/1145 3016/3065/1145 3015/3066/1145
f 3020/3067/1145 3018/3068/1145 3017/3064/1145
f 3017/3064/1145 3018/3068/1145 3016/3065/1145
f 3020/3067/1145 3017/3064/1145 3019/3069/1145
f 3023/3070/1127 3022/3071/1127 3021/3072/1127
f 3023/3070/1127 3024/3073/1127 3022/3071/1127
f 3026/3074/1127 3024/3073/1127 3023/3070/1127
f 3026/3074/1127 3023/3070/1127 3025/3075/1127
f 3030/3076/1146 3027/3077/1146 3028/3078/1146
f 3029/3079/1147 3028/3078/1147 3027/3077/1147
f 3030/3076/1148 3031/3080/1148 3027/3077/1148
f 3029/3079/1149 3032/3081/1149 3028/3078/1149
f 3033/3082/1150 3032/3081/1150 3029/3079/1150
f 3033/3082/1150 3034/3083/1150 3032/3081/1150
f 3035/3084/1151 3036/3085/1151 3039/3086/1151
f 3037/3087/1152 3036/3085/1152 3035/3084/1152
f 3035/3084/1151 3039/3086/1151 3038/3088/1151
f 3037/3087/1153 3040/3089/1153 3036/3085/1153
f 3037/3087/1154 3041/3090/1154 3040/3089/1154
f 3037/3087/1154 3042/3091/1154 3041/3090/1154
f 3048/3092/1155 3043/3093/1155 3044/3094/1155
f 3045/3095/1156 3044/3094/1156 3043/3093/1156
f 3047/3096/1157 3046/3097/1157 3043/3093/1157
f 3048/3092/1158 3047/3096/1158 3043/3093/1158
f 3048/3092/1159 3044/3094/1159 3050/3098/1159
f 3049/3099/1160 3051/3100/1160 3048/3092/1160
f 3048/3092/1161 3050/3098/1161 3049/3099/1161
f 3048/3092/1162 3051/3100/1162 3047/3096/1162
f 3051/3100/1163 3052/3101/1163 3047/3096/1163
f 3051/3100/1164 3053/3102/1164 3052/3101/1164
f 3049/3099/1165 3053/3102/1165 3051/3100/1165
f 3047/3096/1166 3052/3101/1166 3046/3097/1166
f 3045/3095/1167 3054/3103/1167 3044/3094/1167
f 3058/3104/1168 3055/3105/1168 3056/3106/1168
f 3057/3107/1169 3056/3106/1169 3055/3105/1169
f 3055/3105/1170 3059/3108/1170 3057/3107/1170
f 3058/3104/1171 3060/3109/1171 3055/3105/1171
f 3055/3105/1172 3060/3109/1172 3059/3108/1172
f 3057/3107/1173 3059/3108/1173 3061/3110/1173
f 3062/3111/1174 3061/3110/1174 3063/3112/1174
f 3057/3107/1175 3061/3110/1175 3062/3111/1175
f 3062/3111/1176 3063/3112/1176 3064/3113/1176
f 3066/3114/1177 3062/3111/1177 3064/3113/1177
f 3064/3113/1178 3065/3115/1178 3066/3114/1178
f 3056/3106/1179 3066/3114/1179 3067/3116/1179
f 3057/3107/1180 3066/3114/1180 3056/3106/1180
f 3066/3114/1181 3057/3107/1181 3062/3111/1181
f 3066/3114/1182 3068/3117/1182 3067/3116/1182
f 3066/3114/1183 3065/3115/1183 3068/3117/1183
f 3056/3106/1184 3067/3116/1184 3058/3104/1184
f 3071/3118/1136 3070/3119/1136 3069/3120/1136
f 3071/3118/1136 3072/3121/1136 3070/3119/1136
f 3075/3122/1185 3074/3123/1185 3073/3124/1185
f 3075/3122/1186 3076/3125/1186 3074/3123/1186
f 3079/3126/191 3078/3127/191 3077/3128/191
f 3079/3126/191 3080/3129/191 3078/3127/191
f 3083/3130/1187 3082/3131/1187 3081/3132/1187
f 3085/3133/1188 3083/3130/1188 3081/3132/1188
f 3085/3133/1189 3081/3132/1189 3084/3134/1189
f 3086/3135/1051 3085/3133/1051 3084/3134/1051
f 3086/3135/1051 3084/3134/1051 3087/3136/1051
f 3088/3137/1190 3086/3135/1190 3087/3136/1190
f 3088/3137/1191 3089/3138/1191 3091/3139/1191
f 3088/3137/1192 3087/3136/1192 3089/3138/1192
f 3088/3137/1193 3091/3139/1193 3090/3140/1193
f 3089/3138/1194 3092/3141/1194 3091/3139/1194
f 3090/3140/1195 3091/3139/1195 3094/3142/1195
f 3093/3143/1196 3091/3139/1196 3092/3141/1196
f 3093/3143/1197 3094/3142/1197 3091/3139/1197
f 3096/3144/1198 3090/3140/1198 3094/3142/1198
f 3096/3144/191 3094/3142/191 3095/3145/191
f 3093/3143/1199 3092/3141/1199 3097/3146/1199
f 3083/3130/1200 3098/3147/1200 3082/3131/1200
f 3100/3148/172 3082/3131/172 3098/3147/172
f 3100/3148/172 3098/3147/172 3099/3149/172
f 3082/3131/172 3100/3148/172 3101/3150/172
f 3102/3151/1201 3103/3152/1201 3106/3153/1201
f 3104/3154/1202 3103/3152/1202 3102/3151/1202
f 3102/3151/1203 3106/3153/1203 3105/3155/1203
f 3107/3156/672 3106/3153/672 3103/3152/672
f 3104/3154/1204 3108/3157/1204 3103/3152/1204
f 3109/3158/1205 3108/3157/1205 3104/3154/1205
f 3109/3158/1206 3110/3159/1206 3108/3157/1206
f 3111/3160/1068 3110/3159/1068 3109/3158/1068
f 3111/3160/1068 3112/3161/1068 3110/3159/1068
f 3113/3162/1207 3112/3161/1207 3111/3160/1207
f 3113/3162/1208 3114/3163/1208 3112/3161/1208
f 3115/3164/1209 3114/3163/1209 3113/3162/1209
f 3115/3164/1210 3113/3162/1210 3116/3165/1210
f 3116/3165/1211 3118/3166/1211 3115/3164/1211
f 3118/3166/1212 3116/3165/1212 3117/3167/1212
f 3118/3166/1213 3120/3168/1213 3115/3164/1213
f 3118/3166/172 3117/3167/172 3119/3169/172
f 3120/3168/1214 3121/3170/1214 3115/3164/1214
f 3120/3168/1215 3122/3171/1215 3121/3170/1215
f 3121/3170/1216 3114/3163/1216 3115/3164/1216
f 3125/3172/1080 3124/3173/1080 3123/3174/1080
f 3125/3172/1217 3126/3175/1217 3124/3173/1217
f 3129/3176/1092 3128/3177/1092 3127/3178/1092
f 3129/3176/1091 3130/3179/1091 3128/3177/1091
f 3131/3180/1218 3130/3179/1218 3129/3176/1218
f 3131/3180/1089 3132/3181/1089 3130/3179/1089
f 3131/3180/1088 3133/3182/1088 3132/3181/1088
f 3131/3180/1087 3134/3183/1087 3133/3182/1087
f 3134/3183/1086 3135/3184/1086 3133/3182/1086
f 3134/3183/1086 3136/3185/1086 3135/3184/1086
f 3137/3186/1219 3135/3184/1219 3136/3185/1219
f 3137/3186/1083 3139/3187/1083 3138/3188/1083
f 3137/3186/1220 3138/3188/1220 3135/3184/1220
f 3137/3186/1091 3140/3189/1091 3139/3187/1091
f 3142/3190/1091 3139/3187/1091 3140/3189/1091
f 3142/3190/1081 3140/3189/1081 3141/3191/1081
f 3145/3192/1093 3144/3193/1093 3143/3194/1093
f 3145/3192/1093 3143/3194/1093 3146/3195/1093
f 3145/3192/1094 3146/3195/1094 3147/3196/1094
f 3149/3197/1094 3147/3196/1094 3146/3195/1094
f 3149/3197/1094 3146/3195/1094 3148/3198/1094
f 3150/3199/1094 3149/3197/1094 3148/3198/1094
f 3150/3199/1093 3148/3198/1093 3151/3200/1093
f 3150/3199/1097 3151/3200/1097 3153/3201/1097
f 3150/3199/1097 3153/3201/1097 3152/3202/1097
f 3152/3202/1221 3153/3201/1221 3154/3203/1221
f 3152/3202/1222 3154/3203/1222 3155/3204/1222
f 3145/3192/1223 3156/3205/1223 3144/3193/1223
f 3156/3205/1095 3157/3206/1095 3144/3193/1095
f 3156/3205/1093 3158/3207/1093 3157/3206/1093
f 3161/3208/1224 3160/3209/1224 3159/3210/1224
f 3161/3208/1225 3162/3211/1225 3160/3209/1225
f 3164/3212/1226 3163/3213/1226 3160/3214/1226
f 3164/3212/1227 3165/3215/1227 3163/3213/1227
f 3168/3216/1106 3167/3217/1106 3166/3218/1106
f 3168/3216/1106 3169/3219/1106 3167/3217/1106
f 3172/3220/1105 3171/3221/1105 3170/3222/1105
f 3172/3220/1109 3173/3223/1109 3171/3221/1109
f 3176/3224/1107 3175/3225/1107 3174/3226/1107
f 3176/3224/1103 3177/3227/1103 3175/3225/1103
f 3180/3228/1102 3179/3229/1102 3178/3230/1102
f 3180/3228/1102 3181/3231/1102 3179/3229/1102
f 3183/3232/1106 3184/3233/1106 3182/3234/1106
f 3183/3232/1106 3185/3235/1106 3184/3233/1106
f 3188/3236/1104 3187/3237/1104 3186/3238/1104
f 3188/3236/1109 3189/3239/1109 3187/3237/1109
f 3192/3240/1107 3191/3241/1107 3190/3242/1107
f 3192/3240/1108 3193/3243/1108 3191/3241/1108
f 3196/3244/1102 3195/3245/1102 3194/3246/1102
f 3196/3244/1102 3197/3247/1102 3195/3245/1102
f 3200/3248/1111 3199/3249/1111 3198/3250/1111
f 3200/3248/1106 3201/3251/1106 3199/3249/1106
f 3204/3252/1104 3203/3253/1104 3202/3254/1104
f 3204/3252/1109 3205/3255/1109 3203/3253/1109
f 3208/3256/1107 3207/3257/1107 3206/3258/1107
f 3208/3256/1103 3209/3259/1103 3207/3257/1103
f 3212/3260/1110 3211/3261/1110 3210/3262/1110
f 3212/3260/1102 3213/3263/1102 3211/3261/1102
f 3216/3264/1106 3215/3265/1106 3214/3266/1106
f 3216/3264/1106 3217/3267/1106 3215/3265/1106
f 3220/3268/1104 3219/3269/1104 3218/3270/1104
f 3220/3268/1104 3221/3271/1104 3219/3269/1104
f 3224/3272/1107 3223/3273/1107 3222/3274/1107
f 3224/3272/1107 3225/3275/1107 3223/3273/1107
f 3228/3276/1102 3227/3277/1102 3226/3278/1102
f 3228/3276/1102 3229/3279/1102 3227/3277/1102
f 3232/3280/1106 3231/3281/1106 3230/3282/1106
f 3232/3280/1106 3233/3283/1106 3231/3281/1106
f 3236/3284/1105 3235/3285/1105 3234/3286/1105
f 3236/3284/1105 3237/3287/1105 3235/3285/1105
f 3240/3288/1103 3239/3289/1103 3238/3290/1103
f 3240/3288/1108 3241/3291/1108 3239/3289/1108
f 3244/3292/1102 3243/3293/1102 3242/3294/1102
f 3244/3292/1102 3245/3295/1102 3243/3293/1102
f 3248/3296/1091 3247/3297/1091 3246/3298/1091
f 3250/3299/1091 3246/3300/1091 3249/3301/1091
f 3250/3299/1091 3251/3302/1091 3246/3300/1091
f 3251/3302/1091 3250/3299/1091 3253/3303/1091
f 3251/3302/1091 3253/3303/1091 3252/3304/1091
f 3248/3296/1091 3254/3305/1091 3247/3297/1091
f 3257/3306/1117 3256/3307/1117 3255/3308/1117
f 3259/3309/1118 3257/3306/1118 3255/3308/1118
f 3259/3309/1118 3255/3308/1118 3258/3310/1118
f 3260/3311/1228 3259/3309/1228 3258/3310/1228
f 3260/3311/1228 3258/3310/1228 3261/3312/1228
f 3262/3313/1229 3263/3314/1229 3261/3315/1229
f 3262/3313/1229 3264/3316/1229 3263/3314/1229
f 3266/3317/1122 3265/3318/1122 3264/3316/1122
f 3266/3317/1122 3264/3316/1122 3262/3313/1122
f 3267/3319/1113 3265/3318/1113 3266/3317/1113
f 3268/3320/1230 3269/3321/1230 3267/3319/1230
f 3267/3319/1113 3269/3321/1113 3265/3318/1113
f 3268/3320/1231 3270/3322/1231 3269/3321/1231
f 3271/3323/1232 3270/3322/1232 3268/3320/1232
f 3271/3323/1233 3268/3320/1233 3256/3307/1233
f 3257/3306/1117 3271/3323/1117 3256/3307/1117
f 3274/3324/1127 3273/3325/1127 3272/3326/1127
f 3276/3327/1234 3274/3324/1234 3272/3326/1234
f 3276/3327/1235 3272/3326/1235 3275/3328/1235
f 3274/3324/1124 3276/3327/1124 3277/3329/1124
f 3274/3324/1236 3277/3329/1236 3278/3330/1236
f 3274/3324/1127 3279/3331/1127 3273/3325/1127
f 3282/3332/1237 3281/3333/1237 3280/3334/1237
f 3282/3332/1238 3283/3335/1238 3281/3333/1238
f 3286/3336/1130 3285/3337/1130 3284/3338/1130
f 3286/3336/1130 3287/3339/1130 3285/3337/1130
f 3290/3340/1131 3289/3341/1131 3288/3342/1131
f 3290/3340/1131 3291/3343/1131 3289/3341/1131
f 3294/3344/191 3293/3345/191 3292/3346/191
f 3294/3344/191 3295/3347/191 3293/3345/191
f 3298/3348/1239 3297/3349/1239 3296/3350/1239
f 3298/3348/1239 3299/3351/1239 3297/3349/1239
f 3302/3352/1134 3301/3353/1134 3300/3354/1134
f 3302/3352/1134 3303/3355/1134 3301/3353/1134
f 3306/3356/172 3305/3357/172 3304/3358/172
f 3306/3356/172 3307/3359/172 3305/3357/172
f 3310/3360/1240 3309/3361/1240 3308/3362/1240
f 3310/3360/1240 3311/3363/1240 3309/3361/1240
f 3314/3364/1241 3313/3365/1241 3312/3366/1241
f 3314/3364/1241 3315/3367/1241 3313/3365/1241
f 3318/3368/1242 3317/3369/1242 3316/3370/1242
f 3318/3368/1137 3319/3371/1137 3317/3369/1137
f 3322/3372/1139 3321/3373/1139 3320/3374/1139
f 3322/3372/1243 3323/3375/1243 3321/3373/1243
f 3326/3376/191 3325/3377/191 3324/3378/191
f 3326/3376/191 3327/3379/191 3325/3377/191
f 3330/3380/1244 3329/3381/1244 3328/3382/1244
f 3330/3380/1245 3331/3383/1245 3329/3381/1245
f 3334/3384/1144 3333/3385/1144 3332/3386/1144
f 3334/3384/1246 3335/3387/1246 3333/3385/1246
f 3335/3387/191 3337/3388/191 3336/3389/191
f 3335/3387/191 3336/3389/191 3333/3385/191
f 3337/3388/1143 3338/3390/1143 3336/3389/1143
f 3337/3388/1143 3339/3391/1143 3338/3390/1143
f 3342/3392/1142 3341/3393/1142 3340/3394/1142
f 3342/3392/1142 3343/3395/1142 3341/3393/1142
f 3343/3395/172 3345/3396/172 3344/3397/172
f 3343/3395/172 3344/3397/172 3341/3393/172
f 3345/3396/1141 3346/3398/1141 3344/3397/1141
f 3345/3396/1141 3347/3399/1141 3346/3398/1141
f 3350/3400/1145 3349/3401/1145 3348/3402/1145
f 3350/3400/1145 3351/3403/1145 3349/3401/1145
f 3353/3404/1145 3351/3403/1145 3350/3400/1145
f 3353/3404/1145 3350/3400/1145 3352/3405/1145
f 3356/3406/1127 3355/3407/1127 3354/3408/1127
f 3356/3406/1127 3357/3409/1127 3355/3407/1127
f 3357/3409/1127 3356/3406/1127 3358/3410/1127
f 3357/3409/1247 3358/3410/1247 3359/3411/1247
f 3362/3412/1248 3361/3413/1248 3360/3414/1248
f 3360/3414/1249 3363/3415/1249 3362/3412/1249
f 3360/3414/1250 3364/3416/1250 3363/3415/1250
f 3362/3412/1251 3365/3417/1251 3361/3413/1251
f 3365/3417/1252 3366/3418/1252 3361/3413/1252
f 3365/3417/1253 3367/3419/1253 3366/3418/1253
f 3370/3420/1254 3369/3421/1254 3368/3422/1254
f 3372/3423/1150 3370/3420/1150 3368/3422/1150
f 3372/3423/1255 3368/3422/1255 3371/3424/1255
f 3370/3420/1256 3373/3425/1256 3369/3421/1256
f 3369/3421/1257 3373/3425/1257 3374/3426/1257
f 3369/3421/1257 3374/3426/1257 3375/3427/1257
f 3378/3428/1258 3377/3429/1258 3376/3430/1258
f 3378/3428/1156 3379/3431/1156 3377/3429/1156
f 3379/3431/1155 3382/3432/1155 3377/3429/1155
f 3381/3433/1259 3379/3431/1259 3380/3434/1259
f 3381/3433/1158 3382/3432/1158 3379/3431/1158
f 3385/3435/1260 3377/3429/1260 3382/3432/1260
f 3381/3433/1162 3383/3436/1162 3382/3432/1162
f 3384/3437/1261 3382/3432/1261 3383/3436/1261
f 3385/3435/1262 3382/3432/1262 3384/3437/1262
f 3384/3437/1164 3383/3436/1164 3386/3438/1164
f 3383/3436/1263 3387/3439/1263 3386/3438/1263
f 3381/3433/1264 3380/3434/1264 3387/3439/1264
f 3383/3436/1265 3381/3433/1265 3387/3439/1265
f 3390/3440/1266 3389/3441/1266 3388/3442/1266
f 3390/3440/1267 3388/3442/1267 3391/3443/1267
f 3390/3440/1268 3391/3443/1268 3392/3444/1268
f 3394/3445/1269 3392/3444/1269 3393/3446/1269
f 3394/3445/1270 3390/3440/1270 3392/3444/1270
f 3394/3445/1271 3395/3447/1271 3390/3440/1271
f 3396/3448/1272 3395/3447/1272 3394/3445/1272
f 3396/3448/1273 3394/3445/1273 3393/3446/1273
f 3397/3449/1274 3398/3450/1274 3396/3448/1274
f 3397/3449/1275 3396/3448/1275 3399/3451/1275
f 3396/3448/1276 3398/3450/1276 3395/3447/1276
f 3396/3448/1277 3393/3446/1277 3399/3451/1277
f 3400/3452/1278 3398/3450/1278 3397/3449/1278
f 3400/3452/1279 3395/3447/1279 3398/3450/1279
f 3401/3453/1280 3395/3447/1280 3400/3452/1280
f 3401/3453/1281 3389/3441/1281 3395/3447/1281
f 3390/3440/1282 3395/3447/1282 3389/3441/1282
f 3404/3454/1136 3403/3455/1136 3402/3456/1136
f 3404/3454/1136 3405/3457/1136 3403/3455/1136
f 3408/3458/1283 3407/3459/1283 3406/3460/1283
f 3408/3458/1139 3409/3461/1139 3407/3459/1139
f 3411/3462/1185 3412/3463/1185 3410/3464/1185
f 3411/3462/1284 3413/3465/1284 3412/3463/1284
f 3416/3466/673 3415/3467/673 3414/3468/673
f 3416/3466/172 3417/3469/172 3415/3467/172
f 3420/3470/1285 3419/3471/1285 3418/3472/1285
f 3420/3470/1286 3422/3473/1286 3419/3471/1286
f 3422/3473/1287 3420/3470/1287 3421/3474/1287
f 3422/3473/1288 3421/3474/1288 3423/3475/1288
f 3426/3476/1289 3425/3477/1289 3424/3478/1289
f 3426/3476/1290 3427/3479/1290 3425/3477/1290
f 3430/3480/1291 3429/3481/1291 3428/3482/1291
f 3430/3480/1291 3431/3483/1291 3429/3481/1291
f 3434/3484/1292 3433/3485/1292 3432/3486/1292
f 3434/3484/1293 3435/3487/1293 3433/3485/1293
f 3438/3488/1294 3437/3489/1294 3436/3490/1294
f 3438/3488/1295 3439/3491/1295 3437/3489/1295
f 3437/3489/1296 3439/3491/1296 3441/3492/1296
f 3441/3492/1296 3439/3491/1296 3440/3493/1296
f 3444/3494/172 3443/3495/172 3442/3496/172
f 3444/3494/1297 3445/3497/1297 3443/3495/1297
f 3448/3498/1298 3447/3499/1298 3446/3500/1298
f 3448/3498/1298 3449/3501/1298 3447/3499/1298
f 3452/3502/1299 3451/3503/1299 3450/3504/1299
f 3453/3505/1300 3451/3503/1300 3452/3502/1300
f 3455/3506/1301 3451/3503/1301 3453/3505/1301
f 3455/3506/1302 3453/3505/1302 3454/3507/1302
f 3458/3508/1303 3457/3509/1303 3456/3510/1303
f 3458/3508/1304 3459/3511/1304 3457/3509/1304
f 3462/3512/1305 3461/3513/1305 3460/3514/1305
f 3462/3512/1305 3463/3515/1305 3461/3513/1305
f 3466/3516/1306 3465/3517/1306 3464/3518/1306
f 3466/3516/1293 3467/3519/1293 3465/3517/1293
f 3470/3520/1294 3469/3521/1294 3468/3522/1294
f 3470/3520/1307 3471/3523/1307 3469/3521/1307
f 3471/3523/1296 3470/3520/1296 3472/3524/1296
f 3471/3523/1296 3472/3524/1296 3473/3525/1296
f 3476/3526/191 3475/3527/191 3474/3528/191
f 3476/3526/1308 3477/3529/1308 3475/3527/1308
f 3480/3530/1298 3479/3531/1298 3478/3532/1298
f 3480/3530/1298 3481/3533/1298 3479/3531/1298
f 3485/3534/1309 3482/3535/1309 3483/3536/1309
f 3484/3537/1310 3483/3536/1310 3482/3535/1310
f 3485/3534/1309 3486/3538/1309 3482/3535/1309
f 3484/3537/1310 3487/3539/1310 3483/3536/1310
f 3488/3540/1311 3487/3539/1311 3484/3537/1311
f 3488/3540/1311 3489/3541/1311 3487/3539/1311
f 3490/3542/1312 3489/3541/1312 3488/3540/1312
f 3490/3542/1312 3491/3543/1312 3489/3541/1312
f 3492/3544/1313 3491/3543/1313 3490/3542/1313
f 3492/3544/1313 3493/3545/1313 3491/3543/1313
f 3495/3546/218 3497/3547/218 3494/3548/218
f 3496/3549/1314 3495/3546/1314 3494/3548/1314
f 3499/3550/1315 3498/3551/1315 3497/3547/1315
f 3495/3546/218 3499/3550/218 3497/3547/218
f 3499/3550/1316 3500/3552/1316 3498/3551/1316
f 3496/3549/1317 3501/3553/1317 3495/3546/1317
f 3504/3554/1318 3503/3555/1318 3502/3556/1318
f 3504/3554/1319 3505/3557/1319 3503/3555/1319
f 3505/3557/1320 3506/3558/1320 3503/3555/1320
f 3505/3557/1320 3507/3559/1320 3506/3558/1320
f 3508/3560/1321 3506/3558/1321 3507/3559/1321
f 3508/3560/1322 3509/3561/1322 3506/3558/1322
f 3510/3562/1323 3511/3563/1323 3515/3564/1323
f 3512/3565/1324 3511/3563/1324 3510/3562/1324
f 3510/3562/1323 3515/3564/1323 3513/3566/1323
f 3514/3567/1325 3510/3562/1325 3513/3566/1325
f 3515/3564/1323 3511/3563/1323 3517/3568/1323
f 3515/3564/1326 3517/3568/1326 3516/3569/1326
f 3518/3570/1327 3516/3569/1327 3517/3568/1327
f 3514/3567/1328 3513/3566/1328 3520/3571/1328
f 3519/3572/1327 3514/3567/1327 3520/3571/1327
f 3512/3565/1324 3521/3573/1324 3511/3563/1324
f 3524/3574/1329 3523/3575/1329 3522/3576/1329
f 3524/3574/1329 3525/3577/1329 3523/3575/1329
f 3526/3578/1330 3525/3577/1330 3524/3574/1330
f 3527/3579/1331 3528/3580/1331 3526/3578/1331
f 3526/3578/1330 3528/3580/1330 3525/3577/1330
f 3527/3579/1331 3529/3581/1331 3528/3580/1331
f 3531/3582/1332 3530/3583/1332 3529/3581/1332
f 3531/3582/1333 3529/3581/1333 3527/3579/1333
f 3533/3584/1334 3531/3582/1334 3532/3585/1334
f 3533/3584/1334 3530/3583/1334 3531/3582/1334
f 3538/3586/191 3534/3587/191 3535/3588/191
f 3536/3589/191 3535/3588/191 3534/3587/191
f 3538/3586/191 3537/3590/191 3534/3587/191
f 3538/3586/191 3541/3591/191 3537/3590/191
f 3538/3586/191 3540/3592/191 3539/3593/191
f 3538/3586/191 3539/3593/191 3541/3591/191
f 3542/3594/191 3537/3590/191 3541/3591/191
f 3542/3594/191 3544/3595/191 3537/3590/191
f 3543/3596/191 3544/3595/191 3542/3594/191
f 3545/3597/191 3537/3590/191 3544/3595/191
f 3546/3598/191 3544/3595/191 3543/3596/191
f 3544/3595/191 3546/3598/191 3547/3599/191
f 3548/3600/672 3544/3595/672 3547/3599/672
f 3550/3601/191 3545/3597/191 3549/3602/191
f 3545/3597/191 3550/3601/191 3537/3590/191
f 3554/3603/191 3550/3601/191 3551/3604/191
f 3550/3601/191 3552/3605/191 3551/3604/191
f 3550/3601/191 3553/3606/191 3552/3605/191
f 3553/3606/191 3550/3601/191 3549/3602/191
f 3555/3607/191 3550/3601/191 3554/3603/191
f 3553/3606/191 3549/3602/191 3556/3608/191
f 3539/3593/191 3540/3592/191 3557/3609/191
f 3539/3593/191 3557/3609/191 3558/3610/191
f 3536/3589/191 3559/3611/191 3535/3588/191
f 3562/3612/1335 3561/3613/1335 3560/3614/1335
f 3562/3612/1336 3563/3615/1336 3561/3613/1336
f 3561/3613/1337 3563/3615/1337 3564/3616/1337
f 3565/3617/1338 3564/3616/1338 3566/3618/1338
f 3561/3613/1337 3564/3616/1337 3565/3617/1337
f 3565/3617/1338 3566/3618/1338 3567/3619/1338
f 3568/3620/1339 3570/3621/1339 3569/3622/1339
f 3571/3623/1064 3570/3621/1064 3568/3620/1064
f 3571/3623/1340 3568/3620/1340 3572/3624/1340
f 3571/3623/172 3572/3624/172 3573/3625/172
f 3572/3624/172 3577/3626/172 3573/3625/172
f 3574/3627/172 3577/3626/172 3572/3624/172
f 3572/3624/172 3575/3628/172 3574/3627/172
f 3572/3624/172 3576/3629/172 3575/3628/172
f 3571/3623/673 3579/3630/673 3570/3621/673
f 3571/3623/172 3578/3631/172 3579/3630/172
f 3581/3632/978 3570/3621/978 3580/3633/978
f 3582/3634/172 3570/3621/172 3581/3632/172
f 3583/3635/1341 3570/3621/1341 3582/3634/1341
f 3569/3622/1339 3570/3621/1339 3583/3635/1339
f 3586/3636/1342 3585/3637/1342 3584/3638/1342
f 3586/3636/1342 3587/3639/1342 3585/3637/1342
f 3588/3640/1343 3587/3639/1343 3586/3636/1343
f 3589/3641/1344 3590/3642/1344 3588/3640/1344
f 3588/3640/1343 3590/3642/1343 3587/3639/1343
f 3589/3641/1344 3591/3643/1344 3590/3642/1344
f 3592/3644/1345 3593/3645/1345 3591/3643/1345
f 3592/3644/1345 3591/3643/1345 3589/3641/1345
f 3595/3646/1346 3594/3647/1346 3593/3645/1346
f 3595/3646/1346 3593/3645/1346 3592/3644/1346
f 3596/3648/1347 3594/3647/1347 3595/3646/1347
f 3596/3648/1347 3597/3649/1347 3594/3647/1347
f 3601/3650/1348 3598/3651/1348 3599/3652/1348
f 3600/3653/1349 3599/3652/1349 3598/3651/1349
f 3601/3650/1348 3602/3654/1348 3598/3651/1348
f 3600/3653/1349 3603/3655/1349 3599/3652/1349
f 3606/3656/141 3605/3657/141 3604/3658/141
f 3606/3656/141 3607/3659/141 3605/3657/141
f 3610/3660/1298 3609/3661/1298 3608/3662/1298
f 3610/3660/1298 3611/3663/1298 3609/3661/1298
f 3613/3664/172 3615/3665/172 3612/3666/172
f 3615/3665/172 3614/3667/172 3612/3666/172
f 3615/3665/172 3617/3668/172 3614/3667/172
f 3613/3664/172 3616/3669/172 3615/3665/172
f 3618/3670/673 3619/3671/673 3616/3669/673
f 3618/3670/172 3616/3669/172 3613/3664/172
f 3620/3672/1350 3621/3673/1350 3623/3674/1350
f 3623/3674/1350 3622/3675/1350 3620/3672/1350
f 3623/3674/1350 3624/3676/1350 3622/3675/1350
f 3625/3677/1350 3622/3675/1350 3624/3676/1350
f 3628/3678/1351 3627/3679/1351 3626/3680/1351
f 3628/3678/1351 3629/3681/1351 3627/3679/1351
f 3632/3682/1352 3631/3683/1352 3630/3684/1352
f 3630/3684/1309 3633/3685/1309 3632/3682/1309
f 3630/3684/1309 3634/3686/1309 3633/3685/1309
f 3632/3682/1352 3635/3687/1352 3631/3683/1352
f 3635/3687/1311 3637/3688/1311 3636/3689/1311
f 3635/3687/1311 3636/3689/1311 3631/3683/1311
f 3637/3688/1312 3639/3690/1312 3638/3691/1312
f 3637/3688/1312 3638/3691/1312 3636/3689/1312
f 3639/3690/1313 3640/3692/1313 3638/3691/1313
f 3639/3690/1313 3641/3693/1313 3640/3692/1313
f 3644/3694/1353 3643/3695/1353 3642/3696/1353
f 3644/3694/1353 3645/3697/1353 3643/3695/1353
f 3645/3697/1354 3646/3698/1354 3643/3695/1354
f 3645/3697/1354 3647/3699/1354 3646/3698/1354
f 3647/3699/1331 3648/3700/1331 3646/3698/1331
f 3647/3699/1331 3649/3701/1331 3648/3700/1331
f 3649/3701/1355 3651/3702/1355 3650/3703/1355
f 3649/3701/1355 3650/3703/1355 3648/3700/1355
f 3650/3703/1356 3651/3702/1356 3652/3704/1356
f 3650/3703/1356 3652/3704/1356 3653/3705/1356
f 3656/3706/172 3655/3707/172 3654/3708/172
f 3657/3709/172 3656/3706/172 3654/3708/172
f 3661/3710/172 3657/3709/172 3654/3708/172
f 3658/3711/172 3662/3712/172 3654/3708/172
f 3654/3708/172 3659/3713/172 3658/3711/172
f 3654/3708/172 3660/3714/172 3659/3713/172
f 3654/3708/172 3662/3712/172 3661/3710/172
f 3657/3709/172 3663/3715/172 3656/3706/172
f 3657/3709/172 3664/3716/172 3663/3715/172
f 3665/3717/172 3664/3716/172 3657/3709/172
f 3666/3718/172 3655/3707/172 3656/3706/172
f 3666/3718/172 3656/3706/172 3668/3719/172
f 3668/3719/172 3656/3706/172 3667/3720/172
f 3666/3718/172 3668/3719/172 3669/3721/172
f 3668/3719/172 3667/3720/172 3669/3721/172
f 3669/3721/172 3667/3720/172 3670/3722/172
f 3670/3722/673 3672/3723/673 3671/3724/673
f 3670/3722/673 3667/3720/673 3672/3723/673
f 3672/3723/673 3667/3720/673 3673/3725/673
f 3673/3725/172 3667/3720/172 3674/3726/172
f 3667/3720/172 3675/3727/172 3674/3726/172
f 3667/3720/172 3676/3728/172 3675/3727/172
f 3677/3729/172 3655/3707/172 3666/3718/172
f 3655/3707/172 3677/3729/172 3678/3730/172
f 3678/3730/172 3679/3731/172 3655/3707/172
f 3678/3730/172 3680/3732/172 3679/3731/172
f 3683/3733/1335 3682/3734/1335 3681/3735/1335
f 3686/3736/1337 3684/3737/1337 3683/3733/1337
f 3683/3733/1335 3684/3737/1335 3682/3734/1335
f 3686/3736/1337 3683/3733/1337 3685/3738/1337
f 3687/3739/1338 3686/3736/1338 3685/3738/1338
f 3687/3739/1338 3685/3738/1338 3688/3740/1338
f 3692/3741/1203 3689/3742/1203 3690/3743/1203
f 3691/3744/191 3690/3743/191 3689/3742/191
f 3689/3742/1357 3692/3741/1357 3697/3745/1357
f 3689/3742/1358 3694/3746/1358 3693/3747/1358
f 3689/3742/672 3695/3748/672 3694/3746/672
f 3689/3742/1359 3696/3749/1359 3695/3748/1359
f 3689/3742/1357 3697/3745/1357 3696/3749/1357
f 3690/3743/1360 3698/3750/1360 3692/3741/1360
f 3690/3743/191 3699/3751/191 3698/3750/191
f 3699/3751/191 3700/3752/191 3698/3750/191
f 3699/3751/191 3701/3753/191 3700/3752/191
f 3702/3754/672 3700/3752/672 3701/3753/672
f 3702/3754/191 3703/3755/191 3700/3752/191
f 3691/3744/672 3704/3756/672 3690/3743/672
f 3707/3757/1342 3706/3758/1342 3705/3759/1342
f 3707/3757/1342 3708/3760/1342 3706/3758/1342
f 3708/3760/1343 3710/3761/1343 3709/3762/1343
f 3708/3760/1343 3709/3762/1343 3706/3758/1343
f 3710/3761/1344 3711/3763/1344 3712/3764/1344
f 3710/3761/1344 3712/3764/1344 3709/3762/1344
f 3711/3763/1345 3713/3765/1345 3712/3764/1345
f 3715/3766/1346 3714/3767/1346 3713/3765/1346
f 3711/3763/1345 3715/3766/1345 3713/3765/1345
f 3715/3766/1346 3716/3768/1346 3714/3767/1346
f 3716/3768/1347 3717/3769/1347 3714/3767/1347
f 3716/3768/1347 3718/3770/1347 3717/3769/1347
f 3721/3771/1349 3720/3772/1349 3719/3773/1349
f 3719/3773/1348 3722/3774/1348 3721/3771/1348
f 3719/3773/1348 3723/3775/1348 3722/3774/1348
f 3721/3771/1349 3724/3776/1349 3720/3772/1349
f 3727/3777/141 3726/3778/141 3725/3779/141
f 3727/3777/141 3728/3780/141 3726/3778/141
f 3731/3781/172 3730/3782/172 3729/3783/172
f 3732/3784/1361 3730/3782/1361 3731/3781/1361
f 3733/3785/1362 3730/3782/1362 3732/3784/1362
f 3734/3786/1363 3733/3785/1363 3732/3784/1363
f 3733/3785/172 3735/3787/172 3730/3782/172
f 3736/3788/172 3730/3782/172 3735/3787/172
f 3739/3789/1298 3738/3790/1298 3737/3791/1298
f 3739/3789/1298 3740/3792/1298 3738/3790/1298
f 3741/3793/191 3743/3794/191 3742/3795/191
f 3744/3796/191 3743/3794/191 3741/3793/191
f 3744/3796/191 3745/3797/191 3743/3794/191
f 3742/3795/191 3743/3794/191 3746/3798/191
f 3743/3794/191 3747/3799/191 3746/3798/191
f 3748/3800/672 3747/3799/672 3743/3794/672
f 3751/3801/1364 3750/3802/1364 3749/3803/1364
f 3751/3801/1364 3752/3804/1364 3750/3802/1364
f 3754/3805/427 3753/3806/427 3755/3807/427
f 3756/3808/427 3755/3807/427 3753/3806/427
f 3756/3808/1365 3753/3806/1365 3757/3809/1365
f 3753/3806/1365 3758/3810/1365 3757/3809/1365
f 3756/3808/1365 3757/3809/1365 3759/3811/1365
f 3760/3812/1365 3756/3808/1365 3759/3811/1365
f 3756/3808/427 3761/3813/427 3755/3807/427
f 3762/3814/427 3761/3813/427 3756/3808/427
f 3765/3815/1366 3764/3816/1366 3763/3817/1366
f 3765/3815/1366 3766/3818/1366 3764/3816/1366
f 3769/3819/1367 3768/3820/1367 3767/3821/1367
f 3769/3819/1367 3770/3822/1367 3768/3820/1367
f 3772/3823/227 3774/3824/227 3771/3825/227
f 3773/3826/227 3772/3823/227 3771/3825/227
f 3775/3827/227 3773/3826/227 3771/3825/227
f 3776/3828/227 3774/3824/227 3772/3823/227
f 3779/3829/1368 3778/3830/1368 3777/3831/1368
f 3779/3829/1368 3780/3832/1368 3778/3830/1368
f 3782/3833/1369 3785/3834/1369 3781/3835/1369
f 3783/3836/1369 3782/3833/1369 3781/3835/1369
f 3781/3835/1370 3784/3837/1370 3783/3836/1370
f 3783/3836/191 3784/3837/191 3786/3838/191
f 3783/3836/191 3787/3839/191 3782/3833/191
f 3788/3840/191 3787/3839/191 3783/3836/191
f 3791/3841/1371 3790/3842/1371 3789/3843/1371
f 3791/3841/1372 3789/3843/1372 3792/3844/1372
f 3791/3841/1371 3793/3845/1371 3790/3842/1371
f 3794/3846/1373 3790/3842/1373 3793/3845/1373
f 3796/3847/1374 3802/3848/1374 3795/3849/1374
f 3797/3850/1375 3796/3847/1375 3795/3849/1375
f 3798/3851/1376 3797/3850/1376 3795/3849/1376
f 3799/3852/1377 3798/3851/1377 3795/3849/1377
f 3803/3853/1378 3799/3852/1378 3795/3849/1378
f 3801/3854/1379 3800/3855/1379 3795/3849/1379
f 3800/3855/1380 3803/3853/1380 3795/3849/1380
f 3802/3848/1381 3801/3854/1381 3795/3849/1381
f 3804/3856/1382 3805/3857/1382 3807/3858/1382
f 3806/3859/1383 3805/3857/1383 3804/3856/1383
f 3807/3858/1384 3805/3857/1384 3808/3860/1384
f 3808/3860/1385 3805/3857/1385 3809/3861/1385
f 3809/3861/1386 3805/3857/1386 3810/3862/1386
f 3810/3862/1387 3805/3857/1387 3811/3863/1387
f 3811/3863/1388 3805/3857/1388 3812/3864/1388
f 3812/3864/1389 3805/3857/1389 3806/3859/1389
f 3815/3865/1390 3814/3866/1390 3813/3867/1390
f 3818/3868/1391 3817/3869/1391 3816/3870/1391
f 3821/3871/1392 3820/3872/1392 3819/3873/1392
f 3824/3874/1393 3823/3875/1393 3822/3876/1393
f 3827/3877/1394 3826/3878/1394 3825/3879/1394
f 3829/3880/1395 3831/3881/1395 3828/3882/1395
f 3830/3883/1396 3829/3880/1396 3828/3882/1396
f 3829/3880/1397 3832/3884/1397 3831/3881/1397
f 3830/3883/1398 3833/3885/1398 3829/3880/1398
f 3835/3886/1399 3830/3887/1399 3834/3888/1399
f 3836/3889/1400 3835/3890/1400 3837/3891/1400
f 3835/3886/1399 3834/3888/1399 3838/3892/1399
f 3834/3888/1401 3839/3893/1401 3838/3892/1401
f 3834/3888/1402 3840/3894/1402 3839/3893/1402
f 3836/3889/1403 3837/3891/1403 3841/3895/1403
f 3837/3891/1404 3843/3896/1404 3841/3895/1404
f 3837/3891/1404 3842/3897/1404 3843/3896/1404
f 3845/3898/1405 3836/3899/1405 3844/3900/1405
f 3845/3898/1405 3844/3900/1405 3846/3901/1405
f 3844/3900/1406 3847/3902/1406 3846/3901/1406
f 3844/3900/1407 3848/3903/1407 3847/3902/1407
f 3851/3904/221 3850/3905/221 3849/3906/221
f 3851/3904/218 3852/3907/218 3850/3905/218
f 3855/3908/218 3854/3909/218 3853/3910/218
f 3857/3911/1408 3855/3908/1408 3853/3910/1408
f 3857/3911/1409 3853/3910/1409 3856/3912/1409
f 3855/3908/218 3858/3913/218 3854/3909/218
f 3859/3914/1410 3854/3909/1410 3858/3913/1410
f 3859/3914/1411 3860/3915/1411 3854/3909/1411
f 3863/3916/141 3862/3917/141 3861/3918/141
f 3863/3916/141 3864/3919/141 3862/3917/141
f 3867/3920/1412 3866/3921/1412 3865/3922/1412
f 3865/3922/1413 3868/3923/1413 3867/3920/1413
f 3867/3920/1414 3869/3924/1414 3866/3921/1414
f 3866/3921/1415 3869/3924/1415 3870/3925/1415
f 3871/3926/1416 3873/3927/1416 3872/3928/1416
f 3872/3928/1412 3874/3929/1412 3871/3926/1412
f 3874/3929/1415 3876/3930/1415 3875/3931/1415
f 3872/3928/1414 3876/3930/1414 3874/3929/1414
f 3879/3932/1417 3878/3933/1417 3877/3934/1417
f 3879/3932/1418 3880/3935/1418 3878/3933/1418
f 3883/3936/1419 3882/3937/1419 3881/3938/1419
f 3883/3936/1420 3884/3939/1420 3882/3937/1420
f 3887/3940/1421 3886/3941/1421 3885/3942/1421
f 3887/3940/1422 3888/3943/1422 3886/3941/1422
f 3891/3944/191 3890/3945/191 3889/3946/191
f 3894/3947/172 3893/3948/172 3892/3949/172
f 3897/3950/206 3896/3951/206 3895/3952/206
f 3900/3953/141 3899/3954/141 3898/3955/141
f 3903/3956/141 3902/3957/141 3901/3958/141
f 3906/3959/206 3905/3960/206 3904/3961/206
f 3909/3962/1423 3908/3963/1423 3907/3964/1423
f 3909/3962/1424 3910/3965/1424 3908/3963/1424
f 3913/3966/1425 3912/3967/1425 3911/3968/1425
f 3913/3966/1426 3914/3969/1426 3912/3967/1426
f 3917/3970/1427 3916/3971/1427 3915/3972/1427
f 3917/3970/1427 3918/3973/1427 3916/3971/1427
f 3921/3974/1428 3920/3975/1428 3919/3976/1428
f 3921/3974/1428 3922/3977/1428 3920/3975/1428
f 3925/3978/1429 3924/3979/1429 3923/3980/1429
f 3925/3978/1429 3926/3981/1429 3924/3979/1429
f 3929/3982/1430 3928/3983/1430 3927/3984/1430
f 3932/3985/1431 3931/3986/1431 3930/3987/1431
f 3935/3988/1432 3934/3989/1432 3933/3990/1432
f 3935/3988/1432 3936/3991/1432 3934/3989/1432
f 3939/3992/1433 3938/3993/1433 3937/3994/1433
f 3939/3992/1433 3940/3995/1433 3938/3993/1433
f 3943/3996/1432 3942/3997/1432 3941/3998/1432
f 3943/3996/1432 3944/3999/1432 3942/3997/1432
f 3947/4000/1433 3946/4001/1433 3945/4002/1433
f 3947/4000/1433 3948/4003/1433 3946/4001/1433
f 3951/4004/1432 3950/4005/1432 3949/4006/1432
f 3951/4004/1432 3952/4007/1432 3950/4005/1432
f 3955/4008/1432 3954/4009/1432 3953/4010/1432
f 3955/4008/1432 3956/4011/1432 3954/4009/1432
f 3959/4012/1433 3958/4013/1433 3957/4014/1433
f 3959/4012/1433 3960/4015/1433 3958/4013/1433
f 3963/4016/1429 3962/4017/1429 3961/4018/1429
f 3963/4016/1432 3964/4019/1432 3962/4017/1432
f 3967/4020/1432 3966/4021/1432 3965/4022/1432
f 3967/4020/1432 3968/4023/1432 3966/4021/1432
f 3971/4024/1432 3970/4025/1432 3969/4026/1432
f 3971/4024/1429 3972/4027/1429 3970/4025/1429
f 3975/4028/1433 3974/4029/1433 3973/4030/1433
f 3975/4028/1434 3976/4031/1434 3974/4029/1434
f 3979/4032/1429 3978/4033/1429 3977/4034/1429
f 3979/4032/1429 3980/4035/1429 3978/4033/1429
f 3983/4036/1434 3982/4037/1434 3981/4038/1434
f 3983/4036/1434 3984/4039/1434 3982/4037/1434
f 3987/4040/1429 3986/4041/1429 3985/4042/1429
f 3987/4040/1429 3988/4043/1429 3986/4041/1429
f 3991/4044/1429 3990/4045/1429 3989/4046/1429
f 3991/4044/1429 3992/4047/1429 3990/4045/1429
f 3995/4048/1429 3994/4049/1429 3993/4050/1429
f 3995/4048/1429 3996/4051/1429 3994/4049/1429
f 3999/4052/1434 3998/4053/1434 3997/4054/1434
f 3999/4052/1434 4000/4055/1434 3998/4053/1434
f 4003/4056/1435 4002/4057/1435 4001/4058/1435
f 4005/4059/1436 4006/4060/1436 4004/4061/1436
f 4009/4062/1437 4008/4063/1437 4007/4064/1437
f 4012/4065/1438 4011/4066/1438 4010/4067/1438
f 4015/4068/1439 4014/4069/1439 4013/4070/1439
f 4018/4071/1440 4017/4072/1440 4016/4073/1440
f 4021/4074/1441 4020/4075/1441 4019/4076/1441
f 4024/4077/1442 4023/4078/1442 4022/4079/1442
f 4027/4080/1443 4026/4081/1443 4025/4082/1443
f 4030/4083/1444 4029/4084/1444 4028/4085/1444
f 4033/4086/1445 4032/4087/1445 4031/4088/1445
f 4036/4089/1446 4035/4090/1446 4034/4091/1446
f 4039/4092/1447 4038/4093/1447 4037/4094/1447
f 4042/4095/1448 4041/4096/1448 4040/4097/1448
f 4045/4098/1449 4044/4099/1449 4043/4100/1449
f 4047/4101/1450 4048/4102/1450 4046/4103/1450
f 4051/4104/1451 4050/4105/1451 4049/4106/1451
f 4054/4107/1452 4053/4108/1452 4052/4109/1452
f 4057/4110/1453 4056/4111/1453 4055/4112/1453
f 4060/4113/1454 4059/4114/1454 4058/4115/1454
f 4063/4116/1455 4062/4117/1455 4061/4118/1455
f 4066/4119/1456 4065/4120/1456 4064/4121/1456
f 4069/4122/1433 4068/4123/1433 4067/4124/1433
f 4069/4122/1433 4070/4125/1433 4068/4123/1433
f 4073/4126/1429 4072/4127/1429 4071/4128/1429
f 4073/4126/1429 4074/4129/1429 4072/4127/1429
f 4077/4130/1430 4076/4131/1430 4075/4132/1430
f 4080/4133/1431 4079/4134/1431 4078/4135/1431
f 4083/4136/1432 4082/4137/1432 4081/4138/1432
f 4083/4136/1432 4084/4139/1432 4082/4137/1432
f 4087/4140/1433 4086/4141/1433 4085/4142/1433
f 4087/4140/1433 4088/4143/1433 4086/4141/1433
f 4091/4144/1432 4090/4145/1432 4089/4146/1432
f 4091/4144/1432 4092/4147/1432 4090/4145/1432
f 4095/4148/1433 4094/4149/1433 4093/4150/1433
f 4095/4148/1433 4096/4151/1433 4094/4149/1433
f 4099/4152/1432 4098/4153/1432 4097/4154/1432
f 4099/4152/1432 4100/4155/1432 4098/4153/1432
f 4103/4156/1433 4102/4157/1433 4101/4158/1433
f 4103/4156/1433 4104/4159/1433 4102/4157/1433
f 4107/4160/1432 4106/4161/1432 4105/4162/1432
f 4107/4160/1432 4108/4163/1432 4106/4161/1432
f 4111/4164/1433 4110/4165/1433 4109/4166/1433
f 4111/4164/1433 4112/4167/1433 4110/4165/1433
f 4114/4168/1432 4115/4169/1432 4113/4170/1432
f 4114/4168/1432 4116/4171/1432 4115/4169/1432
f 4119/4172/1433 4118/4173/1433 4117/4174/1433
f 4119/4172/1433 4120/4175/1433 4118/4173/1433
f 4123/4176/1432 4122/4177/1432 4121/4178/1432
f 4123/4176/1432 4124/4179/1432 4122/4177/1432
f 4127/4180/1433 4126/4181/1433 4125/4182/1433
f 4127/4180/1434 4128/4183/1434 4126/4181/1434
f 4131/4184/1432 4130/4185/1432 4129/4186/1432
f 4131/4184/1429 4132/4187/1429 4130/4185/1429
f 4135/4188/1434 4134/4189/1434 4133/4190/1434
f 4135/4188/1434 4136/4191/1434 4134/4189/1434
f 4139/4192/1429 4138/4193/1429 4137/4194/1429
f 4139/4192/1429 4140/4195/1429 4138/4193/1429
f 4143/4196/1434 4142/4197/1434 4141/4198/1434
f 4143/4196/1434 4144/4199/1434 4142/4197/1434
f 4147/4200/1429 4146/4201/1429 4145/4202/1429
f 4147/4200/1429 4148/4203/1429 4146/4201/1429
f 4151/4204/1434 4150/4205/1434 4149/4206/1434
f 4151/4204/1434 4152/4207/1434 4150/4205/1434
f 4155/4208/1429 4154/4209/1429 4153/4210/1429
f 4155/4208/1429 4156/4211/1429 4154/4209/1429
f 4159/4212/1434 4158/4213/1434 4157/4214/1434
f 4159/4212/1434 4160/4215/1434 4158/4213/1434
f 4163/4216/1429 4162/4217/1429 4161/4218/1429
f 4163/4216/1429 4164/4219/1429 4162/4217/1429
f 4167/4220/1434 4166/4221/1434 4165/4222/1434
f 4167/4220/1434 4168/4223/1434 4166/4221/1434
f 4171/4224/1435 4170/4225/1435 4169/4226/1435
f 4174/4227/1436 4173/4228/1436 4172/4229/1436
f 4177/4230/1437 4176/4231/1437 4175/4232/1437
f 4180/4233/1438 4179/4234/1438 4178/4235/1438
f 4183/4236/1439 4182/4237/1439 4181/4238/1439
f 4186/4239/1440 4185/4240/1440 4184/4241/1440
f 4189/4242/1441 4188/4243/1441 4187/4244/1441
f 4192/4245/1442 4191/4246/1442 4190/4247/1442
f 4195/4248/1457 4194/4249/1457 4193/4250/1457
f 4198/4251/1444 4197/4252/1444 4196/4253/1444
f 4201/4254/1445 4200/4255/1445 4199/4256/1445
f 4204/4257/1440 4203/4258/1440 4202/4259/1440
f 4207/4260/1447 4206/4261/1447 4205/4262/1447
f 4210/4263/1448 4209/4264/1448 4208/4265/1448
f 4213/4266/1449 4212/4267/1449 4211/4268/1449
f 4216/4269/1450 4215/4270/1450 4214/4271/1450
f 4219/4272/1451 4218/4273/1451 4217/4274/1451
f 4222/4275/1452 4221/4276/1452 4220/4277/1452
f 4225/4278/1453 4224/4279/1453 4223/4280/1453
f 4228/4281/1454 4227/4282/1454 4226/4283/1454
f 4231/4284/1455 4230/4285/1455 4229/4286/1455
f 4234/4287/1456 4233/4288/1456 4232/4289/1456
f 4237/4290/1458 4236/4291/1458 4235/4292/1458
f 4240/4293/1459 4238/4294/1459 4237/4290/1459
f 4237/4290/1460 4238/4294/1460 4236/4291/1460
f 4240/4293/1461 4237/4290/1461 4239/4295/1461
f 4243/4296/1462 4242/4297/1462 4241/4298/1462
f 4243/4296/1463 4244/4299/1463 4242/4297/1463
f 4246/4300/1464 4244/4299/1464 4243/4296/1464
f 4246/4300/1465 4243/4296/1465 4245/4301/1465
f 4249/4302/1466 4248/4303/1466 4247/4304/1466
f 4251/4305/1467 4247/4306/1467 4250/4307/1467
f 4251/4305/1468 4250/4307/1468 4252/4308/1468
f 4249/4302/1469 4253/4309/1469 4248/4303/1469
f 4256/4310/1470 4255/4311/1470 4254/4312/1470
f 4256/4310/1471 4254/4312/1471 4257/4313/1471
f 4256/4310/1472 4257/4313/1472 4258/4314/1472
f 4256/4310/1473 4259/4315/1473 4255/4311/1473
f 4262/4316/1474 4261/4317/1474 4260/4318/1474
f 4262/4316/1474 4263/4319/1474 4261/4317/1474
f 4266/4320/1475 4265/4321/1475 4264/4322/1475
f 4266/4320/1460 4269/4323/1460 4265/4321/1460
f 4268/4324/1476 4266/4320/1476 4267/4325/1476
f 4268/4324/1477 4269/4323/1477 4266/4320/1477
f 4272/4326/1478 4271/4327/1478 4270/4328/1478
f 4272/4326/1463 4275/4329/1463 4271/4327/1463
f 4274/4330/1479 4272/4326/1479 4273/4331/1479
f 4274/4330/1480 4275/4329/1480 4272/4326/1480
f 4278/4332/1481 4276/4333/1481 4277/4334/1481
f 4280/4335/1466 4279/4336/1466 4276/4337/1466
f 4280/4335/1469 4281/4338/1469 4279/4336/1469
f 4278/4332/1482 4277/4334/1482 4282/4339/1482
f 4286/4340/1483 4283/4341/1483 4284/4342/1483
f 4286/4340/1470 4285/4343/1470 4283/4341/1470
f 4286/4340/1484 4288/4344/1484 4285/4343/1484
f 4286/4340/1485 4284/4342/1485 4287/4345/1485
f 4291/4346/1486 4290/4347/1486 4289/4348/1486
f 4291/4346/1487 4289/4348/1487 4292/4349/1487
f 4291/4346/1488 4292/4349/1488 4293/4350/1488
f 4294/4351/1489 4291/4346/1489 4293/4350/1489
f 4295/4352/1490 4296/4353/1490 4294/4351/1490
f 4294/4351/1491 4296/4353/1491 4291/4346/1491
f 4297/4354/1492 4291/4346/1492 4296/4353/1492
f 4298/4355/1493 4297/4354/1493 4296/4353/1493
f 4295/4352/1494 4298/4355/1494 4296/4353/1494
f 4300/4356/1495 4298/4355/1495 4295/4352/1495
f 4300/4356/1496 4299/4357/1496 4298/4355/1496
f 4299/4357/1497 4301/4358/1497 4298/4355/1497
f 4298/4355/1498 4301/4358/1498 4297/4354/1498
f 4304/4359/1499 4302/4360/1499 4301/4358/1499
f 4302/4360/1500 4297/4354/1500 4301/4358/1500
f 4299/4357/1501 4303/4361/1501 4301/4358/1501
f 4304/4359/1502 4301/4358/1502 4303/4361/1502
f 4305/4362/1503 4304/4359/1503 4303/4361/1503
f 4305/4362/1504 4306/4363/1504 4304/4359/1504
f 4306/4363/1505 4302/4360/1505 4304/4359/1505
f 4305/4362/1506 4307/4364/1506 4306/4363/1506
f 4306/4363/1507 4308/4365/1507 4302/4360/1507
f 4308/4365/1508 4309/4366/1508 4310/4367/1508
f 4308/4365/1509 4310/4367/1509 4302/4360/1509
f 4310/4367/1510 4312/4368/1510 4311/4369/1510
f 4310/4367/1511 4311/4369/1511 4313/4370/1511
f 4310/4367/1512 4309/4366/1512 4312/4368/1512
f 4310/4367/1513 4313/4370/1513 4297/4354/1513
f 4302/4360/1514 4310/4367/1514 4297/4354/1514
f 4313/4370/1515 4314/4371/1515 4290/4347/1515
f 4291/4346/1516 4313/4370/1516 4290/4347/1516
f 4297/4354/1517 4313/4370/1517 4291/4346/1517
f 4313/4370/1518 4311/4369/1518 4314/4371/1518
f 4312/4368/1519 4314/4371/1519 4311/4369/1519
f 4312/4368/1520 4315/4372/1520 4314/4371/1520
f 4316/4373/1521 4307/4364/1521 4305/4362/1521
f 4316/4373/1522 4305/4362/1522 4317/4374/1522
f 4318/4375/1523 4316/4373/1523 4317/4374/1523
f 4321/4376/1524 4318/4375/1524 4319/4377/1524
f 4318/4375/1525 4317/4374/1525 4319/4377/1525
f 4321/4376/1526 4320/4378/1526 4318/4375/1526
f 4322/4379/1526 4320/4378/1526 4321/4376/1526
f 4323/4380/1527 4322/4379/1527 4321/4376/1527
f 4321/4376/1528 4319/4377/1528 4323/4380/1528
f 4319/4377/1529 4324/4381/1529 4323/4380/1529
f 4324/4381/1529 4322/4379/1529 4323/4380/1529
f 4324/4381/1530 4319/4377/1530 4325/4382/1530
f 4322/4379/1531 4324/4381/1531 4326/4383/1531
f 4324/4381/1531 4325/4382/1531 4326/4383/1531
f 4328/4384/1532 4327/4385/1532 4326/4383/1532
f 4322/4379/1531 4326/4383/1531 4327/4385/1531
f 4325/4382/1533 4328/4384/1533 4326/4383/1533
f 4328/4384/1534 4330/4386/1534 4329/4387/1534
f 4327/4385/1534 4328/4384/1534 4329/4387/1534
f 4328/4384/1535 4325/4382/1535 4330/4386/1535
f 4330/4386/1536 4332/4388/1536 4331/4389/1536
f 4330/4386/1537 4331/4389/1537 4333/4390/1537
f 4334/4391/1538 4329/4387/1538 4330/4386/1538
f 4330/4386/1539 4335/4392/1539 4332/4388/1539
f 4330/4386/1540 4325/4382/1540 4335/4392/1540
f 4334/4391/1541 4330/4386/1541 4333/4390/1541
f 4335/4392/1542 4305/4362/1542 4336/4393/1542
f 4332/4388/1543 4335/4392/1543 4336/4393/1543
f 4335/4392/1544 4317/4374/1544 4305/4362/1544
f 4325/4382/1545 4317/4374/1545 4335/4392/1545
f 4305/4362/1546 4303/4361/1546 4336/4393/1546
f 4336/4393/1547 4303/4361/1547 4299/4357/1547
f 4336/4393/1548 4299/4357/1548 4337/4394/1548
f 4332/4388/1549 4336/4393/1549 4337/4394/1549
f 4338/4395/1550 4337/4394/1550 4299/4357/1550
f 4332/4388/1551 4337/4394/1551 4338/4395/1551
f 4338/4395/1552 4299/4357/1552 4300/4356/1552
f 4332/4388/1553 4338/4395/1553 4331/4389/1553
f 4334/4391/1541 4333/4390/1541 4339/4396/1541
f 4340/4397/1554 4329/4387/1554 4334/4391/1554
f 4339/4396/1555 4340/4397/1555 4334/4391/1555
f 4340/4397/1538 4341/4398/1538 4329/4387/1538
f 4343/4399/1556 4341/4398/1556 4340/4397/1556
f 4343/4399/1556 4340/4397/1556 4342/4400/1556
f 4343/4399/1557 4327/4385/1557 4341/4398/1557
f 4343/4399/1558 4344/4401/1558 4327/4385/1558
f 4345/4402/1559 4344/4401/1559 4343/4399/1559
f 4345/4402/1560 4343/4399/1560 4342/4400/1560
f 4345/4402/1561 4346/4403/1561 4344/4401/1561
f 4345/4402/1562 4342/4400/1562 4347/4404/1562
f 4349/4405/1563 4346/4403/1563 4345/4402/1563
f 4350/4406/1564 4345/4402/1564 4347/4404/1564
f 4350/4406/1564 4348/4407/1564 4345/4402/1564
f 4349/4405/1565 4345/4402/1565 4348/4407/1565
f 4351/4408/1566 4348/4407/1566 4350/4406/1566
f 4353/4409/1567 4352/4410/1567 4351/4408/1567
f 4351/4408/1568 4352/4410/1568 4348/4407/1568
f 4353/4409/1569 4355/4411/1569 4352/4410/1569
f 4354/4412/1570 4355/4411/1570 4353/4409/1570
f 4355/4411/1571 4356/4413/1571 4352/4410/1571
f 4355/4411/1572 4357/4414/1572 4356/4413/1572
f 4354/4412/1573 4358/4415/1573 4355/4411/1573
f 4359/4416/1574 4357/4414/1574 4355/4411/1574
f 4359/4416/1575 4355/4411/1575 4358/4415/1575
f 4361/4417/1576 4359/4416/1576 4358/4415/1576
f 4362/4418/1577 4360/4419/1577 4359/4416/1577
f 4359/4416/1578 4360/4419/1578 4363/4420/1578
f 4361/4417/1579 4362/4418/1579 4359/4416/1579
f 4359/4416/1580 4363/4420/1580 4357/4414/1580
f 4363/4420/1581 4364/4421/1581 4356/4413/1581
f 4363/4420/1582 4356/4413/1582 4357/4414/1582
f 4365/4422/1583 4364/4421/1583 4363/4420/1583
f 4360/4419/1584 4365/4422/1584 4363/4420/1584
f 4360/4419/1585 4366/4423/1585 4365/4422/1585
f 4365/4422/1586 4367/4424/1586 4364/4421/1586
f 4364/4421/1587 4367/4424/1587 4368/4425/1587
f 4370/4426/1588 4368/4425/1588 4369/4427/1588
f 4364/4421/1589 4368/4425/1589 4370/4426/1589
f 4370/4426/1590 4369/4427/1590 4371/4428/1590
f 4370/4426/1591 4371/4428/1591 4346/4403/1591
f 4364/4421/1592 4370/4426/1592 4349/4405/1592
f 4370/4426/1591 4346/4403/1591 4349/4405/1591
f 4369/4427/1593 4372/4429/1593 4371/4428/1593
f 4346/4403/1594 4371/4428/1594 4372/4429/1594
f 4373/4430/1595 4322/4379/1595 4372/4429/1595
f 4344/4401/1596 4372/4429/1596 4322/4379/1596
f 4346/4403/1597 4372/4429/1597 4344/4401/1597
f 4369/4427/1598 4373/4430/1598 4372/4429/1598
f 4373/4430/1599 4374/4431/1599 4322/4379/1599
f 4322/4379/1526 4374/4431/1526 4320/4378/1526
f 4375/4432/1600 4366/4423/1600 4360/4419/1600
f 4375/4432/1601 4376/4433/1601 4366/4423/1601
f 4362/4418/1577 4375/4432/1577 4360/4419/1577
f 4364/4421/1602 4349/4405/1602 4356/4413/1602
f 4361/4417/1603 4358/4415/1603 4354/4412/1603
f 4361/4417/1604 4354/4412/1604 4377/4434/1604
f 4356/4413/1605 4348/4407/1605 4352/4410/1605
f 4356/4413/1606 4349/4405/1606 4348/4407/1606
f 4344/4401/1607 4322/4379/1607 4327/4385/1607
f 4327/4385/1608 4329/4387/1608 4341/4398/1608
f 4325/4382/1609 4319/4377/1609 4317/4374/1609
f 4380/4435/1474 4379/4436/1474 4378/4437/1474
f 4380/4435/1474 4381/4438/1474 4379/4436/1474
f 4384/4439/1610 4383/4440/1610 4382/4441/1610
f 4384/4439/1611 4385/4442/1611 4383/4440/1611
f 4387/4443/1612 4385/4444/1612 4386/4445/1612
f 4387/4443/1613 4388/4446/1613 4385/4444/1613
f 4393/4447/1614 4388/4448/1614 4389/4449/1614
f 4391/4450/1615 4388/4451/1615 4390/4452/1615
f 4391/4450/1616 4392/4453/1616 4388/4451/1616
f 4393/4447/1614 4394/4454/1614 4388/4448/1614
f 4393/4447/1614 4395/4455/1614 4394/4454/1614
f 4397/4456/1617 4389/4457/1617 4396/4458/1617
f 4397/4456/1618 4398/4459/1618 4389/4457/1618
f 4401/4460/1619 4400/4461/1619 4399/4462/1619
f 4401/4460/1620 4402/4463/1620 4400/4461/1620
f 4404/4464/1613 4402/4465/1613 4403/4466/1613
f 4404/4464/1613 4405/4467/1613 4402/4465/1613
f 4407/4468/1615 4405/4469/1615 4406/4470/1615
f 4407/4468/1616 4408/4471/1616 4405/4469/1616
f 4410/4472/1614 4405/4473/1614 4409/4474/1614
f 4410/4472/1621 4411/4475/1621 4405/4473/1621
f 4410/4472/1622 4400/4476/1622 4411/4475/1622
f 4413/4477/1623 4409/4478/1623 4412/4479/1623
f 4413/4477/1624 4414/4480/1624 4409/4478/1624
f 4417/4481/1625 4416/4482/1625 4415/4483/1625
f 4417/4481/1626 4418/4484/1626 4416/4482/1626
f 4420/4485/1627 4421/4486/1627 4419/4487/1627
f 4420/4485/1628 4422/4488/1628 4421/4486/1628
f 4425/4489/1629 4424/4490/1629 4423/4491/1629
f 4425/4489/1630 4426/4492/1630 4424/4490/1630
f 4429/4493/1631 4428/4494/1631 4427/4495/1631
f 4429/4493/1631 4430/4496/1631 4428/4494/1631
f 4433/4497/1632 4432/4498/1632 4431/4499/1632
f 4433/4497/1633 4434/4500/1633 4432/4498/1633
f 4437/4501/1634 4436/4502/1634 4435/4503/1634
f 4437/4501/1634 4438/4504/1634 4436/4502/1634
f 4441/4505/1635 4440/4506/1635 4439/4507/1635
f 4441/4505/1636 4442/4508/1636 4440/4506/1636
f 4445/4509/1637 4444/4510/1637 4443/4511/1637
f 4445/4509/1637 4446/4512/1637 4444/4510/1637
f 4449/4513/1638 4448/4514/1638 4447/4515/1638
f 4449/4513/1639 4450/4516/1639 4448/4514/1639
f 4453/4517/1640 4452/4518/1640 4451/4519/1640
f 4453/4517/1641 4454/4520/1641 4452/4518/1641
f 4457/4521/1626 4456/4522/1626 4455/4523/1626
f 4457/4521/1626 4458/4524/1626 4456/4522/1626
f 4461/4525/1642 4460/4526/1642 4459/4527/1642
f 4461/4525/1627 4462/4528/1627 4460/4526/1627
f 4465/4529/1631 4464/4530/1631 4463/4531/1631
f 4465/4529/1631 4466/4532/1631 4464/4530/1631
f 4469/4533/1643 4468/4534/1643 4467/4535/1643
f 4469/4533/1641 4470/4536/1641 4468/4534/1641
f 4473/4537/1634 4472/4538/1634 4471/4539/1634
f 4473/4537/1634 4474/4540/1634 4472/4538/1634
f 4477/4541/1644 4476/4542/1644 4475/4543/1644
f 4477/4541/1639 4478/4544/1639 4476/4542/1639
f 4481/4545/1637 4480/4546/1637 4479/4547/1637
f 4481/4545/1637 4482/4548/1637 4480/4546/1637
f 4485/4549/1645 4484/4550/1645 4483/4551/1645
f 4485/4549/1646 4486/4552/1646 4484/4550/1646
f 4489/4553/1647 4488/4554/1647 4487/4555/1647
f 4489/4553/1648 4490/4556/1648 4488/4554/1648
f 4493/4557/1649 4492/4558/1649 4491/4559/1649
f 4493/4557/1650 4494/4560/1650 4492/4558/1650
f 4497/4561/1626 4496/4562/1626 4495/4563/1626
f 4497/4561/1626 4498/4564/1626 4496/4562/1626
f 4501/4565/1627 4500/4566/1627 4499/4567/1627
f 4501/4565/1628 4502/4568/1628 4500/4566/1628
f 4505/4569/1651 4504/4570/1651 4503/4571/1651
f 4505/4569/1630 4506/4572/1630 4504/4570/1630
f 4509/4573/1631 4508/4574/1631 4507/4575/1631
f 4509/4573/1631 4510/4576/1631 4508/4574/1631
f 4513/4577/1632 4512/4578/1632 4511/4579/1632
f 4513/4577/1652 4514/4580/1652 4512/4578/1652
f 4517/4581/1634 4516/4582/1634 4515/4583/1634
f 4517/4581/1653 4518/4584/1653 4516/4582/1653
f 4521/4585/1635 4520/4586/1635 4519/4587/1635
f 4521/4585/1654 4522/4588/1654 4520/4586/1654
f 4525/4589/1637 4524/4590/1637 4523/4591/1637
f 4525/4589/1637 4526/4592/1637 4524/4590/1637
f 4529/4593/1638 4528/4594/1638 4527/4595/1638
f 4529/4593/1655 4530/4596/1655 4528/4594/1655
f 4533/4597/1640 4532/4598/1640 4531/4599/1640
f 4533/4597/1641 4534/4600/1641 4532/4598/1641
f 4537/4601/1625 4536/4602/1625 4535/4603/1625
f 4537/4601/1625 4538/4604/1625 4536/4602/1625
f 4541/4605/1656 4540/4606/1656 4539/4607/1657
f 4541/4605/1658 4542/4608/1658 4540/4606/1658
f 4545/4609/1631 4544/4610/1631 4543/4611/1631
f 4545/4609/1631 4546/4612/1631 4544/4610/1631
f 4549/4613/1659 4548/4614/1659 4547/4615/1659
f 4549/4613/1652 4550/4616/1652 4548/4614/1652
f 4553/4617/1653 4552/4618/1653 4551/4619/1653
f 4553/4617/1660 4554/4620/1660 4552/4618/1660
f 4557/4621/1637 4556/4622/1637 4555/4623/1637
f 4557/4621/1637 4558/4624/1637 4556/4622/1637
f 4561/4625/1645 4560/4626/1645 4559/4627/1645
f 4561/4625/1661 4562/4628/1661 4560/4626/1661
f 4565/4629/1647 4564/4630/1647 4563/4631/1647
f 4565/4629/1647 4566/4632/1647 4564/4630/1647
f 4569/4633/1662 4568/4634/1662 4567/4635/1662
f 4569/4633/1652 4570/4636/1652 4568/4634/1652
f 4573/4637/1626 4572/4638/1626 4571/4639/1626
f 4573/4637/1626 4574/4640/1626 4572/4638/1626
f 4577/4641/1642 4576/4642/1642 4575/4643/1642
f 4577/4641/1627 4578/4644/1627 4576/4642/1627
f 4581/4645/1663 4580/4646/1663 4579/4647/1663
f 4581/4645/1664 4582/4648/1664 4580/4646/1664
f 4585/4649/1631 4584/4650/1631 4583/4651/1631
f 4585/4649/1631 4586/4652/1631 4584/4650/1631
f 4589/4653/1643 4588/4654/1643 4587/4655/1643
f 4589/4653/1641 4590/4656/1641 4588/4654/1641
f 4593/4657/1653 4592/4658/1653 4591/4659/1653
f 4593/4657/1634 4594/4660/1634 4592/4658/1634
f 4597/4661/1644 4596/4662/1644 4595/4663/1644
f 4597/4661/1639 4598/4664/1639 4596/4662/1639
f 4601/4665/1637 4600/4666/1637 4599/4667/1637
f 4601/4665/1637 4602/4668/1637 4600/4666/1637
f 4605/4669/1665 4604/4670/1665 4603/4671/1665
f 4605/4669/1639 4606/4672/1639 4604/4670/1639
f 4609/4673/1647 4608/4674/1647 4607/4675/1647
f 4609/4673/1648 4610/4676/1648 4608/4674/1648
f 4612/4677/1649 4613/4678/1649 4611/4679/1649
f 4612/4677/1666 4614/4680/1666 4613/4678/1666
f 4617/4681/1667 4616/4682/1667 4615/4683/1667
f 4617/4681/1667 4618/4684/1667 4616/4682/1667
f 4621/4685/1668 4620/4686/1668 4619/4687/1668
f 4621/4685/1669 4622/4688/1669 4620/4686/1669
f 4625/4689/1670 4624/4690/1670 4623/4691/1670
f 4625/4689/1671 4626/4692/1671 4624/4690/1671
f 4629/4693/1672 4628/4694/1672 4627/4695/1672
f 4629/4693/1673 4630/4696/1673 4628/4694/1673
f 4633/4697/1674 4632/4698/1674 4631/4699/1674
f 4633/4697/1675 4634/4700/1675 4632/4698/1675
f 4637/4701/1676 4636/4702/1676 4635/4703/1676
f 4637/4701/1677 4638/4704/1677 4636/4702/1677
f 4641/4705/1678 4640/4706/1678 4639/4707/1678
f 4641/4705/1679 4642/4708/1679 4640/4706/1679
f 4645/4709/1680 4644/4710/1680 4643/4711/1680
f 4645/4709/1677 4646/4712/1677 4644/4710/1677
f 4649/4713/1681 4648/4714/1681 4647/4715/1681
f 4649/4713/1682 4650/4716/1682 4648/4714/1682
f 4653/4717/1683 4652/4718/1683 4651/4719/1683
f 4653/4717/1684 4654/4720/1684 4652/4718/1684
f 4657/4721/1685 4656/4722/1685 4655/4723/1685
f 4657/4721/1685 4658/4724/1685 4656/4722/1685
f 4661/4725/1686 4660/4726/1686 4659/4727/1686
f 4661/4725/1687 4662/4728/1687 4660/4726/1687
f 4664/4729/1688 4663/4730/1688 4661/4731/1688
f 4664/4729/1689 4665/4732/1689 4663/4730/1689
f 4668/4733/1690 4667/4734/1690 4666/4735/1690
f 4668/4733/1691 4669/4736/1691 4667/4734/1691
f 4672/4737/1692 4671/4738/1692 4670/4739/1692
f 4672/4737/1693 4673/4740/1693 4671/4738/1693
f 4676/4741/1694 4675/4742/1694 4674/4743/1694
f 4676/4741/1695 4677/4744/1695 4675/4742/1695
f 4680/4745/1696 4679/4746/1696 4678/4747/1696
f 4680/4745/1697 4681/4748/1697 4679/4746/1697
f 4684/4749/1698 4683/4750/1698 4682/4751/1698
f 4684/4749/1699 4685/4752/1699 4683/4750/1699
f 4688/4753/1693 4687/4754/1693 4686/4755/1693
f 4688/4753/1693 4689/4756/1693 4687/4754/1693
f 4692/4757/1700 4691/4758/1700 4690/4759/1700
f 4692/4757/1701 4693/4760/1701 4691/4758/1701
f 4696/4761/1702 4695/4762/1702 4694/4763/1702
f 4696/4761/1702 4697/4764/1702 4695/4762/1702
f 4700/4765/1703 4699/4766/1703 4698/4767/1703
f 4700/4765/1704 4702/4768/1704 4699/4766/1704
f 4703/4769/1688 4701/4770/1688 4700/4771/1688
f 4703/4769/1705 4704/4772/1705 4701/4770/1705
f 4707/4773/1706 4706/4774/1706 4705/4775/1706
f 4707/4773/1707 4708/4776/1707 4706/4774/1707
f 4711/4777/1693 4710/4778/1693 4709/4779/1693
f 4711/4777/1693 4712/4780/1693 4710/4778/1693
f 4715/4781/1696 4714/4782/1696 4713/4783/1696
f 4715/4781/1708 4716/4784/1708 4714/4782/1708
f 4719/4785/1698 4718/4786/1698 4717/4787/1698
f 4719/4785/1709 4720/4788/1709 4718/4786/1709
f 4723/4789/1710 4722/4790/1710 4721/4791/1710
f 4723/4789/1693 4724/4792/1693 4722/4790/1693
f 4727/4793/1700 4726/4794/1700 4725/4795/1700
f 4727/4793/1711 4728/4796/1711 4726/4794/1711
f 4731/4797/1712 4730/4798/1712 4729/4799/1712
f 4731/4797/1712 4732/4800/1712 4730/4798/1712
f 4735/4801/1713 4734/4802/1713 4733/4803/1713
f 4735/4801/1714 4736/4804/1714 4734/4802/1714
f 4739/4805/1715 4738/4806/1715 4737/4807/1715
f 4739/4805/1716 4740/4808/1716 4738/4806/1716
f 4743/4809/1717 4742/4810/1717 4741/4811/1717
f 4743/4809/1718 4744/4812/1718 4742/4810/1718
f 4747/4813/1719 4746/4814/1719 4745/4815/1719
f 4747/4813/1720 4748/4816/1720 4746/4814/1720
f 4751/4817/1721 4750/4818/1721 4749/4819/1721
f 4751/4817/1722 4752/4820/1722 4750/4818/1722
f 4755/4821/1723 4754/4822/1723 4753/4823/1723
f 4755/4821/1724 4756/4824/1724 4754/4822/1724
f 4759/4825/1725 4758/4826/1725 4757/4827/1725
f 4760/4828/1726 4757/4829/1726 4761/4830/1726
f 4760/4828/1727 4761/4830/1727 4762/4831/1727
f 4760/4828/1728 4762/4831/1728 4763/4832/1728
f 4760/4828/1729 4763/4832/1729 4764/4833/1729
f 4759/4825/1730 4765/4834/1730 4758/4826/1730
f 4767/4835/1731 4765/4834/1731 4759/4825/1731
f 4767/4835/1732 4759/4825/1732 4766/4836/1732
f 4769/4837/1733 4768/4838/1733 4758/4839/1733
f 4769/4837/1734 4770/4840/1734 4768/4838/1734
f 4772/4841/1735 4770/4840/1735 4769/4837/1735
f 4772/4841/1736 4769/4837/1736 4771/4842/1736
f 4775/4843/1737 4774/4844/1737 4773/4845/1737
f 4777/4846/1738 4773/4847/1738 4776/4848/1738
f 4777/4846/1739 4776/4848/1739 4778/4849/1739
f 4775/4843/1740 4779/4850/1740 4774/4844/1740
f 4780/4851/1741 4781/4852/1741 4785/4853/1741
f 4782/4854/1742 4781/4852/1742 4780/4851/1742
f 4787/4855/1743 4783/4856/1743 4780/4851/1743
f 4784/4857/1744 4780/4851/1744 4783/4856/1744
f 4780/4851/1745 4785/4853/1745 4786/4858/1745
f 4787/4855/1746 4780/4851/1746 4786/4858/1746
f 4788/4859/1747 4787/4855/1747 4786/4858/1747
f 4788/4859/1747 4789/4860/1747 4787/4855/1747
f 4790/4861/1748 4789/4860/1748 4788/4859/1748
f 4790/4861/1749 4791/4862/1749 4789/4860/1749
f 4790/4861/1750 4792/4863/1750 4791/4862/1750
f 4790/4861/1750 4795/4864/1750 4792/4863/1750
f 4793/4865/1751 4794/4866/1751 4792/4863/1751
f 4793/4865/1751 4792/4863/1751 4795/4864/1751
f 4796/4867/1752 4795/4864/1752 4790/4861/1752
f 4796/4867/1753 4793/4865/1753 4795/4864/1753
f 4796/4867/1754 4790/4861/1754 4797/4868/1754
f 4798/4869/1755 4796/4867/1755 4797/4868/1755
f 4798/4869/1756 4799/4870/1756 4796/4867/1756
f 4796/4867/1757 4799/4870/1757 4793/4865/1757
f 4799/4870/1758 4801/4871/1758 4793/4865/1758
f 4800/4872/1759 4802/4873/1759 4799/4870/1759
f 4798/4869/1760 4800/4872/1760 4799/4870/1760
f 4799/4870/1758 4802/4873/1758 4801/4871/1758
f 4803/4874/1761 4805/4875/1761 4802/4873/1761
f 4800/4872/1759 4803/4874/1759 4802/4873/1759
f 4802/4873/1762 4805/4875/1762 4804/4876/1762
f 4802/4873/1763 4804/4876/1763 4801/4871/1763
f 4803/4874/1761 4806/4877/1761 4805/4875/1761
f 4805/4875/1764 4807/4878/1764 4804/4876/1764
f 4806/4877/1765 4808/4879/1765 4805/4875/1765
f 4805/4875/1766 4808/4879/1766 4807/4878/1766
f 4806/4877/1765 4809/4880/1765 4808/4879/1765
f 4810/4881/1767 4809/4880/1767 4806/4877/1767
f 4810/4881/1768 4806/4877/1768 4811/4882/1768
f 4811/4882/1769 4806/4877/1769 4803/4874/1769
f 4811/4882/1770 4803/4874/1770 4812/4883/1770
f 4813/4884/1771 4812/4883/1771 4803/4874/1771
f 4813/4884/1772 4798/4869/1772 4814/4885/1772
f 4813/4884/1773 4803/4874/1773 4800/4872/1773
f 4813/4884/1774 4800/4872/1774 4798/4869/1774
f 4815/4886/1775 4814/4885/1775 4798/4869/1775
f 4815/4886/1775 4798/4869/1775 4816/4887/1775
f 4815/4886/1776 4816/4887/1776 4817/4888/1776
f 4815/4886/1776 4817/4888/1776 4818/4889/1776
f 4818/4889/1777 4820/4890/1777 4819/4891/1777
f 4818/4889/1777 4817/4888/1777 4820/4890/1777
f 4821/4892/1778 4819/4891/1778 4820/4890/1778
f 4821/4892/1778 4820/4890/1778 4823/4893/1778
f 4820/4890/1779 4785/4853/1779 4781/4852/1779
f 4820/4890/1780 4781/4852/1780 4823/4893/1780
f 4820/4890/1781 4822/4894/1781 4785/4853/1781
f 4820/4890/1782 4817/4888/1782 4822/4894/1782
f 4824/4895/1783 4823/4893/1783 4781/4852/1783
f 4824/4895/1784 4825/4896/1784 4823/4893/1784
f 4823/4893/1785 4825/4896/1785 4826/4897/1785
f 4823/4893/1786 4826/4897/1786 4821/4892/1786
f 4782/4854/1787 4824/4895/1787 4781/4852/1787
f 4822/4894/1788 4790/4861/1788 4788/4859/1788
f 4785/4853/1789 4822/4894/1789 4788/4859/1789
f 4817/4888/1790 4797/4868/1790 4822/4894/1790
f 4822/4894/1791 4797/4868/1791 4790/4861/1791
f 4817/4888/1790 4816/4887/1790 4797/4868/1790
f 4798/4869/1792 4797/4868/1792 4816/4887/1792
f 4807/4878/1793 4828/4898/1793 4827/4899/1793
f 4807/4878/1793 4827/4899/1793 4804/4876/1793
f 4804/4876/1794 4827/4899/1794 4829/4900/1794
f 4793/4865/1795 4801/4871/1795 4829/4900/1795
f 4793/4865/1796 4829/4900/1796 4794/4866/1796
f 4804/4876/1797 4829/4900/1797 4801/4871/1797
f 4785/4853/1789 4788/4859/1789 4786/4858/1789
f 4784/4857/1798 4783/4856/1798 4830/4901/1798
f 4831/4902/1799 4832/4903/1799 4835/4904/1799
f 4833/4905/1800 4832/4903/1800 4831/4902/1800
f 4831/4902/1801 4835/4904/1801 4834/4906/1801
f 4832/4903/1802 4836/4907/1802 4835/4904/1802
f 4837/4908/1803 4838/4909/1803 4836/4907/1803
f 4832/4903/1802 4837/4908/1802 4836/4907/1802
f 4837/4908/1804 4841/4910/1804 4838/4909/1804
f 4839/4911/1805 4840/4912/1805 4838/4909/1805
f 4839/4911/1806 4838/4909/1806 4841/4910/1806
f 4842/4913/1807 4843/4914/1807 4841/4910/1807
f 4842/4913/1808 4841/4910/1808 4837/4908/1808
f 4844/4915/1809 4841/4910/1809 4843/4914/1809
f 4844/4915/1810 4839/4911/1810 4841/4910/1810
f 4846/4916/1811 4839/4911/1811 4844/4915/1811
f 4847/4917/1812 4844/4915/1812 4845/4918/1812
f 4848/4919/1813 4845/4918/1813 4844/4915/1813
f 4847/4917/1814 4846/4916/1814 4844/4915/1814
f 4848/4919/1815 4844/4915/1815 4843/4914/1815
f 4848/4919/1816 4843/4914/1816 4842/4913/1816
f 4848/4919/1817 4842/4913/1817 4849/4920/1817
f 4850/4921/1818 4848/4919/1818 4849/4920/1818
f 4850/4921/1819 4845/4918/1819 4848/4919/1819
f 4850/4921/1820 4851/4922/1820 4845/4918/1820
f 4850/4921/1821 4849/4920/1821 4852/4923/1821
f 4853/4924/1822 4852/4923/1822 4849/4920/1822
f 4853/4924/1823 4855/4925/1823 4854/4926/1823
f 4853/4924/1824 4854/4926/1824 4856/4927/1824
f 4853/4924/1822 4849/4920/1822 4855/4925/1822
f 4855/4925/1825 4857/4928/1825 4833/4905/1825
f 4855/4925/1826 4833/4905/1826 4854/4926/1826
f 4849/4920/1827 4857/4928/1827 4855/4925/1827
f 4833/4905/1828 4857/4928/1828 4832/4903/1828
f 4849/4920/1829 4842/4913/1829 4857/4928/1829
f 4842/4913/1830 4832/4903/1830 4857/4928/1830
f 4851/4922/1831 4847/4917/1831 4845/4918/1831
f 4851/4922/1832 4858/4929/1832 4847/4917/1832
f 4858/4929/1833 4859/4930/1833 4847/4917/1833
f 4858/4929/1834 4860/4931/1834 4859/4930/1834
f 4860/4931/1835 4861/4932/1835 4859/4930/1835
f 4860/4931/1836 4862/4933/1836 4861/4932/1836
f 4862/4933/1837 4863/4934/1837 4861/4932/1837
f 4862/4933/1838 4864/4935/1838 4863/4934/1838
f 4864/4935/1839 4865/4936/1839 4863/4934/1839
f 4864/4935/1840 4866/4937/1840 4865/4936/1840
f 4866/4937/1841 4867/4938/1841 4865/4936/1841
f 4866/4937/1842 4868/4939/1842 4867/4938/1842
f 4869/4940/1843 4867/4938/1843 4868/4939/1843
f 4869/4940/1844 4871/4941/1844 4870/4942/1844
f 4869/4940/1845 4870/4942/1845 4872/4943/1845
f 4869/4940/1846 4872/4943/1846 4867/4938/1846
f 4867/4938/1847 4872/4943/1847 4873/4944/1847
f 4872/4943/1848 4874/4945/1848 4873/4944/1848
f 4872/4943/1848 4870/4942/1848 4874/4945/1848
f 4874/4945/1849 4876/4946/1849 4875/4947/1849
f 4873/4944/1850 4874/4945/1850 4875/4947/1850
f 4870/4942/1851 4877/4948/1851 4874/4945/1851
f 4874/4945/1849 4877/4948/1849 4876/4946/1849
f 4878/4949/1852 4880/4950/1852 4877/4948/1852
f 4870/4942/1853 4878/4949/1853 4877/4948/1853
f 4877/4948/1854 4880/4950/1854 4879/4951/1854
f 4877/4948/1854 4879/4951/1854 4876/4946/1854
f 4878/4949/1852 4881/4952/1852 4880/4950/1852
f 4882/4953/1855 4881/4952/1855 4878/4949/1855
f 4882/4953/1856 4883/4954/1856 4881/4952/1856
f 4882/4953/1857 4878/4949/1857 4870/4942/1857
f 4882/4953/1857 4870/4942/1857 4871/4941/1857
f 4876/4946/1858 4879/4951/1858 4884/4955/1858
f 4876/4946/1858 4884/4955/1858 4885/4956/1858
f 4876/4946/1859 4885/4956/1859 4886/4957/1859
f 4875/4947/1860 4886/4957/1860 4887/4958/1860
f 4876/4946/1859 4886/4957/1859 4875/4947/1859
f 4875/4947/1860 4887/4958/1860 4889/4959/1860
f 4889/4959/1861 4887/4958/1861 4888/4960/1861
f 4889/4959/1862 4888/4960/1862 4890/4961/1862
f 4891/4962/1863 4889/4959/1863 4890/4961/1863
f 4891/4962/1864 4873/4944/1864 4889/4959/1864
f 4873/4944/1850 4875/4947/1850 4889/4959/1850
f 4892/4963/1865 4891/4962/1865 4890/4961/1865
f 4867/4938/1847 4873/4944/1847 4891/4962/1847
f 4865/4936/1866 4867/4938/1866 4891/4962/1866
f 4865/4936/1866 4891/4962/1866 4892/4963/1866
f 4892/4963/1867 4890/4961/1867 4893/4964/1867
f 4892/4963/1868 4893/4964/1868 4895/4965/1868
f 4865/4936/1869 4892/4963/1869 4894/4966/1869
f 4892/4963/1870 4895/4965/1870 4894/4966/1870
f 4896/4967/1871 4895/4965/1871 4897/4968/1871
f 4894/4966/1872 4895/4965/1872 4896/4967/1872
f 4895/4965/1873 4898/4969/1873 4897/4968/1873
f 4895/4965/1874 4893/4964/1874 4898/4969/1874
f 4893/4964/1875 4888/4960/1875 4898/4969/1875
f 4896/4967/1876 4897/4968/1876 4899/4970/1876
f 4901/4971/1877 4899/4970/1877 4900/4972/1877
f 4901/4971/1878 4896/4967/1878 4899/4970/1878
f 4902/4973/1879 4901/4971/1879 4900/4972/1879
f 4903/4974/1880 4901/4971/1880 4902/4973/1880
f 4904/4975/1881 4901/4971/1881 4903/4974/1881
f 4904/4975/1882 4896/4967/1882 4901/4971/1882
f 4894/4966/1883 4896/4967/1883 4904/4975/1883
f 4863/4934/1884 4904/4975/1884 4861/4932/1884
f 4861/4932/1885 4904/4975/1885 4903/4974/1885
f 4863/4934/1886 4894/4966/1886 4904/4975/1886
f 4903/4974/1887 4902/4973/1887 4846/4916/1887
f 4861/4932/1888 4903/4974/1888 4859/4930/1888
f 4859/4930/1889 4903/4974/1889 4846/4916/1889
f 4902/4973/1890 4900/4972/1890 4905/4976/1890
f 4839/4911/1891 4902/4973/1891 4905/4976/1891
f 4846/4916/1892 4902/4973/1892 4839/4911/1892
f 4839/4911/1893 4905/4976/1893 4840/4912/1893
f 4865/4936/1894 4894/4966/1894 4863/4934/1894
f 4893/4964/1875 4890/4961/1875 4888/4960/1875
f 4859/4930/1895 4846/4916/1895 4847/4917/1895
f 4842/4913/1896 4837/4908/1896 4832/4903/1896
f 4907/4977/1897 4909/4978/1897 4906/4979/1897
f 4908/4980/1898 4907/4977/1898 4906/4979/1898
f 4907/4977/1897 4910/4981/1897 4909/4978/1897
f 4907/4977/1899 4911/4982/1899 4910/4981/1899
f 4907/4977/1900 4912/4983/1900 4911/4982/1900
f 4913/4984/1901 4911/4982/1901 4912/4983/1901
f 4913/4984/1902 4914/4985/1902 4911/4982/1902
f 4913/4984/1903 4915/4986/1903 4914/4985/1903
f 4913/4984/1904 4917/4987/1904 4915/4986/1904
f 4917/4987/1905 4916/4988/1905 4915/4986/1905
f 4918/4989/1906 4917/4987/1906 4913/4984/1906
f 4918/4989/1907 4919/4990/1907 4917/4987/1907
f 4920/4991/1908 4917/4987/1908 4919/4990/1908
f 4920/4991/1909 4921/4992/1909 4917/4987/1909
f 4917/4987/1910 4921/4992/1910 4916/4988/1910
f 4922/4993/1911 4921/4992/1911 4920/4991/1911
f 4921/4992/1912 4924/4994/1912 4916/4988/1912
f 4922/4993/1913 4923/4995/1913 4921/4992/1913
f 4921/4992/1914 4923/4995/1914 4924/4994/1914
f 4925/4996/1915 4924/4994/1915 4923/4995/1915
f 4925/4996/1916 4926/4997/1916 4924/4994/1916
f 4927/4998/1917 4928/4999/1917 4926/4997/1917
f 4927/4998/1918 4926/4997/1918 4925/4996/1918
f 4929/5000/1919 4928/4999/1919 4927/4998/1919
f 4929/5000/1920 4930/5001/1920 4928/4999/1920
f 4929/5000/1921 4931/5002/1921 4930/5001/1921
f 4933/5003/1922 4931/5002/1922 4932/5004/1922
f 4929/5000/1923 4932/5004/1923 4931/5002/1923
f 4933/5003/1924 4934/5005/1924 4931/5002/1924
f 4935/5006/1925 4934/5005/1925 4933/5003/1925
f 4935/5006/1926 4936/5007/1926 4934/5005/1926
f 4937/5008/1927 4938/5009/1927 4936/5007/1927
f 4937/5008/1928 4936/5007/1928 4935/5006/1928
f 4940/5010/1929 4939/5011/1929 4937/5008/1929
f 4940/5010/1930 4937/5008/1930 4935/5006/1930
f 4942/5012/1931 4940/5010/1931 4941/5013/1931
f 4941/5013/1932 4940/5010/1932 4935/5006/1932
f 4942/5012/1933 4943/5014/1933 4940/5010/1933
f 4943/5014/1934 4939/5011/1934 4940/5010/1934
f 4944/5015/1935 4943/5014/1935 4942/5012/1935
f 4946/5016/1936 4943/5014/1936 4944/5015/1936
f 4943/5014/1937 4945/5017/1937 4939/5011/1937
f 4946/5016/1938 4945/5017/1938 4943/5014/1938
f 4944/5015/1939 4942/5012/1939 4947/5018/1939
f 4947/5018/1940 4942/5012/1940 4948/5019/1940
f 4947/5018/1941 4948/5019/1941 4949/5020/1941
f 4950/5021/1942 4949/5020/1942 4948/5019/1942
f 4950/5021/1943 4948/5019/1943 4951/5022/1943
f 4950/5021/1944 4951/5022/1944 4952/5023/1944
f 4950/5021/1945 4952/5023/1945 4953/5024/1945
f 4953/5024/1946 4952/5023/1946 4954/5025/1946
f 4953/5024/1947 4954/5025/1947 4955/5026/1947
f 4955/5026/1948 4954/5025/1948 4956/5027/1948
f 4955/5026/1949 4956/5027/1949 4957/5028/1949
f 4958/5029/1950 4957/5028/1950 4956/5027/1950
f 4959/5030/1951 4958/5029/1951 4960/5031/1951
f 4958/5029/1952 4956/5027/1952 4960/5031/1952
f 4959/5030/1953 4960/5031/1953 4961/5032/1953
f 4956/5027/1954 4920/4991/1954 4960/5031/1954
f 4960/5031/1955 4920/4991/1955 4919/4990/1955
f 4960/5031/1955 4919/4990/1955 4961/5032/1955
f 4963/5033/1956 4961/5032/1956 4962/5034/1956
f 4962/5034/1957 4961/5032/1957 4919/4990/1957
f 4963/5033/1958 4959/5030/1958 4961/5032/1958
f 4963/5033/1959 4962/5034/1959 4964/5035/1959
f 4963/5033/1960 4964/5035/1960 4965/5036/1960
f 4966/5037/1961 4965/5036/1961 4964/5035/1961
f 4966/5037/1962 4964/5035/1962 4968/5038/1962
f 4966/5037/1963 4968/5038/1963 4967/5039/1963
f 4966/5037/1964 4967/5039/1964 4969/5040/1964
f 4968/5038/1965 4971/5041/1965 4970/5042/1965
f 4967/5039/1966 4968/5038/1966 4970/5042/1966
f 4968/5038/1967 4964/5035/1967 4971/5041/1967
f 4971/5041/1968 4913/4984/1968 4912/4983/1968
f 4970/5042/1969 4971/5041/1969 4912/4983/1969
f 4964/5035/1970 4918/4989/1970 4971/5041/1970
f 4971/5041/1971 4918/4989/1971 4913/4984/1971
f 4970/5042/1969 4912/4983/1969 4907/4977/1969
f 4908/4980/1972 4970/5042/1972 4907/4977/1972
f 4967/5039/1973 4970/5042/1973 4908/4980/1973
f 4964/5035/1974 4962/5034/1974 4918/4989/1974
f 4962/5034/1975 4919/4990/1975 4918/4989/1975
f 4956/5027/1976 4954/5025/1976 4972/5043/1976
f 4956/5027/1977 4972/5043/1977 4922/4993/1977
f 4956/5027/1978 4922/4993/1978 4920/4991/1978
f 4972/5043/1979 4927/4998/1979 4925/4996/1979
f 4922/4993/1980 4972/5043/1980 4925/4996/1980
f 4954/5025/1981 4973/5044/1981 4972/5043/1981
f 4972/5043/1982 4973/5044/1982 4927/4998/1982
f 4973/5044/1983 4929/5000/1983 4927/4998/1983
f 4952/5023/1984 4974/5045/1984 4973/5044/1984
f 4954/5025/1985 4952/5023/1985 4973/5044/1985
f 4973/5044/1986 4974/5045/1986 4929/5000/1986
f 4952/5023/1987 4951/5022/1987 4974/5045/1987
f 4975/5046/1988 4929/5000/1988 4974/5045/1988
f 4948/5019/1989 4974/5045/1989 4951/5022/1989
f 4948/5019/1990 4975/5046/1990 4974/5045/1990
f 4975/5046/1991 4933/5003/1991 4932/5004/1991
f 4975/5046/1992 4932/5004/1992 4929/5000/1992
f 4948/5019/1993 4941/5013/1993 4975/5046/1993
f 4975/5046/1991 4941/5013/1991 4933/5003/1991
f 4948/5019/1994 4942/5012/1994 4941/5013/1994
f 4941/5013/1995 4935/5006/1995 4933/5003/1995
f 4922/4993/1996 4925/4996/1996 4923/4995/1996
f 4977/5047/1997 4979/5048/1997 4976/5049/1997
f 4978/5050/1998 4977/5047/1998 4976/5049/1998
f 4977/5047/1997 4980/5051/1997 4979/5048/1997
f 4981/5052/1999 4980/5051/1999 4977/5047/1999
f 4981/5052/1999 4982/5053/1999 4980/5051/1999
f 4983/5054/2000 4982/5053/2000 4981/5052/2000
f 4983/5054/2000 4984/5055/2000 4982/5053/2000
f 4985/5056/2001 4986/5057/2001 4984/5055/2001
f 4985/5056/2002 4984/5055/2002 4983/5054/2002
f 4987/5058/2003 4986/5057/2003 4985/5056/2003
f 4987/5058/2004 4988/5059/2004 4986/5057/2004
f 4989/5060/2005 4988/5059/2005 4987/5058/2005
f 4989/5060/2005 4990/5061/2005 4988/5059/2005
f 4991/5062/2006 4992/5063/2006 4990/5061/2006
f 4991/5062/2006 4990/5061/2006 4989/5060/2006
f 4994/5064/2007 4992/5063/2007 4991/5062/2007
f 4994/5064/2008 4993/5065/2008 4992/5063/2008
f 4995/5066/2009 4994/5064/2009 4991/5062/2009
f 4995/5066/2010 4996/5067/2010 4994/5064/2010
f 4996/5067/2011 4997/5068/2011 4994/5064/2011
f 4997/5068/2012 4993/5065/2012 4994/5064/2012
f 4996/5067/2013 4998/5069/2013 4997/5068/2013
f 4997/5068/2014 4999/5070/2014 4993/5065/2014
f 5000/5071/2015 4997/5068/2015 4998/5069/2015
f 4997/5068/2016 5002/5072/2016 4999/5070/2016
f 5000/5071/2017 5001/5073/2017 4997/5068/2017
f 4997/5068/2018 5001/5073/2018 5002/5072/2018
f 5003/5074/2019 5002/5072/2019 5001/5073/2019
f 5003/5074/2020 5004/5075/2020 5002/5072/2020
f 5005/5076/2021 5006/5077/2021 5004/5075/2021
f 5005/5076/2022 5004/5075/2022 5003/5074/2022
f 5007/5078/2023 5006/5077/2023 5005/5076/2023
f 5007/5078/2024 5008/5079/2024 5006/5077/2024
f 5009/5080/2025 5008/5079/2025 5007/5078/2025
f 5009/5080/2026 5010/5081/2026 5008/5079/2026
f 5011/5082/2027 5012/5083/2027 5010/5081/2027
f 5011/5082/2028 5010/5081/2028 5009/5080/2028
f 5013/5084/2029 5012/5083/2029 5011/5082/2029
f 5013/5084/2030 5014/5085/2030 5012/5083/2030
f 5015/5086/2031 5013/5084/2031 5011/5082/2031
f 5015/5086/2032 5016/5087/2032 5013/5084/2032
f 5018/5088/2033 5017/5089/2033 5016/5087/2033
f 5018/5088/2034 5016/5087/2034 5015/5086/2034
f 5021/5090/2035 5018/5088/2035 5015/5086/2035
f 5020/5091/2036 5018/5088/2036 5019/5092/2036
f 5019/5092/2037 5018/5088/2037 5021/5090/2037
f 5020/5091/2038 5017/5089/2038 5018/5088/2038
f 5024/5093/2039 5021/5090/2039 5022/5094/2039
f 5022/5094/2040 5021/5090/2040 5023/5095/2040
f 5021/5090/2041 5015/5086/2041 5023/5095/2041
f 5019/5092/2042 5021/5090/2042 5024/5093/2042
f 5024/5093/2043 5022/5094/2043 5025/5096/2043
f 5025/5096/2044 5022/5094/2044 5026/5097/2044
f 5025/5096/2045 5026/5097/2045 5027/5098/2045
f 5027/5098/2046 5026/5097/2046 5028/5099/2046
f 5027/5098/2047 5028/5099/2047 5029/5100/2047
f 5029/5100/2048 5028/5099/2048 5030/5101/2048
f 5029/5100/2049 5030/5101/2049 5031/5102/2049
f 5032/5103/2050 5031/5102/2050 5030/5101/2050
f 5032/5103/2051 5035/5104/2051 5033/5105/2051
f 5032/5103/2052 5033/5105/2052 5034/5106/2052
f 5032/5103/2053 5030/5101/2053 5035/5104/2053
f 5033/5105/2054 5035/5104/2054 4998/5069/2054
f 5030/5101/2055 4998/5069/2055 5035/5104/2055
f 5034/5106/2056 5033/5105/2056 5036/5107/2056
f 5034/5106/2056 5036/5107/2056 5037/5108/2056
f 5037/5108/2057 5039/5109/2057 5038/5110/2057
f 5037/5108/2057 5036/5107/2057 5039/5109/2057
f 5038/5110/2058 5039/5109/2058 5040/5111/2058
f 5040/5111/2059 5039/5109/2059 5041/5112/2059
f 5039/5109/2060 4995/5066/2060 5041/5112/2060
f 5039/5109/2061 5036/5107/2061 4995/5066/2061
f 5040/5111/2059 5041/5112/2059 5042/5113/2059
f 5042/5113/2062 5041/5112/2062 4989/5060/2062
f 5041/5112/2063 4991/5062/2063 4989/5060/2063
f 5041/5112/2063 4995/5066/2063 4991/5062/2063
f 5042/5113/2064 4989/5060/2064 4987/5058/2064
f 5043/5114/2065 5042/5113/2065 4987/5058/2065
f 5044/5115/2066 5040/5111/2066 5042/5113/2066
f 5044/5115/2066 5042/5113/2066 5043/5114/2066
f 5046/5116/2067 5044/5115/2067 5045/5117/2067
f 5045/5117/2068 5044/5115/2068 5043/5114/2068
f 5047/5118/2069 5044/5115/2069 5046/5116/2069
f 5047/5118/2070 5040/5111/2070 5044/5115/2070
f 5038/5110/2058 5040/5111/2058 5047/5118/2058
f 5046/5116/2067 5045/5117/2067 5048/5119/2067
f 5048/5119/2071 5045/5117/2071 5049/5120/2071
f 5048/5119/2071 5049/5120/2071 5050/5121/2071
f 5050/5121/2072 5049/5120/2072 5051/5122/2072
f 5050/5121/2073 5051/5122/2073 5052/5123/2073
f 5052/5123/2074 5051/5122/2074 5053/5124/2074
f 5052/5123/2075 5053/5124/2075 5054/5125/2075
f 5053/5124/2076 5055/5126/2076 4978/5050/2076
f 5053/5124/2076 5051/5122/2076 5055/5126/2076
f 5055/5126/2077 4981/5052/2077 4977/5047/2077
f 4978/5050/1998 5055/5126/1998 4977/5047/1998
f 5051/5122/2078 5056/5127/2078 5055/5126/2078
f 5055/5126/2079 5056/5127/2079 4981/5052/2079
f 5056/5127/2080 4983/5054/2080 4981/5052/2080
f 5049/5120/2081 5057/5128/2081 5056/5127/2081
f 5051/5122/2078 5049/5120/2078 5056/5127/2078
f 5056/5127/2082 5057/5128/2082 4983/5054/2082
f 5049/5120/2083 5045/5117/2083 5057/5128/2083
f 5057/5128/2084 4985/5056/2084 4983/5054/2084
f 5045/5117/2068 5043/5114/2068 5057/5128/2068
f 5057/5128/2085 5043/5114/2085 4985/5056/2085
f 5043/5114/2086 4987/5058/2086 4985/5056/2086
f 5036/5107/2087 4996/5067/2087 4995/5066/2087
f 5036/5107/2088 5033/5105/2088 4996/5067/2088
f 5033/5105/2089 4998/5069/2089 4996/5067/2089
f 5030/5101/2090 5058/5129/2090 5000/5071/2090
f 5030/5101/2091 5000/5071/2091 4998/5069/2091
f 5030/5101/2092 5028/5099/2092 5058/5129/2092
f 5000/5071/2093 5058/5129/2093 5003/5074/2093
f 5058/5129/2094 5005/5076/2094 5003/5074/2094
f 5028/5099/2095 5059/5130/2095 5058/5129/2095
f 5058/5129/2096 5059/5130/2096 5005/5076/2096
f 5028/5099/2097 5026/5097/2097 5059/5130/2097
f 5059/5130/2098 5007/5078/2098 5005/5076/2098
f 5026/5097/2099 5060/5131/2099 5059/5130/2099
f 5059/5130/2100 5060/5131/2100 5007/5078/2100
f 5060/5131/2101 5009/5080/2101 5007/5078/2101
f 5022/5094/2102 5023/5095/2102 5060/5131/2102
f 5026/5097/2103 5022/5094/2103 5060/5131/2103
f 5060/5131/2104 5023/5095/2104 5009/5080/2104
f 5023/5095/2105 5011/5082/2105 5009/5080/2105
f 5023/5095/2106 5015/5086/2106 5011/5082/2106
f 5000/5071/2107 5003/5074/2107 5001/5073/2107
f 5063/5132/2108 5062/5133/2108 5061/5134/2108
f 5063/5132/2109 5064/5135/2109 5062/5133/2109
f 5066/5136/2110 5064/5135/2110 5063/5132/2110
f 5066/5136/2111 5063/5132/2111 5065/5137/2111
f 5069/5138/2112 5068/5139/2112 5067/5140/2112
f 5069/5138/2113 5070/5141/2113 5068/5139/2113
f 5072/5142/2114 5070/5141/2114 5069/5138/2114
f 5072/5142/2115 5069/5138/2115 5071/5143/2115
f 5075/5144/2116 5074/5145/2116 5073/5146/2116
f 5077/5147/2117 5073/5148/2117 5076/5149/2117
f 5077/5147/2118 5076/5149/2118 5078/5150/2118
f 5075/5144/2119 5079/5151/2119 5074/5145/2119
f 5082/5152/2120 5081/5153/2120 5080/5154/2120
f 5082/5152/2121 5080/5154/2121 5083/5155/2121
f 5082/5152/2122 5083/5155/2122 5084/5156/2122
f 5082/5152/2123 5085/5157/2123 5081/5153/2123
f 5088/5158/2124 5087/5159/2124 5086/5160/2124
f 5088/5158/400 5089/5161/400 5087/5159/400
f 5091/5162/401 5089/5163/401 5090/5164/401
f 5091/5162/401 5092/5165/401 5089/5163/401
f 5095/5166/403 5087/5167/403 5093/5168/403
f 5094/5169/402 5093/5168/402 5087/5167/402
f 5095/5166/406 5093/5168/406 5096/5170/406
f 5096/5170/418 5097/5171/418 5095/5166/418
f 5099/5172/417 5097/5173/417 5098/5174/417
f 5099/5172/417 5100/5175/417 5097/5173/417
f 5096/5170/2125 5101/5176/2125 5097/5171/2125
f 5101/5176/414 5102/5177/414 5097/5171/414
f 5104/5178/423 5102/5179/423 5103/5180/423
f 5104/5178/423 5105/5181/423 5102/5179/423
f 5101/5176/413 5106/5182/413 5102/5177/413
f 5106/5182/420 5094/5169/420 5102/5177/420
f 5106/5182/2126 5107/5183/2126 5094/5169/2126
f 5094/5169/405 5107/5183/405 5093/5168/405
f 5109/5184/415 5108/5185/415 5101/5186/415
f 5111/5187/412 5110/5188/412 5101/5189/412
f 5111/5187/411 5112/5190/411 5110/5188/411
f 5112/5190/2127 5113/5191/2127 5114/5192/2127
f 5112/5190/409 5114/5192/409 5110/5188/409
f 5114/5192/2128 5115/5193/2128 5093/5194/2128
f 5114/5192/408 5113/5191/408 5115/5193/408
f 5109/5184/421 5116/5195/421 5108/5185/421
f 5109/5184/422 5117/5196/422 5116/5195/422
f 5109/5184/2129 5093/5197/2129 5117/5196/2129
f 5120/5198/2130 5119/5199/2130 5118/5200/2130
f 5120/5198/424 5121/5201/424 5119/5199/424
f 5124/5202/2131 5123/5203/2131 5122/5204/2131
f 5124/5202/2131 5125/5205/2131 5123/5203/2131
f 5128/5206/2132 5126/5207/2132 5124/5208/2132
f 5127/5209/2133 5124/5208/2133 5126/5207/2133
f 5128/5206/2134 5129/5210/2134 5126/5207/2134
f 5129/5210/2135 5128/5206/2135 5130/5211/2135
f 5131/5212/2136 5135/5213/2136 5130/5211/2136
f 5130/5214/2137 5133/5215/2137 5132/5216/2137
f 5130/5214/2137 5134/5217/2137 5133/5215/2137
f 5129/5210/2138 5130/5211/2138 5135/5213/2138
f 5131/5212/2139 5140/5218/2139 5135/5213/2139
f 5137/5219/2140 5136/5220/2140 5135/5221/2140
f 5139/5222/2141 5138/5223/2141 5135/5224/2141
f 5127/5209/2142 5141/5225/2142 5140/5218/2142
f 5127/5209/2143 5140/5218/2143 5131/5212/2143
f 5141/5225/2144 5143/5226/2144 5142/5227/2144
f 5141/5225/2145 5126/5207/2145 5143/5226/2145
f 5127/5209/2146 5126/5207/2146 5141/5225/2146
f 5145/5228/2147 5142/5229/2147 5144/5230/2147
f 5145/5228/2148 5144/5230/2148 5139/5222/2148
f 5139/5222/2149 5144/5230/2149 5138/5223/2149
f 5137/5219/2150 5146/5231/2150 5136/5220/2150
f 5136/5220/2151 5146/5231/2151 5147/5232/2151
f 5136/5220/2152 5147/5232/2152 5126/5233/2152
f 5131/5234/2153 5149/5235/2153 5148/5236/2153
f 5131/5234/2153 5150/5237/2153 5149/5235/2153
f 5125/5238/2154 5152/5239/2154 5151/5240/2154
f 5125/5238/2154 5153/5241/2154 5152/5239/2154
f 5156/5242/2155 5155/5243/2155 5154/5244/2155
f 5156/5242/2155 5157/5245/2155 5155/5243/2155
f 5160/5246/2131 5159/5247/2131 5158/5248/2131
f 5160/5246/2156 5161/5249/2156 5159/5247/2156
f 5164/5250/2132 5162/5251/2132 5160/5252/2132
f 5163/5253/2133 5160/5252/2133 5162/5251/2133
f 5164/5250/2134 5165/5254/2134 5162/5251/2134
f 5165/5254/2135 5164/5250/2135 5166/5255/2135
f 5166/5256/2137 5168/5257/2137 5167/5258/2137
f 5166/5256/2137 5169/5259/2137 5168/5257/2137
f 5165/5254/2138 5166/5255/2138 5170/5260/2138
f 5171/5261/2136 5170/5260/2136 5166/5255/2136
f 5171/5262/2153 5173/5263/2153 5172/5264/2153
f 5171/5262/2153 5174/5265/2153 5173/5263/2153
f 5171/5261/2139 5175/5266/2139 5170/5260/2139
f 5163/5253/2143 5175/5266/2143 5171/5261/2143
f 5163/5253/2157 5176/5267/2157 5175/5266/2157
f 5176/5267/2158 5178/5268/2158 5177/5269/2158
f 5176/5267/2159 5162/5251/2159 5178/5268/2159
f 5163/5253/2160 5162/5251/2160 5176/5267/2160
f 5180/5270/2161 5177/5271/2161 5179/5272/2161
f 5180/5270/2148 5179/5272/2148 5181/5273/2148
f 5181/5273/2149 5179/5272/2149 5182/5274/2149
f 5181/5273/2141 5182/5274/2141 5170/5275/2141
f 5184/5276/2140 5183/5277/2140 5170/5278/2140
f 5184/5276/2150 5185/5279/2150 5183/5277/2150
f 5183/5277/2151 5185/5279/2151 5186/5280/2151
f 5183/5277/2152 5186/5280/2152 5162/5281/2152
f 5161/5282/2154 5188/5283/2154 5187/5284/2154
f 5161/5282/2154 5189/5285/2154 5188/5283/2154
f 5192/5286/2155 5191/5287/2155 5190/5288/2155
f 5192/5286/2155 5193/5289/2155 5191/5287/2155
f 5194/5290/218 5195/5291/218 5197/5292/218
f 5194/5290/221 5196/5293/221 5195/5291/221
f 5197/5292/218 5199/5294/218 5198/5295/218
f 5197/5292/221 5200/5296/221 5199/5294/221
f 5195/5291/221 5200/5296/221 5197/5292/221
f 5198/5295/218 5199/5294/218 5201/5297/218
f 5198/5295/218 5201/5297/218 5202/5298/218
f 5196/5293/221 5203/5299/221 5195/5291/221
f 5204/5300/221 5203/5299/221 5196/5293/221
f 5204/5300/218 5205/5301/218 5203/5299/218
f 5206/5302/218 5205/5301/218 5204/5300/218
f 5206/5302/218 5207/5303/218 5205/5301/218
f 5208/5304/218 5207/5303/218 5206/5302/218
f 5208/5304/221 5209/5305/221 5207/5303/221
f 5211/5306/221 5209/5305/221 5208/5304/221
f 5211/5306/218 5208/5304/218 5210/5307/218
f 5212/5308/218 5211/5306/218 5210/5307/218
f 5212/5308/218 5213/5309/218 5211/5306/218
f 5214/5310/221 5215/5311/221 5213/5309/221
f 5214/5310/218 5213/5309/218 5212/5308/218
f 5216/5312/218 5215/5311/218 5214/5310/218
f 5216/5312/218 5217/5313/218 5215/5311/218
f 5218/5314/218 5217/5313/218 5216/5312/218
f 5218/5314/218 5219/5315/218 5217/5313/218
f 5220/5316/221 5219/5315/221 5218/5314/221
f 5220/5316/221 5218/5314/221 5221/5317/221
f 5222/5318/2162 5223/5319/2162 5226/5320/2162
f 5224/5321/2163 5223/5319/2163 5222/5318/2163
f 5222/5318/2162 5226/5320/2162 5225/5322/2162
f 5225/5322/2164 5226/5320/2164 5227/5323/2164
f 5225/5322/2164 5227/5323/2164 5228/5324/2164
f 5228/5324/2165 5227/5323/2165 5229/5325/2165
f 5230/5326/2166 5229/5325/2166 5231/5327/2166
f 5228/5324/2165 5229/5325/2165 5230/5326/2165
f 5230/5326/2167 5231/5327/2167 5232/5328/2167
f 5232/5328/2168 5231/5327/2168 5233/5329/2168
f 5232/5328/2168 5233/5329/2168 5234/5330/2168
f 5234/5330/2169 5233/5329/2169 5235/5331/2169
f 5237/5332/2170 5235/5331/2170 5236/5333/2170
f 5234/5330/2169 5235/5331/2169 5237/5332/2169
f 5237/5332/2170 5236/5333/2170 5238/5334/2170
f 5238/5334/2171 5236/5333/2171 5240/5335/2171
f 5238/5334/2171 5240/5335/2171 5239/5336/2171
f 5239/5336/2172 5240/5335/2172 5241/5337/2172
f 5239/5336/2172 5241/5337/2172 5242/5338/2172
f 5224/5321/2163 5243/5339/2163 5223/5319/2163
f 5244/5340/2173 5243/5339/2173 5224/5321/2173
f 5244/5340/2173 5245/5341/2173 5243/5339/2173
f 5246/5342/2174 5245/5341/2174 5244/5340/2174
f 5246/5342/2174 5247/5343/2174 5245/5341/2174
f 5248/5344/2175 5247/5343/2175 5246/5342/2175
f 5248/5344/2175 5249/5345/2175 5247/5343/2175
f 5250/5346/2172 5252/5347/2172 5251/5348/2172
f 5250/5346/2172 5251/5348/2172 5254/5349/2172
f 5253/5350/2176 5252/5347/2176 5250/5346/2176
f 5254/5349/2171 5256/5351/2171 5255/5352/2171
f 5254/5349/2171 5251/5348/2171 5256/5351/2171
f 5255/5352/2170 5256/5351/2170 5257/5353/2170
f 5255/5352/2170 5257/5353/2170 5258/5354/2170
f 5253/5350/2176 5259/5355/2176 5252/5347/2176
f 5260/5356/2177 5259/5355/2177 5253/5350/2177
f 5260/5356/2177 5261/5357/2177 5259/5355/2177
f 5262/5358/2178 5261/5357/2178 5260/5356/2178
f 5262/5358/2178 5263/5359/2178 5261/5357/2178
f 5264/5360/2179 5263/5359/2179 5262/5358/2179
f 5264/5360/2179 5265/5361/2179 5263/5359/2179
f 5266/5362/2180 5265/5361/2180 5264/5360/2180
f 5266/5362/2181 5267/5363/2181 5265/5361/2181
f 5268/5364/2182 5267/5363/2182 5266/5362/2182
f 5268/5364/2182 5269/5365/2182 5267/5363/2182
f 5270/5366/2183 5269/5365/2183 5268/5364/2183
f 5270/5366/2183 5271/5367/2183 5269/5365/2183
f 5272/5368/2175 5271/5367/2175 5270/5366/2175
f 5272/5368/2175 5273/5369/2175 5271/5367/2175
f 5274/5370/2174 5273/5369/2174 5272/5368/2174
f 5274/5370/2174 5275/5371/2174 5273/5369/2174
f 5276/5372/2173 5275/5371/2173 5274/5370/2173
f 5276/5372/2173 5277/5373/2173 5275/5371/2173
f 5280/5374/2184 5279/5375/2184 5278/5376/2184
f 5280/5374/2185 5281/5377/2185 5279/5375/2185
f 5284/5378/2186 5283/5379/2186 5282/5380/2186
f 5284/5378/2186 5285/5381/2186 5283/5379/2186
f 5288/5382/225 5287/5383/225 5286/5384/225
f 5286/5384/225 5289/5385/225 5288/5382/225
f 5286/5384/227 5290/5386/227 5289/5385/227
f 5290/5386/225 5291/5387/225 5289/5385/225
f 5290/5386/227 5292/5388/227 5291/5387/227
f 5291/5387/227 5292/5388/227 5293/5389/227
f 5294/5390/227 5295/5391/227 5293/5389/227
f 5291/5387/225 5293/5389/225 5295/5391/225
f 5294/5390/227 5296/5392/227 5295/5391/227
f 5296/5392/227 5298/5393/227 5297/5394/227
f 5296/5392/227 5294/5390/227 5298/5393/227
f 5298/5393/225 5299/5395/225 5297/5394/225
f 5298/5393/225 5300/5396/225 5299/5395/225
f 5300/5396/225 5301/5397/225 5299/5395/225
f 5300/5396/227 5302/5398/227 5301/5397/227
f 5302/5398/227 5303/5399/227 5301/5397/227
f 5302/5398/227 5304/5400/227 5303/5399/227
f 5305/5401/227 5303/5399/227 5304/5400/227
f 5305/5401/227 5306/5402/227 5303/5399/227
f 5288/5382/227 5307/5403/227 5287/5383/227
f 5308/5404/227 5287/5383/227 5307/5403/227
f 5308/5404/225 5309/5405/225 5287/5383/225
f 5308/5404/225 5310/5406/225 5309/5405/225
f 5308/5404/227 5311/5407/227 5310/5406/227
f 5311/5407/227 5312/5408/227 5310/5406/227
f 5311/5407/227 5313/5409/227 5312/5408/227
f 5318/5410/2187 5314/5411/2187 5315/5412/2187
f 5316/5413/218 5315/5412/218 5314/5411/218
f 5317/5414/2188 5316/5413/2188 5314/5411/2188
f 5318/5410/2187 5317/5414/2187 5314/5411/2187
f 5319/5415/2189 5318/5410/2189 5315/5412/2189
f 5319/5415/2189 5315/5412/2189 5320/5416/2189
f 5322/5417/2190 5320/5416/2190 5321/5418/2190
f 5315/5412/221 5321/5418/221 5320/5416/221
f 5322/5417/2190 5323/5419/2190 5320/5416/2190
f 5324/5420/2191 5322/5417/2191 5321/5418/2191
f 5324/5420/2191 5321/5418/2191 5325/5421/2191
f 5326/5422/2192 5324/5420/2192 5325/5421/2192
f 5326/5422/2192 5325/5421/2192 5327/5423/2192
f 5327/5423/218 5315/5412/218 5328/5424/218
f 5327/5423/218 5328/5424/218 5329/5425/218
f 5315/5412/218 5327/5423/218 5321/5418/218
f 5327/5423/218 5329/5425/218 5330/5426/218
f 5331/5427/2193 5327/5423/2193 5330/5426/2193
f 5321/5418/218 5327/5423/218 5325/5421/218
f 5331/5427/2193 5332/5428/2193 5327/5423/2193
f 5333/5429/2194 5330/5426/2194 5329/5425/2194
f 5333/5429/2194 5334/5430/2194 5330/5426/2194
f 5329/5425/218 5328/5424/218 5335/5431/218
f 5336/5432/2195 5329/5425/2195 5335/5431/2195
f 5336/5432/2195 5337/5433/2195 5329/5425/2195
f 5338/5434/2196 5335/5431/2196 5328/5424/2196
f 5338/5434/2196 5339/5435/2196 5335/5431/2196
f 5328/5424/221 5344/5436/221 5340/5437/221
f 5328/5424/221 5340/5437/221 5341/5438/221
f 5342/5439/2197 5328/5424/2197 5341/5438/2197
f 5342/5439/2197 5343/5440/2197 5328/5424/2197
f 5328/5424/218 5315/5412/218 5344/5436/218
f 5344/5436/218 5315/5412/218 5316/5413/218
f 5344/5436/218 5316/5413/218 5345/5441/218
f 5349/5442/2198 5344/5436/2198 5345/5441/2198
f 5348/5443/2199 5346/5444/2199 5344/5436/2199
f 5340/5437/218 5344/5436/218 5346/5444/218
f 5349/5442/2200 5347/5445/2200 5344/5436/2200
f 5350/5446/2201 5349/5442/2201 5345/5441/2201
f 5317/5414/2188 5350/5446/2188 5316/5413/2188
f 5350/5446/2201 5345/5441/2201 5316/5413/2201
f 5348/5443/2199 5351/5447/2199 5346/5444/2199
f 5351/5447/2202 5352/5448/2202 5340/5437/2202
f 5351/5447/2202 5340/5437/2202 5346/5444/2202
f 5352/5448/2203 5341/5438/2203 5340/5437/2203
f 5352/5448/2203 5353/5449/2203 5341/5438/2203
f 5356/5450/2204 5355/5451/2204 5354/5452/2204
f 5358/5453/2205 5356/5450/2205 5354/5452/2205
f 5358/5453/2205 5354/5452/2205 5357/5454/2205
f 5359/5455/2206 5358/5453/2206 5357/5454/2206
f 5359/5455/2206 5357/5454/2206 5361/5456/2206
f 5360/5457/2207 5359/5455/2207 5361/5456/2207
f 5360/5457/2207 5361/5456/2207 5362/5458/2207
f 5364/5459/2208 5362/5458/2208 5363/5460/2208
f 5364/5459/2208 5360/5457/2208 5362/5458/2208
f 5365/5461/2209 5364/5459/2209 5363/5460/2209
f 5366/5462/2210 5365/5461/2210 5367/5463/2210
f 5365/5461/2209 5363/5460/2209 5367/5463/2209
f 5366/5462/2210 5367/5463/2210 5368/5464/2210
f 5369/5465/2211 5366/5462/2211 5368/5464/2211
f 5369/5465/2211 5368/5464/2211 5370/5466/2211
f 5356/5450/2212 5371/5467/2212 5355/5451/2212
f 5371/5467/2213 5373/5468/2213 5372/5469/2213
f 5371/5467/2213 5372/5469/2213 5355/5451/2213
f 5373/5468/2214 5375/5470/2214 5372/5469/2214
f 5373/5468/2214 5374/5471/2214 5375/5470/2214
f 5374/5471/2215 5376/5472/2215 5375/5470/2215
f 5377/5473/2216 5378/5474/2216 5376/5472/2216
f 5374/5471/2215 5377/5473/2215 5376/5472/2215
f 5377/5473/2216 5379/5475/2216 5378/5474/2216
f 5379/5475/2217 5380/5476/2217 5378/5474/2217
f 5379/5475/2217 5381/5477/2217 5380/5476/2217
f 5381/5477/2218 5382/5478/2218 5380/5476/2218
f 5381/5477/2218 5383/5479/2218 5382/5478/2218
f 5383/5479/2219 5384/5480/2219 5382/5478/2219
f 5383/5479/2220 5385/5481/2220 5384/5480/2220
f 5385/5481/2221 5386/5482/2221 5384/5480/2221
f 5385/5481/2221 5387/5483/2221 5386/5482/2221
f 5392/5484/2222 5389/5485/2222 5388/5486/2222
f 5392/5484/2222 5388/5486/2222 5390/5487/2222
f 5391/5488/218 5390/5487/218 5388/5486/218
f 5391/5488/218 5394/5489/218 5390/5487/218
f 5393/5490/2223 5394/5489/2223 5391/5488/2223
f 5393/5490/2224 5395/5491/2224 5394/5489/2224
f 5396/5492/2225 5395/5491/2225 5393/5490/2225
f 5396/5492/2225 5393/5490/2225 5397/5493/2225
f 5400/5494/2226 5399/5495/2226 5398/5496/2226
f 5400/5494/2227 5401/5497/2227 5399/5495/2227
f 5400/5494/2226 5402/5498/2226 5401/5497/2226
f 5403/5499/2228 5402/5498/2228 5400/5494/2228
f 5406/5500/2229 5405/5501/2229 5404/5502/2229
f 5406/5500/2230 5407/5503/2230 5405/5501/2230
f 5406/5500/2229 5408/5504/2229 5407/5503/2229
f 5409/5505/2230 5408/5504/2230 5406/5500/2230
f 5412/5506/2231 5411/5507/2231 5410/5508/2231
f 5412/5506/2232 5413/5509/2232 5411/5507/2232
f 5417/5510/2233 5414/5511/2233 5415/5512/2233
f 5416/5513/221 5415/5512/221 5414/5511/221
f 5417/5510/2234 5418/5514/2234 5414/5511/2234
f 5416/5513/218 5419/5515/218 5415/5512/218
f 5420/5516/2235 5419/5515/2235 5416/5513/2235
f 5422/5517/2236 5420/5516/2236 5421/5518/2236
f 5422/5517/2236 5423/5519/2236 5420/5516/2236
f 5420/5516/2235 5423/5519/2235 5419/5515/2235
f 5426/5520/2237 5425/5521/2237 5424/5522/2237
f 5426/5520/2237 5427/5523/2237 5425/5521/2237
f 5426/5520/2237 5428/5524/2237 5427/5523/2237
f 5429/5525/2237 5428/5524/2237 5426/5520/2237
f 5432/5526/2238 5431/5527/2238 5430/5528/2238
f 5432/5526/2238 5433/5529/2238 5431/5527/2238
f 5432/5526/2238 5434/5530/2238 5433/5529/2238
f 5435/5531/2238 5434/5530/2238 5432/5526/2238
f 5437/5532/2239 5438/5533/2239 5436/5534/2239
f 5437/5532/2239 5439/5535/2239 5438/5533/2239
f 5443/5536/2240 5440/5537/2240 5441/5538/2240
f 5442/5539/218 5441/5538/218 5440/5537/218
f 5443/5536/2241 5444/5540/2241 5440/5537/2241
f 5442/5539/221 5445/5541/221 5441/5538/221
f 5446/5542/2242 5445/5541/2242 5442/5539/2242
f 5448/5543/2243 5446/5542/2243 5447/5544/2243
f 5446/5542/2242 5449/5545/2242 5445/5541/2242
f 5448/5543/2243 5449/5545/2243 5446/5542/2243
f 5452/5546/2244 5451/5547/2244 5450/5548/2244
f 5452/5546/2245 5453/5549/2245 5451/5547/2245
f 5452/5546/2244 5454/5550/2244 5453/5549/2244
f 5455/5551/2246 5454/5550/2246 5452/5546/2246
f 5458/5552/2247 5457/5553/2247 5456/5554/2247
f 5458/5552/2247 5459/5555/2247 5457/5553/2247
f 5458/5552/2247 5460/5556/2247 5459/5555/2247
f 5461/5557/2248 5460/5556/2248 5458/5552/2248
f 5464/5558/2249 5463/5559/2249 5462/5560/2249
f 5464/5558/2249 5465/5561/2249 5463/5559/2249
f 5469/5562/2250 5466/5563/2250 5467/5564/2250
f 5468/5565/218 5467/5564/218 5466/5563/218
f 5469/5562/2250 5470/5566/2250 5466/5563/2250
f 5468/5565/218 5472/5567/218 5467/5564/218
f 5471/5568/2251 5472/5567/2251 5468/5565/2251
f 5471/5568/2252 5473/5569/2252 5472/5567/2252
f 5474/5570/2253 5473/5569/2253 5471/5568/2253
f 5474/5570/2253 5471/5568/2253 5475/5571/2253
f 5478/5572/2254 5477/5573/2254 5476/5574/2254
f 5478/5572/2255 5479/5575/2255 5477/5573/2255
f 5478/5572/2254 5480/5576/2254 5479/5575/2254
f 5481/5577/2254 5480/5576/2254 5478/5572/2254
f 5484/5578/2256 5483/5579/2256 5482/5580/2256
f 5484/5578/2257 5485/5581/2257 5483/5579/2257
f 5484/5578/2256 5486/5582/2256 5485/5581/2256
f 5487/5583/2256 5486/5582/2256 5484/5578/2256
f 5490/5584/2258 5489/5585/2258 5488/5586/2258
f 5490/5584/2259 5491/5587/2259 5489/5585/2259
f 5494/5588/2260 5492/5589/2260 5493/5590/2260
f 5496/5591/218 5493/5590/218 5492/5589/218
f 5494/5588/2261 5495/5592/2261 5492/5589/2261
f 5496/5591/218 5498/5593/218 5493/5590/218
f 5497/5594/2262 5498/5593/2262 5496/5591/2262
f 5497/5594/2262 5499/5595/2262 5498/5593/2262
f 5500/5596/2263 5499/5595/2263 5497/5594/2263
f 5500/5596/2263 5497/5594/2263 5501/5597/2263
f 5504/5598/2264 5503/5599/2264 5502/5600/2264
f 5504/5598/2264 5505/5601/2264 5503/5599/2264
f 5504/5598/2264 5506/5602/2264 5505/5601/2264
f 5507/5603/2265 5506/5602/2265 5504/5598/2265
f 5510/5604/2266 5509/5605/2266 5508/5606/2266
f 5510/5604/2266 5512/5607/2266 5509/5605/2266
f 5511/5608/2266 5513/5609/2266 5510/5604/2266
f 5510/5604/2266 5513/5609/2266 5512/5607/2266
f 5516/5610/2267 5515/5611/2267 5514/5612/2267
f 5516/5610/2267 5517/5613/2267 5515/5611/2267
f 5522/5614/2268 5519/5615/2268 5518/5616/2268
f 5522/5614/2268 5518/5616/2268 5520/5617/2268
f 5521/5618/218 5520/5617/218 5518/5616/218
f 5521/5618/218 5523/5619/218 5520/5617/218
f 5524/5620/2269 5523/5619/2269 5521/5618/2269
f 5526/5621/2270 5524/5620/2270 5525/5622/2270
f 5526/5621/2270 5527/5623/2270 5524/5620/2270
f 5524/5620/2269 5527/5623/2269 5523/5619/2269
f 5530/5624/2271 5529/5625/2271 5528/5626/2271
f 5530/5624/2271 5531/5627/2271 5529/5625/2271
f 5530/5624/2271 5532/5628/2271 5531/5627/2271
f 5533/5629/2271 5532/5628/2271 5530/5624/2271
f 5536/5630/2272 5535/5631/2272 5534/5632/2272
f 5536/5630/2272 5537/5633/2272 5535/5631/2272
f 5536/5630/2272 5538/5634/2272 5537/5633/2272
f 5539/5635/2272 5538/5634/2272 5536/5630/2272
f 5542/5636/2273 5541/5637/2273 5540/5638/2273
f 5542/5636/2273 5543/5639/2273 5541/5637/2273
f 5547/5640/2274 5544/5641/2274 5545/5642/2274
f 5546/5643/218 5545/5642/218 5544/5641/218
f 5547/5640/2274 5548/5644/2274 5544/5641/2274
f 5546/5643/218 5549/5645/218 5545/5642/218
f 5550/5646/2275 5549/5645/2275 5546/5643/2275
f 5552/5647/2276 5550/5646/2276 5551/5648/2276
f 5552/5647/2276 5553/5649/2276 5550/5646/2276
f 5550/5646/2275 5553/5649/2275 5549/5645/2275
f 5556/5650/2277 5555/5651/2277 5554/5652/2277
f 5556/5650/2278 5557/5653/2278 5555/5651/2278
f 5556/5650/2279 5558/5654/2279 5557/5653/2279
f 5559/5655/2279 5558/5654/2279 5556/5650/2279
f 5562/5656/2280 5561/5657/2280 5560/5658/2280
f 5562/5656/2281 5563/5659/2281 5561/5657/2281
f 5562/5656/2282 5564/5660/2282 5563/5659/2282
f 5565/5661/2280 5564/5660/2280 5562/5656/2280
f 5568/5662/2283 5567/5663/2283 5566/5664/2283
f 5568/5662/2283 5569/5665/2283 5567/5663/2283
f 5572/5666/2284 5571/5667/2284 5570/5668/2284
f 5572/5666/2284 5573/5669/2284 5571/5667/2284
f 5574/5670/2285 5573/5669/2285 5572/5666/2285
f 5574/5670/2285 5575/5671/2285 5573/5669/2285
f 5576/5672/2286 5575/5671/2286 5574/5670/2286
f 5576/5672/2286 5577/5673/2286 5575/5671/2286
f 5578/5674/2287 5577/5673/2287 5576/5672/2287
f 5578/5674/2287 5579/5675/2287 5577/5673/2287
f 5580/5676/2288 5579/5675/2288 5578/5674/2288
f 5580/5676/2288 5581/5677/2288 5579/5675/2288
f 5584/5678/2289 5583/5679/2289 5582/5680/2289
f 5584/5678/2289 5585/5681/2289 5583/5679/2289
f 5586/5682/2290 5585/5681/2290 5584/5678/2290
f 5586/5682/2290 5587/5683/2290 5585/5681/2290
f 5588/5684/2291 5587/5683/2291 5586/5682/2291
f 5588/5684/2291 5589/5685/2291 5587/5683/2291
f 5590/5686/2292 5589/5685/2292 5588/5684/2292
f 5590/5686/2292 5591/5687/2292 5589/5685/2292
f 5592/5688/2293 5591/5687/2293 5590/5686/2293
f 5592/5688/2293 5593/5689/2293 5591/5687/2293
f 5596/5690/221 5595/5691/221 5594/5692/221
f 5596/5690/218 5597/5693/218 5595/5691/218
f 5597/5693/218 5598/5694/218 5595/5691/218
f 5597/5693/218 5599/5695/218 5598/5694/218
f 5599/5695/218 5600/5696/218 5598/5694/218
f 5599/5695/218 5601/5697/218 5600/5696/218
f 5601/5697/218 5602/5698/218 5600/5696/218
f 5601/5697/218 5603/5699/218 5602/5698/218
f 5606/5700/2294 5605/5701/2294 5604/5702/2294
f 5606/5700/2294 5607/5703/2294 5605/5701/2294
f 5607/5703/2295 5608/5704/2295 5605/5701/2295
f 5607/5703/2296 5609/5705/2296 5608/5704/2296
f 5610/5706/218 5608/5704/218 5609/5705/218
f 5610/5706/218 5611/5707/218 5608/5704/218
f 5612/5708/2297 5611/5707/2297 5610/5706/2297
f 5612/5708/2298 5613/5709/2298 5611/5707/2298
f 5612/5708/2299 5614/5710/2299 5613/5709/2299
f 5612/5708/2299 5615/5711/2299 5614/5710/2299
f 5618/5712/2300 5617/5713/2300 5616/5714/2300
f 5619/5715/2301 5618/5712/2301 5616/5714/2301
f 5620/5716/2302 5618/5712/2302 5619/5715/2302
f 5618/5712/2301 5621/5717/2301 5617/5713/2301
f 5624/5718/2303 5623/5719/2303 5622/5720/2303
f 5624/5718/2304 5625/5721/2304 5623/5719/2304
f 5627/5722/2305 5625/5721/2305 5624/5718/2305
f 5627/5722/2305 5624/5718/2305 5626/5723/2305
f 5628/5724/218 5629/5725/218 5632/5726/218
f 5630/5727/2306 5629/5725/2306 5628/5724/2306
f 5631/5728/2307 5630/5727/2307 5628/5724/2307
f 5633/5729/218 5631/5728/218 5628/5724/218
f 5628/5724/221 5632/5726/221 5633/5729/221
f 5632/5726/2308 5634/5730/2308 5633/5729/2308
f 5633/5729/2309 5634/5730/2309 5636/5731/2309
f 5633/5729/218 5635/5732/218 5631/5728/218
f 5633/5729/2309 5636/5731/2309 5635/5732/2309
f 5636/5731/2310 5637/5733/2310 5635/5732/2310
f 5636/5731/2310 5638/5734/2310 5637/5733/2310
f 5637/5733/2311 5638/5734/2311 5639/5735/2311
f 5641/5736/2312 5639/5735/2312 5640/5737/2312
f 5637/5733/2311 5639/5735/2311 5641/5736/2311
f 5637/5733/218 5641/5736/218 5642/5738/218
f 5641/5736/2312 5640/5737/2312 5642/5738/2312
f 5640/5737/2313 5643/5739/2313 5642/5738/2313
f 5637/5733/218 5642/5738/218 5643/5739/218
f 5635/5732/218 5637/5733/218 5643/5739/218
f 5635/5732/218 5643/5739/218 5631/5728/218
f 5643/5739/2314 5644/5740/2314 5631/5728/2314
f 5643/5739/2314 5645/5741/2314 5644/5740/2314
f 5640/5737/2313 5645/5741/2313 5643/5739/2313
f 5631/5728/2307 5644/5740/2307 5630/5727/2307
f 5632/5726/2315 5646/5742/2315 5634/5730/2315
f 5647/5743/2316 5646/5742/2316 5632/5726/2316
f 5647/5743/2316 5632/5726/2316 5650/5744/2316
f 5648/5745/2317 5649/5746/2317 5647/5743/2317
f 5648/5745/2317 5647/5743/2317 5650/5744/2317
f 5632/5726/221 5648/5745/221 5650/5744/221
f 5629/5725/2318 5651/5747/2318 5649/5746/2318
f 5629/5725/2318 5649/5746/2318 5648/5745/2318
f 5630/5727/2306 5651/5747/2306 5629/5725/2306
f 5632/5726/218 5629/5725/218 5648/5745/218
f 5653/5748/2319 5655/5749/2319 5652/5750/2319
f 5655/5749/2319 5654/5751/2319 5652/5750/2319
f 5655/5749/2319 5656/5752/2319 5654/5751/2319
f 5655/5749/218 5657/5753/218 5656/5752/218
f 5655/5749/218 5658/5754/218 5657/5753/218
f 5659/5755/2320 5654/5751/2320 5656/5752/2320
f 5662/5756/191 5661/5757/191 5660/5758/191
f 5662/5756/191 5663/5759/191 5661/5757/191
f 5666/5760/206 5665/5761/206 5664/5762/206
f 5666/5760/206 5667/5763/206 5665/5761/206
f 5670/5764/172 5669/5765/172 5668/5766/172
f 5670/5764/172 5671/5767/172 5669/5765/172
f 5674/5768/141 5673/5769/141 5672/5770/141
f 5674/5768/141 5675/5771/141 5673/5769/141
f 5678/5772/206 5677/5773/206 5676/5774/206
f 5678/5772/206 5679/5775/206 5677/5773/206
f 5682/5776/191 5681/5777/191 5680/5778/191
f 5682/5776/191 5683/5779/191 5681/5777/191
f 5686/5780/172 5685/5781/172 5684/5782/172
f 5686/5780/172 5687/5783/172 5685/5781/172
f 5690/5784/206 5689/5785/206 5688/5786/206
f 5690/5784/206 5691/5787/206 5689/5785/206
f 5693/5788/2319 5695/5789/2319 5692/5790/2319
f 5695/5789/2319 5694/5791/2319 5692/5790/2319
f 5695/5789/2319 5696/5792/2319 5694/5791/2319
f 5695/5789/221 5697/5793/221 5696/5792/221
f 5695/5789/218 5698/5794/218 5697/5793/218
f 5699/5795/2319 5694/5791/2319 5696/5792/2319
f 5702/5796/191 5701/5797/191 5700/5798/191
f 5702/5796/191 5703/5799/191 5701/5797/191
f 5706/5800/206 5705/5801/206 5704/5802/206
f 5706/5800/206 5707/5803/206 5705/5801/206
f 5710/5804/172 5709/5805/172 5708/5806/172
f 5710/5804/172 5711/5807/172 5709/5805/172
f 5714/5808/141 5713/5809/141 5712/5810/141
f 5714/5808/141 5715/5811/141 5713/5809/141
f 5718/5812/206 5717/5813/206 5716/5814/206
f 5718/5812/206 5719/5815/206 5717/5813/206
f 5722/5816/191 5721/5817/191 5720/5818/191
f 5722/5816/191 5723/5819/191 5721/5817/191
f 5726/5820/172 5725/5821/172 5724/5822/172
f 5726/5820/172 5727/5823/172 5725/5821/172
f 5730/5824/206 5729/5825/206 5728/5826/206
f 5730/5824/206 5731/5827/206 5729/5825/206
f 5734/5828/2321 5733/5829/2321 5732/5830/2321
f 5734/5828/2321 5735/5831/2321 5733/5829/2321
f 5737/5832/2322 5735/5831/2322 5734/5828/2322
f 5737/5832/2323 5734/5828/2323 5736/5833/2323
f 5739/5834/2324 5736/5835/2324 5738/5836/2324
f 5739/5834/2325 5738/5836/2325 5740/5837/2325
f 5740/5837/2326 5738/5836/2326 5741/5838/2326
f 5740/5837/2326 5741/5838/2326 5742/5839/2326
f 5741/5838/2327 5743/5840/2327 5742/5839/2327
f 5741/5838/2328 5744/5841/2328 5743/5840/2328
f 5745/5842/2329 5733/5843/2329 5746/5844/2329
f 5745/5842/2330 5746/5844/2330 5747/5845/2330
f 5748/5846/2331 5749/5847/2331 5752/5848/2331
f 5750/5849/2332 5749/5847/2332 5748/5846/2332
f 5748/5846/2333 5752/5848/2333 5751/5850/2333
f 5750/5849/2332 5753/5851/2332 5749/5847/2332
f 5755/5852/2334 5753/5851/2334 5750/5849/2334
f 5755/5852/2335 5750/5849/2335 5754/5853/2335
f 5758/5854/2336 5757/5855/2336 5756/5856/2336
f 5760/5857/2337 5759/5858/2337 5756/5859/2337
f 5760/5857/2338 5761/5860/2338 5759/5858/2338
f 5758/5854/2336 5762/5861/2336 5757/5855/2336
f 5764/5862/2339 5763/5863/2339 5758/5864/2339
f 5764/5862/2340 5765/5865/2340 5763/5863/2340
f 5768/5866/2341 5767/5867/2341 5766/5868/2341
f 5768/5866/2341 5769/5869/2341 5767/5867/2341
f 5772/5870/2342 5771/5871/2342 5770/5872/2342
f 5772/5870/2342 5773/5873/2342 5771/5871/2342
f 5776/5874/191 5775/5875/191 5774/5876/191
f 5776/5874/191 5777/5877/191 5775/5875/191
f 5780/5878/2343 5779/5879/2343 5778/5880/2343
f 5780/5878/2343 5781/5881/2343 5779/5879/2343
f 5784/5882/2344 5783/5883/2344 5782/5884/2344
f 5784/5882/2344 5785/5885/2344 5783/5883/2344
f 5788/5886/2345 5787/5887/2345 5786/5888/2345
f 5788/5886/2345 5789/5889/2345 5787/5887/2345
f 5792/5890/2346 5791/5891/2346 5790/5892/2346
f 5792/5890/2346 5793/5893/2346 5791/5891/2346
f 5796/5894/172 5795/5895/172 5794/5896/172
f 5796/5894/172 5797/5897/172 5795/5895/172
f 5800/5898/2347 5799/5899/2347 5798/5900/2347
f 5800/5898/2347 5801/5901/2347 5799/5899/2347
f 5804/5902/2348 5803/5903/2348 5802/5904/2348
f 5804/5902/2348 5805/5905/2348 5803/5903/2348
f 5808/5906/221 5807/5907/221 5806/5908/221
f 5808/5906/218 5809/5909/218 5807/5907/218
f 5811/5910/218 5809/5909/218 5808/5906/218
f 5811/5910/218 5808/5906/218 5810/5911/218
f 5810/5911/221 5812/5912/221 5811/5910/221
f 5810/5911/218 5815/5913/218 5812/5912/218
f 5812/5912/218 5814/5914/218 5813/5915/218
f 5812/5912/221 5815/5913/221 5814/5914/221
f 5816/5916/2349 5817/5917/2349 5820/5918/2349
f 5818/5919/2350 5817/5917/2350 5816/5916/2350
f 5816/5916/2349 5820/5918/2349 5819/5920/2349
f 5822/5921/2351 5821/5922/2351 5819/5923/2351
f 5822/5921/2352 5823/5924/2352 5821/5922/2352
f 5823/5924/2353 5824/5925/2353 5821/5922/2353
f 5823/5924/2354 5825/5926/2354 5824/5925/2354
f 5825/5926/2355 5827/5927/2355 5826/5928/2355
f 5825/5926/2356 5826/5928/2356 5824/5925/2356
f 5826/5928/2357 5827/5927/2357 5828/5929/2357
f 5826/5928/2358 5828/5929/2358 5829/5930/2358
f 5818/5919/2350 5830/5931/2350 5817/5917/2350
f 5831/5932/2359 5830/5931/2359 5818/5919/2359
f 5831/5932/2360 5832/5933/2360 5830/5931/2360
f 5833/5934/2361 5832/5933/2361 5831/5932/2361
f 5833/5934/2362 5834/5935/2362 5832/5933/2362
f 5835/5936/2363 5834/5935/2363 5833/5934/2363
f 5835/5936/2364 5836/5937/2364 5834/5935/2364
f 5838/5938/2365 5836/5937/2365 5835/5936/2365
f 5838/5938/2366 5835/5936/2366 5837/5939/2366
f 5841/5940/2367 5840/5941/2367 5839/5942/2367
f 5843/5943/2368 5841/5940/2368 5839/5942/2368
f 5843/5943/2369 5839/5942/2369 5842/5944/2369
f 5845/5945/2370 5844/5946/2370 5842/5947/2370
f 5845/5945/2370 5846/5948/2370 5844/5946/2370
f 5847/5949/2371 5846/5948/2371 5845/5945/2371
f 5847/5949/2371 5848/5950/2371 5846/5948/2371
f 5849/5951/2372 5848/5950/2372 5847/5949/2372
f 5849/5951/2373 5850/5952/2373 5848/5950/2373
f 5851/5953/2374 5850/5952/2374 5849/5951/2374
f 5851/5953/2375 5852/5954/2375 5850/5952/2375
f 5841/5940/2376 5853/5955/2376 5840/5941/2376
f 5856/5956/2377 5854/5957/2377 5855/5958/2377
f 5856/5956/2377 5858/5959/2377 5854/5957/2377
f 5858/5959/2377 5857/5960/2377 5854/5957/2377
f 5859/5961/2377 5856/5956/2377 5855/5958/2377
f 5859/5961/2377 5855/5958/2377 5861/5962/2377
f 5860/5963/2377 5859/5961/2377 5861/5962/2377
f 5860/5963/2377 5861/5962/2377 5862/5964/2377
f 5864/5965/2377 5862/5964/2377 5863/5966/2377
f 5864/5965/2377 5860/5963/2377 5862/5964/2377
f 5865/5967/2377 5864/5965/2377 5863/5966/2377
f 5865/5967/2377 5863/5966/2377 5866/5968/2377
f 5867/5969/2377 5865/5967/2377 5866/5968/2377
f 5867/5969/2378 5866/5968/2378 5868/5970/2378
f 5869/5971/2378 5867/5969/2378 5868/5970/2378
f 5872/5972/2379 5871/5973/2379 5870/5974/2379
f 5872/5972/2380 5873/5975/2380 5871/5973/2380
f 5876/5976/2381 5875/5977/2381 5874/5978/2381
f 5876/5976/2382 5877/5979/2382 5875/5977/2382
f 5879/5980/2383 5875/5981/2383 5878/5982/2383
f 5879/5980/2383 5878/5982/2383 5880/5983/2383
f 5884/5984/2384 5881/5985/2384 5882/5986/2384
f 5884/5984/2385 5883/5987/2385 5881/5985/2385
f 5884/5984/2386 5885/5988/2386 5883/5987/2386
f 5884/5984/2384 5882/5986/2384 5886/5989/2384
f 5885/5988/2384 5888/5990/2384 5883/5987/2384
f 5887/5991/2384 5889/5992/2384 5885/5988/2384
f 5885/5988/2384 5889/5992/2384 5888/5990/2384
f 5888/5990/2384 5889/5992/2384 5890/5993/2384
f 5888/5990/2387 5890/5993/2387 5891/5994/2387
f 5892/5995/2388 5883/5987/2388 5888/5990/2388
f 5895/5996/2389 5894/5997/2389 5893/5998/2389
f 5895/5996/2390 5896/5999/2390 5894/5997/2390
f 5899/6000/221 5898/6001/221 5897/6002/221
f 5899/6000/218 5900/6003/218 5898/6001/218
f 5903/6004/2391 5902/6005/2391 5901/6006/2391
f 5904/6007/2383 5903/6004/2383 5901/6006/2383
f 5904/6007/2383 5905/6008/2383 5903/6004/2383
f 5903/6004/2392 5906/6009/2392 5902/6005/2392
f 5907/6010/2393 5908/6011/2393 5911/6012/2393
f 5909/6013/2394 5908/6011/2394 5907/6010/2394
f 5907/6010/2393 5911/6012/2393 5910/6014/2393
f 5911/6012/2395 5912/6015/2395 5910/6014/2395
f 5911/6012/2395 5913/6016/2395 5912/6015/2395
f 5909/6013/2394 5914/6017/2394 5908/6011/2394
f 5917/6018/2396 5916/6019/2396 5915/6020/2396
f 5917/6018/2397 5918/6021/2397 5916/6019/2397
f 5921/6022/2398 5920/6023/2398 5919/6024/2398
f 5921/6022/2399 5922/6025/2399 5920/6023/2399
f 5925/6026/2400 5924/6027/2400 5923/6028/2400
f 5925/6026/2400 5926/6029/2400 5924/6027/2400
f 5929/6030/2401 5928/6031/2401 5927/6032/2401
f 5931/6033/2402 5930/6034/2402 5927/6035/2402
f 5931/6033/2403 5932/6036/2403 5930/6034/2403
f 5929/6030/2404 5933/6037/2404 5928/6031/2404
f 5934/6038/2405 5933/6037/2405 5929/6030/2405
f 5934/6038/2405 5935/6039/2405 5933/6037/2405
f 5936/6040/2406 5935/6039/2406 5934/6038/2406
f 5936/6040/2276 5937/6041/2276 5935/6039/2276
f 5940/6042/2407 5939/6043/2407 5938/6044/2407
f 5940/6042/2407 5941/6045/2407 5939/6043/2407
f 5944/6046/2408 5943/6047/2408 5942/6048/2408
f 5946/6049/2409 5944/6046/2409 5942/6048/2409
f 5946/6049/2409 5942/6048/2409 5945/6050/2409
f 5944/6046/2410 5947/6051/2410 5943/6047/2410
f 5950/6052/218 5949/6053/218 5948/6054/218
f 5951/6055/221 5949/6053/221 5950/6052/221
f 5951/6055/218 5952/6056/218 5949/6053/218
f 5951/6055/221 5953/6057/221 5952/6056/221
f 5951/6055/218 5954/6058/218 5953/6057/218
f 5959/6059/218 5955/6060/218 5956/6061/218
f 5957/6062/218 5956/6061/218 5955/6060/218
f 5959/6059/218 5958/6063/218 5955/6060/218
f 5959/6059/218 5960/6064/218 5958/6063/218
f 5957/6062/221 5961/6065/221 5956/6061/221
f 5964/6066/2411 5963/6067/2411 5962/6068/2411
f 5964/6066/2411 5965/6069/2411 5963/6067/2411
f 5968/6070/2412 5967/6071/2412 5966/6072/2412
f 5970/6073/2413 5969/6074/2413 5968/6070/2413
f 5968/6070/2412 5969/6074/2412 5967/6071/2412
f 5970/6073/2413 5971/6075/2413 5969/6074/2413
f 5972/6076/2414 5971/6075/2414 5970/6073/2414
f 5974/6077/2415 5973/6078/2415 5972/6076/2415
f 5972/6076/2416 5973/6078/2416 5971/6075/2416
f 5974/6077/2415 5975/6079/2415 5973/6078/2415
f 5976/6080/2417 5977/6081/2417 5980/6082/2417
f 5978/6083/2418 5977/6081/2418 5976/6080/2418
f 5976/6080/2417 5980/6082/2417 5979/6084/2417
f 5978/6083/2418 5981/6085/2418 5977/6081/2418
f 5983/6086/227 5985/6087/227 5982/6088/227
f 5984/6089/225 5983/6086/225 5982/6088/225
f 5986/6090/227 5983/6086/227 5984/6089/227
f 5988/6091/225 5987/6092/225 5986/6090/225
f 5986/6090/227 5987/6092/227 5983/6086/227
f 5991/6093/608 5990/6094/608 5989/6095/608
f 5991/6093/608 5992/6096/608 5990/6094/608
f 5993/6097/2419 5992/6096/2419 5991/6093/2419
f 5995/6098/2420 5994/6099/2420 5993/6097/2420
f 5993/6097/2419 5994/6099/2419 5992/6096/2419
f 5996/6100/2421 5997/6101/2421 5995/6098/2421
f 5997/6101/2420 5994/6099/2420 5995/6098/2420
f 5998/6102/2422 5994/6099/2422 5997/6101/2422
f 5996/6100/2423 5999/6103/2423 5997/6101/2423
f 6000/6104/2424 5999/6103/2424 5996/6100/2424
f 6000/6104/2424 6001/6105/2424 5999/6103/2424
f 6002/6106/2425 6001/6105/2425 6000/6104/2425
f 6002/6106/2425 6003/6107/2425 6001/6105/2425
f 6004/6108/2426 6003/6107/2426 6002/6106/2426
f 6004/6108/2426 6005/6109/2426 6003/6107/2426
f 6006/6110/2427 6005/6109/2427 6004/6108/2427
f 6006/6110/2427 6007/6111/2427 6005/6109/2427
f 6007/6111/2428 6006/6110/2428 6009/6112/2428
f 6007/6111/2428 6009/6112/2428 6008/6113/2428
f 6011/6114/2428 6009/6112/2428 6006/6110/2428
f 6010/6115/2429 6009/6112/2429 6011/6114/2429
f 6010/6115/2430 6011/6114/2430 6012/6116/2430
f 6014/6117/2431 6012/6116/2431 6013/6118/2431
f 6014/6117/2431 6010/6115/2431 6012/6116/2431
f 6014/6117/206 6016/6119/206 6015/6120/206
f 6014/6117/206 6015/6120/206 6017/6121/206
f 6016/6119/206 6014/6117/206 6013/6118/206
f 6016/6119/206 6013/6118/206 6018/6122/206
f 5998/6102/2432 6020/6123/2432 5994/6099/2432
f 6019/6124/2433 6020/6123/2433 5998/6102/2433
f 6019/6124/2434 6021/6125/2434 6020/6123/2434
f 6019/6124/2435 6022/6126/2435 6021/6125/2435
f 6026/6127/2436 6023/6128/2436 6024/6129/2436
f 6025/6130/2437 6024/6129/2437 6023/6128/2437
f 6026/6127/2438 6027/6131/2438 6023/6128/2438
f 6025/6130/2437 6028/6132/2437 6024/6129/2437
f 6025/6130/2439 6029/6133/2439 6028/6132/2439
f 6025/6130/2440 6030/6134/2440 6029/6133/2440
f 6030/6134/2441 6032/6135/2441 6029/6133/2441
f 6030/6134/2442 6031/6136/2442 6032/6135/2442
f 6035/6137/2443 6034/6138/2443 6033/6139/2443
f 6036/6140/2444 6035/6137/2444 6033/6139/2444
f 6036/6140/2444 6037/6141/2444 6035/6137/2444
f 6035/6137/2443 6038/6142/2443 6034/6138/2443
f 6034/6138/2445 6038/6142/2445 6039/6143/2445
f 6034/6138/2445 6039/6143/2445 6040/6144/2445
f 6039/6143/2446 6041/6145/2446 6040/6144/2446
f 6039/6143/2446 6042/6146/2446 6041/6145/2446
f 6041/6145/2447 6042/6146/2447 6043/6147/2447
f 6043/6147/2448 6045/6148/2448 6044/6149/2448
f 6041/6145/2447 6043/6147/2447 6044/6149/2447
f 6043/6147/2448 6046/6150/2448 6045/6148/2448
f 6049/6151/2449 6048/6152/2449 6047/6153/2449
f 6049/6151/2449 6050/6154/2449 6048/6152/2449
f 6053/6155/227 6052/6156/227 6051/6157/227
f 6053/6155/227 6055/6158/227 6052/6156/227
f 6053/6155/227 6054/6159/227 6056/6160/227
f 6056/6160/227 6055/6158/227 6053/6155/227
f 6056/6160/227 6057/6161/227 6058/6162/227
f 6059/6163/227 6056/6160/227 6058/6162/227
f 6056/6160/227 6059/6163/227 6055/6158/227
f 6057/6161/227 6060/6164/227 6058/6162/227
f 6057/6161/227 6061/6165/227 6060/6164/227
f 6057/6161/227 6062/6166/227 6061/6165/227
f 6063/6167/227 6061/6165/227 6062/6166/227
f 6063/6167/227 6062/6166/227 6064/6168/227
f 6057/6161/227 6065/6169/227 6062/6166/227
f 6069/6170/2450 6066/6171/2450 6067/6172/2450
f 6069/6170/2451 6068/6173/2451 6066/6171/2451
f 6069/6170/2452 6071/6174/2452 6068/6173/2452
f 6069/6170/2453 6072/6175/2453 6070/6176/2453
f 6069/6170/2454 6067/6172/2454 6072/6175/2454
f 6074/6177/2455 6073/6178/2455 6072/6175/2455
f 6067/6172/2456 6074/6177/2456 6072/6175/2456
f 6075/6179/2457 6073/6178/2457 6074/6177/2457
f 6077/6180/2458 6076/6181/2458 6075/6179/2458
f 6073/6178/2459 6075/6179/2459 6076/6181/2459
f 6076/6181/2460 6077/6180/2460 6078/6182/2460
f 6076/6181/2461 6078/6182/2461 6079/6183/2461
f 6073/6178/2462 6076/6181/2462 6080/6184/2462
f 6081/6185/2463 6084/6186/2463 6082/6187/2463
f 6081/6185/2463 6082/6187/2463 6083/6188/2463
f 6085/6189/2464 6084/6186/2464 6081/6185/2464
f 6085/6189/2465 6087/6190/2465 6084/6186/2465
f 6086/6191/2466 6087/6190/2466 6085/6189/2466
f 6087/6190/227 6088/6192/227 6084/6186/227
f 6089/6193/2467 6083/6188/2467 6082/6187/2467
f 6090/6194/2468 6091/6195/2468 6089/6193/2468
f 6089/6193/2469 6082/6187/2469 6090/6194/2469
f 6092/6196/227 6090/6194/227 6082/6187/227
f 6094/6197/2470 6096/6198/2470 6093/6199/2470
f 6095/6200/2471 6094/6197/2471 6093/6199/2471
f 6094/6197/2472 6097/6201/2472 6096/6198/2472
f 6095/6200/2473 6098/6202/2473 6094/6197/2473
f 6101/6203/172 6100/6204/172 6099/6205/172
f 6101/6203/2474 6102/6206/2474 6100/6204/2474
f 6105/6207/2475 6104/6208/2475 6103/6209/2475
f 6105/6207/2475 6106/6210/2475 6104/6208/2475
f 6109/6211/2476 6108/6212/2476 6107/6213/2476
f 6109/6211/2476 6110/6214/2476 6108/6212/2476
f 6113/6215/605 6112/6216/605 6111/6217/605
f 6113/6215/605 6114/6218/605 6112/6216/605
f 6114/6218/2477 6115/6219/2477 6112/6216/2477
f 6114/6218/2477 6116/6220/2477 6115/6219/2477
f 6118/6221/2478 6117/6222/2478 6116/6220/2478
f 6116/6220/2478 6117/6222/2478 6115/6219/2478
f 6116/6220/2479 6119/6223/2479 6118/6221/2479
f 6116/6220/2480 6120/6224/2480 6119/6223/2480
f 6121/6225/2481 6119/6223/2481 6120/6224/2481
f 6122/6226/2482 6121/6225/2482 6120/6224/2482
f 6122/6226/2483 6123/6227/2483 6121/6225/2483
f 6118/6221/2484 6124/6228/2484 6117/6222/2484
f 6118/6221/2484 6125/6229/2484 6124/6228/2484
f 6125/6229/2485 6127/6230/2485 6126/6231/2485
f 6125/6229/2485 6126/6231/2485 6124/6228/2485
f 6127/6230/2486 6128/6232/2486 6126/6231/2486
f 6127/6230/2486 6129/6233/2486 6128/6232/2486
f 6129/6233/2487 6130/6234/2487 6128/6232/2487
f 6129/6233/2487 6131/6235/2487 6130/6234/2487
f 6131/6235/2488 6132/6236/2488 6130/6234/2488
f 6131/6235/2488 6133/6237/2488 6132/6236/2488
f 6133/6237/2489 6135/6238/2489 6134/6239/2489
f 6133/6237/2489 6134/6239/2489 6132/6236/2489
f 6136/6240/2489 6132/6236/2489 6134/6239/2489
f 6139/6241/2490 6138/6242/2490 6137/6243/2490
f 6137/6243/2491 6140/6244/2491 6139/6241/2491
f 6137/6243/2492 6141/6245/2492 6140/6244/2492
f 6139/6241/2490 6142/6246/2490 6138/6242/2490
f 6143/6247/2493 6138/6242/2493 6142/6246/2493
f 6143/6247/2494 6144/6248/2494 6138/6242/2494
f 6147/6249/2495 6146/6250/2495 6145/6251/2495
f 6147/6249/2495 6148/6252/2495 6146/6250/2495
f 6149/6253/2496 6148/6252/2496 6147/6249/2496
f 6149/6253/2496 6150/6254/2496 6148/6252/2496
f 6153/6255/2497 6152/6256/2497 6151/6257/2497
f 6153/6255/2498 6154/6258/2498 6152/6256/2498
f 6157/6259/2499 6156/6260/2499 6155/6261/2499
f 6157/6259/2499 6158/6262/2499 6156/6260/2499
f 6161/6263/2500 6160/6264/2500 6159/6265/2500
f 6162/6266/2501 6161/6263/2501 6159/6265/2501
f 6162/6266/2502 6163/6267/2502 6161/6263/2502
f 6164/6268/2503 6160/6264/2503 6161/6263/2503
f 6167/6269/191 6166/6270/191 6165/6271/191
f 6167/6269/2504 6168/6272/2504 6166/6270/2504
f 6171/6273/218 6170/6274/218 6169/6275/218
f 6172/6276/218 6171/6273/218 6169/6275/218
f 6174/6277/218 6173/6278/218 6172/6276/218
f 6172/6276/218 6173/6278/218 6171/6273/218
f 6174/6277/218 6175/6279/218 6173/6278/218
f 6177/6280/218 6175/6279/218 6174/6277/218
f 6177/6280/218 6174/6277/218 6176/6281/218
f 6176/6281/218 6178/6282/218 6177/6280/218
f 6179/6283/218 6178/6282/218 6176/6281/218
f 6180/6284/218 6178/6282/218 6179/6283/218
f 6178/6282/218 6180/6284/218 6181/6285/218
f 6180/6284/218 6182/6286/218 6181/6285/218
f 6180/6284/218 6184/6287/218 6182/6286/218
f 6184/6287/2505 6183/6288/2505 6182/6286/2505
f 6184/6287/2505 6185/6289/2505 6183/6288/2505
f 6171/6273/218 6186/6290/218 6170/6274/218
f 6189/6291/141 6188/6292/141 6187/6293/141
f 6189/6291/141 6190/6294/141 6188/6292/141
f 6194/6295/2506 6191/6296/2506 6192/6297/2506
f 6193/6298/2507 6192/6297/2507 6191/6296/2507
f 6195/6299/2508 6193/6298/2508 6191/6296/2508
f 6195/6299/2508 6191/6296/2508 6194/6295/2508
f 6196/6300/2509 6193/6298/2509 6195/6299/2509
f 6197/6301/2510 6198/6302/2510 6196/6300/2510
f 6196/6300/2509 6198/6302/2509 6193/6298/2509
f 6199/6303/2507 6193/6298/2507 6198/6302/2507
f 6197/6301/2510 6199/6303/2510 6198/6302/2510
f 6199/6303/2507 6192/6297/2507 6193/6298/2507
f 6202/6304/2511 6200/6305/2511 6199/6303/2511
f 6201/6306/2507 6199/6303/2507 6200/6305/2507
f 6201/6306/2507 6192/6297/2507 6199/6303/2507
f 6202/6304/2511 6199/6303/2511 6197/6301/2511
f 6203/6307/2512 6200/6305/2512 6202/6304/2512
f 6204/6308/2513 6201/6306/2513 6203/6307/2513
f 6203/6307/2514 6201/6306/2514 6200/6305/2514
f 6205/6309/2515 6206/6310/2515 6204/6308/2515
f 6204/6308/2516 6206/6310/2516 6201/6306/2516
f 6192/6297/2507 6201/6306/2507 6206/6310/2507
f 6205/6309/2517 6192/6297/2517 6206/6310/2517
f 6194/6295/2506 6192/6297/2506 6205/6309/2506
f 6207/6311/2518 6208/6312/2518 6211/6313/2518
f 6209/6314/2519 6208/6312/2519 6207/6311/2519
f 6209/6314/2520 6207/6311/2520 6210/6315/2520
f 6207/6311/2518 6211/6313/2518 6210/6315/2518
f 6208/6312/2521 6212/6316/2521 6211/6313/2521
f 6214/6317/2522 6213/6318/2522 6212/6316/2522
f 6208/6312/2521 6214/6317/2521 6212/6316/2521
f 6214/6317/2522 6215/6319/2522 6213/6318/2522
f 6208/6312/2519 6215/6319/2519 6214/6317/2519
f 6215/6319/2519 6208/6312/2519 6216/6320/2519
f 6215/6319/2519 6216/6320/2519 6217/6321/2519
f 6215/6319/2523 6217/6321/2523 6218/6322/2523
f 6215/6319/2523 6218/6322/2523 6213/6318/2523
f 6217/6321/2524 6219/6323/2524 6218/6322/2524
f 6216/6320/2525 6220/6324/2525 6219/6323/2525
f 6217/6321/2524 6216/6320/2524 6219/6323/2524
f 6221/6325/2526 6222/6326/2526 6220/6324/2526
f 6216/6320/2525 6221/6325/2525 6220/6324/2525
f 6209/6314/2520 6210/6315/2520 6222/6326/2520
f 6221/6325/2527 6209/6314/2527 6222/6326/2527
f 6216/6320/2519 6209/6314/2519 6221/6325/2519
f 6216/6320/2519 6208/6312/2519 6209/6314/2519
f 6223/6327/2528 6224/6328/2528 6227/6329/2528
f 6225/6330/2529 6224/6328/2529 6223/6327/2529
f 6223/6327/2528 6227/6329/2528 6226/6331/2528
f 6227/6329/2530 6229/6332/2530 6228/6333/2530
f 6226/6331/2531 6227/6329/2531 6228/6333/2531
f 6227/6329/2530 6230/6334/2530 6229/6332/2530
f 6224/6328/2532 6230/6334/2532 6227/6329/2532
f 6224/6328/2532 6231/6335/2532 6230/6334/2532
f 6225/6330/2533 6232/6336/2533 6231/6335/2533
f 6225/6330/2533 6231/6335/2533 6224/6328/2533
f 6228/6333/2534 6229/6332/2534 6233/6337/2534
f 6228/6333/2534 6233/6337/2534 6234/6338/2534
f 6234/6338/2535 6233/6337/2535 6235/6339/2535
f 6234/6338/2535 6235/6339/2535 6237/6340/2535
f 6237/6340/2536 6235/6339/2536 6236/6341/2536
f 6237/6340/2537 6239/6342/2537 6238/6343/2537
f 6237/6340/2537 6238/6343/2537 6240/6344/2537
f 6237/6340/2536 6236/6341/2536 6239/6342/2536
f 6241/6345/2538 6237/6340/2538 6240/6344/2538
f 6241/6345/2538 6234/6338/2538 6237/6340/2538
f 6242/6346/2539 6234/6338/2539 6241/6345/2539
f 6242/6346/2539 6228/6333/2539 6234/6338/2539
f 6226/6331/2531 6228/6333/2531 6242/6346/2531
f 6239/6342/2540 6245/6347/2540 6243/6348/2540
f 6239/6342/2541 6243/6348/2541 6244/6349/2541
f 6239/6342/2541 6244/6349/2541 6238/6343/2541
f 6239/6342/2540 6236/6341/2540 6245/6347/2540
f 6243/6348/2542 6245/6347/2542 6246/6350/2542
f 6243/6348/2542 6246/6350/2542 6247/6351/2542
f 6244/6349/2543 6243/6348/2543 6247/6351/2543
f 6250/6352/191 6249/6353/191 6248/6354/191
f 6252/6355/191 6250/6352/191 6251/6356/191
f 6252/6355/191 6249/6353/191 6250/6352/191
f 6254/6357/672 6252/6355/672 6253/6358/672
f 6254/6357/191 6249/6353/191 6252/6355/191
f 6249/6353/191 6254/6357/191 6255/6359/191
f 6258/6360/672 6257/6361/672 6256/6362/672
f 6259/6363/191 6257/6361/191 6258/6360/191
f 6260/6364/191 6257/6361/191 6259/6363/191
f 6261/6365/191 6257/6361/191 6260/6364/191
f 6262/6366/191 6257/6361/191 6261/6365/191
f 6263/6367/191 6257/6361/191 6262/6366/191
f 6266/6368/2544 6265/6369/2544 6264/6370/2544
f 6266/6368/2544 6267/6371/2544 6265/6369/2544
f 6268/6372/2545 6267/6371/2545 6266/6368/2545
f 6268/6372/2545 6269/6373/2545 6267/6371/2545
f 6270/6374/2546 6269/6373/2546 6268/6372/2546
f 6270/6374/2546 6271/6375/2546 6269/6373/2546
f 6273/6376/2547 6272/6377/2547 6270/6378/2547
f 6273/6376/2547 6274/6379/2547 6272/6377/2547
f 6277/6380/2548 6276/6381/2548 6275/6382/2548
f 6275/6382/2549 6278/6383/2549 6277/6380/2549
f 6275/6382/2550 6279/6384/2550 6278/6383/2550
f 6278/6383/2551 6279/6384/2551 6280/6385/2551
f 6281/6386/2552 6280/6385/2552 6282/6387/2552
f 6278/6383/2553 6280/6385/2553 6281/6386/2553
f 6281/6386/2554 6282/6387/2554 6283/6388/2554
f 6283/6388/2555 6284/6389/2555 6281/6386/2555
f 6283/6388/2556 6285/6390/2556 6284/6389/2556
f 6277/6380/2557 6286/6391/2557 6276/6381/2557
f 6287/6392/2558 6286/6391/2558 6277/6380/2558
f 6287/6392/2559 6288/6393/2559 6286/6391/2559
f 6291/6394/2560 6290/6395/2560 6289/6396/2560
f 6293/6397/2528 6291/6394/2528 6289/6396/2528
f 6293/6397/2528 6289/6396/2528 6292/6398/2528
f 6295/6399/2561 6291/6394/2561 6293/6397/2561
f 6296/6400/2562 6293/6397/2562 6294/6401/2562
f 6294/6401/2531 6293/6397/2531 6292/6398/2531
f 6296/6400/2562 6295/6399/2562 6293/6397/2562
f 6297/6402/2563 6296/6400/2563 6294/6401/2563
f 6297/6402/2563 6294/6401/2563 6298/6403/2563
f 6299/6404/2564 6297/6402/2564 6298/6403/2564
f 6299/6404/2564 6298/6403/2564 6300/6405/2564
f 6301/6406/2565 6299/6404/2565 6300/6405/2565
f 6301/6406/2565 6300/6405/2565 6303/6407/2565
f 6302/6408/2566 6301/6406/2566 6303/6407/2566
f 6303/6407/2541 6306/6409/2541 6304/6410/2541
f 6303/6407/2541 6304/6410/2541 6305/6411/2541
f 6302/6408/2566 6303/6407/2566 6305/6411/2566
f 6300/6405/2537 6306/6409/2537 6303/6407/2537
f 6300/6405/2537 6307/6412/2537 6306/6409/2537
f 6298/6403/2538 6307/6412/2538 6300/6405/2538
f 6298/6403/2538 6308/6413/2538 6307/6412/2538
f 6298/6403/2567 6309/6414/2567 6308/6413/2567
f 6298/6403/2539 6294/6401/2539 6309/6414/2539
f 6294/6401/2531 6292/6398/2531 6309/6414/2531
f 6311/6415/2568 6305/6411/2568 6310/6416/2568
f 6305/6411/2543 6304/6410/2543 6310/6416/2543
f 6311/6415/2568 6302/6408/2568 6305/6411/2568
f 6295/6399/2569 6312/6417/2569 6291/6394/2569
f 6312/6417/2570 6313/6418/2570 6290/6395/2570
f 6312/6417/2571 6290/6395/2571 6291/6394/2571
f 6316/6419/172 6315/6420/172 6314/6421/172
f 6318/6422/172 6315/6420/172 6316/6419/172
f 6318/6422/172 6316/6419/172 6317/6423/172
f 6320/6424/172 6315/6420/172 6318/6422/172
f 6320/6424/172 6318/6422/172 6319/6425/172
f 6315/6420/172 6320/6424/172 6321/6426/172
f 6324/6427/673 6323/6428/673 6322/6429/673
f 6325/6430/172 6323/6428/172 6324/6427/172
f 6326/6431/172 6323/6428/172 6325/6430/172
f 6327/6432/172 6323/6428/172 6326/6431/172
f 6328/6433/172 6323/6428/172 6327/6432/172
f 6329/6434/172 6323/6428/172 6328/6433/172
f 6332/6435/2544 6331/6436/2544 6330/6437/2544
f 6332/6435/2544 6333/6438/2544 6331/6436/2544
f 6335/6439/2545 6334/6440/2545 6331/6441/2545
f 6335/6439/2545 6336/6442/2545 6334/6440/2545
f 6336/6442/2546 6337/6443/2546 6334/6440/2546
f 6336/6442/2546 6338/6444/2546 6337/6443/2546
f 6338/6444/2547 6339/6445/2547 6337/6443/2547
f 6338/6444/2547 6340/6446/2547 6339/6445/2547
f 6343/6447/2572 6342/6448/2572 6341/6449/2572
f 6341/6449/2573 6344/6450/2573 6343/6447/2573
f 6341/6449/2574 6345/6451/2574 6344/6450/2574
f 6343/6447/2575 6346/6452/2575 6342/6448/2575
f 6346/6452/2576 6343/6447/2576 6347/6453/2576
f 6350/6454/2577 6348/6455/2577 6347/6453/2577
f 6346/6452/2578 6347/6453/2578 6348/6455/2578
f 6350/6454/2579 6347/6453/2579 6349/6456/2579
f 6349/6456/2580 6351/6457/2580 6350/6454/2580
f 6349/6456/2581 6352/6458/2581 6351/6457/2581
f 6352/6458/2582 6349/6456/2582 6354/6459/2582
f 6352/6458/2583 6354/6459/2583 6353/6460/2583
f 6357/6461/218 6356/6462/218 6355/6463/218
f 6357/6461/218 6358/6464/218 6356/6462/218
f 6361/6465/172 6360/6466/172 6359/6467/172
f 6361/6465/172 6362/6468/172 6360/6466/172
f 6365/6469/141 6364/6470/141 6363/6471/141
f 6365/6469/141 6366/6472/141 6364/6470/141
f 6369/6473/141 6368/6474/141 6367/6475/141
f 6369/6473/141 6370/6476/141 6368/6474/141
f 6373/6477/141 6372/6478/141 6371/6479/141
f 6373/6477/141 6374/6480/141 6372/6478/141
f 6377/6481/996 6376/6482/996 6375/6483/996
f 6377/6481/996 6378/6484/996 6376/6482/996
f 6381/6485/986 6380/6486/986 6379/6487/986
f 6384/6488/986 6383/6489/986 6382/6490/986
f 6387/6491/2584 6386/6492/2584 6385/6493/2584
f 6387/6491/2585 6388/6494/2585 6386/6492/2585
f 6391/6495/1127 6390/6496/1127 6389/6497/1127
f 6391/6495/2586 6392/6498/2586 6390/6496/2586
f 6395/6499/2587 6394/6500/2587 6393/6501/2587
f 6395/6499/2588 6396/6502/2588 6394/6500/2588
f 6399/6503/1433 6398/6504/1433 6397/6505/1433
f 6399/6503/1433 6400/6506/1433 6398/6504/1433
f 6403/6507/1433 6402/6508/1433 6401/6509/1433
f 6403/6507/1433 6404/6510/1433 6402/6508/1433
f 6407/6511/1433 6406/6512/1433 6405/6513/1433
f 6407/6511/1434 6408/6514/1434 6406/6512/1434
f 6411/6515/1433 6410/6516/1433 6409/6517/1433
f 6411/6515/1434 6412/6518/1434 6410/6516/1434
f 6415/6519/1434 6414/6520/1434 6413/6521/1434
f 6415/6519/1434 6416/6522/1434 6414/6520/1434
f 6419/6523/1434 6418/6524/1434 6417/6525/1434
f 6419/6523/1434 6420/6526/1434 6418/6524/1434
f 6423/6527/2589 6422/6528/2589 6421/6529/2589
f 6423/6527/2589 6424/6530/2589 6422/6528/2589
f 6427/6531/2590 6426/6532/2590 6425/6533/2590
f 6427/6531/2591 6428/6534/2591 6426/6532/2591
f 6431/6535/1647 6430/6536/1647 6429/6537/1647
f 6431/6535/1648 6432/6538/1648 6430/6536/1648
f 6435/6539/1663 6434/6540/1663 6433/6541/1663
f 6435/6539/1629 6436/6542/1629 6434/6540/1629
f 6439/6543/1648 6438/6544/1648 6437/6545/1648
f 6439/6543/1648 6440/6546/1648 6438/6544/1648
f 6442/6547/1629 6443/6548/1629 6441/6549/1629
f 6442/6547/2592 6444/6550/2592 6443/6548/2592
f 6447/6551/2593 6446/6552/2593 6445/6553/2593
f 6447/6551/2594 6448/6554/2594 6446/6552/2594
f 6451/6555/2595 6450/6556/2595 6449/6557/2595
f 6451/6555/2596 6452/6558/2596 6450/6556/2596
f 6455/6559/2597 6454/6560/2597 6453/6561/2597
f 6455/6559/2597 6456/6562/2597 6454/6560/2597
f 6459/6563/1694 6458/6564/1694 6457/6565/1694
f 6459/6563/1695 6460/6566/1695 6458/6564/1695
f 6463/6567/2597 6462/6568/2597 6461/6569/2597
f 6463/6567/2598 6464/6570/2598 6462/6568/2598
f 6467/6571/2599 6466/6572/2599 6465/6573/2599
f 6467/6571/2600 6468/6574/2600 6466/6572/2600
f 6471/6575/2601 6470/6576/2601 6469/6577/2601
f 6471/6575/2602 6472/6578/2602 6470/6576/2602
f 6475/6579/2603 6474/6580/2603 6473/6581/2603
f 6475/6579/2604 6476/6582/2604 6474/6580/2604
f 6479/6583/2605 6478/6584/2605 6477/6585/2605
f 6479/6583/2606 6480/6586/2606 6478/6584/2606
