# Blender 4.1.1
# www.blender.org
mtllib tutorial_fence.mtl
o tutorial_fence
v -290.200012 1.350002 -300.150024
v -299.799988 1.350001 -300.150024
v -290.200012 1.350002 -299.850037
v -290.200012 1.050002 -300.150024
v -299.799988 1.050001 -300.150024
v -290.200012 1.050002 -299.850037
v -299.799988 1.350001 -299.850037
v -299.799988 1.050001 -299.850037
v -290.200012 2.550001 -300.150024
v -299.799988 2.550001 -300.150024
v -290.200012 2.550001 -299.850037
v -290.200012 2.250001 -300.150024
v -299.799988 2.250001 -300.150024
v -290.200012 2.250001 -299.850037
v -299.799988 2.550001 -299.850037
v -299.799988 2.250001 -299.850037
v -299.799988 0.000001 -300.200012
v -299.799988 3.000001 -300.200012
v -299.799988 0.000001 -299.799988
v -300.200012 0.000001 -300.200012
v -300.200012 3.000001 -300.200012
v -300.200012 0.000001 -299.799988
v -299.799988 3.000001 -299.799988
v -300.200012 3.000001 -299.799988
v -280.200012 1.350002 -300.150024
v -289.799988 1.350001 -300.150024
v -280.200012 1.350002 -299.850037
v -280.200012 1.050002 -300.150024
v -289.799988 1.050001 -300.150024
v -280.200012 1.050002 -299.850037
v -289.799988 1.350001 -299.850037
v -289.799988 1.050001 -299.850037
v -280.200012 2.550001 -300.150024
v -289.799988 2.550001 -300.150024
v -280.200012 2.550001 -299.850037
v -280.200012 2.250001 -300.150024
v -289.799988 2.250001 -300.150024
v -280.200012 2.250001 -299.850037
v -289.799988 2.550001 -299.850037
v -289.799988 2.250001 -299.850037
v -289.799988 0.000001 -300.200012
v -289.799988 3.000001 -300.200012
v -289.799988 0.000001 -299.799988
v -290.200012 0.000001 -300.200012
v -290.200012 3.000001 -300.200012
v -290.200012 0.000001 -299.799988
v -289.799988 3.000001 -299.799988
v -290.200012 3.000001 -299.799988
v -270.200012 1.350002 -300.150024
v -279.799988 1.350001 -300.150024
v -270.200012 1.350002 -299.850037
v -270.200012 1.050002 -300.150024
v -279.799988 1.050001 -300.150024
v -270.200012 1.050002 -299.850037
v -279.799988 1.350001 -299.850037
v -279.799988 1.050001 -299.850037
v -270.200012 2.550001 -300.150024
v -279.799988 2.550001 -300.150024
v -270.200012 2.550001 -299.850037
v -270.200012 2.250001 -300.150024
v -279.799988 2.250001 -300.150024
v -270.200012 2.250001 -299.850037
v -279.799988 2.550001 -299.850037
v -279.799988 2.250001 -299.850037
v -279.799988 0.000001 -300.200012
v -279.799988 3.000001 -300.200012
v -279.799988 0.000001 -299.799988
v -280.200012 0.000001 -300.200012
v -280.200012 3.000001 -300.200012
v -280.200012 0.000001 -299.799988
v -279.799988 3.000001 -299.799988
v -280.200012 3.000001 -299.799988
v -260.200012 1.350002 -300.150024
v -269.799988 1.350001 -300.150024
v -260.200012 1.350002 -299.850037
v -260.200012 1.050002 -300.150024
v -269.799988 1.050001 -300.150024
v -260.200012 1.050002 -299.850037
v -269.799988 1.350001 -299.850037
v -269.799988 1.050001 -299.850037
v -260.200012 2.550001 -300.150024
v -269.799988 2.550001 -300.150024
v -260.200012 2.550001 -299.850037
v -260.200012 2.250001 -300.150024
v -269.799988 2.250001 -300.150024
v -260.200012 2.250001 -299.850037
v -269.799988 2.550001 -299.850037
v -269.799988 2.250001 -299.850037
v -269.799988 0.000001 -300.200012
v -269.799988 3.000001 -300.200012
v -269.799988 0.000001 -299.799988
v -270.200012 0.000001 -300.200012
v -270.200012 3.000001 -300.200012
v -270.200012 0.000001 -299.799988
v -269.799988 3.000001 -299.799988
v -270.200012 3.000001 -299.799988
v -250.200012 1.350002 -300.150024
v -259.799988 1.350001 -300.150024
v -250.200012 1.350002 -299.850037
v -250.200012 1.050002 -300.150024
v -259.799988 1.050001 -300.150024
v -250.200012 1.050002 -299.850037
v -259.799988 1.350001 -299.850037
v -259.799988 1.050001 -299.850037
v -250.200012 2.550001 -300.150024
v -259.799988 2.550001 -300.150024
v -250.200012 2.550001 -299.850037
v -250.200012 2.250001 -300.150024
v -259.799988 2.250001 -300.150024
v -250.200012 2.250001 -299.850037
v -259.799988 2.550001 -299.850037
v -259.799988 2.250001 -299.850037
v -259.799988 0.000001 -300.200012
v -259.799988 3.000001 -300.200012
v -259.799988 0.000001 -299.799988
v -260.200012 0.000001 -300.200012
v -260.200012 3.000001 -300.200012
v -260.200012 0.000001 -299.799988
v -259.799988 3.000001 -299.799988
v -260.200012 3.000001 -299.799988
v -240.200012 1.350002 -300.150024
v -249.799988 1.350001 -300.150024
v -240.200012 1.350002 -299.850037
v -240.200012 1.050002 -300.150024
v -249.799988 1.050001 -300.150024
v -240.200012 1.050002 -299.850037
v -249.799988 1.350001 -299.850037
v -249.799988 1.050001 -299.850037
v -240.200012 2.550001 -300.150024
v -249.799988 2.550001 -300.150024
v -240.200012 2.550001 -299.850037
v -240.200012 2.250001 -300.150024
v -249.799988 2.250001 -300.150024
v -240.200012 2.250001 -299.850037
v -249.799988 2.550001 -299.850037
v -249.799988 2.250001 -299.850037
v -249.799988 0.000001 -300.200012
v -249.799988 3.000001 -300.200012
v -249.799988 0.000001 -299.799988
v -250.200012 0.000001 -300.200012
v -250.200012 3.000001 -300.200012
v -250.200012 0.000001 -299.799988
v -249.799988 3.000001 -299.799988
v -250.200012 3.000001 -299.799988
v -230.200012 1.350002 -300.150024
v -239.799988 1.350001 -300.150024
v -230.200012 1.350002 -299.850037
v -230.200012 1.050002 -300.150024
v -239.799988 1.050001 -300.150024
v -230.200012 1.050002 -299.850037
v -239.799988 1.350001 -299.850037
v -239.799988 1.050001 -299.850037
v -230.200012 2.550001 -300.150024
v -239.799988 2.550001 -300.150024
v -230.200012 2.550001 -299.850037
v -230.200012 2.250001 -300.150024
v -239.799988 2.250001 -300.150024
v -230.200012 2.250001 -299.850037
v -239.799988 2.550001 -299.850037
v -239.799988 2.250001 -299.850037
v -239.799988 0.000001 -300.200012
v -239.799988 3.000001 -300.200012
v -239.799988 0.000001 -299.799988
v -240.200012 0.000001 -300.200012
v -240.200012 3.000001 -300.200012
v -240.200012 0.000001 -299.799988
v -239.799988 3.000001 -299.799988
v -240.200012 3.000001 -299.799988
v -220.200012 1.350002 -300.150024
v -229.799988 1.350001 -300.150024
v -220.200012 1.350002 -299.850037
v -220.200012 1.050002 -300.150024
v -229.799988 1.050001 -300.150024
v -220.200012 1.050002 -299.850037
v -229.799988 1.350001 -299.850037
v -229.799988 1.050001 -299.850037
v -220.200012 2.550001 -300.150024
v -229.799988 2.550001 -300.150024
v -220.200012 2.550001 -299.850037
v -220.200012 2.250001 -300.150024
v -229.799988 2.250001 -300.150024
v -220.200012 2.250001 -299.850037
v -229.799988 2.550001 -299.850037
v -229.799988 2.250001 -299.850037
v -229.799988 0.000001 -300.200012
v -229.799988 3.000001 -300.200012
v -229.799988 0.000001 -299.799988
v -230.200012 0.000001 -300.200012
v -230.200012 3.000001 -300.200012
v -230.200012 0.000001 -299.799988
v -229.799988 3.000001 -299.799988
v -230.200012 3.000001 -299.799988
v -210.200012 1.350002 -300.150024
v -219.799988 1.350001 -300.150024
v -210.200012 1.350002 -299.850037
v -210.200012 1.050002 -300.150024
v -219.799988 1.050001 -300.150024
v -210.200012 1.050002 -299.850037
v -219.799988 1.350001 -299.850037
v -219.799988 1.050001 -299.850037
v -210.200012 2.550001 -300.150024
v -219.799988 2.550001 -300.150024
v -210.200012 2.550001 -299.850037
v -210.200012 2.250001 -300.150024
v -219.799988 2.250001 -300.150024
v -210.200012 2.250001 -299.850037
v -219.799988 2.550001 -299.850037
v -219.799988 2.250001 -299.850037
v -219.799988 0.000001 -300.200012
v -219.799988 3.000001 -300.200012
v -219.799988 0.000001 -299.799988
v -220.200012 0.000001 -300.200012
v -220.200012 3.000001 -300.200012
v -220.200012 0.000001 -299.799988
v -219.799988 3.000001 -299.799988
v -220.200012 3.000001 -299.799988
v -200.200012 1.350002 -300.150024
v -209.799988 1.350001 -300.150024
v -200.200012 1.350002 -299.850037
v -200.200012 1.050002 -300.150024
v -209.799988 1.050001 -300.150024
v -200.200012 1.050002 -299.850037
v -209.799988 1.350001 -299.850037
v -209.799988 1.050001 -299.850037
v -200.200012 2.550001 -300.150024
v -209.799988 2.550001 -300.150024
v -200.200012 2.550001 -299.850037
v -200.200012 2.250001 -300.150024
v -209.799988 2.250001 -300.150024
v -200.200012 2.250001 -299.850037
v -209.799988 2.550001 -299.850037
v -209.799988 2.250001 -299.850037
v -209.799988 0.000001 -300.200012
v -209.799988 3.000001 -300.200012
v -209.799988 0.000001 -299.799988
v -210.200012 0.000001 -300.200012
v -210.200012 3.000001 -300.200012
v -210.200012 0.000001 -299.799988
v -209.799988 3.000001 -299.799988
v -210.200012 3.000001 -299.799988
v -190.200012 1.350002 -300.150024
v -199.799988 1.350001 -300.150024
v -190.200012 1.350002 -299.850037
v -190.200012 1.050002 -300.150024
v -199.799988 1.050001 -300.150024
v -190.200012 1.050002 -299.850037
v -199.799988 1.350001 -299.850037
v -199.799988 1.050001 -299.850037
v -190.200012 2.550001 -300.150024
v -199.799988 2.550001 -300.150024
v -190.200012 2.550001 -299.850037
v -190.200012 2.250001 -300.150024
v -199.799988 2.250001 -300.150024
v -190.200012 2.250001 -299.850037
v -199.799988 2.550001 -299.850037
v -199.799988 2.250001 -299.850037
v -199.799988 0.000001 -300.200012
v -199.799988 3.000001 -300.200012
v -199.799988 0.000001 -299.799988
v -200.200012 0.000001 -300.200012
v -200.200012 3.000001 -300.200012
v -200.200012 0.000001 -299.799988
v -199.799988 3.000001 -299.799988
v -200.200012 3.000001 -299.799988
v -180.200012 1.350002 -300.150024
v -189.799988 1.350001 -300.150024
v -180.200012 1.350002 -299.850037
v -180.200012 1.050002 -300.150024
v -189.799988 1.050001 -300.150024
v -180.200012 1.050002 -299.850037
v -189.799988 1.350001 -299.850037
v -189.799988 1.050001 -299.850037
v -180.200012 2.550001 -300.150024
v -189.799988 2.550001 -300.150024
v -180.200012 2.550001 -299.850037
v -180.200012 2.250001 -300.150024
v -189.799988 2.250001 -300.150024
v -180.200012 2.250001 -299.850037
v -189.799988 2.550001 -299.850037
v -189.799988 2.250001 -299.850037
v -189.799988 0.000001 -300.200012
v -189.799988 3.000001 -300.200012
v -189.799988 0.000001 -299.799988
v -190.200012 0.000001 -300.200012
v -190.200012 3.000001 -300.200012
v -190.200012 0.000001 -299.799988
v -189.799988 3.000001 -299.799988
v -190.200012 3.000001 -299.799988
v -170.200012 1.350002 -300.150024
v -179.799988 1.350001 -300.150024
v -170.200012 1.350002 -299.850037
v -170.200012 1.050002 -300.150024
v -179.799988 1.050001 -300.150024
v -170.200012 1.050002 -299.850037
v -179.799988 1.350001 -299.850037
v -179.799988 1.050001 -299.850037
v -170.200012 2.550001 -300.150024
v -179.799988 2.550001 -300.150024
v -170.200012 2.550001 -299.850037
v -170.200012 2.250001 -300.150024
v -179.799988 2.250001 -300.150024
v -170.200012 2.250001 -299.850037
v -179.799988 2.550001 -299.850037
v -179.799988 2.250001 -299.850037
v -179.799988 0.000001 -300.200012
v -179.799988 3.000001 -300.200012
v -179.799988 0.000001 -299.799988
v -180.200012 0.000001 -300.200012
v -180.200012 3.000001 -300.200012
v -180.200012 0.000001 -299.799988
v -179.799988 3.000001 -299.799988
v -180.200012 3.000001 -299.799988
v -160.200027 1.350002 -300.150024
v -169.800003 1.350001 -300.150024
v -160.200027 1.350002 -299.850037
v -160.200027 1.050002 -300.150024
v -169.800003 1.050001 -300.150024
v -160.200027 1.050002 -299.850037
v -169.800003 1.350001 -299.850037
v -169.800003 1.050001 -299.850037
v -160.200027 2.550001 -300.150024
v -169.800003 2.550001 -300.150024
v -160.200027 2.550001 -299.850037
v -160.200027 2.250001 -300.150024
v -169.800003 2.250001 -300.150024
v -160.200027 2.250001 -299.850037
v -169.800003 2.550001 -299.850037
v -169.800003 2.250001 -299.850037
v -169.800003 0.000001 -300.200012
v -169.800003 3.000001 -300.200012
v -169.800003 0.000001 -299.799988
v -170.200027 0.000001 -300.200012
v -170.200027 3.000001 -300.200012
v -170.200027 0.000001 -299.799988
v -169.800003 3.000001 -299.799988
v -170.200027 3.000001 -299.799988
v -150.200027 1.350002 -300.150024
v -159.800003 1.350001 -300.150024
v -150.200027 1.350002 -299.850037
v -150.200027 1.050002 -300.150024
v -159.800003 1.050001 -300.150024
v -150.200027 1.050002 -299.850037
v -159.800003 1.350001 -299.850037
v -159.800003 1.050001 -299.850037
v -150.200027 2.550001 -300.150024
v -159.800003 2.550001 -300.150024
v -150.200027 2.550001 -299.850037
v -150.200027 2.250001 -300.150024
v -159.800003 2.250001 -300.150024
v -150.200027 2.250001 -299.850037
v -159.800003 2.550001 -299.850037
v -159.800003 2.250001 -299.850037
v -159.800003 0.000001 -300.200012
v -159.800003 3.000001 -300.200012
v -159.800003 0.000001 -299.799988
v -160.200027 0.000001 -300.200012
v -160.200027 3.000001 -300.200012
v -160.200027 0.000001 -299.799988
v -159.800003 3.000001 -299.799988
v -160.200027 3.000001 -299.799988
v -140.200027 1.350002 -300.150024
v -149.800003 1.350001 -300.150024
v -140.200027 1.350002 -299.850037
v -140.200027 1.050002 -300.150024
v -149.800003 1.050001 -300.150024
v -140.200027 1.050002 -299.850037
v -149.800003 1.350001 -299.850037
v -149.800003 1.050001 -299.850037
v -140.200027 2.550001 -300.150024
v -149.800003 2.550001 -300.150024
v -140.200027 2.550001 -299.850037
v -140.200027 2.250001 -300.150024
v -149.800003 2.250001 -300.150024
v -140.200027 2.250001 -299.850037
v -149.800003 2.550001 -299.850037
v -149.800003 2.250001 -299.850037
v -149.800003 0.000001 -300.200012
v -149.800003 3.000001 -300.200012
v -149.800003 0.000001 -299.799988
v -150.200027 0.000001 -300.200012
v -150.200027 3.000001 -300.200012
v -150.200027 0.000001 -299.799988
v -149.800003 3.000001 -299.799988
v -150.200027 3.000001 -299.799988
v -130.200027 1.350002 -300.150024
v -139.800003 1.350001 -300.150024
v -130.200027 1.350002 -299.850037
v -130.200027 1.050002 -300.150024
v -139.800003 1.050001 -300.150024
v -130.200027 1.050002 -299.850037
v -139.800003 1.350001 -299.850037
v -139.800003 1.050001 -299.850037
v -130.200027 2.550001 -300.150024
v -139.800003 2.550001 -300.150024
v -130.200027 2.550001 -299.850037
v -130.200027 2.250001 -300.150024
v -139.800003 2.250001 -300.150024
v -130.200027 2.250001 -299.850037
v -139.800003 2.550001 -299.850037
v -139.800003 2.250001 -299.850037
v -139.800003 0.000001 -300.200012
v -139.800003 3.000001 -300.200012
v -139.800003 0.000001 -299.799988
v -140.200027 0.000001 -300.200012
v -140.200027 3.000001 -300.200012
v -140.200027 0.000001 -299.799988
v -139.800003 3.000001 -299.799988
v -140.200027 3.000001 -299.799988
v -120.200027 1.350002 -300.150024
v -129.800003 1.350001 -300.150024
v -120.200027 1.350002 -299.850037
v -120.200027 1.050002 -300.150024
v -129.800003 1.050001 -300.150024
v -120.200027 1.050002 -299.850037
v -129.800003 1.350001 -299.850037
v -129.800003 1.050001 -299.850037
v -120.200027 2.550001 -300.150024
v -129.800003 2.550001 -300.150024
v -120.200027 2.550001 -299.850037
v -120.200027 2.250001 -300.150024
v -129.800003 2.250001 -300.150024
v -120.200027 2.250001 -299.850037
v -129.800003 2.550001 -299.850037
v -129.800003 2.250001 -299.850037
v -129.800003 0.000001 -300.200012
v -129.800003 3.000001 -300.200012
v -129.800003 0.000001 -299.799988
v -130.200027 0.000001 -300.200012
v -130.200027 3.000001 -300.200012
v -130.200027 0.000001 -299.799988
v -129.800003 3.000001 -299.799988
v -130.200027 3.000001 -299.799988
v -110.200027 1.350002 -300.150024
v -119.800003 1.350001 -300.150024
v -110.200027 1.350002 -299.850037
v -110.200027 1.050002 -300.150024
v -119.800003 1.050001 -300.150024
v -110.200027 1.050002 -299.850037
v -119.800003 1.350001 -299.850037
v -119.800003 1.050001 -299.850037
v -110.200027 2.550001 -300.150024
v -119.800003 2.550001 -300.150024
v -110.200027 2.550001 -299.850037
v -110.200027 2.250001 -300.150024
v -119.800003 2.250001 -300.150024
v -110.200027 2.250001 -299.850037
v -119.800003 2.550001 -299.850037
v -119.800003 2.250001 -299.850037
v -119.800003 0.000001 -300.200012
v -119.800003 3.000001 -300.200012
v -119.800003 0.000001 -299.799988
v -120.200027 0.000001 -300.200012
v -120.200027 3.000001 -300.200012
v -120.200027 0.000001 -299.799988
v -119.800003 3.000001 -299.799988
v -120.200027 3.000001 -299.799988
v -100.200027 1.350002 -300.150024
v -109.800003 1.350001 -300.150024
v -100.200027 1.350002 -299.850037
v -100.200027 1.050002 -300.150024
v -109.800003 1.050001 -300.150024
v -100.200027 1.050002 -299.850037
v -109.800003 1.350001 -299.850037
v -109.800003 1.050001 -299.850037
v -100.200027 2.550001 -300.150024
v -109.800003 2.550001 -300.150024
v -100.200027 2.550001 -299.850037
v -100.200027 2.250001 -300.150024
v -109.800003 2.250001 -300.150024
v -100.200027 2.250001 -299.850037
v -109.800003 2.550001 -299.850037
v -109.800003 2.250001 -299.850037
v -109.800003 0.000001 -300.200012
v -109.800003 3.000001 -300.200012
v -109.800003 0.000001 -299.799988
v -110.200027 0.000001 -300.200012
v -110.200027 3.000001 -300.200012
v -110.200027 0.000001 -299.799988
v -109.800003 3.000001 -299.799988
v -110.200027 3.000001 -299.799988
v -90.200027 1.350002 -300.150024
v -99.800003 1.350001 -300.150024
v -90.200027 1.350002 -299.850037
v -90.200027 1.050002 -300.150024
v -99.800003 1.050001 -300.150024
v -90.200027 1.050002 -299.850037
v -99.800003 1.350001 -299.850037
v -99.800003 1.050001 -299.850037
v -90.200027 2.550001 -300.150024
v -99.800003 2.550001 -300.150024
v -90.200027 2.550001 -299.850037
v -90.200027 2.250001 -300.150024
v -99.800003 2.250001 -300.150024
v -90.200027 2.250001 -299.850037
v -99.800003 2.550001 -299.850037
v -99.800003 2.250001 -299.850037
v -99.800003 0.000001 -300.200012
v -99.800003 3.000001 -300.200012
v -99.800003 0.000001 -299.799988
v -100.200027 0.000001 -300.200012
v -100.200027 3.000001 -300.200012
v -100.200027 0.000001 -299.799988
v -99.800003 3.000001 -299.799988
v -100.200027 3.000001 -299.799988
v -80.200027 1.350002 -300.150024
v -89.800003 1.350001 -300.150024
v -80.200027 1.350002 -299.850037
v -80.200027 1.050002 -300.150024
v -89.800003 1.050001 -300.150024
v -80.200027 1.050002 -299.850037
v -89.800003 1.350001 -299.850037
v -89.800003 1.050001 -299.850037
v -80.200027 2.550001 -300.150024
v -89.800003 2.550001 -300.150024
v -80.200027 2.550001 -299.850037
v -80.200027 2.250001 -300.150024
v -89.800003 2.250001 -300.150024
v -80.200027 2.250001 -299.850037
v -89.800003 2.550001 -299.850037
v -89.800003 2.250001 -299.850037
v -89.800003 0.000001 -300.200012
v -89.800003 3.000001 -300.200012
v -89.800003 0.000001 -299.799988
v -90.200027 0.000001 -300.200012
v -90.200027 3.000001 -300.200012
v -90.200027 0.000001 -299.799988
v -89.800003 3.000001 -299.799988
v -90.200027 3.000001 -299.799988
v -70.200027 1.350002 -300.150024
v -79.800003 1.350001 -300.150024
v -70.200027 1.350002 -299.850037
v -70.200027 1.050002 -300.150024
v -79.800003 1.050001 -300.150024
v -70.200027 1.050002 -299.850037
v -79.800003 1.350001 -299.850037
v -79.800003 1.050001 -299.850037
v -70.200027 2.550001 -300.150024
v -79.800003 2.550001 -300.150024
v -70.200027 2.550001 -299.850037
v -70.200027 2.250001 -300.150024
v -79.800003 2.250001 -300.150024
v -70.200027 2.250001 -299.850037
v -79.800003 2.550001 -299.850037
v -79.800003 2.250001 -299.850037
v -79.800003 0.000001 -300.200012
v -79.800003 3.000001 -300.200012
v -79.800003 0.000001 -299.799988
v -80.200027 0.000001 -300.200012
v -80.200027 3.000001 -300.200012
v -80.200027 0.000001 -299.799988
v -79.800003 3.000001 -299.799988
v -80.200027 3.000001 -299.799988
v -60.200027 1.350002 -300.150024
v -69.800003 1.350001 -300.150024
v -60.200027 1.350002 -299.850037
v -60.200027 1.050002 -300.150024
v -69.800003 1.050001 -300.150024
v -60.200027 1.050002 -299.850037
v -69.800003 1.350001 -299.850037
v -69.800003 1.050001 -299.850037
v -60.200027 2.550001 -300.150024
v -69.800003 2.550001 -300.150024
v -60.200027 2.550001 -299.850037
v -60.200027 2.250001 -300.150024
v -69.800003 2.250001 -300.150024
v -60.200027 2.250001 -299.850037
v -69.800003 2.550001 -299.850037
v -69.800003 2.250001 -299.850037
v -69.800003 0.000001 -300.200012
v -69.800003 3.000001 -300.200012
v -69.800003 0.000001 -299.799988
v -70.200027 0.000001 -300.200012
v -70.200027 3.000001 -300.200012
v -70.200027 0.000001 -299.799988
v -69.800003 3.000001 -299.799988
v -70.200027 3.000001 -299.799988
v -50.200027 1.350002 -300.150024
v -59.800003 1.350001 -300.150024
v -50.200027 1.350002 -299.850037
v -50.200027 1.050002 -300.150024
v -59.800003 1.050001 -300.150024
v -50.200027 1.050002 -299.850037
v -59.800003 1.350001 -299.850037
v -59.800003 1.050001 -299.850037
v -50.200027 2.550001 -300.150024
v -59.800003 2.550001 -300.150024
v -50.200027 2.550001 -299.850037
v -50.200027 2.250001 -300.150024
v -59.800003 2.250001 -300.150024
v -50.200027 2.250001 -299.850037
v -59.800003 2.550001 -299.850037
v -59.800003 2.250001 -299.850037
v -59.800003 0.000001 -300.200012
v -59.800003 3.000001 -300.200012
v -59.800003 0.000001 -299.799988
v -60.200027 0.000001 -300.200012
v -60.200027 3.000001 -300.200012
v -60.200027 0.000001 -299.799988
v -59.800003 3.000001 -299.799988
v -60.200027 3.000001 -299.799988
v -40.200012 1.350002 -300.150024
v -49.800003 1.350001 -300.150024
v -40.200012 1.350002 -299.850037
v -40.200012 1.050002 -300.150024
v -49.800003 1.050001 -300.150024
v -40.200012 1.050002 -299.850037
v -49.800003 1.350001 -299.850037
v -49.800003 1.050001 -299.850037
v -40.200012 2.550001 -300.150024
v -49.800003 2.550001 -300.150024
v -40.200012 2.550001 -299.850037
v -40.200012 2.250001 -300.150024
v -49.800003 2.250001 -300.150024
v -40.200012 2.250001 -299.850037
v -49.800003 2.550001 -299.850037
v -49.800003 2.250001 -299.850037
v -49.800003 0.000001 -300.200012
v -49.800003 3.000001 -300.200012
v -49.800003 0.000001 -299.799988
v -50.200027 0.000001 -300.200012
v -50.200027 3.000001 -300.200012
v -50.200027 0.000001 -299.799988
v -49.800003 3.000001 -299.799988
v -50.200027 3.000001 -299.799988
v -30.200043 1.350002 -300.150024
v -39.800018 1.350001 -300.150024
v -30.200043 1.350002 -299.850037
v -30.200043 1.050002 -300.150024
v -39.800018 1.050001 -300.150024
v -30.200043 1.050002 -299.850037
v -39.800018 1.350001 -299.850037
v -39.800018 1.050001 -299.850037
v -30.200043 2.550001 -300.150024
v -39.800018 2.550001 -300.150024
v -30.200043 2.550001 -299.850037
v -30.200043 2.250001 -300.150024
v -39.800018 2.250001 -300.150024
v -30.200043 2.250001 -299.850037
v -39.800018 2.550001 -299.850037
v -39.800018 2.250001 -299.850037
v -39.800018 0.000001 -300.200012
v -39.800018 3.000001 -300.200012
v -39.800018 0.000001 -299.799988
v -40.200043 0.000001 -300.200012
v -40.200043 3.000001 -300.200012
v -40.200043 0.000001 -299.799988
v -39.800018 3.000001 -299.799988
v -40.200043 3.000001 -299.799988
v -20.200043 1.350002 -300.150024
v -29.800018 1.350001 -300.150024
v -20.200043 1.350002 -299.850037
v -20.200043 1.050002 -300.150024
v -29.800018 1.050001 -300.150024
v -20.200043 1.050002 -299.850037
v -29.800018 1.350001 -299.850037
v -29.800018 1.050001 -299.850037
v -20.200043 2.550001 -300.150024
v -29.800018 2.550001 -300.150024
v -20.200043 2.550001 -299.850037
v -20.200043 2.250001 -300.150024
v -29.800018 2.250001 -300.150024
v -20.200043 2.250001 -299.850037
v -29.800018 2.550001 -299.850037
v -29.800018 2.250001 -299.850037
v -29.800018 0.000001 -300.200012
v -29.800018 3.000001 -300.200012
v -29.800018 0.000001 -299.799988
v -30.200043 0.000001 -300.200012
v -30.200043 3.000001 -300.200012
v -30.200043 0.000001 -299.799988
v -29.800018 3.000001 -299.799988
v -30.200043 3.000001 -299.799988
v -10.200043 1.350002 -300.150024
v -19.800018 1.350001 -300.150024
v -10.200043 1.350002 -299.850037
v -10.200043 1.050002 -300.150024
v -19.800018 1.050001 -300.150024
v -10.200043 1.050002 -299.850037
v -19.800018 1.350001 -299.850037
v -19.800018 1.050001 -299.850037
v -10.200043 2.550001 -300.150024
v -19.800018 2.550001 -300.150024
v -10.200043 2.550001 -299.850037
v -10.200043 2.250001 -300.150024
v -19.800018 2.250001 -300.150024
v -10.200043 2.250001 -299.850037
v -19.800018 2.550001 -299.850037
v -19.800018 2.250001 -299.850037
v -19.800018 0.000001 -300.200012
v -19.800018 3.000001 -300.200012
v -19.800018 0.000001 -299.799988
v -20.200043 0.000001 -300.200012
v -20.200043 3.000001 -300.200012
v -20.200043 0.000001 -299.799988
v -19.800018 3.000001 -299.799988
v -20.200043 3.000001 -299.799988
v -0.200043 1.350002 -300.150024
v -9.800018 1.350001 -300.150024
v -0.200043 1.350002 -299.850037
v -0.200043 1.050002 -300.150024
v -9.800018 1.050001 -300.150024
v -0.200043 1.050002 -299.850037
v -9.800018 1.350001 -299.850037
v -9.800018 1.050001 -299.850037
v -0.200043 2.550001 -300.150024
v -9.800018 2.550001 -300.150024
v -0.200043 2.550001 -299.850037
v -0.200043 2.250001 -300.150024
v -9.800018 2.250001 -300.150024
v -0.200043 2.250001 -299.850037
v -9.800018 2.550001 -299.850037
v -9.800018 2.250001 -299.850037
v -9.800018 0.000001 -300.200012
v -9.800018 3.000001 -300.200012
v -9.800018 0.000001 -299.799988
v -10.200043 0.000001 -300.200012
v -10.200043 3.000001 -300.200012
v -10.200043 0.000001 -299.799988
v -9.800018 3.000001 -299.799988
v -10.200043 3.000001 -299.799988
v 9.799957 1.350002 -300.150024
v 0.199982 1.350001 -300.150024
v 9.799957 1.350002 -299.850037
v 9.799957 1.050002 -300.150024
v 0.199982 1.050001 -300.150024
v 9.799957 1.050002 -299.850037
v 0.199982 1.350001 -299.850037
v 0.199982 1.050001 -299.850037
v 9.799957 2.550001 -300.150024
v 0.199982 2.550001 -300.150024
v 9.799957 2.550001 -299.850037
v 9.799957 2.250001 -300.150024
v 0.199982 2.250001 -300.150024
v 9.799957 2.250001 -299.850037
v 0.199982 2.550001 -299.850037
v 0.199982 2.250001 -299.850037
v 0.199982 0.000001 -300.200012
v 0.199982 3.000001 -300.200012
v 0.199982 0.000001 -299.799988
v -0.200043 0.000001 -300.200012
v -0.200043 3.000001 -300.200012
v -0.200043 0.000001 -299.799988
v 0.199982 3.000001 -299.799988
v -0.200043 3.000001 -299.799988
v 19.799957 1.350002 -300.150024
v 10.199982 1.350001 -300.150024
v 19.799957 1.350002 -299.850037
v 19.799957 1.050002 -300.150024
v 10.199982 1.050001 -300.150024
v 19.799957 1.050002 -299.850037
v 10.199982 1.350001 -299.850037
v 10.199982 1.050001 -299.850037
v 19.799957 2.550001 -300.150024
v 10.199982 2.550001 -300.150024
v 19.799957 2.550001 -299.850037
v 19.799957 2.250001 -300.150024
v 10.199982 2.250001 -300.150024
v 19.799957 2.250001 -299.850037
v 10.199982 2.550001 -299.850037
v 10.199982 2.250001 -299.850037
v 10.199982 0.000001 -300.200012
v 10.199982 3.000001 -300.200012
v 10.199982 0.000001 -299.799988
v 9.799957 0.000001 -300.200012
v 9.799957 3.000001 -300.200012
v 9.799957 0.000001 -299.799988
v 10.199982 3.000001 -299.799988
v 9.799957 3.000001 -299.799988
v 29.799957 1.350002 -300.150024
v 20.199982 1.350001 -300.150024
v 29.799957 1.350002 -299.850037
v 29.799957 1.050002 -300.150024
v 20.199982 1.050001 -300.150024
v 29.799957 1.050002 -299.850037
v 20.199982 1.350001 -299.850037
v 20.199982 1.050001 -299.850037
v 29.799957 2.550001 -300.150024
v 20.199982 2.550001 -300.150024
v 29.799957 2.550001 -299.850037
v 29.799957 2.250001 -300.150024
v 20.199982 2.250001 -300.150024
v 29.799957 2.250001 -299.850037
v 20.199982 2.550001 -299.850037
v 20.199982 2.250001 -299.850037
v 20.199982 0.000001 -300.200012
v 20.199982 3.000001 -300.200012
v 20.199982 0.000001 -299.799988
v 19.799957 0.000001 -300.200012
v 19.799957 3.000001 -300.200012
v 19.799957 0.000001 -299.799988
v 20.199982 3.000001 -299.799988
v 19.799957 3.000001 -299.799988
v 39.799957 1.350002 -300.150024
v 30.199982 1.350001 -300.150024
v 39.799957 1.350002 -299.850037
v 39.799957 1.050002 -300.150024
v 30.199982 1.050001 -300.150024
v 39.799957 1.050002 -299.850037
v 30.199982 1.350001 -299.850037
v 30.199982 1.050001 -299.850037
v 39.799957 2.550001 -300.150024
v 30.199982 2.550001 -300.150024
v 39.799957 2.550001 -299.850037
v 39.799957 2.250001 -300.150024
v 30.199982 2.250001 -300.150024
v 39.799957 2.250001 -299.850037
v 30.199982 2.550001 -299.850037
v 30.199982 2.250001 -299.850037
v 30.199982 0.000001 -300.200012
v 30.199982 3.000001 -300.200012
v 30.199982 0.000001 -299.799988
v 29.799957 0.000001 -300.200012
v 29.799957 3.000001 -300.200012
v 29.799957 0.000001 -299.799988
v 30.199982 3.000001 -299.799988
v 29.799957 3.000001 -299.799988
v 49.799957 1.350002 -300.150024
v 40.199982 1.350001 -300.150024
v 49.799957 1.350002 -299.850037
v 49.799957 1.050002 -300.150024
v 40.199982 1.050001 -300.150024
v 49.799957 1.050002 -299.850037
v 40.199982 1.350001 -299.850037
v 40.199982 1.050001 -299.850037
v 49.799957 2.550001 -300.150024
v 40.199982 2.550001 -300.150024
v 49.799957 2.550001 -299.850037
v 49.799957 2.250001 -300.150024
v 40.199982 2.250001 -300.150024
v 49.799957 2.250001 -299.850037
v 40.199982 2.550001 -299.850037
v 40.199982 2.250001 -299.850037
v 40.199982 0.000001 -300.200012
v 40.199982 3.000001 -300.200012
v 40.199982 0.000001 -299.799988
v 39.799957 0.000001 -300.200012
v 39.799957 3.000001 -300.200012
v 39.799957 0.000001 -299.799988
v 40.199982 3.000001 -299.799988
v 39.799957 3.000001 -299.799988
v 59.799957 1.350002 -300.150024
v 50.199982 1.350001 -300.150024
v 59.799957 1.350002 -299.850037
v 59.799957 1.050002 -300.150024
v 50.199982 1.050001 -300.150024
v 59.799957 1.050002 -299.850037
v 50.199982 1.350001 -299.850037
v 50.199982 1.050001 -299.850037
v 59.799957 2.550001 -300.150024
v 50.199982 2.550001 -300.150024
v 59.799957 2.550001 -299.850037
v 59.799957 2.250001 -300.150024
v 50.199982 2.250001 -300.150024
v 59.799957 2.250001 -299.850037
v 50.199982 2.550001 -299.850037
v 50.199982 2.250001 -299.850037
v 50.199982 0.000001 -300.200012
v 50.199982 3.000001 -300.200012
v 50.199982 0.000001 -299.799988
v 49.799957 0.000001 -300.200012
v 49.799957 3.000001 -300.200012
v 49.799957 0.000001 -299.799988
v 50.199982 3.000001 -299.799988
v 49.799957 3.000001 -299.799988
v 69.799957 1.350002 -300.150024
v 60.199982 1.350001 -300.150024
v 69.799957 1.350002 -299.850037
v 69.799957 1.050002 -300.150024
v 60.199982 1.050001 -300.150024
v 69.799957 1.050002 -299.850037
v 60.199982 1.350001 -299.850037
v 60.199982 1.050001 -299.850037
v 69.799957 2.550001 -300.150024
v 60.199982 2.550001 -300.150024
v 69.799957 2.550001 -299.850037
v 69.799957 2.250001 -300.150024
v 60.199982 2.250001 -300.150024
v 69.799957 2.250001 -299.850037
v 60.199982 2.550001 -299.850037
v 60.199982 2.250001 -299.850037
v 60.199982 0.000001 -300.200012
v 60.199982 3.000001 -300.200012
v 60.199982 0.000001 -299.799988
v 59.799957 0.000001 -300.200012
v 59.799957 3.000001 -300.200012
v 59.799957 0.000001 -299.799988
v 60.199982 3.000001 -299.799988
v 59.799957 3.000001 -299.799988
v 79.799957 1.350002 -300.150024
v 70.199982 1.350001 -300.150024
v 79.799957 1.350002 -299.850037
v 79.799957 1.050002 -300.150024
v 70.199982 1.050001 -300.150024
v 79.799957 1.050002 -299.850037
v 70.199982 1.350001 -299.850037
v 70.199982 1.050001 -299.850037
v 79.799957 2.550001 -300.150024
v 70.199982 2.550001 -300.150024
v 79.799957 2.550001 -299.850037
v 79.799957 2.250001 -300.150024
v 70.199982 2.250001 -300.150024
v 79.799957 2.250001 -299.850037
v 70.199982 2.550001 -299.850037
v 70.199982 2.250001 -299.850037
v 70.199982 0.000001 -300.200012
v 70.199982 3.000001 -300.200012
v 70.199982 0.000001 -299.799988
v 69.799957 0.000001 -300.200012
v 69.799957 3.000001 -300.200012
v 69.799957 0.000001 -299.799988
v 70.199982 3.000001 -299.799988
v 69.799957 3.000001 -299.799988
v 89.799957 1.350002 -300.150024
v 80.199982 1.350001 -300.150024
v 89.799957 1.350002 -299.850037
v 89.799957 1.050002 -300.150024
v 80.199982 1.050001 -300.150024
v 89.799957 1.050002 -299.850037
v 80.199982 1.350001 -299.850037
v 80.199982 1.050001 -299.850037
v 89.799957 2.550001 -300.150024
v 80.199982 2.550001 -300.150024
v 89.799957 2.550001 -299.850037
v 89.799957 2.250001 -300.150024
v 80.199982 2.250001 -300.150024
v 89.799957 2.250001 -299.850037
v 80.199982 2.550001 -299.850037
v 80.199982 2.250001 -299.850037
v 80.199982 0.000001 -300.200012
v 80.199982 3.000001 -300.200012
v 80.199982 0.000001 -299.799988
v 79.799957 0.000001 -300.200012
v 79.799957 3.000001 -300.200012
v 79.799957 0.000001 -299.799988
v 80.199982 3.000001 -299.799988
v 79.799957 3.000001 -299.799988
v 99.799957 1.350002 -300.150024
v 90.199982 1.350001 -300.150024
v 99.799957 1.350002 -299.850037
v 99.799957 1.050002 -300.150024
v 90.199982 1.050001 -300.150024
v 99.799957 1.050002 -299.850037
v 90.199982 1.350001 -299.850037
v 90.199982 1.050001 -299.850037
v 99.799957 2.550001 -300.150024
v 90.199982 2.550001 -300.150024
v 99.799957 2.550001 -299.850037
v 99.799957 2.250001 -300.150024
v 90.199982 2.250001 -300.150024
v 99.799957 2.250001 -299.850037
v 90.199982 2.550001 -299.850037
v 90.199982 2.250001 -299.850037
v 90.199982 0.000001 -300.200012
v 90.199982 3.000001 -300.200012
v 90.199982 0.000001 -299.799988
v 89.799957 0.000001 -300.200012
v 89.799957 3.000001 -300.200012
v 89.799957 0.000001 -299.799988
v 90.199982 3.000001 -299.799988
v 89.799957 3.000001 -299.799988
v 109.799957 1.350002 -300.150024
v 100.199982 1.350001 -300.150024
v 109.799957 1.350002 -299.850037
v 109.799957 1.050002 -300.150024
v 100.199982 1.050001 -300.150024
v 109.799957 1.050002 -299.850037
v 100.199982 1.350001 -299.850037
v 100.199982 1.050001 -299.850037
v 109.799957 2.550001 -300.150024
v 100.199982 2.550001 -300.150024
v 109.799957 2.550001 -299.850037
v 109.799957 2.250001 -300.150024
v 100.199982 2.250001 -300.150024
v 109.799957 2.250001 -299.850037
v 100.199982 2.550001 -299.850037
v 100.199982 2.250001 -299.850037
v 100.199982 0.000001 -300.200012
v 100.199982 3.000001 -300.200012
v 100.199982 0.000001 -299.799988
v 99.799957 0.000001 -300.200012
v 99.799957 3.000001 -300.200012
v 99.799957 0.000001 -299.799988
v 100.199982 3.000001 -299.799988
v 99.799957 3.000001 -299.799988
v 119.799957 1.350002 -300.150024
v 110.199982 1.350001 -300.150024
v 119.799957 1.350002 -299.850037
v 119.799957 1.050002 -300.150024
v 110.199982 1.050001 -300.150024
v 119.799957 1.050002 -299.850037
v 110.199982 1.350001 -299.850037
v 110.199982 1.050001 -299.850037
v 119.799957 2.550001 -300.150024
v 110.199982 2.550001 -300.150024
v 119.799957 2.550001 -299.850037
v 119.799957 2.250001 -300.150024
v 110.199982 2.250001 -300.150024
v 119.799957 2.250001 -299.850037
v 110.199982 2.550001 -299.850037
v 110.199982 2.250001 -299.850037
v 110.199982 0.000001 -300.200012
v 110.199982 3.000001 -300.200012
v 110.199982 0.000001 -299.799988
v 109.799957 0.000001 -300.200012
v 109.799957 3.000001 -300.200012
v 109.799957 0.000001 -299.799988
v 110.199982 3.000001 -299.799988
v 109.799957 3.000001 -299.799988
v 129.799957 1.350002 -300.150024
v 120.199982 1.350001 -300.150024
v 129.799957 1.350002 -299.850037
v 129.799957 1.050002 -300.150024
v 120.199982 1.050001 -300.150024
v 129.799957 1.050002 -299.850037
v 120.199982 1.350001 -299.850037
v 120.199982 1.050001 -299.850037
v 129.799957 2.550001 -300.150024
v 120.199982 2.550001 -300.150024
v 129.799957 2.550001 -299.850037
v 129.799957 2.250001 -300.150024
v 120.199982 2.250001 -300.150024
v 129.799957 2.250001 -299.850037
v 120.199982 2.550001 -299.850037
v 120.199982 2.250001 -299.850037
v 120.199982 0.000001 -300.200012
v 120.199982 3.000001 -300.200012
v 120.199982 0.000001 -299.799988
v 119.799957 0.000001 -300.200012
v 119.799957 3.000001 -300.200012
v 119.799957 0.000001 -299.799988
v 120.199982 3.000001 -299.799988
v 119.799957 3.000001 -299.799988
v 139.799957 1.350002 -300.150024
v 130.199982 1.350001 -300.150024
v 139.799957 1.350002 -299.850037
v 139.799957 1.050002 -300.150024
v 130.199982 1.050001 -300.150024
v 139.799957 1.050002 -299.850037
v 130.199982 1.350001 -299.850037
v 130.199982 1.050001 -299.850037
v 139.799957 2.550001 -300.150024
v 130.199982 2.550001 -300.150024
v 139.799957 2.550001 -299.850037
v 139.799957 2.250001 -300.150024
v 130.199982 2.250001 -300.150024
v 139.799957 2.250001 -299.850037
v 130.199982 2.550001 -299.850037
v 130.199982 2.250001 -299.850037
v 130.199982 0.000001 -300.200012
v 130.199982 3.000001 -300.200012
v 130.199982 0.000001 -299.799988
v 129.799957 0.000001 -300.200012
v 129.799957 3.000001 -300.200012
v 129.799957 0.000001 -299.799988
v 130.199982 3.000001 -299.799988
v 129.799957 3.000001 -299.799988
v 149.799957 1.350002 -300.150024
v 140.199982 1.350001 -300.150024
v 149.799957 1.350002 -299.850037
v 149.799957 1.050002 -300.150024
v 140.199982 1.050001 -300.150024
v 149.799957 1.050002 -299.850037
v 140.199982 1.350001 -299.850037
v 140.199982 1.050001 -299.850037
v 149.799957 2.550001 -300.150024
v 140.199982 2.550001 -300.150024
v 149.799957 2.550001 -299.850037
v 149.799957 2.250001 -300.150024
v 140.199982 2.250001 -300.150024
v 149.799957 2.250001 -299.850037
v 140.199982 2.550001 -299.850037
v 140.199982 2.250001 -299.850037
v 140.199982 0.000001 -300.200012
v 140.199982 3.000001 -300.200012
v 140.199982 0.000001 -299.799988
v 139.799957 0.000001 -300.200012
v 139.799957 3.000001 -300.200012
v 139.799957 0.000001 -299.799988
v 140.199982 3.000001 -299.799988
v 139.799957 3.000001 -299.799988
v 159.799957 1.350002 -300.150024
v 150.199982 1.350001 -300.150024
v 159.799957 1.350002 -299.850037
v 159.799957 1.050002 -300.150024
v 150.199982 1.050001 -300.150024
v 159.799957 1.050002 -299.850037
v 150.199982 1.350001 -299.850037
v 150.199982 1.050001 -299.850037
v 159.799957 2.550001 -300.150024
v 150.199982 2.550001 -300.150024
v 159.799957 2.550001 -299.850037
v 159.799957 2.250001 -300.150024
v 150.199982 2.250001 -300.150024
v 159.799957 2.250001 -299.850037
v 150.199982 2.550001 -299.850037
v 150.199982 2.250001 -299.850037
v 150.199982 0.000001 -300.200012
v 150.199982 3.000001 -300.200012
v 150.199982 0.000001 -299.799988
v 149.799957 0.000001 -300.200012
v 149.799957 3.000001 -300.200012
v 149.799957 0.000001 -299.799988
v 150.199982 3.000001 -299.799988
v 149.799957 3.000001 -299.799988
v 169.799957 1.350002 -300.150024
v 160.199982 1.350001 -300.150024
v 169.799957 1.350002 -299.850037
v 169.799957 1.050002 -300.150024
v 160.199982 1.050001 -300.150024
v 169.799957 1.050002 -299.850037
v 160.199982 1.350001 -299.850037
v 160.199982 1.050001 -299.850037
v 169.799957 2.550001 -300.150024
v 160.199982 2.550001 -300.150024
v 169.799957 2.550001 -299.850037
v 169.799957 2.250001 -300.150024
v 160.199982 2.250001 -300.150024
v 169.799957 2.250001 -299.850037
v 160.199982 2.550001 -299.850037
v 160.199982 2.250001 -299.850037
v 160.199982 0.000001 -300.200012
v 160.199982 3.000001 -300.200012
v 160.199982 0.000001 -299.799988
v 159.799957 0.000001 -300.200012
v 159.799957 3.000001 -300.200012
v 159.799957 0.000001 -299.799988
v 160.199982 3.000001 -299.799988
v 159.799957 3.000001 -299.799988
v 179.799957 1.350002 -300.150024
v 170.199982 1.350001 -300.150024
v 179.799957 1.350002 -299.850037
v 179.799957 1.050002 -300.150024
v 170.199982 1.050001 -300.150024
v 179.799957 1.050002 -299.850037
v 170.199982 1.350001 -299.850037
v 170.199982 1.050001 -299.850037
v 179.799957 2.550001 -300.150024
v 170.199982 2.550001 -300.150024
v 179.799957 2.550001 -299.850037
v 179.799957 2.250001 -300.150024
v 170.199982 2.250001 -300.150024
v 179.799957 2.250001 -299.850037
v 170.199982 2.550001 -299.850037
v 170.199982 2.250001 -299.850037
v 170.199982 0.000001 -300.200012
v 170.199982 3.000001 -300.200012
v 170.199982 0.000001 -299.799988
v 169.799957 0.000001 -300.200012
v 169.799957 3.000001 -300.200012
v 169.799957 0.000001 -299.799988
v 170.199982 3.000001 -299.799988
v 169.799957 3.000001 -299.799988
v 189.799957 1.350002 -300.150024
v 180.199982 1.350001 -300.150024
v 189.799957 1.350002 -299.850037
v 189.799957 1.050002 -300.150024
v 180.199982 1.050001 -300.150024
v 189.799957 1.050002 -299.850037
v 180.199982 1.350001 -299.850037
v 180.199982 1.050001 -299.850037
v 189.799957 2.550001 -300.150024
v 180.199982 2.550001 -300.150024
v 189.799957 2.550001 -299.850037
v 189.799957 2.250001 -300.150024
v 180.199982 2.250001 -300.150024
v 189.799957 2.250001 -299.850037
v 180.199982 2.550001 -299.850037
v 180.199982 2.250001 -299.850037
v 180.199982 0.000001 -300.200012
v 180.199982 3.000001 -300.200012
v 180.199982 0.000001 -299.799988
v 179.799957 0.000001 -300.200012
v 179.799957 3.000001 -300.200012
v 179.799957 0.000001 -299.799988
v 180.199982 3.000001 -299.799988
v 179.799957 3.000001 -299.799988
v 199.799957 1.350002 -300.150024
v 190.199982 1.350001 -300.150024
v 199.799957 1.350002 -299.850037
v 199.799957 1.050002 -300.150024
v 190.199982 1.050001 -300.150024
v 199.799957 1.050002 -299.850037
v 190.199982 1.350001 -299.850037
v 190.199982 1.050001 -299.850037
v 199.799957 2.550001 -300.150024
v 190.199982 2.550001 -300.150024
v 199.799957 2.550001 -299.850037
v 199.799957 2.250001 -300.150024
v 190.199982 2.250001 -300.150024
v 199.799957 2.250001 -299.850037
v 190.199982 2.550001 -299.850037
v 190.199982 2.250001 -299.850037
v 190.199982 0.000001 -300.200012
v 190.199982 3.000001 -300.200012
v 190.199982 0.000001 -299.799988
v 189.799957 0.000001 -300.200012
v 189.799957 3.000001 -300.200012
v 189.799957 0.000001 -299.799988
v 190.199982 3.000001 -299.799988
v 189.799957 3.000001 -299.799988
v 209.799957 1.350002 -300.150024
v 200.199982 1.350001 -300.150024
v 209.799957 1.350002 -299.850037
v 209.799957 1.050002 -300.150024
v 200.199982 1.050001 -300.150024
v 209.799957 1.050002 -299.850037
v 200.199982 1.350001 -299.850037
v 200.199982 1.050001 -299.850037
v 209.799957 2.550001 -300.150024
v 200.199982 2.550001 -300.150024
v 209.799957 2.550001 -299.850037
v 209.799957 2.250001 -300.150024
v 200.199982 2.250001 -300.150024
v 209.799957 2.250001 -299.850037
v 200.199982 2.550001 -299.850037
v 200.199982 2.250001 -299.850037
v 200.199982 0.000001 -300.200012
v 200.199982 3.000001 -300.200012
v 200.199982 0.000001 -299.799988
v 199.799957 0.000001 -300.200012
v 199.799957 3.000001 -300.200012
v 199.799957 0.000001 -299.799988
v 200.199982 3.000001 -299.799988
v 199.799957 3.000001 -299.799988
v 219.799927 1.350002 -300.150024
v 210.199982 1.350001 -300.150024
v 219.799927 1.350002 -299.850037
v 219.799927 1.050002 -300.150024
v 210.199982 1.050001 -300.150024
v 219.799927 1.050002 -299.850037
v 210.199982 1.350001 -299.850037
v 210.199982 1.050001 -299.850037
v 219.799927 2.550001 -300.150024
v 210.199982 2.550001 -300.150024
v 219.799927 2.550001 -299.850037
v 219.799927 2.250001 -300.150024
v 210.199982 2.250001 -300.150024
v 219.799927 2.250001 -299.850037
v 210.199982 2.550001 -299.850037
v 210.199982 2.250001 -299.850037
v 210.199982 0.000001 -300.200012
v 210.199982 3.000001 -300.200012
v 210.199982 0.000001 -299.799988
v 209.799957 0.000001 -300.200012
v 209.799957 3.000001 -300.200012
v 209.799957 0.000001 -299.799988
v 210.199982 3.000001 -299.799988
v 209.799957 3.000001 -299.799988
v 229.799927 1.350002 -300.150024
v 220.199951 1.350001 -300.150024
v 229.799927 1.350002 -299.850037
v 229.799927 1.050002 -300.150024
v 220.199951 1.050001 -300.150024
v 229.799927 1.050002 -299.850037
v 220.199951 1.350001 -299.850037
v 220.199951 1.050001 -299.850037
v 229.799927 2.550001 -300.150024
v 220.199951 2.550001 -300.150024
v 229.799927 2.550001 -299.850037
v 229.799927 2.250001 -300.150024
v 220.199951 2.250001 -300.150024
v 229.799927 2.250001 -299.850037
v 220.199951 2.550001 -299.850037
v 220.199951 2.250001 -299.850037
v 220.199951 0.000001 -300.200012
v 220.199951 3.000001 -300.200012
v 220.199951 0.000001 -299.799988
v 219.799927 0.000001 -300.200012
v 219.799927 3.000001 -300.200012
v 219.799927 0.000001 -299.799988
v 220.199951 3.000001 -299.799988
v 219.799927 3.000001 -299.799988
v 239.799927 1.350002 -300.150024
v 230.199951 1.350001 -300.150024
v 239.799927 1.350002 -299.850037
v 239.799927 1.050002 -300.150024
v 230.199951 1.050001 -300.150024
v 239.799927 1.050002 -299.850037
v 230.199951 1.350001 -299.850037
v 230.199951 1.050001 -299.850037
v 239.799927 2.550001 -300.150024
v 230.199951 2.550001 -300.150024
v 239.799927 2.550001 -299.850037
v 239.799927 2.250001 -300.150024
v 230.199951 2.250001 -300.150024
v 239.799927 2.250001 -299.850037
v 230.199951 2.550001 -299.850037
v 230.199951 2.250001 -299.850037
v 230.199951 0.000001 -300.200012
v 230.199951 3.000001 -300.200012
v 230.199951 0.000001 -299.799988
v 229.799927 0.000001 -300.200012
v 229.799927 3.000001 -300.200012
v 229.799927 0.000001 -299.799988
v 230.199951 3.000001 -299.799988
v 229.799927 3.000001 -299.799988
v 249.799927 1.350002 -300.150024
v 240.199951 1.350001 -300.150024
v 249.799927 1.350002 -299.850037
v 249.799927 1.050002 -300.150024
v 240.199951 1.050001 -300.150024
v 249.799927 1.050002 -299.850037
v 240.199951 1.350001 -299.850037
v 240.199951 1.050001 -299.850037
v 249.799927 2.550001 -300.150024
v 240.199951 2.550001 -300.150024
v 249.799927 2.550001 -299.850037
v 249.799927 2.250001 -300.150024
v 240.199951 2.250001 -300.150024
v 249.799927 2.250001 -299.850037
v 240.199951 2.550001 -299.850037
v 240.199951 2.250001 -299.850037
v 240.199951 0.000001 -300.200012
v 240.199951 3.000001 -300.200012
v 240.199951 0.000001 -299.799988
v 239.799927 0.000001 -300.200012
v 239.799927 3.000001 -300.200012
v 239.799927 0.000001 -299.799988
v 240.199951 3.000001 -299.799988
v 239.799927 3.000001 -299.799988
v 259.799927 1.350002 -300.150024
v 250.199951 1.350001 -300.150024
v 259.799927 1.350002 -299.850037
v 259.799927 1.050002 -300.150024
v 250.199951 1.050001 -300.150024
v 259.799927 1.050002 -299.850037
v 250.199951 1.350001 -299.850037
v 250.199951 1.050001 -299.850037
v 259.799927 2.550001 -300.150024
v 250.199951 2.550001 -300.150024
v 259.799927 2.550001 -299.850037
v 259.799927 2.250001 -300.150024
v 250.199951 2.250001 -300.150024
v 259.799927 2.250001 -299.850037
v 250.199951 2.550001 -299.850037
v 250.199951 2.250001 -299.850037
v 250.199951 0.000001 -300.200012
v 250.199951 3.000001 -300.200012
v 250.199951 0.000001 -299.799988
v 249.799927 0.000001 -300.200012
v 249.799927 3.000001 -300.200012
v 249.799927 0.000001 -299.799988
v 250.199951 3.000001 -299.799988
v 249.799927 3.000001 -299.799988
v 269.799927 1.350002 -300.150024
v 260.199951 1.350001 -300.150024
v 269.799927 1.350002 -299.850037
v 269.799927 1.050002 -300.150024
v 260.199951 1.050001 -300.150024
v 269.799927 1.050002 -299.850037
v 260.199951 1.350001 -299.850037
v 260.199951 1.050001 -299.850037
v 269.799927 2.550001 -300.150024
v 260.199951 2.550001 -300.150024
v 269.799927 2.550001 -299.850037
v 269.799927 2.250001 -300.150024
v 260.199951 2.250001 -300.150024
v 269.799927 2.250001 -299.850037
v 260.199951 2.550001 -299.850037
v 260.199951 2.250001 -299.850037
v 260.199951 0.000001 -300.200012
v 260.199951 3.000001 -300.200012
v 260.199951 0.000001 -299.799988
v 259.799927 0.000001 -300.200012
v 259.799927 3.000001 -300.200012
v 259.799927 0.000001 -299.799988
v 260.199951 3.000001 -299.799988
v 259.799927 3.000001 -299.799988
v 279.799927 1.350002 -300.150024
v 270.199951 1.350001 -300.150024
v 279.799927 1.350002 -299.850037
v 279.799927 1.050002 -300.150024
v 270.199951 1.050001 -300.150024
v 279.799927 1.050002 -299.850037
v 270.199951 1.350001 -299.850037
v 270.199951 1.050001 -299.850037
v 279.799927 2.550001 -300.150024
v 270.199951 2.550001 -300.150024
v 279.799927 2.550001 -299.850037
v 279.799927 2.250001 -300.150024
v 270.199951 2.250001 -300.150024
v 279.799927 2.250001 -299.850037
v 270.199951 2.550001 -299.850037
v 270.199951 2.250001 -299.850037
v 270.199951 0.000001 -300.200012
v 270.199951 3.000001 -300.200012
v 270.199951 0.000001 -299.799988
v 269.799927 0.000001 -300.200012
v 269.799927 3.000001 -300.200012
v 269.799927 0.000001 -299.799988
v 270.199951 3.000001 -299.799988
v 269.799927 3.000001 -299.799988
v 289.799927 1.350002 -300.150024
v 280.199951 1.350001 -300.150024
v 289.799927 1.350002 -299.850037
v 289.799927 1.050002 -300.150024
v 280.199951 1.050001 -300.150024
v 289.799927 1.050002 -299.850037
v 280.199951 1.350001 -299.850037
v 280.199951 1.050001 -299.850037
v 289.799927 2.550001 -300.150024
v 280.199951 2.550001 -300.150024
v 289.799927 2.550001 -299.850037
v 289.799927 2.250001 -300.150024
v 280.199951 2.250001 -300.150024
v 289.799927 2.250001 -299.850037
v 280.199951 2.550001 -299.850037
v 280.199951 2.250001 -299.850037
v 280.199951 0.000001 -300.200012
v 280.199951 3.000001 -300.200012
v 280.199951 0.000001 -299.799988
v 279.799927 0.000001 -300.200012
v 279.799927 3.000001 -300.200012
v 279.799927 0.000001 -299.799988
v 280.199951 3.000001 -299.799988
v 279.799927 3.000001 -299.799988
v 299.799927 1.350002 -300.150024
v 290.199951 1.350001 -300.150024
v 299.799927 1.350002 -299.850037
v 299.799927 1.050002 -300.150024
v 290.199951 1.050001 -300.150024
v 299.799927 1.050002 -299.850037
v 290.199951 1.350001 -299.850037
v 290.199951 1.050001 -299.850037
v 299.799927 2.550001 -300.150024
v 290.199951 2.550001 -300.150024
v 299.799927 2.550001 -299.850037
v 299.799927 2.250001 -300.150024
v 290.199951 2.250001 -300.150024
v 299.799927 2.250001 -299.850037
v 290.199951 2.550001 -299.850037
v 290.199951 2.250001 -299.850037
v 290.199951 0.000001 -300.200012
v 290.199951 3.000001 -300.200012
v 290.199951 0.000001 -299.799988
v 289.799927 0.000001 -300.200012
v 289.799927 3.000001 -300.200012
v 289.799927 0.000001 -299.799988
v 290.199951 3.000001 -299.799988
v 289.799927 3.000001 -299.799988
v 300.150024 1.350002 -290.200012
v 300.150024 1.350001 -299.799988
v 299.850037 1.350002 -290.200012
v 300.150024 1.050002 -290.200012
v 300.150024 1.050001 -299.799988
v 299.850037 1.050002 -290.200012
v 299.850037 1.350001 -299.799988
v 299.850037 1.050001 -299.799988
v 300.150024 2.550001 -290.200012
v 300.150024 2.550001 -299.799988
v 299.850037 2.550001 -290.200012
v 300.150024 2.250001 -290.200012
v 300.150024 2.250001 -299.799988
v 299.850037 2.250001 -290.200012
v 299.850037 2.550001 -299.799988
v 299.850037 2.250001 -299.799988
v 300.200012 0.000001 -299.799988
v 300.200012 3.000001 -299.799988
v 299.799988 0.000001 -299.799988
v 300.200012 0.000001 -300.200012
v 300.200012 3.000001 -300.200012
v 299.799988 0.000001 -300.200012
v 299.799988 3.000001 -299.799988
v 299.799988 3.000001 -300.200012
v 300.150024 1.350002 -280.200012
v 300.150024 1.350001 -289.799988
v 299.850037 1.350002 -280.200012
v 300.150024 1.050002 -280.200012
v 300.150024 1.050001 -289.799988
v 299.850037 1.050002 -280.200012
v 299.850037 1.350001 -289.799988
v 299.850037 1.050001 -289.799988
v 300.150024 2.550001 -280.200012
v 300.150024 2.550001 -289.799988
v 299.850037 2.550001 -280.200012
v 300.150024 2.250001 -280.200012
v 300.150024 2.250001 -289.799988
v 299.850037 2.250001 -280.200012
v 299.850037 2.550001 -289.799988
v 299.850037 2.250001 -289.799988
v 300.200012 0.000001 -289.799988
v 300.200012 3.000001 -289.799988
v 299.799988 0.000001 -289.799988
v 300.200012 0.000001 -290.200012
v 300.200012 3.000001 -290.200012
v 299.799988 0.000001 -290.200012
v 299.799988 3.000001 -289.799988
v 299.799988 3.000001 -290.200012
v 300.150024 1.350002 -270.200012
v 300.150024 1.350001 -279.799988
v 299.850037 1.350002 -270.200012
v 300.150024 1.050002 -270.200012
v 300.150024 1.050001 -279.799988
v 299.850037 1.050002 -270.200012
v 299.850037 1.350001 -279.799988
v 299.850037 1.050001 -279.799988
v 300.150024 2.550001 -270.200012
v 300.150024 2.550001 -279.799988
v 299.850037 2.550001 -270.200012
v 300.150024 2.250001 -270.200012
v 300.150024 2.250001 -279.799988
v 299.850037 2.250001 -270.200012
v 299.850037 2.550001 -279.799988
v 299.850037 2.250001 -279.799988
v 300.200012 0.000001 -279.799988
v 300.200012 3.000001 -279.799988
v 299.799988 0.000001 -279.799988
v 300.200012 0.000001 -280.200012
v 300.200012 3.000001 -280.200012
v 299.799988 0.000001 -280.200012
v 299.799988 3.000001 -279.799988
v 299.799988 3.000001 -280.200012
v 300.150024 1.350002 -260.200012
v 300.150024 1.350001 -269.799988
v 299.850037 1.350002 -260.200012
v 300.150024 1.050002 -260.200012
v 300.150024 1.050001 -269.799988
v 299.850037 1.050002 -260.200012
v 299.850037 1.350001 -269.799988
v 299.850037 1.050001 -269.799988
v 300.150024 2.550001 -260.200012
v 300.150024 2.550001 -269.799988
v 299.850037 2.550001 -260.200012
v 300.150024 2.250001 -260.200012
v 300.150024 2.250001 -269.799988
v 299.850037 2.250001 -260.200012
v 299.850037 2.550001 -269.799988
v 299.850037 2.250001 -269.799988
v 300.200012 0.000001 -269.799988
v 300.200012 3.000001 -269.799988
v 299.799988 0.000001 -269.799988
v 300.200012 0.000001 -270.200012
v 300.200012 3.000001 -270.200012
v 299.799988 0.000001 -270.200012
v 299.799988 3.000001 -269.799988
v 299.799988 3.000001 -270.200012
v 300.150024 1.350002 -250.200012
v 300.150024 1.350001 -259.799988
v 299.850037 1.350002 -250.200012
v 300.150024 1.050002 -250.200012
v 300.150024 1.050001 -259.799988
v 299.850037 1.050002 -250.200012
v 299.850037 1.350001 -259.799988
v 299.850037 1.050001 -259.799988
v 300.150024 2.550001 -250.200012
v 300.150024 2.550001 -259.799988
v 299.850037 2.550001 -250.200012
v 300.150024 2.250001 -250.200012
v 300.150024 2.250001 -259.799988
v 299.850037 2.250001 -250.200012
v 299.850037 2.550001 -259.799988
v 299.850037 2.250001 -259.799988
v 300.200012 0.000001 -259.799988
v 300.200012 3.000001 -259.799988
v 299.799988 0.000001 -259.799988
v 300.200012 0.000001 -260.200012
v 300.200012 3.000001 -260.200012
v 299.799988 0.000001 -260.200012
v 299.799988 3.000001 -259.799988
v 299.799988 3.000001 -260.200012
v 300.150024 1.350002 -240.200012
v 300.150024 1.350001 -249.799988
v 299.850037 1.350002 -240.200012
v 300.150024 1.050002 -240.200012
v 300.150024 1.050001 -249.799988
v 299.850037 1.050002 -240.200012
v 299.850037 1.350001 -249.799988
v 299.850037 1.050001 -249.799988
v 300.150024 2.550001 -240.200012
v 300.150024 2.550001 -249.799988
v 299.850037 2.550001 -240.200012
v 300.150024 2.250001 -240.200012
v 300.150024 2.250001 -249.799988
v 299.850037 2.250001 -240.200012
v 299.850037 2.550001 -249.799988
v 299.850037 2.250001 -249.799988
v 300.200012 0.000001 -249.799988
v 300.200012 3.000001 -249.799988
v 299.799988 0.000001 -249.799988
v 300.200012 0.000001 -250.200012
v 300.200012 3.000001 -250.200012
v 299.799988 0.000001 -250.200012
v 299.799988 3.000001 -249.799988
v 299.799988 3.000001 -250.200012
v 300.150024 1.350002 -230.200012
v 300.150024 1.350001 -239.799988
v 299.850037 1.350002 -230.200012
v 300.150024 1.050002 -230.200012
v 300.150024 1.050001 -239.799988
v 299.850037 1.050002 -230.200012
v 299.850037 1.350001 -239.799988
v 299.850037 1.050001 -239.799988
v 300.150024 2.550001 -230.200012
v 300.150024 2.550001 -239.799988
v 299.850037 2.550001 -230.200012
v 300.150024 2.250001 -230.200012
v 300.150024 2.250001 -239.799988
v 299.850037 2.250001 -230.200012
v 299.850037 2.550001 -239.799988
v 299.850037 2.250001 -239.799988
v 300.200012 0.000001 -239.799988
v 300.200012 3.000001 -239.799988
v 299.799988 0.000001 -239.799988
v 300.200012 0.000001 -240.200012
v 300.200012 3.000001 -240.200012
v 299.799988 0.000001 -240.200012
v 299.799988 3.000001 -239.799988
v 299.799988 3.000001 -240.200012
v 300.150024 1.350002 -220.200012
v 300.150024 1.350001 -229.799988
v 299.850037 1.350002 -220.200012
v 300.150024 1.050002 -220.200012
v 300.150024 1.050001 -229.799988
v 299.850037 1.050002 -220.200012
v 299.850037 1.350001 -229.799988
v 299.850037 1.050001 -229.799988
v 300.150024 2.550001 -220.200012
v 300.150024 2.550001 -229.799988
v 299.850037 2.550001 -220.200012
v 300.150024 2.250001 -220.200012
v 300.150024 2.250001 -229.799988
v 299.850037 2.250001 -220.200012
v 299.850037 2.550001 -229.799988
v 299.850037 2.250001 -229.799988
v 300.200012 0.000001 -229.799988
v 300.200012 3.000001 -229.799988
v 299.799988 0.000001 -229.799988
v 300.200012 0.000001 -230.200012
v 300.200012 3.000001 -230.200012
v 299.799988 0.000001 -230.200012
v 299.799988 3.000001 -229.799988
v 299.799988 3.000001 -230.200012
v 300.150024 1.350002 -210.200012
v 300.150024 1.350001 -219.799988
v 299.850037 1.350002 -210.200012
v 300.150024 1.050002 -210.200012
v 300.150024 1.050001 -219.799988
v 299.850037 1.050002 -210.200012
v 299.850037 1.350001 -219.799988
v 299.850037 1.050001 -219.799988
v 300.150024 2.550001 -210.200012
v 300.150024 2.550001 -219.799988
v 299.850037 2.550001 -210.200012
v 300.150024 2.250001 -210.200012
v 300.150024 2.250001 -219.799988
v 299.850037 2.250001 -210.200012
v 299.850037 2.550001 -219.799988
v 299.850037 2.250001 -219.799988
v 300.200012 0.000001 -219.799988
v 300.200012 3.000001 -219.799988
v 299.799988 0.000001 -219.799988
v 300.200012 0.000001 -220.200012
v 300.200012 3.000001 -220.200012
v 299.799988 0.000001 -220.200012
v 299.799988 3.000001 -219.799988
v 299.799988 3.000001 -220.200012
v 300.150024 1.350002 -200.200012
v 300.150024 1.350001 -209.799988
v 299.850037 1.350002 -200.200012
v 300.150024 1.050002 -200.200012
v 300.150024 1.050001 -209.799988
v 299.850037 1.050002 -200.200012
v 299.850037 1.350001 -209.799988
v 299.850037 1.050001 -209.799988
v 300.150024 2.550001 -200.200012
v 300.150024 2.550001 -209.799988
v 299.850037 2.550001 -200.200012
v 300.150024 2.250001 -200.200012
v 300.150024 2.250001 -209.799988
v 299.850037 2.250001 -200.200012
v 299.850037 2.550001 -209.799988
v 299.850037 2.250001 -209.799988
v 300.200012 0.000001 -209.799988
v 300.200012 3.000001 -209.799988
v 299.799988 0.000001 -209.799988
v 300.200012 0.000001 -210.200012
v 300.200012 3.000001 -210.200012
v 299.799988 0.000001 -210.200012
v 299.799988 3.000001 -209.799988
v 299.799988 3.000001 -210.200012
v 300.150024 1.350002 -190.200012
v 300.150024 1.350001 -199.799988
v 299.850037 1.350002 -190.200012
v 300.150024 1.050002 -190.200012
v 300.150024 1.050001 -199.799988
v 299.850037 1.050002 -190.200012
v 299.850037 1.350001 -199.799988
v 299.850037 1.050001 -199.799988
v 300.150024 2.550001 -190.200012
v 300.150024 2.550001 -199.799988
v 299.850037 2.550001 -190.200012
v 300.150024 2.250001 -190.200012
v 300.150024 2.250001 -199.799988
v 299.850037 2.250001 -190.200012
v 299.850037 2.550001 -199.799988
v 299.850037 2.250001 -199.799988
v 300.200012 0.000001 -199.799988
v 300.200012 3.000001 -199.799988
v 299.799988 0.000001 -199.799988
v 300.200012 0.000001 -200.200012
v 300.200012 3.000001 -200.200012
v 299.799988 0.000001 -200.200012
v 299.799988 3.000001 -199.799988
v 299.799988 3.000001 -200.200012
v 300.150024 1.350002 -180.200012
v 300.150024 1.350001 -189.799988
v 299.850037 1.350002 -180.200012
v 300.150024 1.050002 -180.200012
v 300.150024 1.050001 -189.799988
v 299.850037 1.050002 -180.200012
v 299.850037 1.350001 -189.799988
v 299.850037 1.050001 -189.799988
v 300.150024 2.550001 -180.200012
v 300.150024 2.550001 -189.799988
v 299.850037 2.550001 -180.200012
v 300.150024 2.250001 -180.200012
v 300.150024 2.250001 -189.799988
v 299.850037 2.250001 -180.200012
v 299.850037 2.550001 -189.799988
v 299.850037 2.250001 -189.799988
v 300.200012 0.000001 -189.799988
v 300.200012 3.000001 -189.799988
v 299.799988 0.000001 -189.799988
v 300.200012 0.000001 -190.200012
v 300.200012 3.000001 -190.200012
v 299.799988 0.000001 -190.200012
v 299.799988 3.000001 -189.799988
v 299.799988 3.000001 -190.200012
v 300.150024 1.350002 -170.200012
v 300.150024 1.350001 -179.799988
v 299.850037 1.350002 -170.200012
v 300.150024 1.050002 -170.200012
v 300.150024 1.050001 -179.799988
v 299.850037 1.050002 -170.200012
v 299.850037 1.350001 -179.799988
v 299.850037 1.050001 -179.799988
v 300.150024 2.550001 -170.200012
v 300.150024 2.550001 -179.799988
v 299.850037 2.550001 -170.200012
v 300.150024 2.250001 -170.200012
v 300.150024 2.250001 -179.799988
v 299.850037 2.250001 -170.200012
v 299.850037 2.550001 -179.799988
v 299.850037 2.250001 -179.799988
v 300.200012 0.000001 -179.799988
v 300.200012 3.000001 -179.799988
v 299.799988 0.000001 -179.799988
v 300.200012 0.000001 -180.200012
v 300.200012 3.000001 -180.200012
v 299.799988 0.000001 -180.200012
v 299.799988 3.000001 -179.799988
v 299.799988 3.000001 -180.200012
v 300.150024 1.350002 -160.200027
v 300.150024 1.350001 -169.800003
v 299.850037 1.350002 -160.200027
v 300.150024 1.050002 -160.200027
v 300.150024 1.050001 -169.800003
v 299.850037 1.050002 -160.200027
v 299.850037 1.350001 -169.800003
v 299.850037 1.050001 -169.800003
v 300.150024 2.550001 -160.200027
v 300.150024 2.550001 -169.800003
v 299.850037 2.550001 -160.200027
v 300.150024 2.250001 -160.200027
v 300.150024 2.250001 -169.800003
v 299.850037 2.250001 -160.200027
v 299.850037 2.550001 -169.800003
v 299.850037 2.250001 -169.800003
v 300.200012 0.000001 -169.800003
v 300.200012 3.000001 -169.800003
v 299.799988 0.000001 -169.800003
v 300.200012 0.000001 -170.200027
v 300.200012 3.000001 -170.200027
v 299.799988 0.000001 -170.200027
v 299.799988 3.000001 -169.800003
v 299.799988 3.000001 -170.200027
v 300.150024 1.350002 -150.200027
v 300.150024 1.350001 -159.800003
v 299.850037 1.350002 -150.200027
v 300.150024 1.050002 -150.200027
v 300.150024 1.050001 -159.800003
v 299.850037 1.050002 -150.200027
v 299.850037 1.350001 -159.800003
v 299.850037 1.050001 -159.800003
v 300.150024 2.550001 -150.200027
v 300.150024 2.550001 -159.800003
v 299.850037 2.550001 -150.200027
v 300.150024 2.250001 -150.200027
v 300.150024 2.250001 -159.800003
v 299.850037 2.250001 -150.200027
v 299.850037 2.550001 -159.800003
v 299.850037 2.250001 -159.800003
v 300.200012 0.000001 -159.800003
v 300.200012 3.000001 -159.800003
v 299.799988 0.000001 -159.800003
v 300.200012 0.000001 -160.200027
v 300.200012 3.000001 -160.200027
v 299.799988 0.000001 -160.200027
v 299.799988 3.000001 -159.800003
v 299.799988 3.000001 -160.200027
v 300.150024 1.350002 -140.200027
v 300.150024 1.350001 -149.800003
v 299.850037 1.350002 -140.200027
v 300.150024 1.050002 -140.200027
v 300.150024 1.050001 -149.800003
v 299.850037 1.050002 -140.200027
v 299.850037 1.350001 -149.800003
v 299.850037 1.050001 -149.800003
v 300.150024 2.550001 -140.200027
v 300.150024 2.550001 -149.800003
v 299.850037 2.550001 -140.200027
v 300.150024 2.250001 -140.200027
v 300.150024 2.250001 -149.800003
v 299.850037 2.250001 -140.200027
v 299.850037 2.550001 -149.800003
v 299.850037 2.250001 -149.800003
v 300.200012 0.000001 -149.800003
v 300.200012 3.000001 -149.800003
v 299.799988 0.000001 -149.800003
v 300.200012 0.000001 -150.200027
v 300.200012 3.000001 -150.200027
v 299.799988 0.000001 -150.200027
v 299.799988 3.000001 -149.800003
v 299.799988 3.000001 -150.200027
v 300.150024 1.350002 -130.200027
v 300.150024 1.350001 -139.800003
v 299.850037 1.350002 -130.200027
v 300.150024 1.050002 -130.200027
v 300.150024 1.050001 -139.800003
v 299.850037 1.050002 -130.200027
v 299.850037 1.350001 -139.800003
v 299.850037 1.050001 -139.800003
v 300.150024 2.550001 -130.200027
v 300.150024 2.550001 -139.800003
v 299.850037 2.550001 -130.200027
v 300.150024 2.250001 -130.200027
v 300.150024 2.250001 -139.800003
v 299.850037 2.250001 -130.200027
v 299.850037 2.550001 -139.800003
v 299.850037 2.250001 -139.800003
v 300.200012 0.000001 -139.800003
v 300.200012 3.000001 -139.800003
v 299.799988 0.000001 -139.800003
v 300.200012 0.000001 -140.200027
v 300.200012 3.000001 -140.200027
v 299.799988 0.000001 -140.200027
v 299.799988 3.000001 -139.800003
v 299.799988 3.000001 -140.200027
v 300.150024 1.350002 -120.200027
v 300.150024 1.350001 -129.800003
v 299.850037 1.350002 -120.200027
v 300.150024 1.050002 -120.200027
v 300.150024 1.050001 -129.800003
v 299.850037 1.050002 -120.200027
v 299.850037 1.350001 -129.800003
v 299.850037 1.050001 -129.800003
v 300.150024 2.550001 -120.200027
v 300.150024 2.550001 -129.800003
v 299.850037 2.550001 -120.200027
v 300.150024 2.250001 -120.200027
v 300.150024 2.250001 -129.800003
v 299.850037 2.250001 -120.200027
v 299.850037 2.550001 -129.800003
v 299.850037 2.250001 -129.800003
v 300.200012 0.000001 -129.800003
v 300.200012 3.000001 -129.800003
v 299.799988 0.000001 -129.800003
v 300.200012 0.000001 -130.200027
v 300.200012 3.000001 -130.200027
v 299.799988 0.000001 -130.200027
v 299.799988 3.000001 -129.800003
v 299.799988 3.000001 -130.200027
v 300.150024 1.350002 -110.200027
v 300.150024 1.350001 -119.800003
v 299.850037 1.350002 -110.200027
v 300.150024 1.050002 -110.200027
v 300.150024 1.050001 -119.800003
v 299.850037 1.050002 -110.200027
v 299.850037 1.350001 -119.800003
v 299.850037 1.050001 -119.800003
v 300.150024 2.550001 -110.200027
v 300.150024 2.550001 -119.800003
v 299.850037 2.550001 -110.200027
v 300.150024 2.250001 -110.200027
v 300.150024 2.250001 -119.800003
v 299.850037 2.250001 -110.200027
v 299.850037 2.550001 -119.800003
v 299.850037 2.250001 -119.800003
v 300.200012 0.000001 -119.800003
v 300.200012 3.000001 -119.800003
v 299.799988 0.000001 -119.800003
v 300.200012 0.000001 -120.200027
v 300.200012 3.000001 -120.200027
v 299.799988 0.000001 -120.200027
v 299.799988 3.000001 -119.800003
v 299.799988 3.000001 -120.200027
v 300.150024 1.350002 -100.200027
v 300.150024 1.350001 -109.800003
v 299.850037 1.350002 -100.200027
v 300.150024 1.050002 -100.200027
v 300.150024 1.050001 -109.800003
v 299.850037 1.050002 -100.200027
v 299.850037 1.350001 -109.800003
v 299.850037 1.050001 -109.800003
v 300.150024 2.550001 -100.200027
v 300.150024 2.550001 -109.800003
v 299.850037 2.550001 -100.200027
v 300.150024 2.250001 -100.200027
v 300.150024 2.250001 -109.800003
v 299.850037 2.250001 -100.200027
v 299.850037 2.550001 -109.800003
v 299.850037 2.250001 -109.800003
v 300.200012 0.000001 -109.800003
v 300.200012 3.000001 -109.800003
v 299.799988 0.000001 -109.800003
v 300.200012 0.000001 -110.200027
v 300.200012 3.000001 -110.200027
v 299.799988 0.000001 -110.200027
v 299.799988 3.000001 -109.800003
v 299.799988 3.000001 -110.200027
v 300.150024 1.350002 -90.200027
v 300.150024 1.350001 -99.800003
v 299.850037 1.350002 -90.200027
v 300.150024 1.050002 -90.200027
v 300.150024 1.050001 -99.800003
v 299.850037 1.050002 -90.200027
v 299.850037 1.350001 -99.800003
v 299.850037 1.050001 -99.800003
v 300.150024 2.550001 -90.200027
v 300.150024 2.550001 -99.800003
v 299.850037 2.550001 -90.200027
v 300.150024 2.250001 -90.200027
v 300.150024 2.250001 -99.800003
v 299.850037 2.250001 -90.200027
v 299.850037 2.550001 -99.800003
v 299.850037 2.250001 -99.800003
v 300.200012 0.000001 -99.800003
v 300.200012 3.000001 -99.800003
v 299.799988 0.000001 -99.800003
v 300.200012 0.000001 -100.200027
v 300.200012 3.000001 -100.200027
v 299.799988 0.000001 -100.200027
v 299.799988 3.000001 -99.800003
v 299.799988 3.000001 -100.200027
v 300.150024 1.350002 -80.200027
v 300.150024 1.350001 -89.800003
v 299.850037 1.350002 -80.200027
v 300.150024 1.050002 -80.200027
v 300.150024 1.050001 -89.800003
v 299.850037 1.050002 -80.200027
v 299.850037 1.350001 -89.800003
v 299.850037 1.050001 -89.800003
v 300.150024 2.550001 -80.200027
v 300.150024 2.550001 -89.800003
v 299.850037 2.550001 -80.200027
v 300.150024 2.250001 -80.200027
v 300.150024 2.250001 -89.800003
v 299.850037 2.250001 -80.200027
v 299.850037 2.550001 -89.800003
v 299.850037 2.250001 -89.800003
v 300.200012 0.000001 -89.800003
v 300.200012 3.000001 -89.800003
v 299.799988 0.000001 -89.800003
v 300.200012 0.000001 -90.200027
v 300.200012 3.000001 -90.200027
v 299.799988 0.000001 -90.200027
v 299.799988 3.000001 -89.800003
v 299.799988 3.000001 -90.200027
v 300.150024 1.350002 -70.200027
v 300.150024 1.350001 -79.800003
v 299.850037 1.350002 -70.200027
v 300.150024 1.050002 -70.200027
v 300.150024 1.050001 -79.800003
v 299.850037 1.050002 -70.200027
v 299.850037 1.350001 -79.800003
v 299.850037 1.050001 -79.800003
v 300.150024 2.550001 -70.200027
v 300.150024 2.550001 -79.800003
v 299.850037 2.550001 -70.200027
v 300.150024 2.250001 -70.200027
v 300.150024 2.250001 -79.800003
v 299.850037 2.250001 -70.200027
v 299.850037 2.550001 -79.800003
v 299.850037 2.250001 -79.800003
v 300.200012 0.000001 -79.800003
v 300.200012 3.000001 -79.800003
v 299.799988 0.000001 -79.800003
v 300.200012 0.000001 -80.200027
v 300.200012 3.000001 -80.200027
v 299.799988 0.000001 -80.200027
v 299.799988 3.000001 -79.800003
v 299.799988 3.000001 -80.200027
v 300.150024 1.350002 -60.200027
v 300.150024 1.350001 -69.800003
v 299.850037 1.350002 -60.200027
v 300.150024 1.050002 -60.200027
v 300.150024 1.050001 -69.800003
v 299.850037 1.050002 -60.200027
v 299.850037 1.350001 -69.800003
v 299.850037 1.050001 -69.800003
v 300.150024 2.550001 -60.200027
v 300.150024 2.550001 -69.800003
v 299.850037 2.550001 -60.200027
v 300.150024 2.250001 -60.200027
v 300.150024 2.250001 -69.800003
v 299.850037 2.250001 -60.200027
v 299.850037 2.550001 -69.800003
v 299.850037 2.250001 -69.800003
v 300.200012 0.000001 -69.800003
v 300.200012 3.000001 -69.800003
v 299.799988 0.000001 -69.800003
v 300.200012 0.000001 -70.200027
v 300.200012 3.000001 -70.200027
v 299.799988 0.000001 -70.200027
v 299.799988 3.000001 -69.800003
v 299.799988 3.000001 -70.200027
v 300.150024 1.350002 -50.200027
v 300.150024 1.350001 -59.800003
v 299.850037 1.350002 -50.200027
v 300.150024 1.050002 -50.200027
v 300.150024 1.050001 -59.800003
v 299.850037 1.050002 -50.200027
v 299.850037 1.350001 -59.800003
v 299.850037 1.050001 -59.800003
v 300.150024 2.550001 -50.200027
v 300.150024 2.550001 -59.800003
v 299.850037 2.550001 -50.200027
v 300.150024 2.250001 -50.200027
v 300.150024 2.250001 -59.800003
v 299.850037 2.250001 -50.200027
v 299.850037 2.550001 -59.800003
v 299.850037 2.250001 -59.800003
v 300.200012 0.000001 -59.800003
v 300.200012 3.000001 -59.800003
v 299.799988 0.000001 -59.800003
v 300.200012 0.000001 -60.200027
v 300.200012 3.000001 -60.200027
v 299.799988 0.000001 -60.200027
v 299.799988 3.000001 -59.800003
v 299.799988 3.000001 -60.200027
v 300.150024 1.350002 -40.200012
v 300.150024 1.350001 -49.800003
v 299.850037 1.350002 -40.200012
v 300.150024 1.050002 -40.200012
v 300.150024 1.050001 -49.800003
v 299.850037 1.050002 -40.200012
v 299.850037 1.350001 -49.800003
v 299.850037 1.050001 -49.800003
v 300.150024 2.550001 -40.200012
v 300.150024 2.550001 -49.800003
v 299.850037 2.550001 -40.200012
v 300.150024 2.250001 -40.200012
v 300.150024 2.250001 -49.800003
v 299.850037 2.250001 -40.200012
v 299.850037 2.550001 -49.800003
v 299.850037 2.250001 -49.800003
v 300.200012 0.000001 -49.800003
v 300.200012 3.000001 -49.800003
v 299.799988 0.000001 -49.800003
v 300.200012 0.000001 -50.200027
v 300.200012 3.000001 -50.200027
v 299.799988 0.000001 -50.200027
v 299.799988 3.000001 -49.800003
v 299.799988 3.000001 -50.200027
v 300.150024 1.350002 -30.200043
v 300.150024 1.350001 -39.800018
v 299.850037 1.350002 -30.200043
v 300.150024 1.050002 -30.200043
v 300.150024 1.050001 -39.800018
v 299.850037 1.050002 -30.200043
v 299.850037 1.350001 -39.800018
v 299.850037 1.050001 -39.800018
v 300.150024 2.550001 -30.200043
v 300.150024 2.550001 -39.800018
v 299.850037 2.550001 -30.200043
v 300.150024 2.250001 -30.200043
v 300.150024 2.250001 -39.800018
v 299.850037 2.250001 -30.200043
v 299.850037 2.550001 -39.800018
v 299.850037 2.250001 -39.800018
v 300.200012 0.000001 -39.800018
v 300.200012 3.000001 -39.800018
v 299.799988 0.000001 -39.800018
v 300.200012 0.000001 -40.200043
v 300.200012 3.000001 -40.200043
v 299.799988 0.000001 -40.200043
v 299.799988 3.000001 -39.800018
v 299.799988 3.000001 -40.200043
v 300.150024 1.350002 -20.200043
v 300.150024 1.350001 -29.800018
v 299.850037 1.350002 -20.200043
v 300.150024 1.050002 -20.200043
v 300.150024 1.050001 -29.800018
v 299.850037 1.050002 -20.200043
v 299.850037 1.350001 -29.800018
v 299.850037 1.050001 -29.800018
v 300.150024 2.550001 -20.200043
v 300.150024 2.550001 -29.800018
v 299.850037 2.550001 -20.200043
v 300.150024 2.250001 -20.200043
v 300.150024 2.250001 -29.800018
v 299.850037 2.250001 -20.200043
v 299.850037 2.550001 -29.800018
v 299.850037 2.250001 -29.800018
v 300.200012 0.000001 -29.800018
v 300.200012 3.000001 -29.800018
v 299.799988 0.000001 -29.800018
v 300.200012 0.000001 -30.200043
v 300.200012 3.000001 -30.200043
v 299.799988 0.000001 -30.200043
v 299.799988 3.000001 -29.800018
v 299.799988 3.000001 -30.200043
v 300.150024 1.350002 -10.200043
v 300.150024 1.350001 -19.800018
v 299.850037 1.350002 -10.200043
v 300.150024 1.050002 -10.200043
v 300.150024 1.050001 -19.800018
v 299.850037 1.050002 -10.200043
v 299.850037 1.350001 -19.800018
v 299.850037 1.050001 -19.800018
v 300.150024 2.550001 -10.200043
v 300.150024 2.550001 -19.800018
v 299.850037 2.550001 -10.200043
v 300.150024 2.250001 -10.200043
v 300.150024 2.250001 -19.800018
v 299.850037 2.250001 -10.200043
v 299.850037 2.550001 -19.800018
v 299.850037 2.250001 -19.800018
v 300.200012 0.000001 -19.800018
v 300.200012 3.000001 -19.800018
v 299.799988 0.000001 -19.800018
v 300.200012 0.000001 -20.200043
v 300.200012 3.000001 -20.200043
v 299.799988 0.000001 -20.200043
v 299.799988 3.000001 -19.800018
v 299.799988 3.000001 -20.200043
v 300.150024 1.350002 -0.200043
v 300.150024 1.350001 -9.800018
v 299.850037 1.350002 -0.200043
v 300.150024 1.050002 -0.200043
v 300.150024 1.050001 -9.800018
v 299.850037 1.050002 -0.200043
v 299.850037 1.350001 -9.800018
v 299.850037 1.050001 -9.800018
v 300.150024 2.550001 -0.200043
v 300.150024 2.550001 -9.800018
v 299.850037 2.550001 -0.200043
v 300.150024 2.250001 -0.200043
v 300.150024 2.250001 -9.800018
v 299.850037 2.250001 -0.200043
v 299.850037 2.550001 -9.800018
v 299.850037 2.250001 -9.800018
v 300.200012 0.000001 -9.800018
v 300.200012 3.000001 -9.800018
v 299.799988 0.000001 -9.800018
v 300.200012 0.000001 -10.200043
v 300.200012 3.000001 -10.200043
v 299.799988 0.000001 -10.200043
v 299.799988 3.000001 -9.800018
v 299.799988 3.000001 -10.200043
v 300.150024 1.350002 9.799957
v 300.150024 1.350001 0.199982
v 299.850037 1.350002 9.799957
v 300.150024 1.050002 9.799957
v 300.150024 1.050001 0.199982
v 299.850037 1.050002 9.799957
v 299.850037 1.350001 0.199982
v 299.850037 1.050001 0.199982
v 300.150024 2.550001 9.799957
v 300.150024 2.550001 0.199982
v 299.850037 2.550001 9.799957
v 300.150024 2.250001 9.799957
v 300.150024 2.250001 0.199982
v 299.850037 2.250001 9.799957
v 299.850037 2.550001 0.199982
v 299.850037 2.250001 0.199982
v 300.200012 0.000001 0.199982
v 300.200012 3.000001 0.199982
v 299.799988 0.000001 0.199982
v 300.200012 0.000001 -0.200043
v 300.200012 3.000001 -0.200043
v 299.799988 0.000001 -0.200043
v 299.799988 3.000001 0.199982
v 299.799988 3.000001 -0.200043
v 300.150024 1.350002 19.799957
v 300.150024 1.350001 10.199982
v 299.850037 1.350002 19.799957
v 300.150024 1.050002 19.799957
v 300.150024 1.050001 10.199982
v 299.850037 1.050002 19.799957
v 299.850037 1.350001 10.199982
v 299.850037 1.050001 10.199982
v 300.150024 2.550001 19.799957
v 300.150024 2.550001 10.199982
v 299.850037 2.550001 19.799957
v 300.150024 2.250001 19.799957
v 300.150024 2.250001 10.199982
v 299.850037 2.250001 19.799957
v 299.850037 2.550001 10.199982
v 299.850037 2.250001 10.199982
v 300.200012 0.000001 10.199982
v 300.200012 3.000001 10.199982
v 299.799988 0.000001 10.199982
v 300.200012 0.000001 9.799957
v 300.200012 3.000001 9.799957
v 299.799988 0.000001 9.799957
v 299.799988 3.000001 10.199982
v 299.799988 3.000001 9.799957
v 300.150024 1.350002 29.799957
v 300.150024 1.350001 20.199982
v 299.850037 1.350002 29.799957
v 300.150024 1.050002 29.799957
v 300.150024 1.050001 20.199982
v 299.850037 1.050002 29.799957
v 299.850037 1.350001 20.199982
v 299.850037 1.050001 20.199982
v 300.150024 2.550001 29.799957
v 300.150024 2.550001 20.199982
v 299.850037 2.550001 29.799957
v 300.150024 2.250001 29.799957
v 300.150024 2.250001 20.199982
v 299.850037 2.250001 29.799957
v 299.850037 2.550001 20.199982
v 299.850037 2.250001 20.199982
v 300.200012 0.000001 20.199982
v 300.200012 3.000001 20.199982
v 299.799988 0.000001 20.199982
v 300.200012 0.000001 19.799957
v 300.200012 3.000001 19.799957
v 299.799988 0.000001 19.799957
v 299.799988 3.000001 20.199982
v 299.799988 3.000001 19.799957
v 300.150024 1.350002 39.799957
v 300.150024 1.350001 30.199982
v 299.850037 1.350002 39.799957
v 300.150024 1.050002 39.799957
v 300.150024 1.050001 30.199982
v 299.850037 1.050002 39.799957
v 299.850037 1.350001 30.199982
v 299.850037 1.050001 30.199982
v 300.150024 2.550001 39.799957
v 300.150024 2.550001 30.199982
v 299.850037 2.550001 39.799957
v 300.150024 2.250001 39.799957
v 300.150024 2.250001 30.199982
v 299.850037 2.250001 39.799957
v 299.850037 2.550001 30.199982
v 299.850037 2.250001 30.199982
v 300.200012 0.000001 30.199982
v 300.200012 3.000001 30.199982
v 299.799988 0.000001 30.199982
v 300.200012 0.000001 29.799957
v 300.200012 3.000001 29.799957
v 299.799988 0.000001 29.799957
v 299.799988 3.000001 30.199982
v 299.799988 3.000001 29.799957
v 300.150024 1.350002 49.799957
v 300.150024 1.350001 40.199982
v 299.850037 1.350002 49.799957
v 300.150024 1.050002 49.799957
v 300.150024 1.050001 40.199982
v 299.850037 1.050002 49.799957
v 299.850037 1.350001 40.199982
v 299.850037 1.050001 40.199982
v 300.150024 2.550001 49.799957
v 300.150024 2.550001 40.199982
v 299.850037 2.550001 49.799957
v 300.150024 2.250001 49.799957
v 300.150024 2.250001 40.199982
v 299.850037 2.250001 49.799957
v 299.850037 2.550001 40.199982
v 299.850037 2.250001 40.199982
v 300.200012 0.000001 40.199982
v 300.200012 3.000001 40.199982
v 299.799988 0.000001 40.199982
v 300.200012 0.000001 39.799957
v 300.200012 3.000001 39.799957
v 299.799988 0.000001 39.799957
v 299.799988 3.000001 40.199982
v 299.799988 3.000001 39.799957
v 300.150024 1.350002 59.799957
v 300.150024 1.350001 50.199982
v 299.850037 1.350002 59.799957
v 300.150024 1.050002 59.799957
v 300.150024 1.050001 50.199982
v 299.850037 1.050002 59.799957
v 299.850037 1.350001 50.199982
v 299.850037 1.050001 50.199982
v 300.150024 2.550001 59.799957
v 300.150024 2.550001 50.199982
v 299.850037 2.550001 59.799957
v 300.150024 2.250001 59.799957
v 300.150024 2.250001 50.199982
v 299.850037 2.250001 59.799957
v 299.850037 2.550001 50.199982
v 299.850037 2.250001 50.199982
v 300.200012 0.000001 50.199982
v 300.200012 3.000001 50.199982
v 299.799988 0.000001 50.199982
v 300.200012 0.000001 49.799957
v 300.200012 3.000001 49.799957
v 299.799988 0.000001 49.799957
v 299.799988 3.000001 50.199982
v 299.799988 3.000001 49.799957
v 300.150024 1.350002 69.799957
v 300.150024 1.350001 60.199982
v 299.850037 1.350002 69.799957
v 300.150024 1.050002 69.799957
v 300.150024 1.050001 60.199982
v 299.850037 1.050002 69.799957
v 299.850037 1.350001 60.199982
v 299.850037 1.050001 60.199982
v 300.150024 2.550001 69.799957
v 300.150024 2.550001 60.199982
v 299.850037 2.550001 69.799957
v 300.150024 2.250001 69.799957
v 300.150024 2.250001 60.199982
v 299.850037 2.250001 69.799957
v 299.850037 2.550001 60.199982
v 299.850037 2.250001 60.199982
v 300.200012 0.000001 60.199982
v 300.200012 3.000001 60.199982
v 299.799988 0.000001 60.199982
v 300.200012 0.000001 59.799957
v 300.200012 3.000001 59.799957
v 299.799988 0.000001 59.799957
v 299.799988 3.000001 60.199982
v 299.799988 3.000001 59.799957
v 300.150024 1.350002 79.799957
v 300.150024 1.350001 70.199982
v 299.850037 1.350002 79.799957
v 300.150024 1.050002 79.799957
v 300.150024 1.050001 70.199982
v 299.850037 1.050002 79.799957
v 299.850037 1.350001 70.199982
v 299.850037 1.050001 70.199982
v 300.150024 2.550001 79.799957
v 300.150024 2.550001 70.199982
v 299.850037 2.550001 79.799957
v 300.150024 2.250001 79.799957
v 300.150024 2.250001 70.199982
v 299.850037 2.250001 79.799957
v 299.850037 2.550001 70.199982
v 299.850037 2.250001 70.199982
v 300.200012 0.000001 70.199982
v 300.200012 3.000001 70.199982
v 299.799988 0.000001 70.199982
v 300.200012 0.000001 69.799957
v 300.200012 3.000001 69.799957
v 299.799988 0.000001 69.799957
v 299.799988 3.000001 70.199982
v 299.799988 3.000001 69.799957
v 300.150024 1.350002 89.799957
v 300.150024 1.350001 80.199982
v 299.850037 1.350002 89.799957
v 300.150024 1.050002 89.799957
v 300.150024 1.050001 80.199982
v 299.850037 1.050002 89.799957
v 299.850037 1.350001 80.199982
v 299.850037 1.050001 80.199982
v 300.150024 2.550001 89.799957
v 300.150024 2.550001 80.199982
v 299.850037 2.550001 89.799957
v 300.150024 2.250001 89.799957
v 300.150024 2.250001 80.199982
v 299.850037 2.250001 89.799957
v 299.850037 2.550001 80.199982
v 299.850037 2.250001 80.199982
v 300.200012 0.000001 80.199982
v 300.200012 3.000001 80.199982
v 299.799988 0.000001 80.199982
v 300.200012 0.000001 79.799957
v 300.200012 3.000001 79.799957
v 299.799988 0.000001 79.799957
v 299.799988 3.000001 80.199982
v 299.799988 3.000001 79.799957
v 300.150024 1.350002 99.799957
v 300.150024 1.350001 90.199982
v 299.850037 1.350002 99.799957
v 300.150024 1.050002 99.799957
v 300.150024 1.050001 90.199982
v 299.850037 1.050002 99.799957
v 299.850037 1.350001 90.199982
v 299.850037 1.050001 90.199982
v 300.150024 2.550001 99.799957
v 300.150024 2.550001 90.199982
v 299.850037 2.550001 99.799957
v 300.150024 2.250001 99.799957
v 300.150024 2.250001 90.199982
v 299.850037 2.250001 99.799957
v 299.850037 2.550001 90.199982
v 299.850037 2.250001 90.199982
v 300.200012 0.000001 90.199982
v 300.200012 3.000001 90.199982
v 299.799988 0.000001 90.199982
v 300.200012 0.000001 89.799957
v 300.200012 3.000001 89.799957
v 299.799988 0.000001 89.799957
v 299.799988 3.000001 90.199982
v 299.799988 3.000001 89.799957
v 300.150024 1.350002 109.799957
v 300.150024 1.350001 100.199982
v 299.850037 1.350002 109.799957
v 300.150024 1.050002 109.799957
v 300.150024 1.050001 100.199982
v 299.850037 1.050002 109.799957
v 299.850037 1.350001 100.199982
v 299.850037 1.050001 100.199982
v 300.150024 2.550001 109.799957
v 300.150024 2.550001 100.199982
v 299.850037 2.550001 109.799957
v 300.150024 2.250001 109.799957
v 300.150024 2.250001 100.199982
v 299.850037 2.250001 109.799957
v 299.850037 2.550001 100.199982
v 299.850037 2.250001 100.199982
v 300.200012 0.000001 100.199982
v 300.200012 3.000001 100.199982
v 299.799988 0.000001 100.199982
v 300.200012 0.000001 99.799957
v 300.200012 3.000001 99.799957
v 299.799988 0.000001 99.799957
v 299.799988 3.000001 100.199982
v 299.799988 3.000001 99.799957
v 300.150024 1.350002 119.799957
v 300.150024 1.350001 110.199982
v 299.850037 1.350002 119.799957
v 300.150024 1.050002 119.799957
v 300.150024 1.050001 110.199982
v 299.850037 1.050002 119.799957
v 299.850037 1.350001 110.199982
v 299.850037 1.050001 110.199982
v 300.150024 2.550001 119.799957
v 300.150024 2.550001 110.199982
v 299.850037 2.550001 119.799957
v 300.150024 2.250001 119.799957
v 300.150024 2.250001 110.199982
v 299.850037 2.250001 119.799957
v 299.850037 2.550001 110.199982
v 299.850037 2.250001 110.199982
v 300.200012 0.000001 110.199982
v 300.200012 3.000001 110.199982
v 299.799988 0.000001 110.199982
v 300.200012 0.000001 109.799957
v 300.200012 3.000001 109.799957
v 299.799988 0.000001 109.799957
v 299.799988 3.000001 110.199982
v 299.799988 3.000001 109.799957
v 300.150024 1.350002 129.799957
v 300.150024 1.350001 120.199982
v 299.850037 1.350002 129.799957
v 300.150024 1.050002 129.799957
v 300.150024 1.050001 120.199982
v 299.850037 1.050002 129.799957
v 299.850037 1.350001 120.199982
v 299.850037 1.050001 120.199982
v 300.150024 2.550001 129.799957
v 300.150024 2.550001 120.199982
v 299.850037 2.550001 129.799957
v 300.150024 2.250001 129.799957
v 300.150024 2.250001 120.199982
v 299.850037 2.250001 129.799957
v 299.850037 2.550001 120.199982
v 299.850037 2.250001 120.199982
v 300.200012 0.000001 120.199982
v 300.200012 3.000001 120.199982
v 299.799988 0.000001 120.199982
v 300.200012 0.000001 119.799957
v 300.200012 3.000001 119.799957
v 299.799988 0.000001 119.799957
v 299.799988 3.000001 120.199982
v 299.799988 3.000001 119.799957
v 300.150024 1.350002 139.799957
v 300.150024 1.350001 130.199982
v 299.850037 1.350002 139.799957
v 300.150024 1.050002 139.799957
v 300.150024 1.050001 130.199982
v 299.850037 1.050002 139.799957
v 299.850037 1.350001 130.199982
v 299.850037 1.050001 130.199982
v 300.150024 2.550001 139.799957
v 300.150024 2.550001 130.199982
v 299.850037 2.550001 139.799957
v 300.150024 2.250001 139.799957
v 300.150024 2.250001 130.199982
v 299.850037 2.250001 139.799957
v 299.850037 2.550001 130.199982
v 299.850037 2.250001 130.199982
v 300.200012 0.000001 130.199982
v 300.200012 3.000001 130.199982
v 299.799988 0.000001 130.199982
v 300.200012 0.000001 129.799957
v 300.200012 3.000001 129.799957
v 299.799988 0.000001 129.799957
v 299.799988 3.000001 130.199982
v 299.799988 3.000001 129.799957
v 300.150024 1.350002 149.799957
v 300.150024 1.350001 140.199982
v 299.850037 1.350002 149.799957
v 300.150024 1.050002 149.799957
v 300.150024 1.050001 140.199982
v 299.850037 1.050002 149.799957
v 299.850037 1.350001 140.199982
v 299.850037 1.050001 140.199982
v 300.150024 2.550001 149.799957
v 300.150024 2.550001 140.199982
v 299.850037 2.550001 149.799957
v 300.150024 2.250001 149.799957
v 300.150024 2.250001 140.199982
v 299.850037 2.250001 149.799957
v 299.850037 2.550001 140.199982
v 299.850037 2.250001 140.199982
v 300.200012 0.000001 140.199982
v 300.200012 3.000001 140.199982
v 299.799988 0.000001 140.199982
v 300.200012 0.000001 139.799957
v 300.200012 3.000001 139.799957
v 299.799988 0.000001 139.799957
v 299.799988 3.000001 140.199982
v 299.799988 3.000001 139.799957
v 300.150024 1.350002 159.799957
v 300.150024 1.350001 150.199982
v 299.850037 1.350002 159.799957
v 300.150024 1.050002 159.799957
v 300.150024 1.050001 150.199982
v 299.850037 1.050002 159.799957
v 299.850037 1.350001 150.199982
v 299.850037 1.050001 150.199982
v 300.150024 2.550001 159.799957
v 300.150024 2.550001 150.199982
v 299.850037 2.550001 159.799957
v 300.150024 2.250001 159.799957
v 300.150024 2.250001 150.199982
v 299.850037 2.250001 159.799957
v 299.850037 2.550001 150.199982
v 299.850037 2.250001 150.199982
v 300.200012 0.000001 150.199982
v 300.200012 3.000001 150.199982
v 299.799988 0.000001 150.199982
v 300.200012 0.000001 149.799957
v 300.200012 3.000001 149.799957
v 299.799988 0.000001 149.799957
v 299.799988 3.000001 150.199982
v 299.799988 3.000001 149.799957
v 300.150024 1.350002 169.799957
v 300.150024 1.350001 160.199982
v 299.850037 1.350002 169.799957
v 300.150024 1.050002 169.799957
v 300.150024 1.050001 160.199982
v 299.850037 1.050002 169.799957
v 299.850037 1.350001 160.199982
v 299.850037 1.050001 160.199982
v 300.150024 2.550001 169.799957
v 300.150024 2.550001 160.199982
v 299.850037 2.550001 169.799957
v 300.150024 2.250001 169.799957
v 300.150024 2.250001 160.199982
v 299.850037 2.250001 169.799957
v 299.850037 2.550001 160.199982
v 299.850037 2.250001 160.199982
v 300.200012 0.000001 160.199982
v 300.200012 3.000001 160.199982
v 299.799988 0.000001 160.199982
v 300.200012 0.000001 159.799957
v 300.200012 3.000001 159.799957
v 299.799988 0.000001 159.799957
v 299.799988 3.000001 160.199982
v 299.799988 3.000001 159.799957
v 300.150024 1.350002 179.799957
v 300.150024 1.350001 170.199982
v 299.850037 1.350002 179.799957
v 300.150024 1.050002 179.799957
v 300.150024 1.050001 170.199982
v 299.850037 1.050002 179.799957
v 299.850037 1.350001 170.199982
v 299.850037 1.050001 170.199982
v 300.150024 2.550001 179.799957
v 300.150024 2.550001 170.199982
v 299.850037 2.550001 179.799957
v 300.150024 2.250001 179.799957
v 300.150024 2.250001 170.199982
v 299.850037 2.250001 179.799957
v 299.850037 2.550001 170.199982
v 299.850037 2.250001 170.199982
v 300.200012 0.000001 170.199982
v 300.200012 3.000001 170.199982
v 299.799988 0.000001 170.199982
v 300.200012 0.000001 169.799957
v 300.200012 3.000001 169.799957
v 299.799988 0.000001 169.799957
v 299.799988 3.000001 170.199982
v 299.799988 3.000001 169.799957
v 300.150024 1.350002 189.799957
v 300.150024 1.350001 180.199982
v 299.850037 1.350002 189.799957
v 300.150024 1.050002 189.799957
v 300.150024 1.050001 180.199982
v 299.850037 1.050002 189.799957
v 299.850037 1.350001 180.199982
v 299.850037 1.050001 180.199982
v 300.150024 2.550001 189.799957
v 300.150024 2.550001 180.199982
v 299.850037 2.550001 189.799957
v 300.150024 2.250001 189.799957
v 300.150024 2.250001 180.199982
v 299.850037 2.250001 189.799957
v 299.850037 2.550001 180.199982
v 299.850037 2.250001 180.199982
v 300.200012 0.000001 180.199982
v 300.200012 3.000001 180.199982
v 299.799988 0.000001 180.199982
v 300.200012 0.000001 179.799957
v 300.200012 3.000001 179.799957
v 299.799988 0.000001 179.799957
v 299.799988 3.000001 180.199982
v 299.799988 3.000001 179.799957
v 300.150024 1.350002 199.799957
v 300.150024 1.350001 190.199982
v 299.850037 1.350002 199.799957
v 300.150024 1.050002 199.799957
v 300.150024 1.050001 190.199982
v 299.850037 1.050002 199.799957
v 299.850037 1.350001 190.199982
v 299.850037 1.050001 190.199982
v 300.150024 2.550001 199.799957
v 300.150024 2.550001 190.199982
v 299.850037 2.550001 199.799957
v 300.150024 2.250001 199.799957
v 300.150024 2.250001 190.199982
v 299.850037 2.250001 199.799957
v 299.850037 2.550001 190.199982
v 299.850037 2.250001 190.199982
v 300.200012 0.000001 190.199982
v 300.200012 3.000001 190.199982
v 299.799988 0.000001 190.199982
v 300.200012 0.000001 189.799957
v 300.200012 3.000001 189.799957
v 299.799988 0.000001 189.799957
v 299.799988 3.000001 190.199982
v 299.799988 3.000001 189.799957
v 300.150024 1.350002 209.799957
v 300.150024 1.350001 200.199982
v 299.850037 1.350002 209.799957
v 300.150024 1.050002 209.799957
v 300.150024 1.050001 200.199982
v 299.850037 1.050002 209.799957
v 299.850037 1.350001 200.199982
v 299.850037 1.050001 200.199982
v 300.150024 2.550001 209.799957
v 300.150024 2.550001 200.199982
v 299.850037 2.550001 209.799957
v 300.150024 2.250001 209.799957
v 300.150024 2.250001 200.199982
v 299.850037 2.250001 209.799957
v 299.850037 2.550001 200.199982
v 299.850037 2.250001 200.199982
v 300.200012 0.000001 200.199982
v 300.200012 3.000001 200.199982
v 299.799988 0.000001 200.199982
v 300.200012 0.000001 199.799957
v 300.200012 3.000001 199.799957
v 299.799988 0.000001 199.799957
v 299.799988 3.000001 200.199982
v 299.799988 3.000001 199.799957
v 300.150024 1.350002 219.799927
v 300.150024 1.350001 210.199982
v 299.850037 1.350002 219.799927
v 300.150024 1.050002 219.799927
v 300.150024 1.050001 210.199982
v 299.850037 1.050002 219.799927
v 299.850037 1.350001 210.199982
v 299.850037 1.050001 210.199982
v 300.150024 2.550001 219.799927
v 300.150024 2.550001 210.199982
v 299.850037 2.550001 219.799927
v 300.150024 2.250001 219.799927
v 300.150024 2.250001 210.199982
v 299.850037 2.250001 219.799927
v 299.850037 2.550001 210.199982
v 299.850037 2.250001 210.199982
v 300.200012 0.000001 210.199982
v 300.200012 3.000001 210.199982
v 299.799988 0.000001 210.199982
v 300.200012 0.000001 209.799957
v 300.200012 3.000001 209.799957
v 299.799988 0.000001 209.799957
v 299.799988 3.000001 210.199982
v 299.799988 3.000001 209.799957
v 300.150024 1.350002 229.799927
v 300.150024 1.350001 220.199951
v 299.850037 1.350002 229.799927
v 300.150024 1.050002 229.799927
v 300.150024 1.050001 220.199951
v 299.850037 1.050002 229.799927
v 299.850037 1.350001 220.199951
v 299.850037 1.050001 220.199951
v 300.150024 2.550001 229.799927
v 300.150024 2.550001 220.199951
v 299.850037 2.550001 229.799927
v 300.150024 2.250001 229.799927
v 300.150024 2.250001 220.199951
v 299.850037 2.250001 229.799927
v 299.850037 2.550001 220.199951
v 299.850037 2.250001 220.199951
v 300.200012 0.000001 220.199951
v 300.200012 3.000001 220.199951
v 299.799988 0.000001 220.199951
v 300.200012 0.000001 219.799927
v 300.200012 3.000001 219.799927
v 299.799988 0.000001 219.799927
v 299.799988 3.000001 220.199951
v 299.799988 3.000001 219.799927
v 300.150024 1.350002 239.799927
v 300.150024 1.350001 230.199951
v 299.850037 1.350002 239.799927
v 300.150024 1.050002 239.799927
v 300.150024 1.050001 230.199951
v 299.850037 1.050002 239.799927
v 299.850037 1.350001 230.199951
v 299.850037 1.050001 230.199951
v 300.150024 2.550001 239.799927
v 300.150024 2.550001 230.199951
v 299.850037 2.550001 239.799927
v 300.150024 2.250001 239.799927
v 300.150024 2.250001 230.199951
v 299.850037 2.250001 239.799927
v 299.850037 2.550001 230.199951
v 299.850037 2.250001 230.199951
v 300.200012 0.000001 230.199951
v 300.200012 3.000001 230.199951
v 299.799988 0.000001 230.199951
v 300.200012 0.000001 229.799927
v 300.200012 3.000001 229.799927
v 299.799988 0.000001 229.799927
v 299.799988 3.000001 230.199951
v 299.799988 3.000001 229.799927
v 300.150024 1.350002 249.799927
v 300.150024 1.350001 240.199951
v 299.850037 1.350002 249.799927
v 300.150024 1.050002 249.799927
v 300.150024 1.050001 240.199951
v 299.850037 1.050002 249.799927
v 299.850037 1.350001 240.199951
v 299.850037 1.050001 240.199951
v 300.150024 2.550001 249.799927
v 300.150024 2.550001 240.199951
v 299.850037 2.550001 249.799927
v 300.150024 2.250001 249.799927
v 300.150024 2.250001 240.199951
v 299.850037 2.250001 249.799927
v 299.850037 2.550001 240.199951
v 299.850037 2.250001 240.199951
v 300.200012 0.000001 240.199951
v 300.200012 3.000001 240.199951
v 299.799988 0.000001 240.199951
v 300.200012 0.000001 239.799927
v 300.200012 3.000001 239.799927
v 299.799988 0.000001 239.799927
v 299.799988 3.000001 240.199951
v 299.799988 3.000001 239.799927
v 300.150024 1.350002 259.799927
v 300.150024 1.350001 250.199951
v 299.850037 1.350002 259.799927
v 300.150024 1.050002 259.799927
v 300.150024 1.050001 250.199951
v 299.850037 1.050002 259.799927
v 299.850037 1.350001 250.199951
v 299.850037 1.050001 250.199951
v 300.150024 2.550001 259.799927
v 300.150024 2.550001 250.199951
v 299.850037 2.550001 259.799927
v 300.150024 2.250001 259.799927
v 300.150024 2.250001 250.199951
v 299.850037 2.250001 259.799927
v 299.850037 2.550001 250.199951
v 299.850037 2.250001 250.199951
v 300.200012 0.000001 250.199951
v 300.200012 3.000001 250.199951
v 299.799988 0.000001 250.199951
v 300.200012 0.000001 249.799927
v 300.200012 3.000001 249.799927
v 299.799988 0.000001 249.799927
v 299.799988 3.000001 250.199951
v 299.799988 3.000001 249.799927
v 300.150024 1.350002 269.799927
v 300.150024 1.350001 260.199951
v 299.850037 1.350002 269.799927
v 300.150024 1.050002 269.799927
v 300.150024 1.050001 260.199951
v 299.850037 1.050002 269.799927
v 299.850037 1.350001 260.199951
v 299.850037 1.050001 260.199951
v 300.150024 2.550001 269.799927
v 300.150024 2.550001 260.199951
v 299.850037 2.550001 269.799927
v 300.150024 2.250001 269.799927
v 300.150024 2.250001 260.199951
v 299.850037 2.250001 269.799927
v 299.850037 2.550001 260.199951
v 299.850037 2.250001 260.199951
v 300.200012 0.000001 260.199951
v 300.200012 3.000001 260.199951
v 299.799988 0.000001 260.199951
v 300.200012 0.000001 259.799927
v 300.200012 3.000001 259.799927
v 299.799988 0.000001 259.799927
v 299.799988 3.000001 260.199951
v 299.799988 3.000001 259.799927
v 300.150024 1.350002 279.799927
v 300.150024 1.350001 270.199951
v 299.850037 1.350002 279.799927
v 300.150024 1.050002 279.799927
v 300.150024 1.050001 270.199951
v 299.850037 1.050002 279.799927
v 299.850037 1.350001 270.199951
v 299.850037 1.050001 270.199951
v 300.150024 2.550001 279.799927
v 300.150024 2.550001 270.199951
v 299.850037 2.550001 279.799927
v 300.150024 2.250001 279.799927
v 300.150024 2.250001 270.199951
v 299.850037 2.250001 279.799927
v 299.850037 2.550001 270.199951
v 299.850037 2.250001 270.199951
v 300.200012 0.000001 270.199951
v 300.200012 3.000001 270.199951
v 299.799988 0.000001 270.199951
v 300.200012 0.000001 269.799927
v 300.200012 3.000001 269.799927
v 299.799988 0.000001 269.799927
v 299.799988 3.000001 270.199951
v 299.799988 3.000001 269.799927
v 300.150024 1.350002 289.799927
v 300.150024 1.350001 280.199951
v 299.850037 1.350002 289.799927
v 300.150024 1.050002 289.799927
v 300.150024 1.050001 280.199951
v 299.850037 1.050002 289.799927
v 299.850037 1.350001 280.199951
v 299.850037 1.050001 280.199951
v 300.150024 2.550001 289.799927
v 300.150024 2.550001 280.199951
v 299.850037 2.550001 289.799927
v 300.150024 2.250001 289.799927
v 300.150024 2.250001 280.199951
v 299.850037 2.250001 289.799927
v 299.850037 2.550001 280.199951
v 299.850037 2.250001 280.199951
v 300.200012 0.000001 280.199951
v 300.200012 3.000001 280.199951
v 299.799988 0.000001 280.199951
v 300.200012 0.000001 279.799927
v 300.200012 3.000001 279.799927
v 299.799988 0.000001 279.799927
v 299.799988 3.000001 280.199951
v 299.799988 3.000001 279.799927
v 300.150024 1.350002 299.799927
v 300.150024 1.350001 290.199951
v 299.850037 1.350002 299.799927
v 300.150024 1.050002 299.799927
v 300.150024 1.050001 290.199951
v 299.850037 1.050002 299.799927
v 299.850037 1.350001 290.199951
v 299.850037 1.050001 290.199951
v 300.150024 2.550001 299.799927
v 300.150024 2.550001 290.199951
v 299.850037 2.550001 299.799927
v 300.150024 2.250001 299.799927
v 300.150024 2.250001 290.199951
v 299.850037 2.250001 299.799927
v 299.850037 2.550001 290.199951
v 299.850037 2.250001 290.199951
v 300.200012 0.000001 290.199951
v 300.200012 3.000001 290.199951
v 299.799988 0.000001 290.199951
v 300.200012 0.000001 289.799927
v 300.200012 3.000001 289.799927
v 299.799988 0.000001 289.799927
v 299.799988 3.000001 290.199951
v 299.799988 3.000001 289.799927
v 290.200012 1.350002 300.150024
v 299.799988 1.350001 300.150024
v 290.200012 1.350002 299.850037
v 290.200012 1.050002 300.150024
v 299.799988 1.050001 300.150024
v 290.200012 1.050002 299.850037
v 299.799988 1.350001 299.850037
v 299.799988 1.050001 299.850037
v 290.200012 2.550001 300.150024
v 299.799988 2.550001 300.150024
v 290.200012 2.550001 299.850037
v 290.200012 2.250001 300.150024
v 299.799988 2.250001 300.150024
v 290.200012 2.250001 299.850037
v 299.799988 2.550001 299.850037
v 299.799988 2.250001 299.850037
v 299.799988 0.000001 300.200012
v 299.799988 3.000001 300.200012
v 299.799988 0.000001 299.799988
v 300.200012 0.000001 300.200012
v 300.200012 3.000001 300.200012
v 300.200012 0.000001 299.799988
v 299.799988 3.000001 299.799988
v 300.200012 3.000001 299.799988
v 280.200012 1.350002 300.150024
v 289.799988 1.350001 300.150024
v 280.200012 1.350002 299.850037
v 280.200012 1.050002 300.150024
v 289.799988 1.050001 300.150024
v 280.200012 1.050002 299.850037
v 289.799988 1.350001 299.850037
v 289.799988 1.050001 299.850037
v 280.200012 2.550001 300.150024
v 289.799988 2.550001 300.150024
v 280.200012 2.550001 299.850037
v 280.200012 2.250001 300.150024
v 289.799988 2.250001 300.150024
v 280.200012 2.250001 299.850037
v 289.799988 2.550001 299.850037
v 289.799988 2.250001 299.850037
v 289.799988 0.000001 300.200012
v 289.799988 3.000001 300.200012
v 289.799988 0.000001 299.799988
v 290.200012 0.000001 300.200012
v 290.200012 3.000001 300.200012
v 290.200012 0.000001 299.799988
v 289.799988 3.000001 299.799988
v 290.200012 3.000001 299.799988
v 270.200012 1.350002 300.150024
v 279.799988 1.350001 300.150024
v 270.200012 1.350002 299.850037
v 270.200012 1.050002 300.150024
v 279.799988 1.050001 300.150024
v 270.200012 1.050002 299.850037
v 279.799988 1.350001 299.850037
v 279.799988 1.050001 299.850037
v 270.200012 2.550001 300.150024
v 279.799988 2.550001 300.150024
v 270.200012 2.550001 299.850037
v 270.200012 2.250001 300.150024
v 279.799988 2.250001 300.150024
v 270.200012 2.250001 299.850037
v 279.799988 2.550001 299.850037
v 279.799988 2.250001 299.850037
v 279.799988 0.000001 300.200012
v 279.799988 3.000001 300.200012
v 279.799988 0.000001 299.799988
v 280.200012 0.000001 300.200012
v 280.200012 3.000001 300.200012
v 280.200012 0.000001 299.799988
v 279.799988 3.000001 299.799988
v 280.200012 3.000001 299.799988
v 260.200012 1.350002 300.150024
v 269.799988 1.350001 300.150024
v 260.200012 1.350002 299.850037
v 260.200012 1.050002 300.150024
v 269.799988 1.050001 300.150024
v 260.200012 1.050002 299.850037
v 269.799988 1.350001 299.850037
v 269.799988 1.050001 299.850037
v 260.200012 2.550001 300.150024
v 269.799988 2.550001 300.150024
v 260.200012 2.550001 299.850037
v 260.200012 2.250001 300.150024
v 269.799988 2.250001 300.150024
v 260.200012 2.250001 299.850037
v 269.799988 2.550001 299.850037
v 269.799988 2.250001 299.850037
v 269.799988 0.000001 300.200012
v 269.799988 3.000001 300.200012
v 269.799988 0.000001 299.799988
v 270.200012 0.000001 300.200012
v 270.200012 3.000001 300.200012
v 270.200012 0.000001 299.799988
v 269.799988 3.000001 299.799988
v 270.200012 3.000001 299.799988
v 250.200012 1.350002 300.150024
v 259.799988 1.350001 300.150024
v 250.200012 1.350002 299.850037
v 250.200012 1.050002 300.150024
v 259.799988 1.050001 300.150024
v 250.200012 1.050002 299.850037
v 259.799988 1.350001 299.850037
v 259.799988 1.050001 299.850037
v 250.200012 2.550001 300.150024
v 259.799988 2.550001 300.150024
v 250.200012 2.550001 299.850037
v 250.200012 2.250001 300.150024
v 259.799988 2.250001 300.150024
v 250.200012 2.250001 299.850037
v 259.799988 2.550001 299.850037
v 259.799988 2.250001 299.850037
v 259.799988 0.000001 300.200012
v 259.799988 3.000001 300.200012
v 259.799988 0.000001 299.799988
v 260.200012 0.000001 300.200012
v 260.200012 3.000001 300.200012
v 260.200012 0.000001 299.799988
v 259.799988 3.000001 299.799988
v 260.200012 3.000001 299.799988
v 240.200012 1.350002 300.150024
v 249.799988 1.350001 300.150024
v 240.200012 1.350002 299.850037
v 240.200012 1.050002 300.150024
v 249.799988 1.050001 300.150024
v 240.200012 1.050002 299.850037
v 249.799988 1.350001 299.850037
v 249.799988 1.050001 299.850037
v 240.200012 2.550001 300.150024
v 249.799988 2.550001 300.150024
v 240.200012 2.550001 299.850037
v 240.200012 2.250001 300.150024
v 249.799988 2.250001 300.150024
v 240.200012 2.250001 299.850037
v 249.799988 2.550001 299.850037
v 249.799988 2.250001 299.850037
v 249.799988 0.000001 300.200012
v 249.799988 3.000001 300.200012
v 249.799988 0.000001 299.799988
v 250.200012 0.000001 300.200012
v 250.200012 3.000001 300.200012
v 250.200012 0.000001 299.799988
v 249.799988 3.000001 299.799988
v 250.200012 3.000001 299.799988
v 230.200012 1.350002 300.150024
v 239.799988 1.350001 300.150024
v 230.200012 1.350002 299.850037
v 230.200012 1.050002 300.150024
v 239.799988 1.050001 300.150024
v 230.200012 1.050002 299.850037
v 239.799988 1.350001 299.850037
v 239.799988 1.050001 299.850037
v 230.200012 2.550001 300.150024
v 239.799988 2.550001 300.150024
v 230.200012 2.550001 299.850037
v 230.200012 2.250001 300.150024
v 239.799988 2.250001 300.150024
v 230.200012 2.250001 299.850037
v 239.799988 2.550001 299.850037
v 239.799988 2.250001 299.850037
v 239.799988 0.000001 300.200012
v 239.799988 3.000001 300.200012
v 239.799988 0.000001 299.799988
v 240.200012 0.000001 300.200012
v 240.200012 3.000001 300.200012
v 240.200012 0.000001 299.799988
v 239.799988 3.000001 299.799988
v 240.200012 3.000001 299.799988
v 220.200012 1.350002 300.150024
v 229.799988 1.350001 300.150024
v 220.200012 1.350002 299.850037
v 220.200012 1.050002 300.150024
v 229.799988 1.050001 300.150024
v 220.200012 1.050002 299.850037
v 229.799988 1.350001 299.850037
v 229.799988 1.050001 299.850037
v 220.200012 2.550001 300.150024
v 229.799988 2.550001 300.150024
v 220.200012 2.550001 299.850037
v 220.200012 2.250001 300.150024
v 229.799988 2.250001 300.150024
v 220.200012 2.250001 299.850037
v 229.799988 2.550001 299.850037
v 229.799988 2.250001 299.850037
v 229.799988 0.000001 300.200012
v 229.799988 3.000001 300.200012
v 229.799988 0.000001 299.799988
v 230.200012 0.000001 300.200012
v 230.200012 3.000001 300.200012
v 230.200012 0.000001 299.799988
v 229.799988 3.000001 299.799988
v 230.200012 3.000001 299.799988
v 210.200012 1.350002 300.150024
v 219.799988 1.350001 300.150024
v 210.200012 1.350002 299.850037
v 210.200012 1.050002 300.150024
v 219.799988 1.050001 300.150024
v 210.200012 1.050002 299.850037
v 219.799988 1.350001 299.850037
v 219.799988 1.050001 299.850037
v 210.200012 2.550001 300.150024
v 219.799988 2.550001 300.150024
v 210.200012 2.550001 299.850037
v 210.200012 2.250001 300.150024
v 219.799988 2.250001 300.150024
v 210.200012 2.250001 299.850037
v 219.799988 2.550001 299.850037
v 219.799988 2.250001 299.850037
v 219.799988 0.000001 300.200012
v 219.799988 3.000001 300.200012
v 219.799988 0.000001 299.799988
v 220.200012 0.000001 300.200012
v 220.200012 3.000001 300.200012
v 220.200012 0.000001 299.799988
v 219.799988 3.000001 299.799988
v 220.200012 3.000001 299.799988
v 200.200012 1.350002 300.150024
v 209.799988 1.350001 300.150024
v 200.200012 1.350002 299.850037
v 200.200012 1.050002 300.150024
v 209.799988 1.050001 300.150024
v 200.200012 1.050002 299.850037
v 209.799988 1.350001 299.850037
v 209.799988 1.050001 299.850037
v 200.200012 2.550001 300.150024
v 209.799988 2.550001 300.150024
v 200.200012 2.550001 299.850037
v 200.200012 2.250001 300.150024
v 209.799988 2.250001 300.150024
v 200.200012 2.250001 299.850037
v 209.799988 2.550001 299.850037
v 209.799988 2.250001 299.850037
v 209.799988 0.000001 300.200012
v 209.799988 3.000001 300.200012
v 209.799988 0.000001 299.799988
v 210.200012 0.000001 300.200012
v 210.200012 3.000001 300.200012
v 210.200012 0.000001 299.799988
v 209.799988 3.000001 299.799988
v 210.200012 3.000001 299.799988
v 190.200012 1.350002 300.150024
v 199.799988 1.350001 300.150024
v 190.200012 1.350002 299.850037
v 190.200012 1.050002 300.150024
v 199.799988 1.050001 300.150024
v 190.200012 1.050002 299.850037
v 199.799988 1.350001 299.850037
v 199.799988 1.050001 299.850037
v 190.200012 2.550001 300.150024
v 199.799988 2.550001 300.150024
v 190.200012 2.550001 299.850037
v 190.200012 2.250001 300.150024
v 199.799988 2.250001 300.150024
v 190.200012 2.250001 299.850037
v 199.799988 2.550001 299.850037
v 199.799988 2.250001 299.850037
v 199.799988 0.000001 300.200012
v 199.799988 3.000001 300.200012
v 199.799988 0.000001 299.799988
v 200.200012 0.000001 300.200012
v 200.200012 3.000001 300.200012
v 200.200012 0.000001 299.799988
v 199.799988 3.000001 299.799988
v 200.200012 3.000001 299.799988
v 180.200012 1.350002 300.150024
v 189.799988 1.350001 300.150024
v 180.200012 1.350002 299.850037
v 180.200012 1.050002 300.150024
v 189.799988 1.050001 300.150024
v 180.200012 1.050002 299.850037
v 189.799988 1.350001 299.850037
v 189.799988 1.050001 299.850037
v 180.200012 2.550001 300.150024
v 189.799988 2.550001 300.150024
v 180.200012 2.550001 299.850037
v 180.200012 2.250001 300.150024
v 189.799988 2.250001 300.150024
v 180.200012 2.250001 299.850037
v 189.799988 2.550001 299.850037
v 189.799988 2.250001 299.850037
v 189.799988 0.000001 300.200012
v 189.799988 3.000001 300.200012
v 189.799988 0.000001 299.799988
v 190.200012 0.000001 300.200012
v 190.200012 3.000001 300.200012
v 190.200012 0.000001 299.799988
v 189.799988 3.000001 299.799988
v 190.200012 3.000001 299.799988
v 170.200012 1.350002 300.150024
v 179.799988 1.350001 300.150024
v 170.200012 1.350002 299.850037
v 170.200012 1.050002 300.150024
v 179.799988 1.050001 300.150024
v 170.200012 1.050002 299.850037
v 179.799988 1.350001 299.850037
v 179.799988 1.050001 299.850037
v 170.200012 2.550001 300.150024
v 179.799988 2.550001 300.150024
v 170.200012 2.550001 299.850037
v 170.200012 2.250001 300.150024
v 179.799988 2.250001 300.150024
v 170.200012 2.250001 299.850037
v 179.799988 2.550001 299.850037
v 179.799988 2.250001 299.850037
v 179.799988 0.000001 300.200012
v 179.799988 3.000001 300.200012
v 179.799988 0.000001 299.799988
v 180.200012 0.000001 300.200012
v 180.200012 3.000001 300.200012
v 180.200012 0.000001 299.799988
v 179.799988 3.000001 299.799988
v 180.200012 3.000001 299.799988
v 160.200012 1.350002 300.150024
v 169.799988 1.350001 300.150024
v 160.200012 1.350002 299.850037
v 160.200012 1.050002 300.150024
v 169.799988 1.050001 300.150024
v 160.200012 1.050002 299.850037
v 169.799988 1.350001 299.850037
v 169.799988 1.050001 299.850037
v 160.200012 2.550001 300.150024
v 169.799988 2.550001 300.150024
v 160.200012 2.550001 299.850037
v 160.200012 2.250001 300.150024
v 169.799988 2.250001 300.150024
v 160.200012 2.250001 299.850037
v 169.799988 2.550001 299.850037
v 169.799988 2.250001 299.850037
v 169.799988 0.000001 300.200012
v 169.799988 3.000001 300.200012
v 169.799988 0.000001 299.799988
v 170.200012 0.000001 300.200012
v 170.200012 3.000001 300.200012
v 170.200012 0.000001 299.799988
v 169.799988 3.000001 299.799988
v 170.200012 3.000001 299.799988
v 150.200012 1.350002 300.150024
v 159.799988 1.350001 300.150024
v 150.200012 1.350002 299.850037
v 150.200012 1.050002 300.150024
v 159.799988 1.050001 300.150024
v 150.200012 1.050002 299.850037
v 159.799988 1.350001 299.850037
v 159.799988 1.050001 299.850037
v 150.200012 2.550001 300.150024
v 159.799988 2.550001 300.150024
v 150.200012 2.550001 299.850037
v 150.200012 2.250001 300.150024
v 159.799988 2.250001 300.150024
v 150.200012 2.250001 299.850037
v 159.799988 2.550001 299.850037
v 159.799988 2.250001 299.850037
v 159.799988 0.000001 300.200012
v 159.799988 3.000001 300.200012
v 159.799988 0.000001 299.799988
v 160.200012 0.000001 300.200012
v 160.200012 3.000001 300.200012
v 160.200012 0.000001 299.799988
v 159.799988 3.000001 299.799988
v 160.200012 3.000001 299.799988
v 140.200012 1.350002 300.150024
v 149.799988 1.350001 300.150024
v 140.200012 1.350002 299.850037
v 140.200012 1.050002 300.150024
v 149.799988 1.050001 300.150024
v 140.200012 1.050002 299.850037
v 149.799988 1.350001 299.850037
v 149.799988 1.050001 299.850037
v 140.200012 2.550001 300.150024
v 149.799988 2.550001 300.150024
v 140.200012 2.550001 299.850037
v 140.200012 2.250001 300.150024
v 149.799988 2.250001 300.150024
v 140.200012 2.250001 299.850037
v 149.799988 2.550001 299.850037
v 149.799988 2.250001 299.850037
v 149.799988 0.000001 300.200012
v 149.799988 3.000001 300.200012
v 149.799988 0.000001 299.799988
v 150.200012 0.000001 300.200012
v 150.200012 3.000001 300.200012
v 150.200012 0.000001 299.799988
v 149.799988 3.000001 299.799988
v 150.200012 3.000001 299.799988
v 130.200012 1.350002 300.150024
v 139.799988 1.350001 300.150024
v 130.200012 1.350002 299.850037
v 130.200012 1.050002 300.150024
v 139.799988 1.050001 300.150024
v 130.200012 1.050002 299.850037
v 139.799988 1.350001 299.850037
v 139.799988 1.050001 299.850037
v 130.200012 2.550001 300.150024
v 139.799988 2.550001 300.150024
v 130.200012 2.550001 299.850037
v 130.200012 2.250001 300.150024
v 139.799988 2.250001 300.150024
v 130.200012 2.250001 299.850037
v 139.799988 2.550001 299.850037
v 139.799988 2.250001 299.850037
v 139.799988 0.000001 300.200012
v 139.799988 3.000001 300.200012
v 139.799988 0.000001 299.799988
v 140.200012 0.000001 300.200012
v 140.200012 3.000001 300.200012
v 140.200012 0.000001 299.799988
v 139.799988 3.000001 299.799988
v 140.200012 3.000001 299.799988
v 120.200012 1.350002 300.150024
v 129.799988 1.350001 300.150024
v 120.200012 1.350002 299.850037
v 120.200012 1.050002 300.150024
v 129.799988 1.050001 300.150024
v 120.200012 1.050002 299.850037
v 129.799988 1.350001 299.850037
v 129.799988 1.050001 299.850037
v 120.200012 2.550001 300.150024
v 129.799988 2.550001 300.150024
v 120.200012 2.550001 299.850037
v 120.200012 2.250001 300.150024
v 129.799988 2.250001 300.150024
v 120.200012 2.250001 299.850037
v 129.799988 2.550001 299.850037
v 129.799988 2.250001 299.850037
v 129.799988 0.000001 300.200012
v 129.799988 3.000001 300.200012
v 129.799988 0.000001 299.799988
v 130.200012 0.000001 300.200012
v 130.200012 3.000001 300.200012
v 130.200012 0.000001 299.799988
v 129.799988 3.000001 299.799988
v 130.200012 3.000001 299.799988
v 110.200012 1.350002 300.150024
v 119.799988 1.350001 300.150024
v 110.200012 1.350002 299.850037
v 110.200012 1.050002 300.150024
v 119.799988 1.050001 300.150024
v 110.200012 1.050002 299.850037
v 119.799988 1.350001 299.850037
v 119.799988 1.050001 299.850037
v 110.200012 2.550001 300.150024
v 119.799988 2.550001 300.150024
v 110.200012 2.550001 299.850037
v 110.200012 2.250001 300.150024
v 119.799988 2.250001 300.150024
v 110.200012 2.250001 299.850037
v 119.799988 2.550001 299.850037
v 119.799988 2.250001 299.850037
v 119.799988 0.000001 300.200012
v 119.799988 3.000001 300.200012
v 119.799988 0.000001 299.799988
v 120.200012 0.000001 300.200012
v 120.200012 3.000001 300.200012
v 120.200012 0.000001 299.799988
v 119.799988 3.000001 299.799988
v 120.200012 3.000001 299.799988
v 100.200012 1.350002 300.150024
v 109.799988 1.350001 300.150024
v 100.200012 1.350002 299.850037
v 100.200012 1.050002 300.150024
v 109.799988 1.050001 300.150024
v 100.200012 1.050002 299.850037
v 109.799988 1.350001 299.850037
v 109.799988 1.050001 299.850037
v 100.200012 2.550001 300.150024
v 109.799988 2.550001 300.150024
v 100.200012 2.550001 299.850037
v 100.200012 2.250001 300.150024
v 109.799988 2.250001 300.150024
v 100.200012 2.250001 299.850037
v 109.799988 2.550001 299.850037
v 109.799988 2.250001 299.850037
v 109.799988 0.000001 300.200012
v 109.799988 3.000001 300.200012
v 109.799988 0.000001 299.799988
v 110.200012 0.000001 300.200012
v 110.200012 3.000001 300.200012
v 110.200012 0.000001 299.799988
v 109.799988 3.000001 299.799988
v 110.200012 3.000001 299.799988
v 90.200012 1.350002 300.150024
v 99.799988 1.350001 300.150024
v 90.200012 1.350002 299.850037
v 90.200012 1.050002 300.150024
v 99.799988 1.050001 300.150024
v 90.200012 1.050002 299.850037
v 99.799988 1.350001 299.850037
v 99.799988 1.050001 299.850037
v 90.200012 2.550001 300.150024
v 99.799988 2.550001 300.150024
v 90.200012 2.550001 299.850037
v 90.200012 2.250001 300.150024
v 99.799988 2.250001 300.150024
v 90.200012 2.250001 299.850037
v 99.799988 2.550001 299.850037
v 99.799988 2.250001 299.850037
v 99.799988 0.000001 300.200012
v 99.799988 3.000001 300.200012
v 99.799988 0.000001 299.799988
v 100.200012 0.000001 300.200012
v 100.200012 3.000001 300.200012
v 100.200012 0.000001 299.799988
v 99.799988 3.000001 299.799988
v 100.200012 3.000001 299.799988
v 80.200012 1.350002 300.150024
v 89.799988 1.350001 300.150024
v 80.200012 1.350002 299.850037
v 80.200012 1.050002 300.150024
v 89.799988 1.050001 300.150024
v 80.200012 1.050002 299.850037
v 89.799988 1.350001 299.850037
v 89.799988 1.050001 299.850037
v 80.200012 2.550001 300.150024
v 89.799988 2.550001 300.150024
v 80.200012 2.550001 299.850037
v 80.200012 2.250001 300.150024
v 89.799988 2.250001 300.150024
v 80.200012 2.250001 299.850037
v 89.799988 2.550001 299.850037
v 89.799988 2.250001 299.850037
v 89.799988 0.000001 300.200012
v 89.799988 3.000001 300.200012
v 89.799988 0.000001 299.799988
v 90.200012 0.000001 300.200012
v 90.200012 3.000001 300.200012
v 90.200012 0.000001 299.799988
v 89.799988 3.000001 299.799988
v 90.200012 3.000001 299.799988
v 70.200012 1.350002 300.150024
v 79.799988 1.350001 300.150024
v 70.200012 1.350002 299.850037
v 70.200012 1.050002 300.150024
v 79.799988 1.050001 300.150024
v 70.200012 1.050002 299.850037
v 79.799988 1.350001 299.850037
v 79.799988 1.050001 299.850037
v 70.200012 2.550001 300.150024
v 79.799988 2.550001 300.150024
v 70.200012 2.550001 299.850037
v 70.200012 2.250001 300.150024
v 79.799988 2.250001 300.150024
v 70.200012 2.250001 299.850037
v 79.799988 2.550001 299.850037
v 79.799988 2.250001 299.850037
v 79.799988 0.000001 300.200012
v 79.799988 3.000001 300.200012
v 79.799988 0.000001 299.799988
v 80.200012 0.000001 300.200012
v 80.200012 3.000001 300.200012
v 80.200012 0.000001 299.799988
v 79.799988 3.000001 299.799988
v 80.200012 3.000001 299.799988
v 60.200012 1.350002 300.150024
v 69.799988 1.350001 300.150024
v 60.200012 1.350002 299.850037
v 60.200012 1.050002 300.150024
v 69.799988 1.050001 300.150024
v 60.200012 1.050002 299.850037
v 69.799988 1.350001 299.850037
v 69.799988 1.050001 299.850037
v 60.200012 2.550001 300.150024
v 69.799988 2.550001 300.150024
v 60.200012 2.550001 299.850037
v 60.200012 2.250001 300.150024
v 69.799988 2.250001 300.150024
v 60.200012 2.250001 299.850037
v 69.799988 2.550001 299.850037
v 69.799988 2.250001 299.850037
v 69.799988 0.000001 300.200012
v 69.799988 3.000001 300.200012
v 69.799988 0.000001 299.799988
v 70.200012 0.000001 300.200012
v 70.200012 3.000001 300.200012
v 70.200012 0.000001 299.799988
v 69.799988 3.000001 299.799988
v 70.200012 3.000001 299.799988
v 50.200012 1.350002 300.150024
v 59.799988 1.350001 300.150024
v 50.200012 1.350002 299.850037
v 50.200012 1.050002 300.150024
v 59.799988 1.050001 300.150024
v 50.200012 1.050002 299.850037
v 59.799988 1.350001 299.850037
v 59.799988 1.050001 299.850037
v 50.200012 2.550001 300.150024
v 59.799988 2.550001 300.150024
v 50.200012 2.550001 299.850037
v 50.200012 2.250001 300.150024
v 59.799988 2.250001 300.150024
v 50.200012 2.250001 299.850037
v 59.799988 2.550001 299.850037
v 59.799988 2.250001 299.850037
v 59.799988 0.000001 300.200012
v 59.799988 3.000001 300.200012
v 59.799988 0.000001 299.799988
v 60.200012 0.000001 300.200012
v 60.200012 3.000001 300.200012
v 60.200012 0.000001 299.799988
v 59.799988 3.000001 299.799988
v 60.200012 3.000001 299.799988
v 40.200012 1.350002 300.150024
v 49.799988 1.350001 300.150024
v 40.200012 1.350002 299.850037
v 40.200012 1.050002 300.150024
v 49.799988 1.050001 300.150024
v 40.200012 1.050002 299.850037
v 49.799988 1.350001 299.850037
v 49.799988 1.050001 299.850037
v 40.200012 2.550001 300.150024
v 49.799988 2.550001 300.150024
v 40.200012 2.550001 299.850037
v 40.200012 2.250001 300.150024
v 49.799988 2.250001 300.150024
v 40.200012 2.250001 299.850037
v 49.799988 2.550001 299.850037
v 49.799988 2.250001 299.850037
v 49.799988 0.000001 300.200012
v 49.799988 3.000001 300.200012
v 49.799988 0.000001 299.799988
v 50.200012 0.000001 300.200012
v 50.200012 3.000001 300.200012
v 50.200012 0.000001 299.799988
v 49.799988 3.000001 299.799988
v 50.200012 3.000001 299.799988
v 30.200043 1.350002 300.150024
v 39.800018 1.350001 300.150024
v 30.200043 1.350002 299.850037
v 30.200043 1.050002 300.150024
v 39.800018 1.050001 300.150024
v 30.200043 1.050002 299.850037
v 39.800018 1.350001 299.850037
v 39.800018 1.050001 299.850037
v 30.200043 2.550001 300.150024
v 39.800018 2.550001 300.150024
v 30.200043 2.550001 299.850037
v 30.200043 2.250001 300.150024
v 39.800018 2.250001 300.150024
v 30.200043 2.250001 299.850037
v 39.800018 2.550001 299.850037
v 39.800018 2.250001 299.850037
v 39.800018 0.000001 300.200012
v 39.800018 3.000001 300.200012
v 39.800018 0.000001 299.799988
v 40.200043 0.000001 300.200012
v 40.200043 3.000001 300.200012
v 40.200043 0.000001 299.799988
v 39.800018 3.000001 299.799988
v 40.200043 3.000001 299.799988
v 20.200043 1.350002 300.150024
v 29.800018 1.350001 300.150024
v 20.200043 1.350002 299.850037
v 20.200043 1.050002 300.150024
v 29.800018 1.050001 300.150024
v 20.200043 1.050002 299.850037
v 29.800018 1.350001 299.850037
v 29.800018 1.050001 299.850037
v 20.200043 2.550001 300.150024
v 29.800018 2.550001 300.150024
v 20.200043 2.550001 299.850037
v 20.200043 2.250001 300.150024
v 29.800018 2.250001 300.150024
v 20.200043 2.250001 299.850037
v 29.800018 2.550001 299.850037
v 29.800018 2.250001 299.850037
v 29.800018 0.000001 300.200012
v 29.800018 3.000001 300.200012
v 29.800018 0.000001 299.799988
v 30.200043 0.000001 300.200012
v 30.200043 3.000001 300.200012
v 30.200043 0.000001 299.799988
v 29.800018 3.000001 299.799988
v 30.200043 3.000001 299.799988
v 10.200043 1.350002 300.150024
v 19.800018 1.350001 300.150024
v 10.200043 1.350002 299.850037
v 10.200043 1.050002 300.150024
v 19.800018 1.050001 300.150024
v 10.200043 1.050002 299.850037
v 19.800018 1.350001 299.850037
v 19.800018 1.050001 299.850037
v 10.200043 2.550001 300.150024
v 19.800018 2.550001 300.150024
v 10.200043 2.550001 299.850037
v 10.200043 2.250001 300.150024
v 19.800018 2.250001 300.150024
v 10.200043 2.250001 299.850037
v 19.800018 2.550001 299.850037
v 19.800018 2.250001 299.850037
v 19.800018 0.000001 300.200012
v 19.800018 3.000001 300.200012
v 19.800018 0.000001 299.799988
v 20.200043 0.000001 300.200012
v 20.200043 3.000001 300.200012
v 20.200043 0.000001 299.799988
v 19.800018 3.000001 299.799988
v 20.200043 3.000001 299.799988
v 0.200043 1.350002 300.150024
v 9.800018 1.350001 300.150024
v 0.200043 1.350002 299.850037
v 0.200043 1.050002 300.150024
v 9.800018 1.050001 300.150024
v 0.200043 1.050002 299.850037
v 9.800018 1.350001 299.850037
v 9.800018 1.050001 299.850037
v 0.200043 2.550001 300.150024
v 9.800018 2.550001 300.150024
v 0.200043 2.550001 299.850037
v 0.200043 2.250001 300.150024
v 9.800018 2.250001 300.150024
v 0.200043 2.250001 299.850037
v 9.800018 2.550001 299.850037
v 9.800018 2.250001 299.850037
v 9.800018 0.000001 300.200012
v 9.800018 3.000001 300.200012
v 9.800018 0.000001 299.799988
v 10.200043 0.000001 300.200012
v 10.200043 3.000001 300.200012
v 10.200043 0.000001 299.799988
v 9.800018 3.000001 299.799988
v 10.200043 3.000001 299.799988
v -9.799957 1.350002 300.150024
v -0.199982 1.350001 300.150024
v -9.799957 1.350002 299.850037
v -9.799957 1.050002 300.150024
v -0.199982 1.050001 300.150024
v -9.799957 1.050002 299.850037
v -0.199982 1.350001 299.850037
v -0.199982 1.050001 299.850037
v -9.799957 2.550001 300.150024
v -0.199982 2.550001 300.150024
v -9.799957 2.550001 299.850037
v -9.799957 2.250001 300.150024
v -0.199982 2.250001 300.150024
v -9.799957 2.250001 299.850037
v -0.199982 2.550001 299.850037
v -0.199982 2.250001 299.850037
v -0.199982 0.000001 300.200012
v -0.199982 3.000001 300.200012
v -0.199982 0.000001 299.799988
v 0.200043 0.000001 300.200012
v 0.200043 3.000001 300.200012
v 0.200043 0.000001 299.799988
v -0.199982 3.000001 299.799988
v 0.200043 3.000001 299.799988
v -19.799957 1.350002 300.150024
v -10.199982 1.350001 300.150024
v -19.799957 1.350002 299.850037
v -19.799957 1.050002 300.150024
v -10.199982 1.050001 300.150024
v -19.799957 1.050002 299.850037
v -10.199982 1.350001 299.850037
v -10.199982 1.050001 299.850037
v -19.799957 2.550001 300.150024
v -10.199982 2.550001 300.150024
v -19.799957 2.550001 299.850037
v -19.799957 2.250001 300.150024
v -10.199982 2.250001 300.150024
v -19.799957 2.250001 299.850037
v -10.199982 2.550001 299.850037
v -10.199982 2.250001 299.850037
v -10.199982 0.000001 300.200012
v -10.199982 3.000001 300.200012
v -10.199982 0.000001 299.799988
v -9.799957 0.000001 300.200012
v -9.799957 3.000001 300.200012
v -9.799957 0.000001 299.799988
v -10.199982 3.000001 299.799988
v -9.799957 3.000001 299.799988
v -29.799957 1.350002 300.150024
v -20.199982 1.350001 300.150024
v -29.799957 1.350002 299.850037
v -29.799957 1.050002 300.150024
v -20.199982 1.050001 300.150024
v -29.799957 1.050002 299.850037
v -20.199982 1.350001 299.850037
v -20.199982 1.050001 299.850037
v -29.799957 2.550001 300.150024
v -20.199982 2.550001 300.150024
v -29.799957 2.550001 299.850037
v -29.799957 2.250001 300.150024
v -20.199982 2.250001 300.150024
v -29.799957 2.250001 299.850037
v -20.199982 2.550001 299.850037
v -20.199982 2.250001 299.850037
v -20.199982 0.000001 300.200012
v -20.199982 3.000001 300.200012
v -20.199982 0.000001 299.799988
v -19.799957 0.000001 300.200012
v -19.799957 3.000001 300.200012
v -19.799957 0.000001 299.799988
v -20.199982 3.000001 299.799988
v -19.799957 3.000001 299.799988
v -39.799957 1.350002 300.150024
v -30.199982 1.350001 300.150024
v -39.799957 1.350002 299.850037
v -39.799957 1.050002 300.150024
v -30.199982 1.050001 300.150024
v -39.799957 1.050002 299.850037
v -30.199982 1.350001 299.850037
v -30.199982 1.050001 299.850037
v -39.799957 2.550001 300.150024
v -30.199982 2.550001 300.150024
v -39.799957 2.550001 299.850037
v -39.799957 2.250001 300.150024
v -30.199982 2.250001 300.150024
v -39.799957 2.250001 299.850037
v -30.199982 2.550001 299.850037
v -30.199982 2.250001 299.850037
v -30.199982 0.000001 300.200012
v -30.199982 3.000001 300.200012
v -30.199982 0.000001 299.799988
v -29.799957 0.000001 300.200012
v -29.799957 3.000001 300.200012
v -29.799957 0.000001 299.799988
v -30.199982 3.000001 299.799988
v -29.799957 3.000001 299.799988
v -49.799957 1.350002 300.150024
v -40.199982 1.350001 300.150024
v -49.799957 1.350002 299.850037
v -49.799957 1.050002 300.150024
v -40.199982 1.050001 300.150024
v -49.799957 1.050002 299.850037
v -40.199982 1.350001 299.850037
v -40.199982 1.050001 299.850037
v -49.799957 2.550001 300.150024
v -40.199982 2.550001 300.150024
v -49.799957 2.550001 299.850037
v -49.799957 2.250001 300.150024
v -40.199982 2.250001 300.150024
v -49.799957 2.250001 299.850037
v -40.199982 2.550001 299.850037
v -40.199982 2.250001 299.850037
v -40.199982 0.000001 300.200012
v -40.199982 3.000001 300.200012
v -40.199982 0.000001 299.799988
v -39.799957 0.000001 300.200012
v -39.799957 3.000001 300.200012
v -39.799957 0.000001 299.799988
v -40.199982 3.000001 299.799988
v -39.799957 3.000001 299.799988
v -59.799957 1.350002 300.150024
v -50.199982 1.350001 300.150024
v -59.799957 1.350002 299.850037
v -59.799957 1.050002 300.150024
v -50.199982 1.050001 300.150024
v -59.799957 1.050002 299.850037
v -50.199982 1.350001 299.850037
v -50.199982 1.050001 299.850037
v -59.799957 2.550001 300.150024
v -50.199982 2.550001 300.150024
v -59.799957 2.550001 299.850037
v -59.799957 2.250001 300.150024
v -50.199982 2.250001 300.150024
v -59.799957 2.250001 299.850037
v -50.199982 2.550001 299.850037
v -50.199982 2.250001 299.850037
v -50.199982 0.000001 300.200012
v -50.199982 3.000001 300.200012
v -50.199982 0.000001 299.799988
v -49.799957 0.000001 300.200012
v -49.799957 3.000001 300.200012
v -49.799957 0.000001 299.799988
v -50.199982 3.000001 299.799988
v -49.799957 3.000001 299.799988
v -69.799957 1.350002 300.150024
v -60.199982 1.350001 300.150024
v -69.799957 1.350002 299.850037
v -69.799957 1.050002 300.150024
v -60.199982 1.050001 300.150024
v -69.799957 1.050002 299.850037
v -60.199982 1.350001 299.850037
v -60.199982 1.050001 299.850037
v -69.799957 2.550001 300.150024
v -60.199982 2.550001 300.150024
v -69.799957 2.550001 299.850037
v -69.799957 2.250001 300.150024
v -60.199982 2.250001 300.150024
v -69.799957 2.250001 299.850037
v -60.199982 2.550001 299.850037
v -60.199982 2.250001 299.850037
v -60.199982 0.000001 300.200012
v -60.199982 3.000001 300.200012
v -60.199982 0.000001 299.799988
v -59.799957 0.000001 300.200012
v -59.799957 3.000001 300.200012
v -59.799957 0.000001 299.799988
v -60.199982 3.000001 299.799988
v -59.799957 3.000001 299.799988
v -79.799957 1.350002 300.150024
v -70.199982 1.350001 300.150024
v -79.799957 1.350002 299.850037
v -79.799957 1.050002 300.150024
v -70.199982 1.050001 300.150024
v -79.799957 1.050002 299.850037
v -70.199982 1.350001 299.850037
v -70.199982 1.050001 299.850037
v -79.799957 2.550001 300.150024
v -70.199982 2.550001 300.150024
v -79.799957 2.550001 299.850037
v -79.799957 2.250001 300.150024
v -70.199982 2.250001 300.150024
v -79.799957 2.250001 299.850037
v -70.199982 2.550001 299.850037
v -70.199982 2.250001 299.850037
v -70.199982 0.000001 300.200012
v -70.199982 3.000001 300.200012
v -70.199982 0.000001 299.799988
v -69.799957 0.000001 300.200012
v -69.799957 3.000001 300.200012
v -69.799957 0.000001 299.799988
v -70.199982 3.000001 299.799988
v -69.799957 3.000001 299.799988
v -89.799957 1.350002 300.150024
v -80.199982 1.350001 300.150024
v -89.799957 1.350002 299.850037
v -89.799957 1.050002 300.150024
v -80.199982 1.050001 300.150024
v -89.799957 1.050002 299.850037
v -80.199982 1.350001 299.850037
v -80.199982 1.050001 299.850037
v -89.799957 2.550001 300.150024
v -80.199982 2.550001 300.150024
v -89.799957 2.550001 299.850037
v -89.799957 2.250001 300.150024
v -80.199982 2.250001 300.150024
v -89.799957 2.250001 299.850037
v -80.199982 2.550001 299.850037
v -80.199982 2.250001 299.850037
v -80.199982 0.000001 300.200012
v -80.199982 3.000001 300.200012
v -80.199982 0.000001 299.799988
v -79.799957 0.000001 300.200012
v -79.799957 3.000001 300.200012
v -79.799957 0.000001 299.799988
v -80.199982 3.000001 299.799988
v -79.799957 3.000001 299.799988
v -99.799957 1.350002 300.150024
v -90.199982 1.350001 300.150024
v -99.799957 1.350002 299.850037
v -99.799957 1.050002 300.150024
v -90.199982 1.050001 300.150024
v -99.799957 1.050002 299.850037
v -90.199982 1.350001 299.850037
v -90.199982 1.050001 299.850037
v -99.799957 2.550001 300.150024
v -90.199982 2.550001 300.150024
v -99.799957 2.550001 299.850037
v -99.799957 2.250001 300.150024
v -90.199982 2.250001 300.150024
v -99.799957 2.250001 299.850037
v -90.199982 2.550001 299.850037
v -90.199982 2.250001 299.850037
v -90.199982 0.000001 300.200012
v -90.199982 3.000001 300.200012
v -90.199982 0.000001 299.799988
v -89.799957 0.000001 300.200012
v -89.799957 3.000001 300.200012
v -89.799957 0.000001 299.799988
v -90.199982 3.000001 299.799988
v -89.799957 3.000001 299.799988
v -109.799957 1.350002 300.150024
v -100.199982 1.350001 300.150024
v -109.799957 1.350002 299.850037
v -109.799957 1.050002 300.150024
v -100.199982 1.050001 300.150024
v -109.799957 1.050002 299.850037
v -100.199982 1.350001 299.850037
v -100.199982 1.050001 299.850037
v -109.799957 2.550001 300.150024
v -100.199982 2.550001 300.150024
v -109.799957 2.550001 299.850037
v -109.799957 2.250001 300.150024
v -100.199982 2.250001 300.150024
v -109.799957 2.250001 299.850037
v -100.199982 2.550001 299.850037
v -100.199982 2.250001 299.850037
v -100.199982 0.000001 300.200012
v -100.199982 3.000001 300.200012
v -100.199982 0.000001 299.799988
v -99.799957 0.000001 300.200012
v -99.799957 3.000001 300.200012
v -99.799957 0.000001 299.799988
v -100.199982 3.000001 299.799988
v -99.799957 3.000001 299.799988
v -119.799957 1.350002 300.150024
v -110.199982 1.350001 300.150024
v -119.799957 1.350002 299.850037
v -119.799957 1.050002 300.150024
v -110.199982 1.050001 300.150024
v -119.799957 1.050002 299.850037
v -110.199982 1.350001 299.850037
v -110.199982 1.050001 299.850037
v -119.799957 2.550001 300.150024
v -110.199982 2.550001 300.150024
v -119.799957 2.550001 299.850037
v -119.799957 2.250001 300.150024
v -110.199982 2.250001 300.150024
v -119.799957 2.250001 299.850037
v -110.199982 2.550001 299.850037
v -110.199982 2.250001 299.850037
v -110.199982 0.000001 300.200012
v -110.199982 3.000001 300.200012
v -110.199982 0.000001 299.799988
v -109.799957 0.000001 300.200012
v -109.799957 3.000001 300.200012
v -109.799957 0.000001 299.799988
v -110.199982 3.000001 299.799988
v -109.799957 3.000001 299.799988
v -129.799957 1.350002 300.150024
v -120.199982 1.350001 300.150024
v -129.799957 1.350002 299.850037
v -129.799957 1.050002 300.150024
v -120.199982 1.050001 300.150024
v -129.799957 1.050002 299.850037
v -120.199982 1.350001 299.850037
v -120.199982 1.050001 299.850037
v -129.799957 2.550001 300.150024
v -120.199982 2.550001 300.150024
v -129.799957 2.550001 299.850037
v -129.799957 2.250001 300.150024
v -120.199982 2.250001 300.150024
v -129.799957 2.250001 299.850037
v -120.199982 2.550001 299.850037
v -120.199982 2.250001 299.850037
v -120.199982 0.000001 300.200012
v -120.199982 3.000001 300.200012
v -120.199982 0.000001 299.799988
v -119.799957 0.000001 300.200012
v -119.799957 3.000001 300.200012
v -119.799957 0.000001 299.799988
v -120.199982 3.000001 299.799988
v -119.799957 3.000001 299.799988
v -139.799957 1.350002 300.150024
v -130.199982 1.350001 300.150024
v -139.799957 1.350002 299.850037
v -139.799957 1.050002 300.150024
v -130.199982 1.050001 300.150024
v -139.799957 1.050002 299.850037
v -130.199982 1.350001 299.850037
v -130.199982 1.050001 299.850037
v -139.799957 2.550001 300.150024
v -130.199982 2.550001 300.150024
v -139.799957 2.550001 299.850037
v -139.799957 2.250001 300.150024
v -130.199982 2.250001 300.150024
v -139.799957 2.250001 299.850037
v -130.199982 2.550001 299.850037
v -130.199982 2.250001 299.850037
v -130.199982 0.000001 300.200012
v -130.199982 3.000001 300.200012
v -130.199982 0.000001 299.799988
v -129.799957 0.000001 300.200012
v -129.799957 3.000001 300.200012
v -129.799957 0.000001 299.799988
v -130.199982 3.000001 299.799988
v -129.799957 3.000001 299.799988
v -149.799957 1.350002 300.150024
v -140.199982 1.350001 300.150024
v -149.799957 1.350002 299.850037
v -149.799957 1.050002 300.150024
v -140.199982 1.050001 300.150024
v -149.799957 1.050002 299.850037
v -140.199982 1.350001 299.850037
v -140.199982 1.050001 299.850037
v -149.799957 2.550001 300.150024
v -140.199982 2.550001 300.150024
v -149.799957 2.550001 299.850037
v -149.799957 2.250001 300.150024
v -140.199982 2.250001 300.150024
v -149.799957 2.250001 299.850037
v -140.199982 2.550001 299.850037
v -140.199982 2.250001 299.850037
v -140.199982 0.000001 300.200012
v -140.199982 3.000001 300.200012
v -140.199982 0.000001 299.799988
v -139.799957 0.000001 300.200012
v -139.799957 3.000001 300.200012
v -139.799957 0.000001 299.799988
v -140.199982 3.000001 299.799988
v -139.799957 3.000001 299.799988
v -159.799957 1.350002 300.150024
v -150.199982 1.350001 300.150024
v -159.799957 1.350002 299.850037
v -159.799957 1.050002 300.150024
v -150.199982 1.050001 300.150024
v -159.799957 1.050002 299.850037
v -150.199982 1.350001 299.850037
v -150.199982 1.050001 299.850037
v -159.799957 2.550001 300.150024
v -150.199982 2.550001 300.150024
v -159.799957 2.550001 299.850037
v -159.799957 2.250001 300.150024
v -150.199982 2.250001 300.150024
v -159.799957 2.250001 299.850037
v -150.199982 2.550001 299.850037
v -150.199982 2.250001 299.850037
v -150.199982 0.000001 300.200012
v -150.199982 3.000001 300.200012
v -150.199982 0.000001 299.799988
v -149.799957 0.000001 300.200012
v -149.799957 3.000001 300.200012
v -149.799957 0.000001 299.799988
v -150.199982 3.000001 299.799988
v -149.799957 3.000001 299.799988
v -169.799957 1.350002 300.150024
v -160.199982 1.350001 300.150024
v -169.799957 1.350002 299.850037
v -169.799957 1.050002 300.150024
v -160.199982 1.050001 300.150024
v -169.799957 1.050002 299.850037
v -160.199982 1.350001 299.850037
v -160.199982 1.050001 299.850037
v -169.799957 2.550001 300.150024
v -160.199982 2.550001 300.150024
v -169.799957 2.550001 299.850037
v -169.799957 2.250001 300.150024
v -160.199982 2.250001 300.150024
v -169.799957 2.250001 299.850037
v -160.199982 2.550001 299.850037
v -160.199982 2.250001 299.850037
v -160.199982 0.000001 300.200012
v -160.199982 3.000001 300.200012
v -160.199982 0.000001 299.799988
v -159.799957 0.000001 300.200012
v -159.799957 3.000001 300.200012
v -159.799957 0.000001 299.799988
v -160.199982 3.000001 299.799988
v -159.799957 3.000001 299.799988
v -179.799957 1.350002 300.150024
v -170.199982 1.350001 300.150024
v -179.799957 1.350002 299.850037
v -179.799957 1.050002 300.150024
v -170.199982 1.050001 300.150024
v -179.799957 1.050002 299.850037
v -170.199982 1.350001 299.850037
v -170.199982 1.050001 299.850037
v -179.799957 2.550001 300.150024
v -170.199982 2.550001 300.150024
v -179.799957 2.550001 299.850037
v -179.799957 2.250001 300.150024
v -170.199982 2.250001 300.150024
v -179.799957 2.250001 299.850037
v -170.199982 2.550001 299.850037
v -170.199982 2.250001 299.850037
v -170.199982 0.000001 300.200012
v -170.199982 3.000001 300.200012
v -170.199982 0.000001 299.799988
v -169.799957 0.000001 300.200012
v -169.799957 3.000001 300.200012
v -169.799957 0.000001 299.799988
v -170.199982 3.000001 299.799988
v -169.799957 3.000001 299.799988
v -189.799957 1.350002 300.150024
v -180.199982 1.350001 300.150024
v -189.799957 1.350002 299.850037
v -189.799957 1.050002 300.150024
v -180.199982 1.050001 300.150024
v -189.799957 1.050002 299.850037
v -180.199982 1.350001 299.850037
v -180.199982 1.050001 299.850037
v -189.799957 2.550001 300.150024
v -180.199982 2.550001 300.150024
v -189.799957 2.550001 299.850037
v -189.799957 2.250001 300.150024
v -180.199982 2.250001 300.150024
v -189.799957 2.250001 299.850037
v -180.199982 2.550001 299.850037
v -180.199982 2.250001 299.850037
v -180.199982 0.000001 300.200012
v -180.199982 3.000001 300.200012
v -180.199982 0.000001 299.799988
v -179.799957 0.000001 300.200012
v -179.799957 3.000001 300.200012
v -179.799957 0.000001 299.799988
v -180.199982 3.000001 299.799988
v -179.799957 3.000001 299.799988
v -199.799957 1.350002 300.150024
v -190.199982 1.350001 300.150024
v -199.799957 1.350002 299.850037
v -199.799957 1.050002 300.150024
v -190.199982 1.050001 300.150024
v -199.799957 1.050002 299.850037
v -190.199982 1.350001 299.850037
v -190.199982 1.050001 299.850037
v -199.799957 2.550001 300.150024
v -190.199982 2.550001 300.150024
v -199.799957 2.550001 299.850037
v -199.799957 2.250001 300.150024
v -190.199982 2.250001 300.150024
v -199.799957 2.250001 299.850037
v -190.199982 2.550001 299.850037
v -190.199982 2.250001 299.850037
v -190.199982 0.000001 300.200012
v -190.199982 3.000001 300.200012
v -190.199982 0.000001 299.799988
v -189.799957 0.000001 300.200012
v -189.799957 3.000001 300.200012
v -189.799957 0.000001 299.799988
v -190.199982 3.000001 299.799988
v -189.799957 3.000001 299.799988
v -209.799957 1.350002 300.150024
v -200.199982 1.350001 300.150024
v -209.799957 1.350002 299.850037
v -209.799957 1.050002 300.150024
v -200.199982 1.050001 300.150024
v -209.799957 1.050002 299.850037
v -200.199982 1.350001 299.850037
v -200.199982 1.050001 299.850037
v -209.799957 2.550001 300.150024
v -200.199982 2.550001 300.150024
v -209.799957 2.550001 299.850037
v -209.799957 2.250001 300.150024
v -200.199982 2.250001 300.150024
v -209.799957 2.250001 299.850037
v -200.199982 2.550001 299.850037
v -200.199982 2.250001 299.850037
v -200.199982 0.000001 300.200012
v -200.199982 3.000001 300.200012
v -200.199982 0.000001 299.799988
v -199.799957 0.000001 300.200012
v -199.799957 3.000001 300.200012
v -199.799957 0.000001 299.799988
v -200.199982 3.000001 299.799988
v -199.799957 3.000001 299.799988
v -219.799927 1.350002 300.150024
v -210.199982 1.350001 300.150024
v -219.799927 1.350002 299.850037
v -219.799927 1.050002 300.150024
v -210.199982 1.050001 300.150024
v -219.799927 1.050002 299.850037
v -210.199982 1.350001 299.850037
v -210.199982 1.050001 299.850037
v -219.799927 2.550001 300.150024
v -210.199982 2.550001 300.150024
v -219.799927 2.550001 299.850037
v -219.799927 2.250001 300.150024
v -210.199982 2.250001 300.150024
v -219.799927 2.250001 299.850037
v -210.199982 2.550001 299.850037
v -210.199982 2.250001 299.850037
v -210.199982 0.000001 300.200012
v -210.199982 3.000001 300.200012
v -210.199982 0.000001 299.799988
v -209.799957 0.000001 300.200012
v -209.799957 3.000001 300.200012
v -209.799957 0.000001 299.799988
v -210.199982 3.000001 299.799988
v -209.799957 3.000001 299.799988
v -229.799927 1.350002 300.150024
v -220.199951 1.350001 300.150024
v -229.799927 1.350002 299.850037
v -229.799927 1.050002 300.150024
v -220.199951 1.050001 300.150024
v -229.799927 1.050002 299.850037
v -220.199951 1.350001 299.850037
v -220.199951 1.050001 299.850037
v -229.799927 2.550001 300.150024
v -220.199951 2.550001 300.150024
v -229.799927 2.550001 299.850037
v -229.799927 2.250001 300.150024
v -220.199951 2.250001 300.150024
v -229.799927 2.250001 299.850037
v -220.199951 2.550001 299.850037
v -220.199951 2.250001 299.850037
v -220.199951 0.000001 300.200012
v -220.199951 3.000001 300.200012
v -220.199951 0.000001 299.799988
v -219.799927 0.000001 300.200012
v -219.799927 3.000001 300.200012
v -219.799927 0.000001 299.799988
v -220.199951 3.000001 299.799988
v -219.799927 3.000001 299.799988
v -239.799927 1.350002 300.150024
v -230.199951 1.350001 300.150024
v -239.799927 1.350002 299.850037
v -239.799927 1.050002 300.150024
v -230.199951 1.050001 300.150024
v -239.799927 1.050002 299.850037
v -230.199951 1.350001 299.850037
v -230.199951 1.050001 299.850037
v -239.799927 2.550001 300.150024
v -230.199951 2.550001 300.150024
v -239.799927 2.550001 299.850037
v -239.799927 2.250001 300.150024
v -230.199951 2.250001 300.150024
v -239.799927 2.250001 299.850037
v -230.199951 2.550001 299.850037
v -230.199951 2.250001 299.850037
v -230.199951 0.000001 300.200012
v -230.199951 3.000001 300.200012
v -230.199951 0.000001 299.799988
v -229.799927 0.000001 300.200012
v -229.799927 3.000001 300.200012
v -229.799927 0.000001 299.799988
v -230.199951 3.000001 299.799988
v -229.799927 3.000001 299.799988
v -249.799927 1.350002 300.150024
v -240.199951 1.350001 300.150024
v -249.799927 1.350002 299.850037
v -249.799927 1.050002 300.150024
v -240.199951 1.050001 300.150024
v -249.799927 1.050002 299.850037
v -240.199951 1.350001 299.850037
v -240.199951 1.050001 299.850037
v -249.799927 2.550001 300.150024
v -240.199951 2.550001 300.150024
v -249.799927 2.550001 299.850037
v -249.799927 2.250001 300.150024
v -240.199951 2.250001 300.150024
v -249.799927 2.250001 299.850037
v -240.199951 2.550001 299.850037
v -240.199951 2.250001 299.850037
v -240.199951 0.000001 300.200012
v -240.199951 3.000001 300.200012
v -240.199951 0.000001 299.799988
v -239.799927 0.000001 300.200012
v -239.799927 3.000001 300.200012
v -239.799927 0.000001 299.799988
v -240.199951 3.000001 299.799988
v -239.799927 3.000001 299.799988
v -259.799927 1.350002 300.150024
v -250.199951 1.350001 300.150024
v -259.799927 1.350002 299.850037
v -259.799927 1.050002 300.150024
v -250.199951 1.050001 300.150024
v -259.799927 1.050002 299.850037
v -250.199951 1.350001 299.850037
v -250.199951 1.050001 299.850037
v -259.799927 2.550001 300.150024
v -250.199951 2.550001 300.150024
v -259.799927 2.550001 299.850037
v -259.799927 2.250001 300.150024
v -250.199951 2.250001 300.150024
v -259.799927 2.250001 299.850037
v -250.199951 2.550001 299.850037
v -250.199951 2.250001 299.850037
v -250.199951 0.000001 300.200012
v -250.199951 3.000001 300.200012
v -250.199951 0.000001 299.799988
v -249.799927 0.000001 300.200012
v -249.799927 3.000001 300.200012
v -249.799927 0.000001 299.799988
v -250.199951 3.000001 299.799988
v -249.799927 3.000001 299.799988
v -269.799927 1.350002 300.150024
v -260.199951 1.350001 300.150024
v -269.799927 1.350002 299.850037
v -269.799927 1.050002 300.150024
v -260.199951 1.050001 300.150024
v -269.799927 1.050002 299.850037
v -260.199951 1.350001 299.850037
v -260.199951 1.050001 299.850037
v -269.799927 2.550001 300.150024
v -260.199951 2.550001 300.150024
v -269.799927 2.550001 299.850037
v -269.799927 2.250001 300.150024
v -260.199951 2.250001 300.150024
v -269.799927 2.250001 299.850037
v -260.199951 2.550001 299.850037
v -260.199951 2.250001 299.850037
v -260.199951 0.000001 300.200012
v -260.199951 3.000001 300.200012
v -260.199951 0.000001 299.799988
v -259.799927 0.000001 300.200012
v -259.799927 3.000001 300.200012
v -259.799927 0.000001 299.799988
v -260.199951 3.000001 299.799988
v -259.799927 3.000001 299.799988
v -279.799927 1.350002 300.150024
v -270.199951 1.350001 300.150024
v -279.799927 1.350002 299.850037
v -279.799927 1.050002 300.150024
v -270.199951 1.050001 300.150024
v -279.799927 1.050002 299.850037
v -270.199951 1.350001 299.850037
v -270.199951 1.050001 299.850037
v -279.799927 2.550001 300.150024
v -270.199951 2.550001 300.150024
v -279.799927 2.550001 299.850037
v -279.799927 2.250001 300.150024
v -270.199951 2.250001 300.150024
v -279.799927 2.250001 299.850037
v -270.199951 2.550001 299.850037
v -270.199951 2.250001 299.850037
v -270.199951 0.000001 300.200012
v -270.199951 3.000001 300.200012
v -270.199951 0.000001 299.799988
v -269.799927 0.000001 300.200012
v -269.799927 3.000001 300.200012
v -269.799927 0.000001 299.799988
v -270.199951 3.000001 299.799988
v -269.799927 3.000001 299.799988
v -289.799927 1.350002 300.150024
v -280.199951 1.350001 300.150024
v -289.799927 1.350002 299.850037
v -289.799927 1.050002 300.150024
v -280.199951 1.050001 300.150024
v -289.799927 1.050002 299.850037
v -280.199951 1.350001 299.850037
v -280.199951 1.050001 299.850037
v -289.799927 2.550001 300.150024
v -280.199951 2.550001 300.150024
v -289.799927 2.550001 299.850037
v -289.799927 2.250001 300.150024
v -280.199951 2.250001 300.150024
v -289.799927 2.250001 299.850037
v -280.199951 2.550001 299.850037
v -280.199951 2.250001 299.850037
v -280.199951 0.000001 300.200012
v -280.199951 3.000001 300.200012
v -280.199951 0.000001 299.799988
v -279.799927 0.000001 300.200012
v -279.799927 3.000001 300.200012
v -279.799927 0.000001 299.799988
v -280.199951 3.000001 299.799988
v -279.799927 3.000001 299.799988
v -299.799927 1.350002 300.150024
v -290.199951 1.350001 300.150024
v -299.799927 1.350002 299.850037
v -299.799927 1.050002 300.150024
v -290.199951 1.050001 300.150024
v -299.799927 1.050002 299.850037
v -290.199951 1.350001 299.850037
v -290.199951 1.050001 299.850037
v -299.799927 2.550001 300.150024
v -290.199951 2.550001 300.150024
v -299.799927 2.550001 299.850037
v -299.799927 2.250001 300.150024
v -290.199951 2.250001 300.150024
v -299.799927 2.250001 299.850037
v -290.199951 2.550001 299.850037
v -290.199951 2.250001 299.850037
v -290.199951 0.000001 300.200012
v -290.199951 3.000001 300.200012
v -290.199951 0.000001 299.799988
v -289.799927 0.000001 300.200012
v -289.799927 3.000001 300.200012
v -289.799927 0.000001 299.799988
v -290.199951 3.000001 299.799988
v -289.799927 3.000001 299.799988
v -300.150024 1.350002 290.200012
v -300.150024 1.350001 299.799988
v -299.850037 1.350002 290.200012
v -300.150024 1.050002 290.200012
v -300.150024 1.050001 299.799988
v -299.850037 1.050002 290.200012
v -299.850037 1.350001 299.799988
v -299.850037 1.050001 299.799988
v -300.150024 2.550001 290.200012
v -300.150024 2.550001 299.799988
v -299.850037 2.550001 290.200012
v -300.150024 2.250001 290.200012
v -300.150024 2.250001 299.799988
v -299.850037 2.250001 290.200012
v -299.850037 2.550001 299.799988
v -299.850037 2.250001 299.799988
v -300.200012 0.000001 299.799988
v -300.200012 3.000001 299.799988
v -299.799988 0.000001 299.799988
v -300.200012 0.000001 300.200012
v -300.200012 3.000001 300.200012
v -299.799988 0.000001 300.200012
v -299.799988 3.000001 299.799988
v -299.799988 3.000001 300.200012
v -300.150024 1.350002 280.200012
v -300.150024 1.350001 289.799988
v -299.850037 1.350002 280.200012
v -300.150024 1.050002 280.200012
v -300.150024 1.050001 289.799988
v -299.850037 1.050002 280.200012
v -299.850037 1.350001 289.799988
v -299.850037 1.050001 289.799988
v -300.150024 2.550001 280.200012
v -300.150024 2.550001 289.799988
v -299.850037 2.550001 280.200012
v -300.150024 2.250001 280.200012
v -300.150024 2.250001 289.799988
v -299.850037 2.250001 280.200012
v -299.850037 2.550001 289.799988
v -299.850037 2.250001 289.799988
v -300.200012 0.000001 289.799988
v -300.200012 3.000001 289.799988
v -299.799988 0.000001 289.799988
v -300.200012 0.000001 290.200012
v -300.200012 3.000001 290.200012
v -299.799988 0.000001 290.200012
v -299.799988 3.000001 289.799988
v -299.799988 3.000001 290.200012
v -300.150024 1.350002 270.200012
v -300.150024 1.350001 279.799988
v -299.850037 1.350002 270.200012
v -300.150024 1.050002 270.200012
v -300.150024 1.050001 279.799988
v -299.850037 1.050002 270.200012
v -299.850037 1.350001 279.799988
v -299.850037 1.050001 279.799988
v -300.150024 2.550001 270.200012
v -300.150024 2.550001 279.799988
v -299.850037 2.550001 270.200012
v -300.150024 2.250001 270.200012
v -300.150024 2.250001 279.799988
v -299.850037 2.250001 270.200012
v -299.850037 2.550001 279.799988
v -299.850037 2.250001 279.799988
v -300.200012 0.000001 279.799988
v -300.200012 3.000001 279.799988
v -299.799988 0.000001 279.799988
v -300.200012 0.000001 280.200012
v -300.200012 3.000001 280.200012
v -299.799988 0.000001 280.200012
v -299.799988 3.000001 279.799988
v -299.799988 3.000001 280.200012
v -300.150024 1.350002 260.200012
v -300.150024 1.350001 269.799988
v -299.850037 1.350002 260.200012
v -300.150024 1.050002 260.200012
v -300.150024 1.050001 269.799988
v -299.850037 1.050002 260.200012
v -299.850037 1.350001 269.799988
v -299.850037 1.050001 269.799988
v -300.150024 2.550001 260.200012
v -300.150024 2.550001 269.799988
v -299.850037 2.550001 260.200012
v -300.150024 2.250001 260.200012
v -300.150024 2.250001 269.799988
v -299.850037 2.250001 260.200012
v -299.850037 2.550001 269.799988
v -299.850037 2.250001 269.799988
v -300.200012 0.000001 269.799988
v -300.200012 3.000001 269.799988
v -299.799988 0.000001 269.799988
v -300.200012 0.000001 270.200012
v -300.200012 3.000001 270.200012
v -299.799988 0.000001 270.200012
v -299.799988 3.000001 269.799988
v -299.799988 3.000001 270.200012
v -300.150024 1.350002 250.200012
v -300.150024 1.350001 259.799988
v -299.850037 1.350002 250.200012
v -300.150024 1.050002 250.200012
v -300.150024 1.050001 259.799988
v -299.850037 1.050002 250.200012
v -299.850037 1.350001 259.799988
v -299.850037 1.050001 259.799988
v -300.150024 2.550001 250.200012
v -300.150024 2.550001 259.799988
v -299.850037 2.550001 250.200012
v -300.150024 2.250001 250.200012
v -300.150024 2.250001 259.799988
v -299.850037 2.250001 250.200012
v -299.850037 2.550001 259.799988
v -299.850037 2.250001 259.799988
v -300.200012 0.000001 259.799988
v -300.200012 3.000001 259.799988
v -299.799988 0.000001 259.799988
v -300.200012 0.000001 260.200012
v -300.200012 3.000001 260.200012
v -299.799988 0.000001 260.200012
v -299.799988 3.000001 259.799988
v -299.799988 3.000001 260.200012
v -300.150024 1.350002 240.200012
v -300.150024 1.350001 249.799988
v -299.850037 1.350002 240.200012
v -300.150024 1.050002 240.200012
v -300.150024 1.050001 249.799988
v -299.850037 1.050002 240.200012
v -299.850037 1.350001 249.799988
v -299.850037 1.050001 249.799988
v -300.150024 2.550001 240.200012
v -300.150024 2.550001 249.799988
v -299.850037 2.550001 240.200012
v -300.150024 2.250001 240.200012
v -300.150024 2.250001 249.799988
v -299.850037 2.250001 240.200012
v -299.850037 2.550001 249.799988
v -299.850037 2.250001 249.799988
v -300.200012 0.000001 249.799988
v -300.200012 3.000001 249.799988
v -299.799988 0.000001 249.799988
v -300.200012 0.000001 250.200012
v -300.200012 3.000001 250.200012
v -299.799988 0.000001 250.200012
v -299.799988 3.000001 249.799988
v -299.799988 3.000001 250.200012
v -300.150024 1.350002 230.200012
v -300.150024 1.350001 239.799988
v -299.850037 1.350002 230.200012
v -300.150024 1.050002 230.200012
v -300.150024 1.050001 239.799988
v -299.850037 1.050002 230.200012
v -299.850037 1.350001 239.799988
v -299.850037 1.050001 239.799988
v -300.150024 2.550001 230.200012
v -300.150024 2.550001 239.799988
v -299.850037 2.550001 230.200012
v -300.150024 2.250001 230.200012
v -300.150024 2.250001 239.799988
v -299.850037 2.250001 230.200012
v -299.850037 2.550001 239.799988
v -299.850037 2.250001 239.799988
v -300.200012 0.000001 239.799988
v -300.200012 3.000001 239.799988
v -299.799988 0.000001 239.799988
v -300.200012 0.000001 240.200012
v -300.200012 3.000001 240.200012
v -299.799988 0.000001 240.200012
v -299.799988 3.000001 239.799988
v -299.799988 3.000001 240.200012
v -300.150024 1.350002 220.200012
v -300.150024 1.350001 229.799988
v -299.850037 1.350002 220.200012
v -300.150024 1.050002 220.200012
v -300.150024 1.050001 229.799988
v -299.850037 1.050002 220.200012
v -299.850037 1.350001 229.799988
v -299.850037 1.050001 229.799988
v -300.150024 2.550001 220.200012
v -300.150024 2.550001 229.799988
v -299.850037 2.550001 220.200012
v -300.150024 2.250001 220.200012
v -300.150024 2.250001 229.799988
v -299.850037 2.250001 220.200012
v -299.850037 2.550001 229.799988
v -299.850037 2.250001 229.799988
v -300.200012 0.000001 229.799988
v -300.200012 3.000001 229.799988
v -299.799988 0.000001 229.799988
v -300.200012 0.000001 230.200012
v -300.200012 3.000001 230.200012
v -299.799988 0.000001 230.200012
v -299.799988 3.000001 229.799988
v -299.799988 3.000001 230.200012
v -300.150024 1.350002 210.200012
v -300.150024 1.350001 219.799988
v -299.850037 1.350002 210.200012
v -300.150024 1.050002 210.200012
v -300.150024 1.050001 219.799988
v -299.850037 1.050002 210.200012
v -299.850037 1.350001 219.799988
v -299.850037 1.050001 219.799988
v -300.150024 2.550001 210.200012
v -300.150024 2.550001 219.799988
v -299.850037 2.550001 210.200012
v -300.150024 2.250001 210.200012
v -300.150024 2.250001 219.799988
v -299.850037 2.250001 210.200012
v -299.850037 2.550001 219.799988
v -299.850037 2.250001 219.799988
v -300.200012 0.000001 219.799988
v -300.200012 3.000001 219.799988
v -299.799988 0.000001 219.799988
v -300.200012 0.000001 220.200012
v -300.200012 3.000001 220.200012
v -299.799988 0.000001 220.200012
v -299.799988 3.000001 219.799988
v -299.799988 3.000001 220.200012
v -300.150024 1.350002 200.200012
v -300.150024 1.350001 209.799988
v -299.850037 1.350002 200.200012
v -300.150024 1.050002 200.200012
v -300.150024 1.050001 209.799988
v -299.850037 1.050002 200.200012
v -299.850037 1.350001 209.799988
v -299.850037 1.050001 209.799988
v -300.150024 2.550001 200.200012
v -300.150024 2.550001 209.799988
v -299.850037 2.550001 200.200012
v -300.150024 2.250001 200.200012
v -300.150024 2.250001 209.799988
v -299.850037 2.250001 200.200012
v -299.850037 2.550001 209.799988
v -299.850037 2.250001 209.799988
v -300.200012 0.000001 209.799988
v -300.200012 3.000001 209.799988
v -299.799988 0.000001 209.799988
v -300.200012 0.000001 210.200012
v -300.200012 3.000001 210.200012
v -299.799988 0.000001 210.200012
v -299.799988 3.000001 209.799988
v -299.799988 3.000001 210.200012
v -300.150024 1.350002 190.200012
v -300.150024 1.350001 199.799988
v -299.850037 1.350002 190.200012
v -300.150024 1.050002 190.200012
v -300.150024 1.050001 199.799988
v -299.850037 1.050002 190.200012
v -299.850037 1.350001 199.799988
v -299.850037 1.050001 199.799988
v -300.150024 2.550001 190.200012
v -300.150024 2.550001 199.799988
v -299.850037 2.550001 190.200012
v -300.150024 2.250001 190.200012
v -300.150024 2.250001 199.799988
v -299.850037 2.250001 190.200012
v -299.850037 2.550001 199.799988
v -299.850037 2.250001 199.799988
v -300.200012 0.000001 199.799988
v -300.200012 3.000001 199.799988
v -299.799988 0.000001 199.799988
v -300.200012 0.000001 200.200012
v -300.200012 3.000001 200.200012
v -299.799988 0.000001 200.200012
v -299.799988 3.000001 199.799988
v -299.799988 3.000001 200.200012
v -300.150024 1.350002 180.200012
v -300.150024 1.350001 189.799988
v -299.850037 1.350002 180.200012
v -300.150024 1.050002 180.200012
v -300.150024 1.050001 189.799988
v -299.850037 1.050002 180.200012
v -299.850037 1.350001 189.799988
v -299.850037 1.050001 189.799988
v -300.150024 2.550001 180.200012
v -300.150024 2.550001 189.799988
v -299.850037 2.550001 180.200012
v -300.150024 2.250001 180.200012
v -300.150024 2.250001 189.799988
v -299.850037 2.250001 180.200012
v -299.850037 2.550001 189.799988
v -299.850037 2.250001 189.799988
v -300.200012 0.000001 189.799988
v -300.200012 3.000001 189.799988
v -299.799988 0.000001 189.799988
v -300.200012 0.000001 190.200012
v -300.200012 3.000001 190.200012
v -299.799988 0.000001 190.200012
v -299.799988 3.000001 189.799988
v -299.799988 3.000001 190.200012
v -300.150024 1.350002 170.200012
v -300.150024 1.350001 179.799988
v -299.850037 1.350002 170.200012
v -300.150024 1.050002 170.200012
v -300.150024 1.050001 179.799988
v -299.850037 1.050002 170.200012
v -299.850037 1.350001 179.799988
v -299.850037 1.050001 179.799988
v -300.150024 2.550001 170.200012
v -300.150024 2.550001 179.799988
v -299.850037 2.550001 170.200012
v -300.150024 2.250001 170.200012
v -300.150024 2.250001 179.799988
v -299.850037 2.250001 170.200012
v -299.850037 2.550001 179.799988
v -299.850037 2.250001 179.799988
v -300.200012 0.000001 179.799988
v -300.200012 3.000001 179.799988
v -299.799988 0.000001 179.799988
v -300.200012 0.000001 180.200012
v -300.200012 3.000001 180.200012
v -299.799988 0.000001 180.200012
v -299.799988 3.000001 179.799988
v -299.799988 3.000001 180.200012
v -300.150024 1.350002 160.200012
v -300.150024 1.350001 169.799988
v -299.850037 1.350002 160.200012
v -300.150024 1.050002 160.200012
v -300.150024 1.050001 169.799988
v -299.850037 1.050002 160.200012
v -299.850037 1.350001 169.799988
v -299.850037 1.050001 169.799988
v -300.150024 2.550001 160.200012
v -300.150024 2.550001 169.799988
v -299.850037 2.550001 160.200012
v -300.150024 2.250001 160.200012
v -300.150024 2.250001 169.799988
v -299.850037 2.250001 160.200012
v -299.850037 2.550001 169.799988
v -299.850037 2.250001 169.799988
v -300.200012 0.000001 169.799988
v -300.200012 3.000001 169.799988
v -299.799988 0.000001 169.799988
v -300.200012 0.000001 170.200012
v -300.200012 3.000001 170.200012
v -299.799988 0.000001 170.200012
v -299.799988 3.000001 169.799988
v -299.799988 3.000001 170.200012
v -300.150024 1.350002 150.200012
v -300.150024 1.350001 159.799988
v -299.850037 1.350002 150.200012
v -300.150024 1.050002 150.200012
v -300.150024 1.050001 159.799988
v -299.850037 1.050002 150.200012
v -299.850037 1.350001 159.799988
v -299.850037 1.050001 159.799988
v -300.150024 2.550001 150.200012
v -300.150024 2.550001 159.799988
v -299.850037 2.550001 150.200012
v -300.150024 2.250001 150.200012
v -300.150024 2.250001 159.799988
v -299.850037 2.250001 150.200012
v -299.850037 2.550001 159.799988
v -299.850037 2.250001 159.799988
v -300.200012 0.000001 159.799988
v -300.200012 3.000001 159.799988
v -299.799988 0.000001 159.799988
v -300.200012 0.000001 160.200012
v -300.200012 3.000001 160.200012
v -299.799988 0.000001 160.200012
v -299.799988 3.000001 159.799988
v -299.799988 3.000001 160.200012
v -300.150024 1.350002 140.200012
v -300.150024 1.350001 149.799988
v -299.850037 1.350002 140.200012
v -300.150024 1.050002 140.200012
v -300.150024 1.050001 149.799988
v -299.850037 1.050002 140.200012
v -299.850037 1.350001 149.799988
v -299.850037 1.050001 149.799988
v -300.150024 2.550001 140.200012
v -300.150024 2.550001 149.799988
v -299.850037 2.550001 140.200012
v -300.150024 2.250001 140.200012
v -300.150024 2.250001 149.799988
v -299.850037 2.250001 140.200012
v -299.850037 2.550001 149.799988
v -299.850037 2.250001 149.799988
v -300.200012 0.000001 149.799988
v -300.200012 3.000001 149.799988
v -299.799988 0.000001 149.799988
v -300.200012 0.000001 150.200012
v -300.200012 3.000001 150.200012
v -299.799988 0.000001 150.200012
v -299.799988 3.000001 149.799988
v -299.799988 3.000001 150.200012
v -300.150024 1.350002 130.200012
v -300.150024 1.350001 139.799988
v -299.850037 1.350002 130.200012
v -300.150024 1.050002 130.200012
v -300.150024 1.050001 139.799988
v -299.850037 1.050002 130.200012
v -299.850037 1.350001 139.799988
v -299.850037 1.050001 139.799988
v -300.150024 2.550001 130.200012
v -300.150024 2.550001 139.799988
v -299.850037 2.550001 130.200012
v -300.150024 2.250001 130.200012
v -300.150024 2.250001 139.799988
v -299.850037 2.250001 130.200012
v -299.850037 2.550001 139.799988
v -299.850037 2.250001 139.799988
v -300.200012 0.000001 139.799988
v -300.200012 3.000001 139.799988
v -299.799988 0.000001 139.799988
v -300.200012 0.000001 140.200012
v -300.200012 3.000001 140.200012
v -299.799988 0.000001 140.200012
v -299.799988 3.000001 139.799988
v -299.799988 3.000001 140.200012
v -300.150024 1.350002 120.200012
v -300.150024 1.350001 129.799988
v -299.850037 1.350002 120.200012
v -300.150024 1.050002 120.200012
v -300.150024 1.050001 129.799988
v -299.850037 1.050002 120.200012
v -299.850037 1.350001 129.799988
v -299.850037 1.050001 129.799988
v -300.150024 2.550001 120.200012
v -300.150024 2.550001 129.799988
v -299.850037 2.550001 120.200012
v -300.150024 2.250001 120.200012
v -300.150024 2.250001 129.799988
v -299.850037 2.250001 120.200012
v -299.850037 2.550001 129.799988
v -299.850037 2.250001 129.799988
v -300.200012 0.000001 129.799988
v -300.200012 3.000001 129.799988
v -299.799988 0.000001 129.799988
v -300.200012 0.000001 130.200012
v -300.200012 3.000001 130.200012
v -299.799988 0.000001 130.200012
v -299.799988 3.000001 129.799988
v -299.799988 3.000001 130.200012
v -300.150024 1.350002 110.200012
v -300.150024 1.350001 119.799988
v -299.850037 1.350002 110.200012
v -300.150024 1.050002 110.200012
v -300.150024 1.050001 119.799988
v -299.850037 1.050002 110.200012
v -299.850037 1.350001 119.799988
v -299.850037 1.050001 119.799988
v -300.150024 2.550001 110.200012
v -300.150024 2.550001 119.799988
v -299.850037 2.550001 110.200012
v -300.150024 2.250001 110.200012
v -300.150024 2.250001 119.799988
v -299.850037 2.250001 110.200012
v -299.850037 2.550001 119.799988
v -299.850037 2.250001 119.799988
v -300.200012 0.000001 119.799988
v -300.200012 3.000001 119.799988
v -299.799988 0.000001 119.799988
v -300.200012 0.000001 120.200012
v -300.200012 3.000001 120.200012
v -299.799988 0.000001 120.200012
v -299.799988 3.000001 119.799988
v -299.799988 3.000001 120.200012
v -300.150024 1.350002 100.200012
v -300.150024 1.350001 109.799988
v -299.850037 1.350002 100.200012
v -300.150024 1.050002 100.200012
v -300.150024 1.050001 109.799988
v -299.850037 1.050002 100.200012
v -299.850037 1.350001 109.799988
v -299.850037 1.050001 109.799988
v -300.150024 2.550001 100.200012
v -300.150024 2.550001 109.799988
v -299.850037 2.550001 100.200012
v -300.150024 2.250001 100.200012
v -300.150024 2.250001 109.799988
v -299.850037 2.250001 100.200012
v -299.850037 2.550001 109.799988
v -299.850037 2.250001 109.799988
v -300.200012 0.000001 109.799988
v -300.200012 3.000001 109.799988
v -299.799988 0.000001 109.799988
v -300.200012 0.000001 110.200012
v -300.200012 3.000001 110.200012
v -299.799988 0.000001 110.200012
v -299.799988 3.000001 109.799988
v -299.799988 3.000001 110.200012
v -300.150024 1.350002 90.200012
v -300.150024 1.350001 99.799988
v -299.850037 1.350002 90.200012
v -300.150024 1.050002 90.200012
v -300.150024 1.050001 99.799988
v -299.850037 1.050002 90.200012
v -299.850037 1.350001 99.799988
v -299.850037 1.050001 99.799988
v -300.150024 2.550001 90.200012
v -300.150024 2.550001 99.799988
v -299.850037 2.550001 90.200012
v -300.150024 2.250001 90.200012
v -300.150024 2.250001 99.799988
v -299.850037 2.250001 90.200012
v -299.850037 2.550001 99.799988
v -299.850037 2.250001 99.799988
v -300.200012 0.000001 99.799988
v -300.200012 3.000001 99.799988
v -299.799988 0.000001 99.799988
v -300.200012 0.000001 100.200012
v -300.200012 3.000001 100.200012
v -299.799988 0.000001 100.200012
v -299.799988 3.000001 99.799988
v -299.799988 3.000001 100.200012
v -300.150024 1.350002 80.200012
v -300.150024 1.350001 89.799988
v -299.850037 1.350002 80.200012
v -300.150024 1.050002 80.200012
v -300.150024 1.050001 89.799988
v -299.850037 1.050002 80.200012
v -299.850037 1.350001 89.799988
v -299.850037 1.050001 89.799988
v -300.150024 2.550001 80.200012
v -300.150024 2.550001 89.799988
v -299.850037 2.550001 80.200012
v -300.150024 2.250001 80.200012
v -300.150024 2.250001 89.799988
v -299.850037 2.250001 80.200012
v -299.850037 2.550001 89.799988
v -299.850037 2.250001 89.799988
v -300.200012 0.000001 89.799988
v -300.200012 3.000001 89.799988
v -299.799988 0.000001 89.799988
v -300.200012 0.000001 90.200012
v -300.200012 3.000001 90.200012
v -299.799988 0.000001 90.200012
v -299.799988 3.000001 89.799988
v -299.799988 3.000001 90.200012
v -300.150024 1.350002 70.200012
v -300.150024 1.350001 79.799988
v -299.850037 1.350002 70.200012
v -300.150024 1.050002 70.200012
v -300.150024 1.050001 79.799988
v -299.850037 1.050002 70.200012
v -299.850037 1.350001 79.799988
v -299.850037 1.050001 79.799988
v -300.150024 2.550001 70.200012
v -300.150024 2.550001 79.799988
v -299.850037 2.550001 70.200012
v -300.150024 2.250001 70.200012
v -300.150024 2.250001 79.799988
v -299.850037 2.250001 70.200012
v -299.850037 2.550001 79.799988
v -299.850037 2.250001 79.799988
v -300.200012 0.000001 79.799988
v -300.200012 3.000001 79.799988
v -299.799988 0.000001 79.799988
v -300.200012 0.000001 80.200012
v -300.200012 3.000001 80.200012
v -299.799988 0.000001 80.200012
v -299.799988 3.000001 79.799988
v -299.799988 3.000001 80.200012
v -300.150024 1.350002 60.200012
v -300.150024 1.350001 69.799988
v -299.850037 1.350002 60.200012
v -300.150024 1.050002 60.200012
v -300.150024 1.050001 69.799988
v -299.850037 1.050002 60.200012
v -299.850037 1.350001 69.799988
v -299.850037 1.050001 69.799988
v -300.150024 2.550001 60.200012
v -300.150024 2.550001 69.799988
v -299.850037 2.550001 60.200012
v -300.150024 2.250001 60.200012
v -300.150024 2.250001 69.799988
v -299.850037 2.250001 60.200012
v -299.850037 2.550001 69.799988
v -299.850037 2.250001 69.799988
v -300.200012 0.000001 69.799988
v -300.200012 3.000001 69.799988
v -299.799988 0.000001 69.799988
v -300.200012 0.000001 70.200012
v -300.200012 3.000001 70.200012
v -299.799988 0.000001 70.200012
v -299.799988 3.000001 69.799988
v -299.799988 3.000001 70.200012
v -300.150024 1.350002 50.200012
v -300.150024 1.350001 59.799988
v -299.850037 1.350002 50.200012
v -300.150024 1.050002 50.200012
v -300.150024 1.050001 59.799988
v -299.850037 1.050002 50.200012
v -299.850037 1.350001 59.799988
v -299.850037 1.050001 59.799988
v -300.150024 2.550001 50.200012
v -300.150024 2.550001 59.799988
v -299.850037 2.550001 50.200012
v -300.150024 2.250001 50.200012
v -300.150024 2.250001 59.799988
v -299.850037 2.250001 50.200012
v -299.850037 2.550001 59.799988
v -299.850037 2.250001 59.799988
v -300.200012 0.000001 59.799988
v -300.200012 3.000001 59.799988
v -299.799988 0.000001 59.799988
v -300.200012 0.000001 60.200012
v -300.200012 3.000001 60.200012
v -299.799988 0.000001 60.200012
v -299.799988 3.000001 59.799988
v -299.799988 3.000001 60.200012
v -300.149994 1.350002 40.200012
v -300.150024 1.350001 49.799988
v -299.850006 1.350002 40.200012
v -300.149994 1.050002 40.200012
v -300.150024 1.050001 49.799988
v -299.850006 1.050002 40.200012
v -299.850037 1.350001 49.799988
v -299.850037 1.050001 49.799988
v -300.149994 2.550001 40.200012
v -300.150024 2.550001 49.799988
v -299.850006 2.550001 40.200012
v -300.149994 2.250001 40.200012
v -300.150024 2.250001 49.799988
v -299.850006 2.250001 40.200012
v -299.850037 2.550001 49.799988
v -299.850037 2.250001 49.799988
v -300.200012 0.000001 49.799988
v -300.200012 3.000001 49.799988
v -299.799988 0.000001 49.799988
v -300.200012 0.000001 50.200012
v -300.200012 3.000001 50.200012
v -299.799988 0.000001 50.200012
v -299.799988 3.000001 49.799988
v -299.799988 3.000001 50.200012
v -300.149994 1.350002 30.200043
v -300.149994 1.350001 39.800018
v -299.850006 1.350002 30.200043
v -300.149994 1.050002 30.200043
v -300.149994 1.050001 39.800018
v -299.850006 1.050002 30.200043
v -299.850006 1.350001 39.800018
v -299.850006 1.050001 39.800018
v -300.149994 2.550001 30.200043
v -300.149994 2.550001 39.800018
v -299.850006 2.550001 30.200043
v -300.149994 2.250001 30.200043
v -300.149994 2.250001 39.800018
v -299.850006 2.250001 30.200043
v -299.850006 2.550001 39.800018
v -299.850006 2.250001 39.800018
v -300.199982 0.000001 39.800018
v -300.199982 3.000001 39.800018
v -299.799957 0.000001 39.800018
v -300.199982 0.000001 40.200043
v -300.199982 3.000001 40.200043
v -299.799957 0.000001 40.200043
v -299.799957 3.000001 39.800018
v -299.799957 3.000001 40.200043
v -300.149994 1.350002 20.200043
v -300.149994 1.350001 29.800018
v -299.850006 1.350002 20.200043
v -300.149994 1.050002 20.200043
v -300.149994 1.050001 29.800018
v -299.850006 1.050002 20.200043
v -299.850006 1.350001 29.800018
v -299.850006 1.050001 29.800018
v -300.149994 2.550001 20.200043
v -300.149994 2.550001 29.800018
v -299.850006 2.550001 20.200043
v -300.149994 2.250001 20.200043
v -300.149994 2.250001 29.800018
v -299.850006 2.250001 20.200043
v -299.850006 2.550001 29.800018
v -299.850006 2.250001 29.800018
v -300.199982 0.000001 29.800018
v -300.199982 3.000001 29.800018
v -299.799957 0.000001 29.800018
v -300.199982 0.000001 30.200043
v -300.199982 3.000001 30.200043
v -299.799957 0.000001 30.200043
v -299.799957 3.000001 29.800018
v -299.799957 3.000001 30.200043
v -300.149994 1.350002 10.200043
v -300.149994 1.350001 19.800018
v -299.850006 1.350002 10.200043
v -300.149994 1.050002 10.200043
v -300.149994 1.050001 19.800018
v -299.850006 1.050002 10.200043
v -299.850006 1.350001 19.800018
v -299.850006 1.050001 19.800018
v -300.149994 2.550001 10.200043
v -300.149994 2.550001 19.800018
v -299.850006 2.550001 10.200043
v -300.149994 2.250001 10.200043
v -300.149994 2.250001 19.800018
v -299.850006 2.250001 10.200043
v -299.850006 2.550001 19.800018
v -299.850006 2.250001 19.800018
v -300.199982 0.000001 19.800018
v -300.199982 3.000001 19.800018
v -299.799957 0.000001 19.800018
v -300.199982 0.000001 20.200043
v -300.199982 3.000001 20.200043
v -299.799957 0.000001 20.200043
v -299.799957 3.000001 19.800018
v -299.799957 3.000001 20.200043
v -300.149994 1.350002 0.200043
v -300.149994 1.350001 9.800018
v -299.850006 1.350002 0.200043
v -300.149994 1.050002 0.200043
v -300.149994 1.050001 9.800018
v -299.850006 1.050002 0.200043
v -299.850006 1.350001 9.800018
v -299.850006 1.050001 9.800018
v -300.149994 2.550001 0.200043
v -300.149994 2.550001 9.800018
v -299.850006 2.550001 0.200043
v -300.149994 2.250001 0.200043
v -300.149994 2.250001 9.800018
v -299.850006 2.250001 0.200043
v -299.850006 2.550001 9.800018
v -299.850006 2.250001 9.800018
v -300.199982 0.000001 9.800018
v -300.199982 3.000001 9.800018
v -299.799957 0.000001 9.800018
v -300.199982 0.000001 10.200043
v -300.199982 3.000001 10.200043
v -299.799957 0.000001 10.200043
v -299.799957 3.000001 9.800018
v -299.799957 3.000001 10.200043
v -300.149994 1.350002 -9.799957
v -300.149994 1.350001 -0.199982
v -299.850006 1.350002 -9.799957
v -300.149994 1.050002 -9.799957
v -300.149994 1.050001 -0.199982
v -299.850006 1.050002 -9.799957
v -299.850006 1.350001 -0.199982
v -299.850006 1.050001 -0.199982
v -300.149994 2.550001 -9.799957
v -300.149994 2.550001 -0.199982
v -299.850006 2.550001 -9.799957
v -300.149994 2.250001 -9.799957
v -300.149994 2.250001 -0.199982
v -299.850006 2.250001 -9.799957
v -299.850006 2.550001 -0.199982
v -299.850006 2.250001 -0.199982
v -300.199982 0.000001 -0.199982
v -300.199982 3.000001 -0.199982
v -299.799957 0.000001 -0.199982
v -300.199982 0.000001 0.200043
v -300.199982 3.000001 0.200043
v -299.799957 0.000001 0.200043
v -299.799957 3.000001 -0.199982
v -299.799957 3.000001 0.200043
v -300.149994 1.350002 -19.799957
v -300.149994 1.350001 -10.199982
v -299.850006 1.350002 -19.799957
v -300.149994 1.050002 -19.799957
v -300.149994 1.050001 -10.199982
v -299.850006 1.050002 -19.799957
v -299.850006 1.350001 -10.199982
v -299.850006 1.050001 -10.199982
v -300.149994 2.550001 -19.799957
v -300.149994 2.550001 -10.199982
v -299.850006 2.550001 -19.799957
v -300.149994 2.250001 -19.799957
v -300.149994 2.250001 -10.199982
v -299.850006 2.250001 -19.799957
v -299.850006 2.550001 -10.199982
v -299.850006 2.250001 -10.199982
v -300.199982 0.000001 -10.199982
v -300.199982 3.000001 -10.199982
v -299.799957 0.000001 -10.199982
v -300.199982 0.000001 -9.799957
v -300.199982 3.000001 -9.799957
v -299.799957 0.000001 -9.799957
v -299.799957 3.000001 -10.199982
v -299.799957 3.000001 -9.799957
v -300.149994 1.350002 -29.799957
v -300.149994 1.350001 -20.199982
v -299.850006 1.350002 -29.799957
v -300.149994 1.050002 -29.799957
v -300.149994 1.050001 -20.199982
v -299.850006 1.050002 -29.799957
v -299.850006 1.350001 -20.199982
v -299.850006 1.050001 -20.199982
v -300.149994 2.550001 -29.799957
v -300.149994 2.550001 -20.199982
v -299.850006 2.550001 -29.799957
v -300.149994 2.250001 -29.799957
v -300.149994 2.250001 -20.199982
v -299.850006 2.250001 -29.799957
v -299.850006 2.550001 -20.199982
v -299.850006 2.250001 -20.199982
v -300.199982 0.000001 -20.199982
v -300.199982 3.000001 -20.199982
v -299.799957 0.000001 -20.199982
v -300.199982 0.000001 -19.799957
v -300.199982 3.000001 -19.799957
v -299.799957 0.000001 -19.799957
v -299.799957 3.000001 -20.199982
v -299.799957 3.000001 -19.799957
v -300.149994 1.350002 -39.799957
v -300.149994 1.350001 -30.199982
v -299.850006 1.350002 -39.799957
v -300.149994 1.050002 -39.799957
v -300.149994 1.050001 -30.199982
v -299.850006 1.050002 -39.799957
v -299.850006 1.350001 -30.199982
v -299.850006 1.050001 -30.199982
v -300.149994 2.550001 -39.799957
v -300.149994 2.550001 -30.199982
v -299.850006 2.550001 -39.799957
v -300.149994 2.250001 -39.799957
v -300.149994 2.250001 -30.199982
v -299.850006 2.250001 -39.799957
v -299.850006 2.550001 -30.199982
v -299.850006 2.250001 -30.199982
v -300.199982 0.000001 -30.199982
v -300.199982 3.000001 -30.199982
v -299.799957 0.000001 -30.199982
v -300.199982 0.000001 -29.799957
v -300.199982 3.000001 -29.799957
v -299.799957 0.000001 -29.799957
v -299.799957 3.000001 -30.199982
v -299.799957 3.000001 -29.799957
v -300.149994 1.350002 -49.799957
v -300.149994 1.350001 -40.199982
v -299.850006 1.350002 -49.799957
v -300.149994 1.050002 -49.799957
v -300.149994 1.050001 -40.199982
v -299.850006 1.050002 -49.799957
v -299.850006 1.350001 -40.199982
v -299.850006 1.050001 -40.199982
v -300.149994 2.550001 -49.799957
v -300.149994 2.550001 -40.199982
v -299.850006 2.550001 -49.799957
v -300.149994 2.250001 -49.799957
v -300.149994 2.250001 -40.199982
v -299.850006 2.250001 -49.799957
v -299.850006 2.550001 -40.199982
v -299.850006 2.250001 -40.199982
v -300.199982 0.000001 -40.199982
v -300.199982 3.000001 -40.199982
v -299.799957 0.000001 -40.199982
v -300.199982 0.000001 -39.799957
v -300.199982 3.000001 -39.799957
v -299.799957 0.000001 -39.799957
v -299.799957 3.000001 -40.199982
v -299.799957 3.000001 -39.799957
v -300.149994 1.350002 -59.799957
v -300.149994 1.350001 -50.199982
v -299.850006 1.350002 -59.799957
v -300.149994 1.050002 -59.799957
v -300.149994 1.050001 -50.199982
v -299.850006 1.050002 -59.799957
v -299.850006 1.350001 -50.199982
v -299.850006 1.050001 -50.199982
v -300.149994 2.550001 -59.799957
v -300.149994 2.550001 -50.199982
v -299.850006 2.550001 -59.799957
v -300.149994 2.250001 -59.799957
v -300.149994 2.250001 -50.199982
v -299.850006 2.250001 -59.799957
v -299.850006 2.550001 -50.199982
v -299.850006 2.250001 -50.199982
v -300.199982 0.000001 -50.199982
v -300.199982 3.000001 -50.199982
v -299.799957 0.000001 -50.199982
v -300.199982 0.000001 -49.799957
v -300.199982 3.000001 -49.799957
v -299.799957 0.000001 -49.799957
v -299.799957 3.000001 -50.199982
v -299.799957 3.000001 -49.799957
v -300.149994 1.350002 -69.799957
v -300.149994 1.350001 -60.199982
v -299.850006 1.350002 -69.799957
v -300.149994 1.050002 -69.799957
v -300.149994 1.050001 -60.199982
v -299.850006 1.050002 -69.799957
v -299.850006 1.350001 -60.199982
v -299.850006 1.050001 -60.199982
v -300.149994 2.550001 -69.799957
v -300.149994 2.550001 -60.199982
v -299.850006 2.550001 -69.799957
v -300.149994 2.250001 -69.799957
v -300.149994 2.250001 -60.199982
v -299.850006 2.250001 -69.799957
v -299.850006 2.550001 -60.199982
v -299.850006 2.250001 -60.199982
v -300.199982 0.000001 -60.199982
v -300.199982 3.000001 -60.199982
v -299.799957 0.000001 -60.199982
v -300.199982 0.000001 -59.799957
v -300.199982 3.000001 -59.799957
v -299.799957 0.000001 -59.799957
v -299.799957 3.000001 -60.199982
v -299.799957 3.000001 -59.799957
v -300.149994 1.350002 -79.799957
v -300.149994 1.350001 -70.199982
v -299.850006 1.350002 -79.799957
v -300.149994 1.050002 -79.799957
v -300.149994 1.050001 -70.199982
v -299.850006 1.050002 -79.799957
v -299.850006 1.350001 -70.199982
v -299.850006 1.050001 -70.199982
v -300.149994 2.550001 -79.799957
v -300.149994 2.550001 -70.199982
v -299.850006 2.550001 -79.799957
v -300.149994 2.250001 -79.799957
v -300.149994 2.250001 -70.199982
v -299.850006 2.250001 -79.799957
v -299.850006 2.550001 -70.199982
v -299.850006 2.250001 -70.199982
v -300.199982 0.000001 -70.199982
v -300.199982 3.000001 -70.199982
v -299.799957 0.000001 -70.199982
v -300.199982 0.000001 -69.799957
v -300.199982 3.000001 -69.799957
v -299.799957 0.000001 -69.799957
v -299.799957 3.000001 -70.199982
v -299.799957 3.000001 -69.799957
v -300.149994 1.350002 -89.799957
v -300.149994 1.350001 -80.199982
v -299.850006 1.350002 -89.799957
v -300.149994 1.050002 -89.799957
v -300.149994 1.050001 -80.199982
v -299.850006 1.050002 -89.799957
v -299.850006 1.350001 -80.199982
v -299.850006 1.050001 -80.199982
v -300.149994 2.550001 -89.799957
v -300.149994 2.550001 -80.199982
v -299.850006 2.550001 -89.799957
v -300.149994 2.250001 -89.799957
v -300.149994 2.250001 -80.199982
v -299.850006 2.250001 -89.799957
v -299.850006 2.550001 -80.199982
v -299.850006 2.250001 -80.199982
v -300.199982 0.000001 -80.199982
v -300.199982 3.000001 -80.199982
v -299.799957 0.000001 -80.199982
v -300.199982 0.000001 -79.799957
v -300.199982 3.000001 -79.799957
v -299.799957 0.000001 -79.799957
v -299.799957 3.000001 -80.199982
v -299.799957 3.000001 -79.799957
v -300.149994 1.350002 -99.799957
v -300.149994 1.350001 -90.199982
v -299.850006 1.350002 -99.799957
v -300.149994 1.050002 -99.799957
v -300.149994 1.050001 -90.199982
v -299.850006 1.050002 -99.799957
v -299.850006 1.350001 -90.199982
v -299.850006 1.050001 -90.199982
v -300.149994 2.550001 -99.799957
v -300.149994 2.550001 -90.199982
v -299.850006 2.550001 -99.799957
v -300.149994 2.250001 -99.799957
v -300.149994 2.250001 -90.199982
v -299.850006 2.250001 -99.799957
v -299.850006 2.550001 -90.199982
v -299.850006 2.250001 -90.199982
v -300.199982 0.000001 -90.199982
v -300.199982 3.000001 -90.199982
v -299.799957 0.000001 -90.199982
v -300.199982 0.000001 -89.799957
v -300.199982 3.000001 -89.799957
v -299.799957 0.000001 -89.799957
v -299.799957 3.000001 -90.199982
v -299.799957 3.000001 -89.799957
v -300.149994 1.350002 -109.799957
v -300.149994 1.350001 -100.199982
v -299.850006 1.350002 -109.799957
v -300.149994 1.050002 -109.799957
v -300.149994 1.050001 -100.199982
v -299.850006 1.050002 -109.799957
v -299.850006 1.350001 -100.199982
v -299.850006 1.050001 -100.199982
v -300.149994 2.550001 -109.799957
v -300.149994 2.550001 -100.199982
v -299.850006 2.550001 -109.799957
v -300.149994 2.250001 -109.799957
v -300.149994 2.250001 -100.199982
v -299.850006 2.250001 -109.799957
v -299.850006 2.550001 -100.199982
v -299.850006 2.250001 -100.199982
v -300.199982 0.000001 -100.199982
v -300.199982 3.000001 -100.199982
v -299.799957 0.000001 -100.199982
v -300.199982 0.000001 -99.799957
v -300.199982 3.000001 -99.799957
v -299.799957 0.000001 -99.799957
v -299.799957 3.000001 -100.199982
v -299.799957 3.000001 -99.799957
v -300.149994 1.350002 -119.799957
v -300.149994 1.350001 -110.199982
v -299.850006 1.350002 -119.799957
v -300.149994 1.050002 -119.799957
v -300.149994 1.050001 -110.199982
v -299.850006 1.050002 -119.799957
v -299.850006 1.350001 -110.199982
v -299.850006 1.050001 -110.199982
v -300.149994 2.550001 -119.799957
v -300.149994 2.550001 -110.199982
v -299.850006 2.550001 -119.799957
v -300.149994 2.250001 -119.799957
v -300.149994 2.250001 -110.199982
v -299.850006 2.250001 -119.799957
v -299.850006 2.550001 -110.199982
v -299.850006 2.250001 -110.199982
v -300.199982 0.000001 -110.199982
v -300.199982 3.000001 -110.199982
v -299.799957 0.000001 -110.199982
v -300.199982 0.000001 -109.799957
v -300.199982 3.000001 -109.799957
v -299.799957 0.000001 -109.799957
v -299.799957 3.000001 -110.199982
v -299.799957 3.000001 -109.799957
v -300.149994 1.350002 -129.799957
v -300.149994 1.350001 -120.199982
v -299.850006 1.350002 -129.799957
v -300.149994 1.050002 -129.799957
v -300.149994 1.050001 -120.199982
v -299.850006 1.050002 -129.799957
v -299.850006 1.350001 -120.199982
v -299.850006 1.050001 -120.199982
v -300.149994 2.550001 -129.799957
v -300.149994 2.550001 -120.199982
v -299.850006 2.550001 -129.799957
v -300.149994 2.250001 -129.799957
v -300.149994 2.250001 -120.199982
v -299.850006 2.250001 -129.799957
v -299.850006 2.550001 -120.199982
v -299.850006 2.250001 -120.199982
v -300.199982 0.000001 -120.199982
v -300.199982 3.000001 -120.199982
v -299.799957 0.000001 -120.199982
v -300.199982 0.000001 -119.799957
v -300.199982 3.000001 -119.799957
v -299.799957 0.000001 -119.799957
v -299.799957 3.000001 -120.199982
v -299.799957 3.000001 -119.799957
v -300.149994 1.350002 -139.799957
v -300.149994 1.350001 -130.199982
v -299.850006 1.350002 -139.799957
v -300.149994 1.050002 -139.799957
v -300.149994 1.050001 -130.199982
v -299.850006 1.050002 -139.799957
v -299.850006 1.350001 -130.199982
v -299.850006 1.050001 -130.199982
v -300.149994 2.550001 -139.799957
v -300.149994 2.550001 -130.199982
v -299.850006 2.550001 -139.799957
v -300.149994 2.250001 -139.799957
v -300.149994 2.250001 -130.199982
v -299.850006 2.250001 -139.799957
v -299.850006 2.550001 -130.199982
v -299.850006 2.250001 -130.199982
v -300.199982 0.000001 -130.199982
v -300.199982 3.000001 -130.199982
v -299.799957 0.000001 -130.199982
v -300.199982 0.000001 -129.799957
v -300.199982 3.000001 -129.799957
v -299.799957 0.000001 -129.799957
v -299.799957 3.000001 -130.199982
v -299.799957 3.000001 -129.799957
v -300.149994 1.350002 -149.799957
v -300.149994 1.350001 -140.199982
v -299.850006 1.350002 -149.799957
v -300.149994 1.050002 -149.799957
v -300.149994 1.050001 -140.199982
v -299.850006 1.050002 -149.799957
v -299.850006 1.350001 -140.199982
v -299.850006 1.050001 -140.199982
v -300.149994 2.550001 -149.799957
v -300.149994 2.550001 -140.199982
v -299.850006 2.550001 -149.799957
v -300.149994 2.250001 -149.799957
v -300.149994 2.250001 -140.199982
v -299.850006 2.250001 -149.799957
v -299.850006 2.550001 -140.199982
v -299.850006 2.250001 -140.199982
v -300.199982 0.000001 -140.199982
v -300.199982 3.000001 -140.199982
v -299.799957 0.000001 -140.199982
v -300.199982 0.000001 -139.799957
v -300.199982 3.000001 -139.799957
v -299.799957 0.000001 -139.799957
v -299.799957 3.000001 -140.199982
v -299.799957 3.000001 -139.799957
v -300.149994 1.350002 -159.799957
v -300.149994 1.350001 -150.199982
v -299.850006 1.350002 -159.799957
v -300.149994 1.050002 -159.799957
v -300.149994 1.050001 -150.199982
v -299.850006 1.050002 -159.799957
v -299.850006 1.350001 -150.199982
v -299.850006 1.050001 -150.199982
v -300.149994 2.550001 -159.799957
v -300.149994 2.550001 -150.199982
v -299.850006 2.550001 -159.799957
v -300.149994 2.250001 -159.799957
v -300.149994 2.250001 -150.199982
v -299.850006 2.250001 -159.799957
v -299.850006 2.550001 -150.199982
v -299.850006 2.250001 -150.199982
v -300.199982 0.000001 -150.199982
v -300.199982 3.000001 -150.199982
v -299.799957 0.000001 -150.199982
v -300.199982 0.000001 -149.799957
v -300.199982 3.000001 -149.799957
v -299.799957 0.000001 -149.799957
v -299.799957 3.000001 -150.199982
v -299.799957 3.000001 -149.799957
v -300.149994 1.350002 -169.799957
v -300.149994 1.350001 -160.199982
v -299.850006 1.350002 -169.799957
v -300.149994 1.050002 -169.799957
v -300.149994 1.050001 -160.199982
v -299.850006 1.050002 -169.799957
v -299.850006 1.350001 -160.199982
v -299.850006 1.050001 -160.199982
v -300.149994 2.550001 -169.799957
v -300.149994 2.550001 -160.199982
v -299.850006 2.550001 -169.799957
v -300.149994 2.250001 -169.799957
v -300.149994 2.250001 -160.199982
v -299.850006 2.250001 -169.799957
v -299.850006 2.550001 -160.199982
v -299.850006 2.250001 -160.199982
v -300.199982 0.000001 -160.199982
v -300.199982 3.000001 -160.199982
v -299.799957 0.000001 -160.199982
v -300.199982 0.000001 -159.799957
v -300.199982 3.000001 -159.799957
v -299.799957 0.000001 -159.799957
v -299.799957 3.000001 -160.199982
v -299.799957 3.000001 -159.799957
v -300.149994 1.350002 -179.799957
v -300.149994 1.350001 -170.199982
v -299.850006 1.350002 -179.799957
v -300.149994 1.050002 -179.799957
v -300.149994 1.050001 -170.199982
v -299.850006 1.050002 -179.799957
v -299.850006 1.350001 -170.199982
v -299.850006 1.050001 -170.199982
v -300.149994 2.550001 -179.799957
v -300.149994 2.550001 -170.199982
v -299.850006 2.550001 -179.799957
v -300.149994 2.250001 -179.799957
v -300.149994 2.250001 -170.199982
v -299.850006 2.250001 -179.799957
v -299.850006 2.550001 -170.199982
v -299.850006 2.250001 -170.199982
v -300.199982 0.000001 -170.199982
v -300.199982 3.000001 -170.199982
v -299.799957 0.000001 -170.199982
v -300.199982 0.000001 -169.799957
v -300.199982 3.000001 -169.799957
v -299.799957 0.000001 -169.799957
v -299.799957 3.000001 -170.199982
v -299.799957 3.000001 -169.799957
v -300.149994 1.350002 -189.799957
v -300.149994 1.350001 -180.199982
v -299.850006 1.350002 -189.799957
v -300.149994 1.050002 -189.799957
v -300.149994 1.050001 -180.199982
v -299.850006 1.050002 -189.799957
v -299.850006 1.350001 -180.199982
v -299.850006 1.050001 -180.199982
v -300.149994 2.550001 -189.799957
v -300.149994 2.550001 -180.199982
v -299.850006 2.550001 -189.799957
v -300.149994 2.250001 -189.799957
v -300.149994 2.250001 -180.199982
v -299.850006 2.250001 -189.799957
v -299.850006 2.550001 -180.199982
v -299.850006 2.250001 -180.199982
v -300.199982 0.000001 -180.199982
v -300.199982 3.000001 -180.199982
v -299.799957 0.000001 -180.199982
v -300.199982 0.000001 -179.799957
v -300.199982 3.000001 -179.799957
v -299.799957 0.000001 -179.799957
v -299.799957 3.000001 -180.199982
v -299.799957 3.000001 -179.799957
v -300.149994 1.350002 -199.799957
v -300.149994 1.350001 -190.199982
v -299.850006 1.350002 -199.799957
v -300.149994 1.050002 -199.799957
v -300.149994 1.050001 -190.199982
v -299.850006 1.050002 -199.799957
v -299.850006 1.350001 -190.199982
v -299.850006 1.050001 -190.199982
v -300.149994 2.550001 -199.799957
v -300.149994 2.550001 -190.199982
v -299.850006 2.550001 -199.799957
v -300.149994 2.250001 -199.799957
v -300.149994 2.250001 -190.199982
v -299.850006 2.250001 -199.799957
v -299.850006 2.550001 -190.199982
v -299.850006 2.250001 -190.199982
v -300.199982 0.000001 -190.199982
v -300.199982 3.000001 -190.199982
v -299.799957 0.000001 -190.199982
v -300.199982 0.000001 -189.799957
v -300.199982 3.000001 -189.799957
v -299.799957 0.000001 -189.799957
v -299.799957 3.000001 -190.199982
v -299.799957 3.000001 -189.799957
v -300.149994 1.350002 -209.799957
v -300.149994 1.350001 -200.199982
v -299.850006 1.350002 -209.799957
v -300.149994 1.050002 -209.799957
v -300.149994 1.050001 -200.199982
v -299.850006 1.050002 -209.799957
v -299.850006 1.350001 -200.199982
v -299.850006 1.050001 -200.199982
v -300.149994 2.550001 -209.799957
v -300.149994 2.550001 -200.199982
v -299.850006 2.550001 -209.799957
v -300.149994 2.250001 -209.799957
v -300.149994 2.250001 -200.199982
v -299.850006 2.250001 -209.799957
v -299.850006 2.550001 -200.199982
v -299.850006 2.250001 -200.199982
v -300.199982 0.000001 -200.199982
v -300.199982 3.000001 -200.199982
v -299.799957 0.000001 -200.199982
v -300.199982 0.000001 -199.799957
v -300.199982 3.000001 -199.799957
v -299.799957 0.000001 -199.799957
v -299.799957 3.000001 -200.199982
v -299.799957 3.000001 -199.799957
v -300.149994 1.350002 -219.799927
v -300.149994 1.350001 -210.199982
v -299.850006 1.350002 -219.799927
v -300.149994 1.050002 -219.799927
v -300.149994 1.050001 -210.199982
v -299.850006 1.050002 -219.799927
v -299.850006 1.350001 -210.199982
v -299.850006 1.050001 -210.199982
v -300.149994 2.550001 -219.799927
v -300.149994 2.550001 -210.199982
v -299.850006 2.550001 -219.799927
v -300.149994 2.250001 -219.799927
v -300.149994 2.250001 -210.199982
v -299.850006 2.250001 -219.799927
v -299.850006 2.550001 -210.199982
v -299.850006 2.250001 -210.199982
v -300.199982 0.000001 -210.199982
v -300.199982 3.000001 -210.199982
v -299.799957 0.000001 -210.199982
v -300.199982 0.000001 -209.799957
v -300.199982 3.000001 -209.799957
v -299.799957 0.000001 -209.799957
v -299.799957 3.000001 -210.199982
v -299.799957 3.000001 -209.799957
v -300.149994 1.350002 -229.799927
v -300.149994 1.350001 -220.199951
v -299.850006 1.350002 -229.799927
v -300.149994 1.050002 -229.799927
v -300.149994 1.050001 -220.199951
v -299.850006 1.050002 -229.799927
v -299.850006 1.350001 -220.199951
v -299.850006 1.050001 -220.199951
v -300.149994 2.550001 -229.799927
v -300.149994 2.550001 -220.199951
v -299.850006 2.550001 -229.799927
v -300.149994 2.250001 -229.799927
v -300.149994 2.250001 -220.199951
v -299.850006 2.250001 -229.799927
v -299.850006 2.550001 -220.199951
v -299.850006 2.250001 -220.199951
v -300.199982 0.000001 -220.199951
v -300.199982 3.000001 -220.199951
v -299.799957 0.000001 -220.199951
v -300.199982 0.000001 -219.799927
v -300.199982 3.000001 -219.799927
v -299.799957 0.000001 -219.799927
v -299.799957 3.000001 -220.199951
v -299.799957 3.000001 -219.799927
v -300.149994 1.350002 -239.799927
v -300.149994 1.350001 -230.199951
v -299.850006 1.350002 -239.799927
v -300.149994 1.050002 -239.799927
v -300.149994 1.050001 -230.199951
v -299.850006 1.050002 -239.799927
v -299.850006 1.350001 -230.199951
v -299.850006 1.050001 -230.199951
v -300.149994 2.550001 -239.799927
v -300.149994 2.550001 -230.199951
v -299.850006 2.550001 -239.799927
v -300.149994 2.250001 -239.799927
v -300.149994 2.250001 -230.199951
v -299.850006 2.250001 -239.799927
v -299.850006 2.550001 -230.199951
v -299.850006 2.250001 -230.199951
v -300.199982 0.000001 -230.199951
v -300.199982 3.000001 -230.199951
v -299.799957 0.000001 -230.199951
v -300.199982 0.000001 -229.799927
v -300.199982 3.000001 -229.799927
v -299.799957 0.000001 -229.799927
v -299.799957 3.000001 -230.199951
v -299.799957 3.000001 -229.799927
v -300.149994 1.350002 -249.799927
v -300.149994 1.350001 -240.199951
v -299.850006 1.350002 -249.799927
v -300.149994 1.050002 -249.799927
v -300.149994 1.050001 -240.199951
v -299.850006 1.050002 -249.799927
v -299.850006 1.350001 -240.199951
v -299.850006 1.050001 -240.199951
v -300.149994 2.550001 -249.799927
v -300.149994 2.550001 -240.199951
v -299.850006 2.550001 -249.799927
v -300.149994 2.250001 -249.799927
v -300.149994 2.250001 -240.199951
v -299.850006 2.250001 -249.799927
v -299.850006 2.550001 -240.199951
v -299.850006 2.250001 -240.199951
v -300.199982 0.000001 -240.199951
v -300.199982 3.000001 -240.199951
v -299.799957 0.000001 -240.199951
v -300.199982 0.000001 -239.799927
v -300.199982 3.000001 -239.799927
v -299.799957 0.000001 -239.799927
v -299.799957 3.000001 -240.199951
v -299.799957 3.000001 -239.799927
v -300.149994 1.350002 -259.799927
v -300.149994 1.350001 -250.199951
v -299.850006 1.350002 -259.799927
v -300.149994 1.050002 -259.799927
v -300.149994 1.050001 -250.199951
v -299.850006 1.050002 -259.799927
v -299.850006 1.350001 -250.199951
v -299.850006 1.050001 -250.199951
v -300.149994 2.550001 -259.799927
v -300.149994 2.550001 -250.199951
v -299.850006 2.550001 -259.799927
v -300.149994 2.250001 -259.799927
v -300.149994 2.250001 -250.199951
v -299.850006 2.250001 -259.799927
v -299.850006 2.550001 -250.199951
v -299.850006 2.250001 -250.199951
v -300.199982 0.000001 -250.199951
v -300.199982 3.000001 -250.199951
v -299.799957 0.000001 -250.199951
v -300.199982 0.000001 -249.799927
v -300.199982 3.000001 -249.799927
v -299.799957 0.000001 -249.799927
v -299.799957 3.000001 -250.199951
v -299.799957 3.000001 -249.799927
v -300.149994 1.350002 -269.799927
v -300.149994 1.350001 -260.199951
v -299.850006 1.350002 -269.799927
v -300.149994 1.050002 -269.799927
v -300.149994 1.050001 -260.199951
v -299.850006 1.050002 -269.799927
v -299.850006 1.350001 -260.199951
v -299.850006 1.050001 -260.199951
v -300.149994 2.550001 -269.799927
v -300.149994 2.550001 -260.199951
v -299.850006 2.550001 -269.799927
v -300.149994 2.250001 -269.799927
v -300.149994 2.250001 -260.199951
v -299.850006 2.250001 -269.799927
v -299.850006 2.550001 -260.199951
v -299.850006 2.250001 -260.199951
v -300.199982 0.000001 -260.199951
v -300.199982 3.000001 -260.199951
v -299.799957 0.000001 -260.199951
v -300.199982 0.000001 -259.799927
v -300.199982 3.000001 -259.799927
v -299.799957 0.000001 -259.799927
v -299.799957 3.000001 -260.199951
v -299.799957 3.000001 -259.799927
v -300.149994 1.350002 -279.799927
v -300.149994 1.350001 -270.199951
v -299.850006 1.350002 -279.799927
v -300.149994 1.050002 -279.799927
v -300.149994 1.050001 -270.199951
v -299.850006 1.050002 -279.799927
v -299.850006 1.350001 -270.199951
v -299.850006 1.050001 -270.199951
v -300.149994 2.550001 -279.799927
v -300.149994 2.550001 -270.199951
v -299.850006 2.550001 -279.799927
v -300.149994 2.250001 -279.799927
v -300.149994 2.250001 -270.199951
v -299.850006 2.250001 -279.799927
v -299.850006 2.550001 -270.199951
v -299.850006 2.250001 -270.199951
v -300.199982 0.000001 -270.199951
v -300.199982 3.000001 -270.199951
v -299.799957 0.000001 -270.199951
v -300.199982 0.000001 -269.799927
v -300.199982 3.000001 -269.799927
v -299.799957 0.000001 -269.799927
v -299.799957 3.000001 -270.199951
v -299.799957 3.000001 -269.799927
v -300.149994 1.350002 -289.799927
v -300.149994 1.350001 -280.199951
v -299.850006 1.350002 -289.799927
v -300.149994 1.050002 -289.799927
v -300.149994 1.050001 -280.199951
v -299.850006 1.050002 -289.799927
v -299.850006 1.350001 -280.199951
v -299.850006 1.050001 -280.199951
v -300.149994 2.550001 -289.799927
v -300.149994 2.550001 -280.199951
v -299.850006 2.550001 -289.799927
v -300.149994 2.250001 -289.799927
v -300.149994 2.250001 -280.199951
v -299.850006 2.250001 -289.799927
v -299.850006 2.550001 -280.199951
v -299.850006 2.250001 -280.199951
v -300.199982 0.000001 -280.199951
v -300.199982 3.000001 -280.199951
v -299.799957 0.000001 -280.199951
v -300.199982 0.000001 -279.799927
v -300.199982 3.000001 -279.799927
v -299.799957 0.000001 -279.799927
v -299.799957 3.000001 -280.199951
v -299.799957 3.000001 -279.799927
v -300.149994 1.350002 -299.799927
v -300.149994 1.350001 -290.199951
v -299.850006 1.350002 -299.799927
v -300.149994 1.050002 -299.799927
v -300.149994 1.050001 -290.199951
v -299.850006 1.050002 -299.799927
v -299.850006 1.350001 -290.199951
v -299.850006 1.050001 -290.199951
v -300.149994 2.550001 -299.799927
v -300.149994 2.550001 -290.199951
v -299.850006 2.550001 -299.799927
v -300.149994 2.250001 -299.799927
v -300.149994 2.250001 -290.199951
v -299.850006 2.250001 -299.799927
v -299.850006 2.550001 -290.199951
v -299.850006 2.250001 -290.199951
v -300.199982 0.000001 -290.199951
v -300.199982 3.000001 -290.199951
v -299.799957 0.000001 -290.199951
v -300.199982 0.000001 -289.799927
v -300.199982 3.000001 -289.799927
v -299.799957 0.000001 -289.799927
v -299.799957 3.000001 -290.199951
v -299.799957 3.000001 -289.799927
vn -0.0000 -0.0000 -1.0000
vn -0.0000 1.0000 -0.0000
vn 1.0000 -0.0000 -0.0000
vn -0.0000 -0.0000 1.0000
vn -0.0000 -1.0000 -0.0000
vn -1.0000 -0.0000 -0.0000
vt 0.212603 0.348798
vt 0.212603 0.353151
vt 0.208250 0.353151
vt 0.212603 0.335738
vt 0.208250 0.340091
vt 0.208250 0.335738
vt 0.208250 0.344445
vt 0.203896 0.348798
vt 0.203896 0.344445
vt 0.208250 0.348798
vt 0.212603 0.340091
vt 0.212603 0.344445
vt 0.216957 0.344445
vt 0.216957 0.348798
vt 0.194305 0.348798
vt 0.194305 0.353151
vt 0.189952 0.353151
vt 0.194305 0.335738
vt 0.189952 0.340091
vt 0.189952 0.335738
vt 0.189952 0.344445
vt 0.185598 0.348798
vt 0.185598 0.344445
vt 0.189952 0.348798
vt 0.194305 0.340091
vt 0.194305 0.344445
vt 0.198659 0.344445
vt 0.198659 0.348798
vt 0.230165 0.347325
vt 0.230165 0.350205
vt 0.227285 0.350205
vt 0.230165 0.338684
vt 0.227285 0.341564
vt 0.227285 0.338684
vt 0.227285 0.344445
vt 0.224404 0.347325
vt 0.224404 0.344445
vt 0.227285 0.347325
vt 0.230165 0.341564
vt 0.230165 0.344445
vt 0.233045 0.344445
vt 0.233045 0.347325
s 0
usemtl マテリアル
f 5/1/1 2/2/1 1/3/1
f 2/4/2 3/5/2 1/6/2
f 6/7/3 1/8/3 3/9/3
f 6/7/3 4/10/3 1/8/3
f 5/1/1 1/3/1 4/10/1
f 7/11/4 6/7/4 3/5/4
f 7/11/4 8/12/4 6/7/4
f 8/12/5 4/10/5 6/7/5
f 7/13/6 5/1/6 8/12/6
f 8/12/5 5/1/5 4/10/5
f 7/13/6 2/14/6 5/1/6
f 2/4/2 7/11/2 3/5/2
f 13/15/1 10/16/1 9/17/1
f 10/18/2 11/19/2 9/20/2
f 14/21/3 9/22/3 11/23/3
f 14/21/3 12/24/3 9/22/3
f 13/15/1 9/17/1 12/24/1
f 15/25/4 14/21/4 11/19/4
f 15/25/4 16/26/4 14/21/4
f 16/26/5 12/24/5 14/21/5
f 15/27/6 13/15/6 16/26/6
f 16/26/5 13/15/5 12/24/5
f 15/27/6 10/28/6 13/15/6
f 10/18/2 15/25/2 11/19/2
f 21/29/1 18/30/1 17/31/1
f 18/32/3 19/33/3 17/34/3
f 22/35/5 17/36/5 19/37/5
f 22/35/5 20/38/5 17/36/5
f 21/29/1 17/31/1 20/38/1
f 23/39/4 22/35/4 19/33/4
f 23/39/4 24/40/4 22/35/4
f 24/40/6 20/38/6 22/35/6
f 23/41/2 21/29/2 24/40/2
f 24/40/6 21/29/6 20/38/6
f 23/41/2 18/42/2 21/29/2
f 18/32/3 23/39/3 19/33/3
f 29/1/1 26/2/1 25/3/1
f 26/4/2 27/5/2 25/6/2
f 30/7/3 25/8/3 27/9/3
f 30/7/3 28/10/3 25/8/3
f 29/1/1 25/3/1 28/10/1
f 31/11/4 30/7/4 27/5/4
f 31/11/4 32/12/4 30/7/4
f 32/12/5 28/10/5 30/7/5
f 31/13/6 29/1/6 32/12/6
f 32/12/5 29/1/5 28/10/5
f 31/13/6 26/14/6 29/1/6
f 26/4/2 31/11/2 27/5/2
f 37/15/1 34/16/1 33/17/1
f 34/18/2 35/19/2 33/20/2
f 38/21/3 33/22/3 35/23/3
f 38/21/3 36/24/3 33/22/3
f 37/15/1 33/17/1 36/24/1
f 39/25/4 38/21/4 35/19/4
f 39/25/4 40/26/4 38/21/4
f 40/26/5 36/24/5 38/21/5
f 39/27/6 37/15/6 40/26/6
f 40/26/5 37/15/5 36/24/5
f 39/27/6 34/28/6 37/15/6
f 34/18/2 39/25/2 35/19/2
f 45/29/1 42/30/1 41/31/1
f 42/32/3 43/33/3 41/34/3
f 46/35/5 41/36/5 43/37/5
f 46/35/5 44/38/5 41/36/5
f 45/29/1 41/31/1 44/38/1
f 47/39/4 46/35/4 43/33/4
f 47/39/4 48/40/4 46/35/4
f 48/40/6 44/38/6 46/35/6
f 47/41/2 45/29/2 48/40/2
f 48/40/6 45/29/6 44/38/6
f 47/41/2 42/42/2 45/29/2
f 42/32/3 47/39/3 43/33/3
f 53/1/1 50/2/1 49/3/1
f 50/4/2 51/5/2 49/6/2
f 54/7/3 49/8/3 51/9/3
f 54/7/3 52/10/3 49/8/3
f 53/1/1 49/3/1 52/10/1
f 55/11/4 54/7/4 51/5/4
f 55/11/4 56/12/4 54/7/4
f 56/12/5 52/10/5 54/7/5
f 55/13/6 53/1/6 56/12/6
f 56/12/5 53/1/5 52/10/5
f 55/13/6 50/14/6 53/1/6
f 50/4/2 55/11/2 51/5/2
f 61/15/1 58/16/1 57/17/1
f 58/18/2 59/19/2 57/20/2
f 62/21/3 57/22/3 59/23/3
f 62/21/3 60/24/3 57/22/3
f 61/15/1 57/17/1 60/24/1
f 63/25/4 62/21/4 59/19/4
f 63/25/4 64/26/4 62/21/4
f 64/26/5 60/24/5 62/21/5
f 63/27/6 61/15/6 64/26/6
f 64/26/5 61/15/5 60/24/5
f 63/27/6 58/28/6 61/15/6
f 58/18/2 63/25/2 59/19/2
f 69/29/1 66/30/1 65/31/1
f 66/32/3 67/33/3 65/34/3
f 70/35/5 65/36/5 67/37/5
f 70/35/5 68/38/5 65/36/5
f 69/29/1 65/31/1 68/38/1
f 71/39/4 70/35/4 67/33/4
f 71/39/4 72/40/4 70/35/4
f 72/40/6 68/38/6 70/35/6
f 71/41/2 69/29/2 72/40/2
f 72/40/6 69/29/6 68/38/6
f 71/41/2 66/42/2 69/29/2
f 66/32/3 71/39/3 67/33/3
f 77/1/1 74/2/1 73/3/1
f 74/4/2 75/5/2 73/6/2
f 78/7/3 73/8/3 75/9/3
f 78/7/3 76/10/3 73/8/3
f 77/1/1 73/3/1 76/10/1
f 79/11/4 78/7/4 75/5/4
f 79/11/4 80/12/4 78/7/4
f 80/12/5 76/10/5 78/7/5
f 79/13/6 77/1/6 80/12/6
f 80/12/5 77/1/5 76/10/5
f 79/13/6 74/14/6 77/1/6
f 74/4/2 79/11/2 75/5/2
f 85/15/1 82/16/1 81/17/1
f 82/18/2 83/19/2 81/20/2
f 86/21/3 81/22/3 83/23/3
f 86/21/3 84/24/3 81/22/3
f 85/15/1 81/17/1 84/24/1
f 87/25/4 86/21/4 83/19/4
f 87/25/4 88/26/4 86/21/4
f 88/26/5 84/24/5 86/21/5
f 87/27/6 85/15/6 88/26/6
f 88/26/5 85/15/5 84/24/5
f 87/27/6 82/28/6 85/15/6
f 82/18/2 87/25/2 83/19/2
f 93/29/1 90/30/1 89/31/1
f 90/32/3 91/33/3 89/34/3
f 94/35/5 89/36/5 91/37/5
f 94/35/5 92/38/5 89/36/5
f 93/29/1 89/31/1 92/38/1
f 95/39/4 94/35/4 91/33/4
f 95/39/4 96/40/4 94/35/4
f 96/40/6 92/38/6 94/35/6
f 95/41/2 93/29/2 96/40/2
f 96/40/6 93/29/6 92/38/6
f 95/41/2 90/42/2 93/29/2
f 90/32/3 95/39/3 91/33/3
f 101/1/1 98/2/1 97/3/1
f 98/4/2 99/5/2 97/6/2
f 102/7/3 97/8/3 99/9/3
f 102/7/3 100/10/3 97/8/3
f 101/1/1 97/3/1 100/10/1
f 103/11/4 102/7/4 99/5/4
f 103/11/4 104/12/4 102/7/4
f 104/12/5 100/10/5 102/7/5
f 103/13/6 101/1/6 104/12/6
f 104/12/5 101/1/5 100/10/5
f 103/13/6 98/14/6 101/1/6
f 98/4/2 103/11/2 99/5/2
f 109/15/1 106/16/1 105/17/1
f 106/18/2 107/19/2 105/20/2
f 110/21/3 105/22/3 107/23/3
f 110/21/3 108/24/3 105/22/3
f 109/15/1 105/17/1 108/24/1
f 111/25/4 110/21/4 107/19/4
f 111/25/4 112/26/4 110/21/4
f 112/26/5 108/24/5 110/21/5
f 111/27/6 109/15/6 112/26/6
f 112/26/5 109/15/5 108/24/5
f 111/27/6 106/28/6 109/15/6
f 106/18/2 111/25/2 107/19/2
f 117/29/1 114/30/1 113/31/1
f 114/32/3 115/33/3 113/34/3
f 118/35/5 113/36/5 115/37/5
f 118/35/5 116/38/5 113/36/5
f 117/29/1 113/31/1 116/38/1
f 119/39/4 118/35/4 115/33/4
f 119/39/4 120/40/4 118/35/4
f 120/40/6 116/38/6 118/35/6
f 119/41/2 117/29/2 120/40/2
f 120/40/6 117/29/6 116/38/6
f 119/41/2 114/42/2 117/29/2
f 114/32/3 119/39/3 115/33/3
f 125/1/1 122/2/1 121/3/1
f 122/4/2 123/5/2 121/6/2
f 126/7/3 121/8/3 123/9/3
f 126/7/3 124/10/3 121/8/3
f 125/1/1 121/3/1 124/10/1
f 127/11/4 126/7/4 123/5/4
f 127/11/4 128/12/4 126/7/4
f 128/12/5 124/10/5 126/7/5
f 127/13/6 125/1/6 128/12/6
f 128/12/5 125/1/5 124/10/5
f 127/13/6 122/14/6 125/1/6
f 122/4/2 127/11/2 123/5/2
f 133/15/1 130/16/1 129/17/1
f 130/18/2 131/19/2 129/20/2
f 134/21/3 129/22/3 131/23/3
f 134/21/3 132/24/3 129/22/3
f 133/15/1 129/17/1 132/24/1
f 135/25/4 134/21/4 131/19/4
f 135/25/4 136/26/4 134/21/4
f 136/26/5 132/24/5 134/21/5
f 135/27/6 133/15/6 136/26/6
f 136/26/5 133/15/5 132/24/5
f 135/27/6 130/28/6 133/15/6
f 130/18/2 135/25/2 131/19/2
f 141/29/1 138/30/1 137/31/1
f 138/32/3 139/33/3 137/34/3
f 142/35/5 137/36/5 139/37/5
f 142/35/5 140/38/5 137/36/5
f 141/29/1 137/31/1 140/38/1
f 143/39/4 142/35/4 139/33/4
f 143/39/4 144/40/4 142/35/4
f 144/40/6 140/38/6 142/35/6
f 143/41/2 141/29/2 144/40/2
f 144/40/6 141/29/6 140/38/6
f 143/41/2 138/42/2 141/29/2
f 138/32/3 143/39/3 139/33/3
f 149/1/1 146/2/1 145/3/1
f 146/4/2 147/5/2 145/6/2
f 150/7/3 145/8/3 147/9/3
f 150/7/3 148/10/3 145/8/3
f 149/1/1 145/3/1 148/10/1
f 151/11/4 150/7/4 147/5/4
f 151/11/4 152/12/4 150/7/4
f 152/12/5 148/10/5 150/7/5
f 151/13/6 149/1/6 152/12/6
f 152/12/5 149/1/5 148/10/5
f 151/13/6 146/14/6 149/1/6
f 146/4/2 151/11/2 147/5/2
f 157/15/1 154/16/1 153/17/1
f 154/18/2 155/19/2 153/20/2
f 158/21/3 153/22/3 155/23/3
f 158/21/3 156/24/3 153/22/3
f 157/15/1 153/17/1 156/24/1
f 159/25/4 158/21/4 155/19/4
f 159/25/4 160/26/4 158/21/4
f 160/26/5 156/24/5 158/21/5
f 159/27/6 157/15/6 160/26/6
f 160/26/5 157/15/5 156/24/5
f 159/27/6 154/28/6 157/15/6
f 154/18/2 159/25/2 155/19/2
f 165/29/1 162/30/1 161/31/1
f 162/32/3 163/33/3 161/34/3
f 166/35/5 161/36/5 163/37/5
f 166/35/5 164/38/5 161/36/5
f 165/29/1 161/31/1 164/38/1
f 167/39/4 166/35/4 163/33/4
f 167/39/4 168/40/4 166/35/4
f 168/40/6 164/38/6 166/35/6
f 167/41/2 165/29/2 168/40/2
f 168/40/6 165/29/6 164/38/6
f 167/41/2 162/42/2 165/29/2
f 162/32/3 167/39/3 163/33/3
f 173/1/1 170/2/1 169/3/1
f 170/4/2 171/5/2 169/6/2
f 174/7/3 169/8/3 171/9/3
f 174/7/3 172/10/3 169/8/3
f 173/1/1 169/3/1 172/10/1
f 175/11/4 174/7/4 171/5/4
f 175/11/4 176/12/4 174/7/4
f 176/12/5 172/10/5 174/7/5
f 175/13/6 173/1/6 176/12/6
f 176/12/5 173/1/5 172/10/5
f 175/13/6 170/14/6 173/1/6
f 170/4/2 175/11/2 171/5/2
f 181/15/1 178/16/1 177/17/1
f 178/18/2 179/19/2 177/20/2
f 182/21/3 177/22/3 179/23/3
f 182/21/3 180/24/3 177/22/3
f 181/15/1 177/17/1 180/24/1
f 183/25/4 182/21/4 179/19/4
f 183/25/4 184/26/4 182/21/4
f 184/26/5 180/24/5 182/21/5
f 183/27/6 181/15/6 184/26/6
f 184/26/5 181/15/5 180/24/5
f 183/27/6 178/28/6 181/15/6
f 178/18/2 183/25/2 179/19/2
f 189/29/1 186/30/1 185/31/1
f 186/32/3 187/33/3 185/34/3
f 190/35/5 185/36/5 187/37/5
f 190/35/5 188/38/5 185/36/5
f 189/29/1 185/31/1 188/38/1
f 191/39/4 190/35/4 187/33/4
f 191/39/4 192/40/4 190/35/4
f 192/40/6 188/38/6 190/35/6
f 191/41/2 189/29/2 192/40/2
f 192/40/6 189/29/6 188/38/6
f 191/41/2 186/42/2 189/29/2
f 186/32/3 191/39/3 187/33/3
f 197/1/1 194/2/1 193/3/1
f 194/4/2 195/5/2 193/6/2
f 198/7/3 193/8/3 195/9/3
f 198/7/3 196/10/3 193/8/3
f 197/1/1 193/3/1 196/10/1
f 199/11/4 198/7/4 195/5/4
f 199/11/4 200/12/4 198/7/4
f 200/12/5 196/10/5 198/7/5
f 199/13/6 197/1/6 200/12/6
f 200/12/5 197/1/5 196/10/5
f 199/13/6 194/14/6 197/1/6
f 194/4/2 199/11/2 195/5/2
f 205/15/1 202/16/1 201/17/1
f 202/18/2 203/19/2 201/20/2
f 206/21/3 201/22/3 203/23/3
f 206/21/3 204/24/3 201/22/3
f 205/15/1 201/17/1 204/24/1
f 207/25/4 206/21/4 203/19/4
f 207/25/4 208/26/4 206/21/4
f 208/26/5 204/24/5 206/21/5
f 207/27/6 205/15/6 208/26/6
f 208/26/5 205/15/5 204/24/5
f 207/27/6 202/28/6 205/15/6
f 202/18/2 207/25/2 203/19/2
f 213/29/1 210/30/1 209/31/1
f 210/32/3 211/33/3 209/34/3
f 214/35/5 209/36/5 211/37/5
f 214/35/5 212/38/5 209/36/5
f 213/29/1 209/31/1 212/38/1
f 215/39/4 214/35/4 211/33/4
f 215/39/4 216/40/4 214/35/4
f 216/40/6 212/38/6 214/35/6
f 215/41/2 213/29/2 216/40/2
f 216/40/6 213/29/6 212/38/6
f 215/41/2 210/42/2 213/29/2
f 210/32/3 215/39/3 211/33/3
f 221/1/1 218/2/1 217/3/1
f 218/4/2 219/5/2 217/6/2
f 222/7/3 217/8/3 219/9/3
f 222/7/3 220/10/3 217/8/3
f 221/1/1 217/3/1 220/10/1
f 223/11/4 222/7/4 219/5/4
f 223/11/4 224/12/4 222/7/4
f 224/12/5 220/10/5 222/7/5
f 223/13/6 221/1/6 224/12/6
f 224/12/5 221/1/5 220/10/5
f 223/13/6 218/14/6 221/1/6
f 218/4/2 223/11/2 219/5/2
f 229/15/1 226/16/1 225/17/1
f 226/18/2 227/19/2 225/20/2
f 230/21/3 225/22/3 227/23/3
f 230/21/3 228/24/3 225/22/3
f 229/15/1 225/17/1 228/24/1
f 231/25/4 230/21/4 227/19/4
f 231/25/4 232/26/4 230/21/4
f 232/26/5 228/24/5 230/21/5
f 231/27/6 229/15/6 232/26/6
f 232/26/5 229/15/5 228/24/5
f 231/27/6 226/28/6 229/15/6
f 226/18/2 231/25/2 227/19/2
f 237/29/1 234/30/1 233/31/1
f 234/32/3 235/33/3 233/34/3
f 238/35/5 233/36/5 235/37/5
f 238/35/5 236/38/5 233/36/5
f 237/29/1 233/31/1 236/38/1
f 239/39/4 238/35/4 235/33/4
f 239/39/4 240/40/4 238/35/4
f 240/40/6 236/38/6 238/35/6
f 239/41/2 237/29/2 240/40/2
f 240/40/6 237/29/6 236/38/6
f 239/41/2 234/42/2 237/29/2
f 234/32/3 239/39/3 235/33/3
f 245/1/1 242/2/1 241/3/1
f 242/4/2 243/5/2 241/6/2
f 246/7/3 241/8/3 243/9/3
f 246/7/3 244/10/3 241/8/3
f 245/1/1 241/3/1 244/10/1
f 247/11/4 246/7/4 243/5/4
f 247/11/4 248/12/4 246/7/4
f 248/12/5 244/10/5 246/7/5
f 247/13/6 245/1/6 248/12/6
f 248/12/5 245/1/5 244/10/5
f 247/13/6 242/14/6 245/1/6
f 242/4/2 247/11/2 243/5/2
f 253/15/1 250/16/1 249/17/1
f 250/18/2 251/19/2 249/20/2
f 254/21/3 249/22/3 251/23/3
f 254/21/3 252/24/3 249/22/3
f 253/15/1 249/17/1 252/24/1
f 255/25/4 254/21/4 251/19/4
f 255/25/4 256/26/4 254/21/4
f 256/26/5 252/24/5 254/21/5
f 255/27/6 253/15/6 256/26/6
f 256/26/5 253/15/5 252/24/5
f 255/27/6 250/28/6 253/15/6
f 250/18/2 255/25/2 251/19/2
f 261/29/1 258/30/1 257/31/1
f 258/32/3 259/33/3 257/34/3
f 262/35/5 257/36/5 259/37/5
f 262/35/5 260/38/5 257/36/5
f 261/29/1 257/31/1 260/38/1
f 263/39/4 262/35/4 259/33/4
f 263/39/4 264/40/4 262/35/4
f 264/40/6 260/38/6 262/35/6
f 263/41/2 261/29/2 264/40/2
f 264/40/6 261/29/6 260/38/6
f 263/41/2 258/42/2 261/29/2
f 258/32/3 263/39/3 259/33/3
f 269/1/1 266/2/1 265/3/1
f 266/4/2 267/5/2 265/6/2
f 270/7/3 265/8/3 267/9/3
f 270/7/3 268/10/3 265/8/3
f 269/1/1 265/3/1 268/10/1
f 271/11/4 270/7/4 267/5/4
f 271/11/4 272/12/4 270/7/4
f 272/12/5 268/10/5 270/7/5
f 271/13/6 269/1/6 272/12/6
f 272/12/5 269/1/5 268/10/5
f 271/13/6 266/14/6 269/1/6
f 266/4/2 271/11/2 267/5/2
f 277/15/1 274/16/1 273/17/1
f 274/18/2 275/19/2 273/20/2
f 278/21/3 273/22/3 275/23/3
f 278/21/3 276/24/3 273/22/3
f 277/15/1 273/17/1 276/24/1
f 279/25/4 278/21/4 275/19/4
f 279/25/4 280/26/4 278/21/4
f 280/26/5 276/24/5 278/21/5
f 279/27/6 277/15/6 280/26/6
f 280/26/5 277/15/5 276/24/5
f 279/27/6 274/28/6 277/15/6
f 274/18/2 279/25/2 275/19/2
f 285/29/1 282/30/1 281/31/1
f 282/32/3 283/33/3 281/34/3
f 286/35/5 281/36/5 283/37/5
f 286/35/5 284/38/5 281/36/5
f 285/29/1 281/31/1 284/38/1
f 287/39/4 286/35/4 283/33/4
f 287/39/4 288/40/4 286/35/4
f 288/40/6 284/38/6 286/35/6
f 287/41/2 285/29/2 288/40/2
f 288/40/6 285/29/6 284/38/6
f 287/41/2 282/42/2 285/29/2
f 282/32/3 287/39/3 283/33/3
f 293/1/1 290/2/1 289/3/1
f 290/4/2 291/5/2 289/6/2
f 294/7/3 289/8/3 291/9/3
f 294/7/3 292/10/3 289/8/3
f 293/1/1 289/3/1 292/10/1
f 295/11/4 294/7/4 291/5/4
f 295/11/4 296/12/4 294/7/4
f 296/12/5 292/10/5 294/7/5
f 295/13/6 293/1/6 296/12/6
f 296/12/5 293/1/5 292/10/5
f 295/13/6 290/14/6 293/1/6
f 290/4/2 295/11/2 291/5/2
f 301/15/1 298/16/1 297/17/1
f 298/18/2 299/19/2 297/20/2
f 302/21/3 297/22/3 299/23/3
f 302/21/3 300/24/3 297/22/3
f 301/15/1 297/17/1 300/24/1
f 303/25/4 302/21/4 299/19/4
f 303/25/4 304/26/4 302/21/4
f 304/26/5 300/24/5 302/21/5
f 303/27/6 301/15/6 304/26/6
f 304/26/5 301/15/5 300/24/5
f 303/27/6 298/28/6 301/15/6
f 298/18/2 303/25/2 299/19/2
f 309/29/1 306/30/1 305/31/1
f 306/32/3 307/33/3 305/34/3
f 310/35/5 305/36/5 307/37/5
f 310/35/5 308/38/5 305/36/5
f 309/29/1 305/31/1 308/38/1
f 311/39/4 310/35/4 307/33/4
f 311/39/4 312/40/4 310/35/4
f 312/40/6 308/38/6 310/35/6
f 311/41/2 309/29/2 312/40/2
f 312/40/6 309/29/6 308/38/6
f 311/41/2 306/42/2 309/29/2
f 306/32/3 311/39/3 307/33/3
f 317/1/1 314/2/1 313/3/1
f 314/4/2 315/5/2 313/6/2
f 318/7/3 313/8/3 315/9/3
f 318/7/3 316/10/3 313/8/3
f 317/1/1 313/3/1 316/10/1
f 319/11/4 318/7/4 315/5/4
f 319/11/4 320/12/4 318/7/4
f 320/12/5 316/10/5 318/7/5
f 319/13/6 317/1/6 320/12/6
f 320/12/5 317/1/5 316/10/5
f 319/13/6 314/14/6 317/1/6
f 314/4/2 319/11/2 315/5/2
f 325/15/1 322/16/1 321/17/1
f 322/18/2 323/19/2 321/20/2
f 326/21/3 321/22/3 323/23/3
f 326/21/3 324/24/3 321/22/3
f 325/15/1 321/17/1 324/24/1
f 327/25/4 326/21/4 323/19/4
f 327/25/4 328/26/4 326/21/4
f 328/26/5 324/24/5 326/21/5
f 327/27/6 325/15/6 328/26/6
f 328/26/5 325/15/5 324/24/5
f 327/27/6 322/28/6 325/15/6
f 322/18/2 327/25/2 323/19/2
f 333/29/1 330/30/1 329/31/1
f 330/32/3 331/33/3 329/34/3
f 334/35/5 329/36/5 331/37/5
f 334/35/5 332/38/5 329/36/5
f 333/29/1 329/31/1 332/38/1
f 335/39/4 334/35/4 331/33/4
f 335/39/4 336/40/4 334/35/4
f 336/40/6 332/38/6 334/35/6
f 335/41/2 333/29/2 336/40/2
f 336/40/6 333/29/6 332/38/6
f 335/41/2 330/42/2 333/29/2
f 330/32/3 335/39/3 331/33/3
f 341/1/1 338/2/1 337/3/1
f 338/4/2 339/5/2 337/6/2
f 342/7/3 337/8/3 339/9/3
f 342/7/3 340/10/3 337/8/3
f 341/1/1 337/3/1 340/10/1
f 343/11/4 342/7/4 339/5/4
f 343/11/4 344/12/4 342/7/4
f 344/12/5 340/10/5 342/7/5
f 343/13/6 341/1/6 344/12/6
f 344/12/5 341/1/5 340/10/5
f 343/13/6 338/14/6 341/1/6
f 338/4/2 343/11/2 339/5/2
f 349/15/1 346/16/1 345/17/1
f 346/18/2 347/19/2 345/20/2
f 350/21/3 345/22/3 347/23/3
f 350/21/3 348/24/3 345/22/3
f 349/15/1 345/17/1 348/24/1
f 351/25/4 350/21/4 347/19/4
f 351/25/4 352/26/4 350/21/4
f 352/26/5 348/24/5 350/21/5
f 351/27/6 349/15/6 352/26/6
f 352/26/5 349/15/5 348/24/5
f 351/27/6 346/28/6 349/15/6
f 346/18/2 351/25/2 347/19/2
f 357/29/1 354/30/1 353/31/1
f 354/32/3 355/33/3 353/34/3
f 358/35/5 353/36/5 355/37/5
f 358/35/5 356/38/5 353/36/5
f 357/29/1 353/31/1 356/38/1
f 359/39/4 358/35/4 355/33/4
f 359/39/4 360/40/4 358/35/4
f 360/40/6 356/38/6 358/35/6
f 359/41/2 357/29/2 360/40/2
f 360/40/6 357/29/6 356/38/6
f 359/41/2 354/42/2 357/29/2
f 354/32/3 359/39/3 355/33/3
f 365/1/1 362/2/1 361/3/1
f 362/4/2 363/5/2 361/6/2
f 366/7/3 361/8/3 363/9/3
f 366/7/3 364/10/3 361/8/3
f 365/1/1 361/3/1 364/10/1
f 367/11/4 366/7/4 363/5/4
f 367/11/4 368/12/4 366/7/4
f 368/12/5 364/10/5 366/7/5
f 367/13/6 365/1/6 368/12/6
f 368/12/5 365/1/5 364/10/5
f 367/13/6 362/14/6 365/1/6
f 362/4/2 367/11/2 363/5/2
f 373/15/1 370/16/1 369/17/1
f 370/18/2 371/19/2 369/20/2
f 374/21/3 369/22/3 371/23/3
f 374/21/3 372/24/3 369/22/3
f 373/15/1 369/17/1 372/24/1
f 375/25/4 374/21/4 371/19/4
f 375/25/4 376/26/4 374/21/4
f 376/26/5 372/24/5 374/21/5
f 375/27/6 373/15/6 376/26/6
f 376/26/5 373/15/5 372/24/5
f 375/27/6 370/28/6 373/15/6
f 370/18/2 375/25/2 371/19/2
f 381/29/1 378/30/1 377/31/1
f 378/32/3 379/33/3 377/34/3
f 382/35/5 377/36/5 379/37/5
f 382/35/5 380/38/5 377/36/5
f 381/29/1 377/31/1 380/38/1
f 383/39/4 382/35/4 379/33/4
f 383/39/4 384/40/4 382/35/4
f 384/40/6 380/38/6 382/35/6
f 383/41/2 381/29/2 384/40/2
f 384/40/6 381/29/6 380/38/6
f 383/41/2 378/42/2 381/29/2
f 378/32/3 383/39/3 379/33/3
f 389/1/1 386/2/1 385/3/1
f 386/4/2 387/5/2 385/6/2
f 390/7/3 385/8/3 387/9/3
f 390/7/3 388/10/3 385/8/3
f 389/1/1 385/3/1 388/10/1
f 391/11/4 390/7/4 387/5/4
f 391/11/4 392/12/4 390/7/4
f 392/12/5 388/10/5 390/7/5
f 391/13/6 389/1/6 392/12/6
f 392/12/5 389/1/5 388/10/5
f 391/13/6 386/14/6 389/1/6
f 386/4/2 391/11/2 387/5/2
f 397/15/1 394/16/1 393/17/1
f 394/18/2 395/19/2 393/20/2
f 398/21/3 393/22/3 395/23/3
f 398/21/3 396/24/3 393/22/3
f 397/15/1 393/17/1 396/24/1
f 399/25/4 398/21/4 395/19/4
f 399/25/4 400/26/4 398/21/4
f 400/26/5 396/24/5 398/21/5
f 399/27/6 397/15/6 400/26/6
f 400/26/5 397/15/5 396/24/5
f 399/27/6 394/28/6 397/15/6
f 394/18/2 399/25/2 395/19/2
f 405/29/1 402/30/1 401/31/1
f 402/32/3 403/33/3 401/34/3
f 406/35/5 401/36/5 403/37/5
f 406/35/5 404/38/5 401/36/5
f 405/29/1 401/31/1 404/38/1
f 407/39/4 406/35/4 403/33/4
f 407/39/4 408/40/4 406/35/4
f 408/40/6 404/38/6 406/35/6
f 407/41/2 405/29/2 408/40/2
f 408/40/6 405/29/6 404/38/6
f 407/41/2 402/42/2 405/29/2
f 402/32/3 407/39/3 403/33/3
f 413/1/1 410/2/1 409/3/1
f 410/4/2 411/5/2 409/6/2
f 414/7/3 409/8/3 411/9/3
f 414/7/3 412/10/3 409/8/3
f 413/1/1 409/3/1 412/10/1
f 415/11/4 414/7/4 411/5/4
f 415/11/4 416/12/4 414/7/4
f 416/12/5 412/10/5 414/7/5
f 415/13/6 413/1/6 416/12/6
f 416/12/5 413/1/5 412/10/5
f 415/13/6 410/14/6 413/1/6
f 410/4/2 415/11/2 411/5/2
f 421/15/1 418/16/1 417/17/1
f 418/18/2 419/19/2 417/20/2
f 422/21/3 417/22/3 419/23/3
f 422/21/3 420/24/3 417/22/3
f 421/15/1 417/17/1 420/24/1
f 423/25/4 422/21/4 419/19/4
f 423/25/4 424/26/4 422/21/4
f 424/26/5 420/24/5 422/21/5
f 423/27/6 421/15/6 424/26/6
f 424/26/5 421/15/5 420/24/5
f 423/27/6 418/28/6 421/15/6
f 418/18/2 423/25/2 419/19/2
f 429/29/1 426/30/1 425/31/1
f 426/32/3 427/33/3 425/34/3
f 430/35/5 425/36/5 427/37/5
f 430/35/5 428/38/5 425/36/5
f 429/29/1 425/31/1 428/38/1
f 431/39/4 430/35/4 427/33/4
f 431/39/4 432/40/4 430/35/4
f 432/40/6 428/38/6 430/35/6
f 431/41/2 429/29/2 432/40/2
f 432/40/6 429/29/6 428/38/6
f 431/41/2 426/42/2 429/29/2
f 426/32/3 431/39/3 427/33/3
f 437/1/1 434/2/1 433/3/1
f 434/4/2 435/5/2 433/6/2
f 438/7/3 433/8/3 435/9/3
f 438/7/3 436/10/3 433/8/3
f 437/1/1 433/3/1 436/10/1
f 439/11/4 438/7/4 435/5/4
f 439/11/4 440/12/4 438/7/4
f 440/12/5 436/10/5 438/7/5
f 439/13/6 437/1/6 440/12/6
f 440/12/5 437/1/5 436/10/5
f 439/13/6 434/14/6 437/1/6
f 434/4/2 439/11/2 435/5/2
f 445/15/1 442/16/1 441/17/1
f 442/18/2 443/19/2 441/20/2
f 446/21/3 441/22/3 443/23/3
f 446/21/3 444/24/3 441/22/3
f 445/15/1 441/17/1 444/24/1
f 447/25/4 446/21/4 443/19/4
f 447/25/4 448/26/4 446/21/4
f 448/26/5 444/24/5 446/21/5
f 447/27/6 445/15/6 448/26/6
f 448/26/5 445/15/5 444/24/5
f 447/27/6 442/28/6 445/15/6
f 442/18/2 447/25/2 443/19/2
f 453/29/1 450/30/1 449/31/1
f 450/32/3 451/33/3 449/34/3
f 454/35/5 449/36/5 451/37/5
f 454/35/5 452/38/5 449/36/5
f 453/29/1 449/31/1 452/38/1
f 455/39/4 454/35/4 451/33/4
f 455/39/4 456/40/4 454/35/4
f 456/40/6 452/38/6 454/35/6
f 455/41/2 453/29/2 456/40/2
f 456/40/6 453/29/6 452/38/6
f 455/41/2 450/42/2 453/29/2
f 450/32/3 455/39/3 451/33/3
f 461/1/1 458/2/1 457/3/1
f 458/4/2 459/5/2 457/6/2
f 462/7/3 457/8/3 459/9/3
f 462/7/3 460/10/3 457/8/3
f 461/1/1 457/3/1 460/10/1
f 463/11/4 462/7/4 459/5/4
f 463/11/4 464/12/4 462/7/4
f 464/12/5 460/10/5 462/7/5
f 463/13/6 461/1/6 464/12/6
f 464/12/5 461/1/5 460/10/5
f 463/13/6 458/14/6 461/1/6
f 458/4/2 463/11/2 459/5/2
f 469/15/1 466/16/1 465/17/1
f 466/18/2 467/19/2 465/20/2
f 470/21/3 465/22/3 467/23/3
f 470/21/3 468/24/3 465/22/3
f 469/15/1 465/17/1 468/24/1
f 471/25/4 470/21/4 467/19/4
f 471/25/4 472/26/4 470/21/4
f 472/26/5 468/24/5 470/21/5
f 471/27/6 469/15/6 472/26/6
f 472/26/5 469/15/5 468/24/5
f 471/27/6 466/28/6 469/15/6
f 466/18/2 471/25/2 467/19/2
f 477/29/1 474/30/1 473/31/1
f 474/32/3 475/33/3 473/34/3
f 478/35/5 473/36/5 475/37/5
f 478/35/5 476/38/5 473/36/5
f 477/29/1 473/31/1 476/38/1
f 479/39/4 478/35/4 475/33/4
f 479/39/4 480/40/4 478/35/4
f 480/40/6 476/38/6 478/35/6
f 479/41/2 477/29/2 480/40/2
f 480/40/6 477/29/6 476/38/6
f 479/41/2 474/42/2 477/29/2
f 474/32/3 479/39/3 475/33/3
f 485/1/1 482/2/1 481/3/1
f 482/4/2 483/5/2 481/6/2
f 486/7/3 481/8/3 483/9/3
f 486/7/3 484/10/3 481/8/3
f 485/1/1 481/3/1 484/10/1
f 487/11/4 486/7/4 483/5/4
f 487/11/4 488/12/4 486/7/4
f 488/12/5 484/10/5 486/7/5
f 487/13/6 485/1/6 488/12/6
f 488/12/5 485/1/5 484/10/5
f 487/13/6 482/14/6 485/1/6
f 482/4/2 487/11/2 483/5/2
f 493/15/1 490/16/1 489/17/1
f 490/18/2 491/19/2 489/20/2
f 494/21/3 489/22/3 491/23/3
f 494/21/3 492/24/3 489/22/3
f 493/15/1 489/17/1 492/24/1
f 495/25/4 494/21/4 491/19/4
f 495/25/4 496/26/4 494/21/4
f 496/26/5 492/24/5 494/21/5
f 495/27/6 493/15/6 496/26/6
f 496/26/5 493/15/5 492/24/5
f 495/27/6 490/28/6 493/15/6
f 490/18/2 495/25/2 491/19/2
f 501/29/1 498/30/1 497/31/1
f 498/32/3 499/33/3 497/34/3
f 502/35/5 497/36/5 499/37/5
f 502/35/5 500/38/5 497/36/5
f 501/29/1 497/31/1 500/38/1
f 503/39/4 502/35/4 499/33/4
f 503/39/4 504/40/4 502/35/4
f 504/40/6 500/38/6 502/35/6
f 503/41/2 501/29/2 504/40/2
f 504/40/6 501/29/6 500/38/6
f 503/41/2 498/42/2 501/29/2
f 498/32/3 503/39/3 499/33/3
f 509/1/1 506/2/1 505/3/1
f 506/4/2 507/5/2 505/6/2
f 510/7/3 505/8/3 507/9/3
f 510/7/3 508/10/3 505/8/3
f 509/1/1 505/3/1 508/10/1
f 511/11/4 510/7/4 507/5/4
f 511/11/4 512/12/4 510/7/4
f 512/12/5 508/10/5 510/7/5
f 511/13/6 509/1/6 512/12/6
f 512/12/5 509/1/5 508/10/5
f 511/13/6 506/14/6 509/1/6
f 506/4/2 511/11/2 507/5/2
f 517/15/1 514/16/1 513/17/1
f 514/18/2 515/19/2 513/20/2
f 518/21/3 513/22/3 515/23/3
f 518/21/3 516/24/3 513/22/3
f 517/15/1 513/17/1 516/24/1
f 519/25/4 518/21/4 515/19/4
f 519/25/4 520/26/4 518/21/4
f 520/26/5 516/24/5 518/21/5
f 519/27/6 517/15/6 520/26/6
f 520/26/5 517/15/5 516/24/5
f 519/27/6 514/28/6 517/15/6
f 514/18/2 519/25/2 515/19/2
f 525/29/1 522/30/1 521/31/1
f 522/32/3 523/33/3 521/34/3
f 526/35/5 521/36/5 523/37/5
f 526/35/5 524/38/5 521/36/5
f 525/29/1 521/31/1 524/38/1
f 527/39/4 526/35/4 523/33/4
f 527/39/4 528/40/4 526/35/4
f 528/40/6 524/38/6 526/35/6
f 527/41/2 525/29/2 528/40/2
f 528/40/6 525/29/6 524/38/6
f 527/41/2 522/42/2 525/29/2
f 522/32/3 527/39/3 523/33/3
f 533/1/1 530/2/1 529/3/1
f 530/4/2 531/5/2 529/6/2
f 534/7/3 529/8/3 531/9/3
f 534/7/3 532/10/3 529/8/3
f 533/1/1 529/3/1 532/10/1
f 535/11/4 534/7/4 531/5/4
f 535/11/4 536/12/4 534/7/4
f 536/12/5 532/10/5 534/7/5
f 535/13/6 533/1/6 536/12/6
f 536/12/5 533/1/5 532/10/5
f 535/13/6 530/14/6 533/1/6
f 530/4/2 535/11/2 531/5/2
f 541/15/1 538/16/1 537/17/1
f 538/18/2 539/19/2 537/20/2
f 542/21/3 537/22/3 539/23/3
f 542/21/3 540/24/3 537/22/3
f 541/15/1 537/17/1 540/24/1
f 543/25/4 542/21/4 539/19/4
f 543/25/4 544/26/4 542/21/4
f 544/26/5 540/24/5 542/21/5
f 543/27/6 541/15/6 544/26/6
f 544/26/5 541/15/5 540/24/5
f 543/27/6 538/28/6 541/15/6
f 538/18/2 543/25/2 539/19/2
f 549/29/1 546/30/1 545/31/1
f 546/32/3 547/33/3 545/34/3
f 550/35/5 545/36/5 547/37/5
f 550/35/5 548/38/5 545/36/5
f 549/29/1 545/31/1 548/38/1
f 551/39/4 550/35/4 547/33/4
f 551/39/4 552/40/4 550/35/4
f 552/40/6 548/38/6 550/35/6
f 551/41/2 549/29/2 552/40/2
f 552/40/6 549/29/6 548/38/6
f 551/41/2 546/42/2 549/29/2
f 546/32/3 551/39/3 547/33/3
f 557/1/1 554/2/1 553/3/1
f 554/4/2 555/5/2 553/6/2
f 558/7/3 553/8/3 555/9/3
f 558/7/3 556/10/3 553/8/3
f 557/1/1 553/3/1 556/10/1
f 559/11/4 558/7/4 555/5/4
f 559/11/4 560/12/4 558/7/4
f 560/12/5 556/10/5 558/7/5
f 559/13/6 557/1/6 560/12/6
f 560/12/5 557/1/5 556/10/5
f 559/13/6 554/14/6 557/1/6
f 554/4/2 559/11/2 555/5/2
f 565/15/1 562/16/1 561/17/1
f 562/18/2 563/19/2 561/20/2
f 566/21/3 561/22/3 563/23/3
f 566/21/3 564/24/3 561/22/3
f 565/15/1 561/17/1 564/24/1
f 567/25/4 566/21/4 563/19/4
f 567/25/4 568/26/4 566/21/4
f 568/26/5 564/24/5 566/21/5
f 567/27/6 565/15/6 568/26/6
f 568/26/5 565/15/5 564/24/5
f 567/27/6 562/28/6 565/15/6
f 562/18/2 567/25/2 563/19/2
f 573/29/1 570/30/1 569/31/1
f 570/32/3 571/33/3 569/34/3
f 574/35/5 569/36/5 571/37/5
f 574/35/5 572/38/5 569/36/5
f 573/29/1 569/31/1 572/38/1
f 575/39/4 574/35/4 571/33/4
f 575/39/4 576/40/4 574/35/4
f 576/40/6 572/38/6 574/35/6
f 575/41/2 573/29/2 576/40/2
f 576/40/6 573/29/6 572/38/6
f 575/41/2 570/42/2 573/29/2
f 570/32/3 575/39/3 571/33/3
f 581/1/1 578/2/1 577/3/1
f 578/4/2 579/5/2 577/6/2
f 582/7/3 577/8/3 579/9/3
f 582/7/3 580/10/3 577/8/3
f 581/1/1 577/3/1 580/10/1
f 583/11/4 582/7/4 579/5/4
f 583/11/4 584/12/4 582/7/4
f 584/12/5 580/10/5 582/7/5
f 583/13/6 581/1/6 584/12/6
f 584/12/5 581/1/5 580/10/5
f 583/13/6 578/14/6 581/1/6
f 578/4/2 583/11/2 579/5/2
f 589/15/1 586/16/1 585/17/1
f 586/18/2 587/19/2 585/20/2
f 590/21/3 585/22/3 587/23/3
f 590/21/3 588/24/3 585/22/3
f 589/15/1 585/17/1 588/24/1
f 591/25/4 590/21/4 587/19/4
f 591/25/4 592/26/4 590/21/4
f 592/26/5 588/24/5 590/21/5
f 591/27/6 589/15/6 592/26/6
f 592/26/5 589/15/5 588/24/5
f 591/27/6 586/28/6 589/15/6
f 586/18/2 591/25/2 587/19/2
f 597/29/1 594/30/1 593/31/1
f 594/32/3 595/33/3 593/34/3
f 598/35/5 593/36/5 595/37/5
f 598/35/5 596/38/5 593/36/5
f 597/29/1 593/31/1 596/38/1
f 599/39/4 598/35/4 595/33/4
f 599/39/4 600/40/4 598/35/4
f 600/40/6 596/38/6 598/35/6
f 599/41/2 597/29/2 600/40/2
f 600/40/6 597/29/6 596/38/6
f 599/41/2 594/42/2 597/29/2
f 594/32/3 599/39/3 595/33/3
f 605/1/1 602/2/1 601/3/1
f 602/4/2 603/5/2 601/6/2
f 606/7/3 601/8/3 603/9/3
f 606/7/3 604/10/3 601/8/3
f 605/1/1 601/3/1 604/10/1
f 607/11/4 606/7/4 603/5/4
f 607/11/4 608/12/4 606/7/4
f 608/12/5 604/10/5 606/7/5
f 607/13/6 605/1/6 608/12/6
f 608/12/5 605/1/5 604/10/5
f 607/13/6 602/14/6 605/1/6
f 602/4/2 607/11/2 603/5/2
f 613/15/1 610/16/1 609/17/1
f 610/18/2 611/19/2 609/20/2
f 614/21/3 609/22/3 611/23/3
f 614/21/3 612/24/3 609/22/3
f 613/15/1 609/17/1 612/24/1
f 615/25/4 614/21/4 611/19/4
f 615/25/4 616/26/4 614/21/4
f 616/26/5 612/24/5 614/21/5
f 615/27/6 613/15/6 616/26/6
f 616/26/5 613/15/5 612/24/5
f 615/27/6 610/28/6 613/15/6
f 610/18/2 615/25/2 611/19/2
f 621/29/1 618/30/1 617/31/1
f 618/32/3 619/33/3 617/34/3
f 622/35/5 617/36/5 619/37/5
f 622/35/5 620/38/5 617/36/5
f 621/29/1 617/31/1 620/38/1
f 623/39/4 622/35/4 619/33/4
f 623/39/4 624/40/4 622/35/4
f 624/40/6 620/38/6 622/35/6
f 623/41/2 621/29/2 624/40/2
f 624/40/6 621/29/6 620/38/6
f 623/41/2 618/42/2 621/29/2
f 618/32/3 623/39/3 619/33/3
f 629/1/1 626/2/1 625/3/1
f 626/4/2 627/5/2 625/6/2
f 630/7/3 625/8/3 627/9/3
f 630/7/3 628/10/3 625/8/3
f 629/1/1 625/3/1 628/10/1
f 631/11/4 630/7/4 627/5/4
f 631/11/4 632/12/4 630/7/4
f 632/12/5 628/10/5 630/7/5
f 631/13/6 629/1/6 632/12/6
f 632/12/5 629/1/5 628/10/5
f 631/13/6 626/14/6 629/1/6
f 626/4/2 631/11/2 627/5/2
f 637/15/1 634/16/1 633/17/1
f 634/18/2 635/19/2 633/20/2
f 638/21/3 633/22/3 635/23/3
f 638/21/3 636/24/3 633/22/3
f 637/15/1 633/17/1 636/24/1
f 639/25/4 638/21/4 635/19/4
f 639/25/4 640/26/4 638/21/4
f 640/26/5 636/24/5 638/21/5
f 639/27/6 637/15/6 640/26/6
f 640/26/5 637/15/5 636/24/5
f 639/27/6 634/28/6 637/15/6
f 634/18/2 639/25/2 635/19/2
f 645/29/1 642/30/1 641/31/1
f 642/32/3 643/33/3 641/34/3
f 646/35/5 641/36/5 643/37/5
f 646/35/5 644/38/5 641/36/5
f 645/29/1 641/31/1 644/38/1
f 647/39/4 646/35/4 643/33/4
f 647/39/4 648/40/4 646/35/4
f 648/40/6 644/38/6 646/35/6
f 647/41/2 645/29/2 648/40/2
f 648/40/6 645/29/6 644/38/6
f 647/41/2 642/42/2 645/29/2
f 642/32/3 647/39/3 643/33/3
f 653/1/1 650/2/1 649/3/1
f 650/4/2 651/5/2 649/6/2
f 654/7/3 649/8/3 651/9/3
f 654/7/3 652/10/3 649/8/3
f 653/1/1 649/3/1 652/10/1
f 655/11/4 654/7/4 651/5/4
f 655/11/4 656/12/4 654/7/4
f 656/12/5 652/10/5 654/7/5
f 655/13/6 653/1/6 656/12/6
f 656/12/5 653/1/5 652/10/5
f 655/13/6 650/14/6 653/1/6
f 650/4/2 655/11/2 651/5/2
f 661/15/1 658/16/1 657/17/1
f 658/18/2 659/19/2 657/20/2
f 662/21/3 657/22/3 659/23/3
f 662/21/3 660/24/3 657/22/3
f 661/15/1 657/17/1 660/24/1
f 663/25/4 662/21/4 659/19/4
f 663/25/4 664/26/4 662/21/4
f 664/26/5 660/24/5 662/21/5
f 663/27/6 661/15/6 664/26/6
f 664/26/5 661/15/5 660/24/5
f 663/27/6 658/28/6 661/15/6
f 658/18/2 663/25/2 659/19/2
f 669/29/1 666/30/1 665/31/1
f 666/32/3 667/33/3 665/34/3
f 670/35/5 665/36/5 667/37/5
f 670/35/5 668/38/5 665/36/5
f 669/29/1 665/31/1 668/38/1
f 671/39/4 670/35/4 667/33/4
f 671/39/4 672/40/4 670/35/4
f 672/40/6 668/38/6 670/35/6
f 671/41/2 669/29/2 672/40/2
f 672/40/6 669/29/6 668/38/6
f 671/41/2 666/42/2 669/29/2
f 666/32/3 671/39/3 667/33/3
f 677/1/1 674/2/1 673/3/1
f 674/4/2 675/5/2 673/6/2
f 678/7/3 673/8/3 675/9/3
f 678/7/3 676/10/3 673/8/3
f 677/1/1 673/3/1 676/10/1
f 679/11/4 678/7/4 675/5/4
f 679/11/4 680/12/4 678/7/4
f 680/12/5 676/10/5 678/7/5
f 679/13/6 677/1/6 680/12/6
f 680/12/5 677/1/5 676/10/5
f 679/13/6 674/14/6 677/1/6
f 674/4/2 679/11/2 675/5/2
f 685/15/1 682/16/1 681/17/1
f 682/18/2 683/19/2 681/20/2
f 686/21/3 681/22/3 683/23/3
f 686/21/3 684/24/3 681/22/3
f 685/15/1 681/17/1 684/24/1
f 687/25/4 686/21/4 683/19/4
f 687/25/4 688/26/4 686/21/4
f 688/26/5 684/24/5 686/21/5
f 687/27/6 685/15/6 688/26/6
f 688/26/5 685/15/5 684/24/5
f 687/27/6 682/28/6 685/15/6
f 682/18/2 687/25/2 683/19/2
f 693/29/1 690/30/1 689/31/1
f 690/32/3 691/33/3 689/34/3
f 694/35/5 689/36/5 691/37/5
f 694/35/5 692/38/5 689/36/5
f 693/29/1 689/31/1 692/38/1
f 695/39/4 694/35/4 691/33/4
f 695/39/4 696/40/4 694/35/4
f 696/40/6 692/38/6 694/35/6
f 695/41/2 693/29/2 696/40/2
f 696/40/6 693/29/6 692/38/6
f 695/41/2 690/42/2 693/29/2
f 690/32/3 695/39/3 691/33/3
f 701/1/1 698/2/1 697/3/1
f 698/4/2 699/5/2 697/6/2
f 702/7/3 697/8/3 699/9/3
f 702/7/3 700/10/3 697/8/3
f 701/1/1 697/3/1 700/10/1
f 703/11/4 702/7/4 699/5/4
f 703/11/4 704/12/4 702/7/4
f 704/12/5 700/10/5 702/7/5
f 703/13/6 701/1/6 704/12/6
f 704/12/5 701/1/5 700/10/5
f 703/13/6 698/14/6 701/1/6
f 698/4/2 703/11/2 699/5/2
f 709/15/1 706/16/1 705/17/1
f 706/18/2 707/19/2 705/20/2
f 710/21/3 705/22/3 707/23/3
f 710/21/3 708/24/3 705/22/3
f 709/15/1 705/17/1 708/24/1
f 711/25/4 710/21/4 707/19/4
f 711/25/4 712/26/4 710/21/4
f 712/26/5 708/24/5 710/21/5
f 711/27/6 709/15/6 712/26/6
f 712/26/5 709/15/5 708/24/5
f 711/27/6 706/28/6 709/15/6
f 706/18/2 711/25/2 707/19/2
f 717/29/1 714/30/1 713/31/1
f 714/32/3 715/33/3 713/34/3
f 718/35/5 713/36/5 715/37/5
f 718/35/5 716/38/5 713/36/5
f 717/29/1 713/31/1 716/38/1
f 719/39/4 718/35/4 715/33/4
f 719/39/4 720/40/4 718/35/4
f 720/40/6 716/38/6 718/35/6
f 719/41/2 717/29/2 720/40/2
f 720/40/6 717/29/6 716/38/6
f 719/41/2 714/42/2 717/29/2
f 714/32/3 719/39/3 715/33/3
f 725/1/1 722/2/1 721/3/1
f 722/4/2 723/5/2 721/6/2
f 726/7/3 721/8/3 723/9/3
f 726/7/3 724/10/3 721/8/3
f 725/1/1 721/3/1 724/10/1
f 727/11/4 726/7/4 723/5/4
f 727/11/4 728/12/4 726/7/4
f 728/12/5 724/10/5 726/7/5
f 727/13/6 725/1/6 728/12/6
f 728/12/5 725/1/5 724/10/5
f 727/13/6 722/14/6 725/1/6
f 722/4/2 727/11/2 723/5/2
f 733/15/1 730/16/1 729/17/1
f 730/18/2 731/19/2 729/20/2
f 734/21/3 729/22/3 731/23/3
f 734/21/3 732/24/3 729/22/3
f 733/15/1 729/17/1 732/24/1
f 735/25/4 734/21/4 731/19/4
f 735/25/4 736/26/4 734/21/4
f 736/26/5 732/24/5 734/21/5
f 735/27/6 733/15/6 736/26/6
f 736/26/5 733/15/5 732/24/5
f 735/27/6 730/28/6 733/15/6
f 730/18/2 735/25/2 731/19/2
f 741/29/1 738/30/1 737/31/1
f 738/32/3 739/33/3 737/34/3
f 742/35/5 737/36/5 739/37/5
f 742/35/5 740/38/5 737/36/5
f 741/29/1 737/31/1 740/38/1
f 743/39/4 742/35/4 739/33/4
f 743/39/4 744/40/4 742/35/4
f 744/40/6 740/38/6 742/35/6
f 743/41/2 741/29/2 744/40/2
f 744/40/6 741/29/6 740/38/6
f 743/41/2 738/42/2 741/29/2
f 738/32/3 743/39/3 739/33/3
f 749/1/1 746/2/1 745/3/1
f 746/4/2 747/5/2 745/6/2
f 750/7/3 745/8/3 747/9/3
f 750/7/3 748/10/3 745/8/3
f 749/1/1 745/3/1 748/10/1
f 751/11/4 750/7/4 747/5/4
f 751/11/4 752/12/4 750/7/4
f 752/12/5 748/10/5 750/7/5
f 751/13/6 749/1/6 752/12/6
f 752/12/5 749/1/5 748/10/5
f 751/13/6 746/14/6 749/1/6
f 746/4/2 751/11/2 747/5/2
f 757/15/1 754/16/1 753/17/1
f 754/18/2 755/19/2 753/20/2
f 758/21/3 753/22/3 755/23/3
f 758/21/3 756/24/3 753/22/3
f 757/15/1 753/17/1 756/24/1
f 759/25/4 758/21/4 755/19/4
f 759/25/4 760/26/4 758/21/4
f 760/26/5 756/24/5 758/21/5
f 759/27/6 757/15/6 760/26/6
f 760/26/5 757/15/5 756/24/5
f 759/27/6 754/28/6 757/15/6
f 754/18/2 759/25/2 755/19/2
f 765/29/1 762/30/1 761/31/1
f 762/32/3 763/33/3 761/34/3
f 766/35/5 761/36/5 763/37/5
f 766/35/5 764/38/5 761/36/5
f 765/29/1 761/31/1 764/38/1
f 767/39/4 766/35/4 763/33/4
f 767/39/4 768/40/4 766/35/4
f 768/40/6 764/38/6 766/35/6
f 767/41/2 765/29/2 768/40/2
f 768/40/6 765/29/6 764/38/6
f 767/41/2 762/42/2 765/29/2
f 762/32/3 767/39/3 763/33/3
f 773/1/1 770/2/1 769/3/1
f 770/4/2 771/5/2 769/6/2
f 774/7/3 769/8/3 771/9/3
f 774/7/3 772/10/3 769/8/3
f 773/1/1 769/3/1 772/10/1
f 775/11/4 774/7/4 771/5/4
f 775/11/4 776/12/4 774/7/4
f 776/12/5 772/10/5 774/7/5
f 775/13/6 773/1/6 776/12/6
f 776/12/5 773/1/5 772/10/5
f 775/13/6 770/14/6 773/1/6
f 770/4/2 775/11/2 771/5/2
f 781/15/1 778/16/1 777/17/1
f 778/18/2 779/19/2 777/20/2
f 782/21/3 777/22/3 779/23/3
f 782/21/3 780/24/3 777/22/3
f 781/15/1 777/17/1 780/24/1
f 783/25/4 782/21/4 779/19/4
f 783/25/4 784/26/4 782/21/4
f 784/26/5 780/24/5 782/21/5
f 783/27/6 781/15/6 784/26/6
f 784/26/5 781/15/5 780/24/5
f 783/27/6 778/28/6 781/15/6
f 778/18/2 783/25/2 779/19/2
f 789/29/1 786/30/1 785/31/1
f 786/32/3 787/33/3 785/34/3
f 790/35/5 785/36/5 787/37/5
f 790/35/5 788/38/5 785/36/5
f 789/29/1 785/31/1 788/38/1
f 791/39/4 790/35/4 787/33/4
f 791/39/4 792/40/4 790/35/4
f 792/40/6 788/38/6 790/35/6
f 791/41/2 789/29/2 792/40/2
f 792/40/6 789/29/6 788/38/6
f 791/41/2 786/42/2 789/29/2
f 786/32/3 791/39/3 787/33/3
f 797/1/1 794/2/1 793/3/1
f 794/4/2 795/5/2 793/6/2
f 798/7/3 793/8/3 795/9/3
f 798/7/3 796/10/3 793/8/3
f 797/1/1 793/3/1 796/10/1
f 799/11/4 798/7/4 795/5/4
f 799/11/4 800/12/4 798/7/4
f 800/12/5 796/10/5 798/7/5
f 799/13/6 797/1/6 800/12/6
f 800/12/5 797/1/5 796/10/5
f 799/13/6 794/14/6 797/1/6
f 794/4/2 799/11/2 795/5/2
f 805/15/1 802/16/1 801/17/1
f 802/18/2 803/19/2 801/20/2
f 806/21/3 801/22/3 803/23/3
f 806/21/3 804/24/3 801/22/3
f 805/15/1 801/17/1 804/24/1
f 807/25/4 806/21/4 803/19/4
f 807/25/4 808/26/4 806/21/4
f 808/26/5 804/24/5 806/21/5
f 807/27/6 805/15/6 808/26/6
f 808/26/5 805/15/5 804/24/5
f 807/27/6 802/28/6 805/15/6
f 802/18/2 807/25/2 803/19/2
f 813/29/1 810/30/1 809/31/1
f 810/32/3 811/33/3 809/34/3
f 814/35/5 809/36/5 811/37/5
f 814/35/5 812/38/5 809/36/5
f 813/29/1 809/31/1 812/38/1
f 815/39/4 814/35/4 811/33/4
f 815/39/4 816/40/4 814/35/4
f 816/40/6 812/38/6 814/35/6
f 815/41/2 813/29/2 816/40/2
f 816/40/6 813/29/6 812/38/6
f 815/41/2 810/42/2 813/29/2
f 810/32/3 815/39/3 811/33/3
f 821/1/1 818/2/1 817/3/1
f 818/4/2 819/5/2 817/6/2
f 822/7/3 817/8/3 819/9/3
f 822/7/3 820/10/3 817/8/3
f 821/1/1 817/3/1 820/10/1
f 823/11/4 822/7/4 819/5/4
f 823/11/4 824/12/4 822/7/4
f 824/12/5 820/10/5 822/7/5
f 823/13/6 821/1/6 824/12/6
f 824/12/5 821/1/5 820/10/5
f 823/13/6 818/14/6 821/1/6
f 818/4/2 823/11/2 819/5/2
f 829/15/1 826/16/1 825/17/1
f 826/18/2 827/19/2 825/20/2
f 830/21/3 825/22/3 827/23/3
f 830/21/3 828/24/3 825/22/3
f 829/15/1 825/17/1 828/24/1
f 831/25/4 830/21/4 827/19/4
f 831/25/4 832/26/4 830/21/4
f 832/26/5 828/24/5 830/21/5
f 831/27/6 829/15/6 832/26/6
f 832/26/5 829/15/5 828/24/5
f 831/27/6 826/28/6 829/15/6
f 826/18/2 831/25/2 827/19/2
f 837/29/1 834/30/1 833/31/1
f 834/32/3 835/33/3 833/34/3
f 838/35/5 833/36/5 835/37/5
f 838/35/5 836/38/5 833/36/5
f 837/29/1 833/31/1 836/38/1
f 839/39/4 838/35/4 835/33/4
f 839/39/4 840/40/4 838/35/4
f 840/40/6 836/38/6 838/35/6
f 839/41/2 837/29/2 840/40/2
f 840/40/6 837/29/6 836/38/6
f 839/41/2 834/42/2 837/29/2
f 834/32/3 839/39/3 835/33/3
f 845/1/1 842/2/1 841/3/1
f 842/4/2 843/5/2 841/6/2
f 846/7/3 841/8/3 843/9/3
f 846/7/3 844/10/3 841/8/3
f 845/1/1 841/3/1 844/10/1
f 847/11/4 846/7/4 843/5/4
f 847/11/4 848/12/4 846/7/4
f 848/12/5 844/10/5 846/7/5
f 847/13/6 845/1/6 848/12/6
f 848/12/5 845/1/5 844/10/5
f 847/13/6 842/14/6 845/1/6
f 842/4/2 847/11/2 843/5/2
f 853/15/1 850/16/1 849/17/1
f 850/18/2 851/19/2 849/20/2
f 854/21/3 849/22/3 851/23/3
f 854/21/3 852/24/3 849/22/3
f 853/15/1 849/17/1 852/24/1
f 855/25/4 854/21/4 851/19/4
f 855/25/4 856/26/4 854/21/4
f 856/26/5 852/24/5 854/21/5
f 855/27/6 853/15/6 856/26/6
f 856/26/5 853/15/5 852/24/5
f 855/27/6 850/28/6 853/15/6
f 850/18/2 855/25/2 851/19/2
f 861/29/1 858/30/1 857/31/1
f 858/32/3 859/33/3 857/34/3
f 862/35/5 857/36/5 859/37/5
f 862/35/5 860/38/5 857/36/5
f 861/29/1 857/31/1 860/38/1
f 863/39/4 862/35/4 859/33/4
f 863/39/4 864/40/4 862/35/4
f 864/40/6 860/38/6 862/35/6
f 863/41/2 861/29/2 864/40/2
f 864/40/6 861/29/6 860/38/6
f 863/41/2 858/42/2 861/29/2
f 858/32/3 863/39/3 859/33/3
f 869/1/1 866/2/1 865/3/1
f 866/4/2 867/5/2 865/6/2
f 870/7/3 865/8/3 867/9/3
f 870/7/3 868/10/3 865/8/3
f 869/1/1 865/3/1 868/10/1
f 871/11/4 870/7/4 867/5/4
f 871/11/4 872/12/4 870/7/4
f 872/12/5 868/10/5 870/7/5
f 871/13/6 869/1/6 872/12/6
f 872/12/5 869/1/5 868/10/5
f 871/13/6 866/14/6 869/1/6
f 866/4/2 871/11/2 867/5/2
f 877/15/1 874/16/1 873/17/1
f 874/18/2 875/19/2 873/20/2
f 878/21/3 873/22/3 875/23/3
f 878/21/3 876/24/3 873/22/3
f 877/15/1 873/17/1 876/24/1
f 879/25/4 878/21/4 875/19/4
f 879/25/4 880/26/4 878/21/4
f 880/26/5 876/24/5 878/21/5
f 879/27/6 877/15/6 880/26/6
f 880/26/5 877/15/5 876/24/5
f 879/27/6 874/28/6 877/15/6
f 874/18/2 879/25/2 875/19/2
f 885/29/1 882/30/1 881/31/1
f 882/32/3 883/33/3 881/34/3
f 886/35/5 881/36/5 883/37/5
f 886/35/5 884/38/5 881/36/5
f 885/29/1 881/31/1 884/38/1
f 887/39/4 886/35/4 883/33/4
f 887/39/4 888/40/4 886/35/4
f 888/40/6 884/38/6 886/35/6
f 887/41/2 885/29/2 888/40/2
f 888/40/6 885/29/6 884/38/6
f 887/41/2 882/42/2 885/29/2
f 882/32/3 887/39/3 883/33/3
f 893/1/1 890/2/1 889/3/1
f 890/4/2 891/5/2 889/6/2
f 894/7/3 889/8/3 891/9/3
f 894/7/3 892/10/3 889/8/3
f 893/1/1 889/3/1 892/10/1
f 895/11/4 894/7/4 891/5/4
f 895/11/4 896/12/4 894/7/4
f 896/12/5 892/10/5 894/7/5
f 895/13/6 893/1/6 896/12/6
f 896/12/5 893/1/5 892/10/5
f 895/13/6 890/14/6 893/1/6
f 890/4/2 895/11/2 891/5/2
f 901/15/1 898/16/1 897/17/1
f 898/18/2 899/19/2 897/20/2
f 902/21/3 897/22/3 899/23/3
f 902/21/3 900/24/3 897/22/3
f 901/15/1 897/17/1 900/24/1
f 903/25/4 902/21/4 899/19/4
f 903/25/4 904/26/4 902/21/4
f 904/26/5 900/24/5 902/21/5
f 903/27/6 901/15/6 904/26/6
f 904/26/5 901/15/5 900/24/5
f 903/27/6 898/28/6 901/15/6
f 898/18/2 903/25/2 899/19/2
f 909/29/1 906/30/1 905/31/1
f 906/32/3 907/33/3 905/34/3
f 910/35/5 905/36/5 907/37/5
f 910/35/5 908/38/5 905/36/5
f 909/29/1 905/31/1 908/38/1
f 911/39/4 910/35/4 907/33/4
f 911/39/4 912/40/4 910/35/4
f 912/40/6 908/38/6 910/35/6
f 911/41/2 909/29/2 912/40/2
f 912/40/6 909/29/6 908/38/6
f 911/41/2 906/42/2 909/29/2
f 906/32/3 911/39/3 907/33/3
f 917/1/1 914/2/1 913/3/1
f 914/4/2 915/5/2 913/6/2
f 918/7/3 913/8/3 915/9/3
f 918/7/3 916/10/3 913/8/3
f 917/1/1 913/3/1 916/10/1
f 919/11/4 918/7/4 915/5/4
f 919/11/4 920/12/4 918/7/4
f 920/12/5 916/10/5 918/7/5
f 919/13/6 917/1/6 920/12/6
f 920/12/5 917/1/5 916/10/5
f 919/13/6 914/14/6 917/1/6
f 914/4/2 919/11/2 915/5/2
f 925/15/1 922/16/1 921/17/1
f 922/18/2 923/19/2 921/20/2
f 926/21/3 921/22/3 923/23/3
f 926/21/3 924/24/3 921/22/3
f 925/15/1 921/17/1 924/24/1
f 927/25/4 926/21/4 923/19/4
f 927/25/4 928/26/4 926/21/4
f 928/26/5 924/24/5 926/21/5
f 927/27/6 925/15/6 928/26/6
f 928/26/5 925/15/5 924/24/5
f 927/27/6 922/28/6 925/15/6
f 922/18/2 927/25/2 923/19/2
f 933/29/1 930/30/1 929/31/1
f 930/32/3 931/33/3 929/34/3
f 934/35/5 929/36/5 931/37/5
f 934/35/5 932/38/5 929/36/5
f 933/29/1 929/31/1 932/38/1
f 935/39/4 934/35/4 931/33/4
f 935/39/4 936/40/4 934/35/4
f 936/40/6 932/38/6 934/35/6
f 935/41/2 933/29/2 936/40/2
f 936/40/6 933/29/6 932/38/6
f 935/41/2 930/42/2 933/29/2
f 930/32/3 935/39/3 931/33/3
f 941/1/1 938/2/1 937/3/1
f 938/4/2 939/5/2 937/6/2
f 942/7/3 937/8/3 939/9/3
f 942/7/3 940/10/3 937/8/3
f 941/1/1 937/3/1 940/10/1
f 943/11/4 942/7/4 939/5/4
f 943/11/4 944/12/4 942/7/4
f 944/12/5 940/10/5 942/7/5
f 943/13/6 941/1/6 944/12/6
f 944/12/5 941/1/5 940/10/5
f 943/13/6 938/14/6 941/1/6
f 938/4/2 943/11/2 939/5/2
f 949/15/1 946/16/1 945/17/1
f 946/18/2 947/19/2 945/20/2
f 950/21/3 945/22/3 947/23/3
f 950/21/3 948/24/3 945/22/3
f 949/15/1 945/17/1 948/24/1
f 951/25/4 950/21/4 947/19/4
f 951/25/4 952/26/4 950/21/4
f 952/26/5 948/24/5 950/21/5
f 951/27/6 949/15/6 952/26/6
f 952/26/5 949/15/5 948/24/5
f 951/27/6 946/28/6 949/15/6
f 946/18/2 951/25/2 947/19/2
f 957/29/1 954/30/1 953/31/1
f 954/32/3 955/33/3 953/34/3
f 958/35/5 953/36/5 955/37/5
f 958/35/5 956/38/5 953/36/5
f 957/29/1 953/31/1 956/38/1
f 959/39/4 958/35/4 955/33/4
f 959/39/4 960/40/4 958/35/4
f 960/40/6 956/38/6 958/35/6
f 959/41/2 957/29/2 960/40/2
f 960/40/6 957/29/6 956/38/6
f 959/41/2 954/42/2 957/29/2
f 954/32/3 959/39/3 955/33/3
f 965/1/1 962/2/1 961/3/1
f 962/4/2 963/5/2 961/6/2
f 966/7/3 961/8/3 963/9/3
f 966/7/3 964/10/3 961/8/3
f 965/1/1 961/3/1 964/10/1
f 967/11/4 966/7/4 963/5/4
f 967/11/4 968/12/4 966/7/4
f 968/12/5 964/10/5 966/7/5
f 967/13/6 965/1/6 968/12/6
f 968/12/5 965/1/5 964/10/5
f 967/13/6 962/14/6 965/1/6
f 962/4/2 967/11/2 963/5/2
f 973/15/1 970/16/1 969/17/1
f 970/18/2 971/19/2 969/20/2
f 974/21/3 969/22/3 971/23/3
f 974/21/3 972/24/3 969/22/3
f 973/15/1 969/17/1 972/24/1
f 975/25/4 974/21/4 971/19/4
f 975/25/4 976/26/4 974/21/4
f 976/26/5 972/24/5 974/21/5
f 975/27/6 973/15/6 976/26/6
f 976/26/5 973/15/5 972/24/5
f 975/27/6 970/28/6 973/15/6
f 970/18/2 975/25/2 971/19/2
f 981/29/1 978/30/1 977/31/1
f 978/32/3 979/33/3 977/34/3
f 982/35/5 977/36/5 979/37/5
f 982/35/5 980/38/5 977/36/5
f 981/29/1 977/31/1 980/38/1
f 983/39/4 982/35/4 979/33/4
f 983/39/4 984/40/4 982/35/4
f 984/40/6 980/38/6 982/35/6
f 983/41/2 981/29/2 984/40/2
f 984/40/6 981/29/6 980/38/6
f 983/41/2 978/42/2 981/29/2
f 978/32/3 983/39/3 979/33/3
f 989/1/1 986/2/1 985/3/1
f 986/4/2 987/5/2 985/6/2
f 990/7/3 985/8/3 987/9/3
f 990/7/3 988/10/3 985/8/3
f 989/1/1 985/3/1 988/10/1
f 991/11/4 990/7/4 987/5/4
f 991/11/4 992/12/4 990/7/4
f 992/12/5 988/10/5 990/7/5
f 991/13/6 989/1/6 992/12/6
f 992/12/5 989/1/5 988/10/5
f 991/13/6 986/14/6 989/1/6
f 986/4/2 991/11/2 987/5/2
f 997/15/1 994/16/1 993/17/1
f 994/18/2 995/19/2 993/20/2
f 998/21/3 993/22/3 995/23/3
f 998/21/3 996/24/3 993/22/3
f 997/15/1 993/17/1 996/24/1
f 999/25/4 998/21/4 995/19/4
f 999/25/4 1000/26/4 998/21/4
f 1000/26/5 996/24/5 998/21/5
f 999/27/6 997/15/6 1000/26/6
f 1000/26/5 997/15/5 996/24/5
f 999/27/6 994/28/6 997/15/6
f 994/18/2 999/25/2 995/19/2
f 1005/29/1 1002/30/1 1001/31/1
f 1002/32/3 1003/33/3 1001/34/3
f 1006/35/5 1001/36/5 1003/37/5
f 1006/35/5 1004/38/5 1001/36/5
f 1005/29/1 1001/31/1 1004/38/1
f 1007/39/4 1006/35/4 1003/33/4
f 1007/39/4 1008/40/4 1006/35/4
f 1008/40/6 1004/38/6 1006/35/6
f 1007/41/2 1005/29/2 1008/40/2
f 1008/40/6 1005/29/6 1004/38/6
f 1007/41/2 1002/42/2 1005/29/2
f 1002/32/3 1007/39/3 1003/33/3
f 1013/1/1 1010/2/1 1009/3/1
f 1010/4/2 1011/5/2 1009/6/2
f 1014/7/3 1009/8/3 1011/9/3
f 1014/7/3 1012/10/3 1009/8/3
f 1013/1/1 1009/3/1 1012/10/1
f 1015/11/4 1014/7/4 1011/5/4
f 1015/11/4 1016/12/4 1014/7/4
f 1016/12/5 1012/10/5 1014/7/5
f 1015/13/6 1013/1/6 1016/12/6
f 1016/12/5 1013/1/5 1012/10/5
f 1015/13/6 1010/14/6 1013/1/6
f 1010/4/2 1015/11/2 1011/5/2
f 1021/15/1 1018/16/1 1017/17/1
f 1018/18/2 1019/19/2 1017/20/2
f 1022/21/3 1017/22/3 1019/23/3
f 1022/21/3 1020/24/3 1017/22/3
f 1021/15/1 1017/17/1 1020/24/1
f 1023/25/4 1022/21/4 1019/19/4
f 1023/25/4 1024/26/4 1022/21/4
f 1024/26/5 1020/24/5 1022/21/5
f 1023/27/6 1021/15/6 1024/26/6
f 1024/26/5 1021/15/5 1020/24/5
f 1023/27/6 1018/28/6 1021/15/6
f 1018/18/2 1023/25/2 1019/19/2
f 1029/29/1 1026/30/1 1025/31/1
f 1026/32/3 1027/33/3 1025/34/3
f 1030/35/5 1025/36/5 1027/37/5
f 1030/35/5 1028/38/5 1025/36/5
f 1029/29/1 1025/31/1 1028/38/1
f 1031/39/4 1030/35/4 1027/33/4
f 1031/39/4 1032/40/4 1030/35/4
f 1032/40/6 1028/38/6 1030/35/6
f 1031/41/2 1029/29/2 1032/40/2
f 1032/40/6 1029/29/6 1028/38/6
f 1031/41/2 1026/42/2 1029/29/2
f 1026/32/3 1031/39/3 1027/33/3
f 1037/1/1 1034/2/1 1033/3/1
f 1034/4/2 1035/5/2 1033/6/2
f 1038/7/3 1033/8/3 1035/9/3
f 1038/7/3 1036/10/3 1033/8/3
f 1037/1/1 1033/3/1 1036/10/1
f 1039/11/4 1038/7/4 1035/5/4
f 1039/11/4 1040/12/4 1038/7/4
f 1040/12/5 1036/10/5 1038/7/5
f 1039/13/6 1037/1/6 1040/12/6
f 1040/12/5 1037/1/5 1036/10/5
f 1039/13/6 1034/14/6 1037/1/6
f 1034/4/2 1039/11/2 1035/5/2
f 1045/15/1 1042/16/1 1041/17/1
f 1042/18/2 1043/19/2 1041/20/2
f 1046/21/3 1041/22/3 1043/23/3
f 1046/21/3 1044/24/3 1041/22/3
f 1045/15/1 1041/17/1 1044/24/1
f 1047/25/4 1046/21/4 1043/19/4
f 1047/25/4 1048/26/4 1046/21/4
f 1048/26/5 1044/24/5 1046/21/5
f 1047/27/6 1045/15/6 1048/26/6
f 1048/26/5 1045/15/5 1044/24/5
f 1047/27/6 1042/28/6 1045/15/6
f 1042/18/2 1047/25/2 1043/19/2
f 1053/29/1 1050/30/1 1049/31/1
f 1050/32/3 1051/33/3 1049/34/3
f 1054/35/5 1049/36/5 1051/37/5
f 1054/35/5 1052/38/5 1049/36/5
f 1053/29/1 1049/31/1 1052/38/1
f 1055/39/4 1054/35/4 1051/33/4
f 1055/39/4 1056/40/4 1054/35/4
f 1056/40/6 1052/38/6 1054/35/6
f 1055/41/2 1053/29/2 1056/40/2
f 1056/40/6 1053/29/6 1052/38/6
f 1055/41/2 1050/42/2 1053/29/2
f 1050/32/3 1055/39/3 1051/33/3
f 1061/1/1 1058/2/1 1057/3/1
f 1058/4/2 1059/5/2 1057/6/2
f 1062/7/3 1057/8/3 1059/9/3
f 1062/7/3 1060/10/3 1057/8/3
f 1061/1/1 1057/3/1 1060/10/1
f 1063/11/4 1062/7/4 1059/5/4
f 1063/11/4 1064/12/4 1062/7/4
f 1064/12/5 1060/10/5 1062/7/5
f 1063/13/6 1061/1/6 1064/12/6
f 1064/12/5 1061/1/5 1060/10/5
f 1063/13/6 1058/14/6 1061/1/6
f 1058/4/2 1063/11/2 1059/5/2
f 1069/15/1 1066/16/1 1065/17/1
f 1066/18/2 1067/19/2 1065/20/2
f 1070/21/3 1065/22/3 1067/23/3
f 1070/21/3 1068/24/3 1065/22/3
f 1069/15/1 1065/17/1 1068/24/1
f 1071/25/4 1070/21/4 1067/19/4
f 1071/25/4 1072/26/4 1070/21/4
f 1072/26/5 1068/24/5 1070/21/5
f 1071/27/6 1069/15/6 1072/26/6
f 1072/26/5 1069/15/5 1068/24/5
f 1071/27/6 1066/28/6 1069/15/6
f 1066/18/2 1071/25/2 1067/19/2
f 1077/29/1 1074/30/1 1073/31/1
f 1074/32/3 1075/33/3 1073/34/3
f 1078/35/5 1073/36/5 1075/37/5
f 1078/35/5 1076/38/5 1073/36/5
f 1077/29/1 1073/31/1 1076/38/1
f 1079/39/4 1078/35/4 1075/33/4
f 1079/39/4 1080/40/4 1078/35/4
f 1080/40/6 1076/38/6 1078/35/6
f 1079/41/2 1077/29/2 1080/40/2
f 1080/40/6 1077/29/6 1076/38/6
f 1079/41/2 1074/42/2 1077/29/2
f 1074/32/3 1079/39/3 1075/33/3
f 1085/1/1 1082/2/1 1081/3/1
f 1082/4/2 1083/5/2 1081/6/2
f 1086/7/3 1081/8/3 1083/9/3
f 1086/7/3 1084/10/3 1081/8/3
f 1085/1/1 1081/3/1 1084/10/1
f 1087/11/4 1086/7/4 1083/5/4
f 1087/11/4 1088/12/4 1086/7/4
f 1088/12/5 1084/10/5 1086/7/5
f 1087/13/6 1085/1/6 1088/12/6
f 1088/12/5 1085/1/5 1084/10/5
f 1087/13/6 1082/14/6 1085/1/6
f 1082/4/2 1087/11/2 1083/5/2
f 1093/15/1 1090/16/1 1089/17/1
f 1090/18/2 1091/19/2 1089/20/2
f 1094/21/3 1089/22/3 1091/23/3
f 1094/21/3 1092/24/3 1089/22/3
f 1093/15/1 1089/17/1 1092/24/1
f 1095/25/4 1094/21/4 1091/19/4
f 1095/25/4 1096/26/4 1094/21/4
f 1096/26/5 1092/24/5 1094/21/5
f 1095/27/6 1093/15/6 1096/26/6
f 1096/26/5 1093/15/5 1092/24/5
f 1095/27/6 1090/28/6 1093/15/6
f 1090/18/2 1095/25/2 1091/19/2
f 1101/29/1 1098/30/1 1097/31/1
f 1098/32/3 1099/33/3 1097/34/3
f 1102/35/5 1097/36/5 1099/37/5
f 1102/35/5 1100/38/5 1097/36/5
f 1101/29/1 1097/31/1 1100/38/1
f 1103/39/4 1102/35/4 1099/33/4
f 1103/39/4 1104/40/4 1102/35/4
f 1104/40/6 1100/38/6 1102/35/6
f 1103/41/2 1101/29/2 1104/40/2
f 1104/40/6 1101/29/6 1100/38/6
f 1103/41/2 1098/42/2 1101/29/2
f 1098/32/3 1103/39/3 1099/33/3
f 1109/1/1 1106/2/1 1105/3/1
f 1106/4/2 1107/5/2 1105/6/2
f 1110/7/3 1105/8/3 1107/9/3
f 1110/7/3 1108/10/3 1105/8/3
f 1109/1/1 1105/3/1 1108/10/1
f 1111/11/4 1110/7/4 1107/5/4
f 1111/11/4 1112/12/4 1110/7/4
f 1112/12/5 1108/10/5 1110/7/5
f 1111/13/6 1109/1/6 1112/12/6
f 1112/12/5 1109/1/5 1108/10/5
f 1111/13/6 1106/14/6 1109/1/6
f 1106/4/2 1111/11/2 1107/5/2
f 1117/15/1 1114/16/1 1113/17/1
f 1114/18/2 1115/19/2 1113/20/2
f 1118/21/3 1113/22/3 1115/23/3
f 1118/21/3 1116/24/3 1113/22/3
f 1117/15/1 1113/17/1 1116/24/1
f 1119/25/4 1118/21/4 1115/19/4
f 1119/25/4 1120/26/4 1118/21/4
f 1120/26/5 1116/24/5 1118/21/5
f 1119/27/6 1117/15/6 1120/26/6
f 1120/26/5 1117/15/5 1116/24/5
f 1119/27/6 1114/28/6 1117/15/6
f 1114/18/2 1119/25/2 1115/19/2
f 1125/29/1 1122/30/1 1121/31/1
f 1122/32/3 1123/33/3 1121/34/3
f 1126/35/5 1121/36/5 1123/37/5
f 1126/35/5 1124/38/5 1121/36/5
f 1125/29/1 1121/31/1 1124/38/1
f 1127/39/4 1126/35/4 1123/33/4
f 1127/39/4 1128/40/4 1126/35/4
f 1128/40/6 1124/38/6 1126/35/6
f 1127/41/2 1125/29/2 1128/40/2
f 1128/40/6 1125/29/6 1124/38/6
f 1127/41/2 1122/42/2 1125/29/2
f 1122/32/3 1127/39/3 1123/33/3
f 1133/1/1 1130/2/1 1129/3/1
f 1130/4/2 1131/5/2 1129/6/2
f 1134/7/3 1129/8/3 1131/9/3
f 1134/7/3 1132/10/3 1129/8/3
f 1133/1/1 1129/3/1 1132/10/1
f 1135/11/4 1134/7/4 1131/5/4
f 1135/11/4 1136/12/4 1134/7/4
f 1136/12/5 1132/10/5 1134/7/5
f 1135/13/6 1133/1/6 1136/12/6
f 1136/12/5 1133/1/5 1132/10/5
f 1135/13/6 1130/14/6 1133/1/6
f 1130/4/2 1135/11/2 1131/5/2
f 1141/15/1 1138/16/1 1137/17/1
f 1138/18/2 1139/19/2 1137/20/2
f 1142/21/3 1137/22/3 1139/23/3
f 1142/21/3 1140/24/3 1137/22/3
f 1141/15/1 1137/17/1 1140/24/1
f 1143/25/4 1142/21/4 1139/19/4
f 1143/25/4 1144/26/4 1142/21/4
f 1144/26/5 1140/24/5 1142/21/5
f 1143/27/6 1141/15/6 1144/26/6
f 1144/26/5 1141/15/5 1140/24/5
f 1143/27/6 1138/28/6 1141/15/6
f 1138/18/2 1143/25/2 1139/19/2
f 1149/29/1 1146/30/1 1145/31/1
f 1146/32/3 1147/33/3 1145/34/3
f 1150/35/5 1145/36/5 1147/37/5
f 1150/35/5 1148/38/5 1145/36/5
f 1149/29/1 1145/31/1 1148/38/1
f 1151/39/4 1150/35/4 1147/33/4
f 1151/39/4 1152/40/4 1150/35/4
f 1152/40/6 1148/38/6 1150/35/6
f 1151/41/2 1149/29/2 1152/40/2
f 1152/40/6 1149/29/6 1148/38/6
f 1151/41/2 1146/42/2 1149/29/2
f 1146/32/3 1151/39/3 1147/33/3
f 1157/1/1 1154/2/1 1153/3/1
f 1154/4/2 1155/5/2 1153/6/2
f 1158/7/3 1153/8/3 1155/9/3
f 1158/7/3 1156/10/3 1153/8/3
f 1157/1/1 1153/3/1 1156/10/1
f 1159/11/4 1158/7/4 1155/5/4
f 1159/11/4 1160/12/4 1158/7/4
f 1160/12/5 1156/10/5 1158/7/5
f 1159/13/6 1157/1/6 1160/12/6
f 1160/12/5 1157/1/5 1156/10/5
f 1159/13/6 1154/14/6 1157/1/6
f 1154/4/2 1159/11/2 1155/5/2
f 1165/15/1 1162/16/1 1161/17/1
f 1162/18/2 1163/19/2 1161/20/2
f 1166/21/3 1161/22/3 1163/23/3
f 1166/21/3 1164/24/3 1161/22/3
f 1165/15/1 1161/17/1 1164/24/1
f 1167/25/4 1166/21/4 1163/19/4
f 1167/25/4 1168/26/4 1166/21/4
f 1168/26/5 1164/24/5 1166/21/5
f 1167/27/6 1165/15/6 1168/26/6
f 1168/26/5 1165/15/5 1164/24/5
f 1167/27/6 1162/28/6 1165/15/6
f 1162/18/2 1167/25/2 1163/19/2
f 1173/29/1 1170/30/1 1169/31/1
f 1170/32/3 1171/33/3 1169/34/3
f 1174/35/5 1169/36/5 1171/37/5
f 1174/35/5 1172/38/5 1169/36/5
f 1173/29/1 1169/31/1 1172/38/1
f 1175/39/4 1174/35/4 1171/33/4
f 1175/39/4 1176/40/4 1174/35/4
f 1176/40/6 1172/38/6 1174/35/6
f 1175/41/2 1173/29/2 1176/40/2
f 1176/40/6 1173/29/6 1172/38/6
f 1175/41/2 1170/42/2 1173/29/2
f 1170/32/3 1175/39/3 1171/33/3
f 1181/1/1 1178/2/1 1177/3/1
f 1178/4/2 1179/5/2 1177/6/2
f 1182/7/3 1177/8/3 1179/9/3
f 1182/7/3 1180/10/3 1177/8/3
f 1181/1/1 1177/3/1 1180/10/1
f 1183/11/4 1182/7/4 1179/5/4
f 1183/11/4 1184/12/4 1182/7/4
f 1184/12/5 1180/10/5 1182/7/5
f 1183/13/6 1181/1/6 1184/12/6
f 1184/12/5 1181/1/5 1180/10/5
f 1183/13/6 1178/14/6 1181/1/6
f 1178/4/2 1183/11/2 1179/5/2
f 1189/15/1 1186/16/1 1185/17/1
f 1186/18/2 1187/19/2 1185/20/2
f 1190/21/3 1185/22/3 1187/23/3
f 1190/21/3 1188/24/3 1185/22/3
f 1189/15/1 1185/17/1 1188/24/1
f 1191/25/4 1190/21/4 1187/19/4
f 1191/25/4 1192/26/4 1190/21/4
f 1192/26/5 1188/24/5 1190/21/5
f 1191/27/6 1189/15/6 1192/26/6
f 1192/26/5 1189/15/5 1188/24/5
f 1191/27/6 1186/28/6 1189/15/6
f 1186/18/2 1191/25/2 1187/19/2
f 1197/29/1 1194/30/1 1193/31/1
f 1194/32/3 1195/33/3 1193/34/3
f 1198/35/5 1193/36/5 1195/37/5
f 1198/35/5 1196/38/5 1193/36/5
f 1197/29/1 1193/31/1 1196/38/1
f 1199/39/4 1198/35/4 1195/33/4
f 1199/39/4 1200/40/4 1198/35/4
f 1200/40/6 1196/38/6 1198/35/6
f 1199/41/2 1197/29/2 1200/40/2
f 1200/40/6 1197/29/6 1196/38/6
f 1199/41/2 1194/42/2 1197/29/2
f 1194/32/3 1199/39/3 1195/33/3
f 1205/1/1 1202/2/1 1201/3/1
f 1202/4/2 1203/5/2 1201/6/2
f 1206/7/3 1201/8/3 1203/9/3
f 1206/7/3 1204/10/3 1201/8/3
f 1205/1/1 1201/3/1 1204/10/1
f 1207/11/4 1206/7/4 1203/5/4
f 1207/11/4 1208/12/4 1206/7/4
f 1208/12/5 1204/10/5 1206/7/5
f 1207/13/6 1205/1/6 1208/12/6
f 1208/12/5 1205/1/5 1204/10/5
f 1207/13/6 1202/14/6 1205/1/6
f 1202/4/2 1207/11/2 1203/5/2
f 1213/15/1 1210/16/1 1209/17/1
f 1210/18/2 1211/19/2 1209/20/2
f 1214/21/3 1209/22/3 1211/23/3
f 1214/21/3 1212/24/3 1209/22/3
f 1213/15/1 1209/17/1 1212/24/1
f 1215/25/4 1214/21/4 1211/19/4
f 1215/25/4 1216/26/4 1214/21/4
f 1216/26/5 1212/24/5 1214/21/5
f 1215/27/6 1213/15/6 1216/26/6
f 1216/26/5 1213/15/5 1212/24/5
f 1215/27/6 1210/28/6 1213/15/6
f 1210/18/2 1215/25/2 1211/19/2
f 1221/29/1 1218/30/1 1217/31/1
f 1218/32/3 1219/33/3 1217/34/3
f 1222/35/5 1217/36/5 1219/37/5
f 1222/35/5 1220/38/5 1217/36/5
f 1221/29/1 1217/31/1 1220/38/1
f 1223/39/4 1222/35/4 1219/33/4
f 1223/39/4 1224/40/4 1222/35/4
f 1224/40/6 1220/38/6 1222/35/6
f 1223/41/2 1221/29/2 1224/40/2
f 1224/40/6 1221/29/6 1220/38/6
f 1223/41/2 1218/42/2 1221/29/2
f 1218/32/3 1223/39/3 1219/33/3
f 1229/1/1 1226/2/1 1225/3/1
f 1226/4/2 1227/5/2 1225/6/2
f 1230/7/3 1225/8/3 1227/9/3
f 1230/7/3 1228/10/3 1225/8/3
f 1229/1/1 1225/3/1 1228/10/1
f 1231/11/4 1230/7/4 1227/5/4
f 1231/11/4 1232/12/4 1230/7/4
f 1232/12/5 1228/10/5 1230/7/5
f 1231/13/6 1229/1/6 1232/12/6
f 1232/12/5 1229/1/5 1228/10/5
f 1231/13/6 1226/14/6 1229/1/6
f 1226/4/2 1231/11/2 1227/5/2
f 1237/15/1 1234/16/1 1233/17/1
f 1234/18/2 1235/19/2 1233/20/2
f 1238/21/3 1233/22/3 1235/23/3
f 1238/21/3 1236/24/3 1233/22/3
f 1237/15/1 1233/17/1 1236/24/1
f 1239/25/4 1238/21/4 1235/19/4
f 1239/25/4 1240/26/4 1238/21/4
f 1240/26/5 1236/24/5 1238/21/5
f 1239/27/6 1237/15/6 1240/26/6
f 1240/26/5 1237/15/5 1236/24/5
f 1239/27/6 1234/28/6 1237/15/6
f 1234/18/2 1239/25/2 1235/19/2
f 1245/29/1 1242/30/1 1241/31/1
f 1242/32/3 1243/33/3 1241/34/3
f 1246/35/5 1241/36/5 1243/37/5
f 1246/35/5 1244/38/5 1241/36/5
f 1245/29/1 1241/31/1 1244/38/1
f 1247/39/4 1246/35/4 1243/33/4
f 1247/39/4 1248/40/4 1246/35/4
f 1248/40/6 1244/38/6 1246/35/6
f 1247/41/2 1245/29/2 1248/40/2
f 1248/40/6 1245/29/6 1244/38/6
f 1247/41/2 1242/42/2 1245/29/2
f 1242/32/3 1247/39/3 1243/33/3
f 1253/1/1 1250/2/1 1249/3/1
f 1250/4/2 1251/5/2 1249/6/2
f 1254/7/3 1249/8/3 1251/9/3
f 1254/7/3 1252/10/3 1249/8/3
f 1253/1/1 1249/3/1 1252/10/1
f 1255/11/4 1254/7/4 1251/5/4
f 1255/11/4 1256/12/4 1254/7/4
f 1256/12/5 1252/10/5 1254/7/5
f 1255/13/6 1253/1/6 1256/12/6
f 1256/12/5 1253/1/5 1252/10/5
f 1255/13/6 1250/14/6 1253/1/6
f 1250/4/2 1255/11/2 1251/5/2
f 1261/15/1 1258/16/1 1257/17/1
f 1258/18/2 1259/19/2 1257/20/2
f 1262/21/3 1257/22/3 1259/23/3
f 1262/21/3 1260/24/3 1257/22/3
f 1261/15/1 1257/17/1 1260/24/1
f 1263/25/4 1262/21/4 1259/19/4
f 1263/25/4 1264/26/4 1262/21/4
f 1264/26/5 1260/24/5 1262/21/5
f 1263/27/6 1261/15/6 1264/26/6
f 1264/26/5 1261/15/5 1260/24/5
f 1263/27/6 1258/28/6 1261/15/6
f 1258/18/2 1263/25/2 1259/19/2
f 1269/29/1 1266/30/1 1265/31/1
f 1266/32/3 1267/33/3 1265/34/3
f 1270/35/5 1265/36/5 1267/37/5
f 1270/35/5 1268/38/5 1265/36/5
f 1269/29/1 1265/31/1 1268/38/1
f 1271/39/4 1270/35/4 1267/33/4
f 1271/39/4 1272/40/4 1270/35/4
f 1272/40/6 1268/38/6 1270/35/6
f 1271/41/2 1269/29/2 1272/40/2
f 1272/40/6 1269/29/6 1268/38/6
f 1271/41/2 1266/42/2 1269/29/2
f 1266/32/3 1271/39/3 1267/33/3
f 1277/1/1 1274/2/1 1273/3/1
f 1274/4/2 1275/5/2 1273/6/2
f 1278/7/3 1273/8/3 1275/9/3
f 1278/7/3 1276/10/3 1273/8/3
f 1277/1/1 1273/3/1 1276/10/1
f 1279/11/4 1278/7/4 1275/5/4
f 1279/11/4 1280/12/4 1278/7/4
f 1280/12/5 1276/10/5 1278/7/5
f 1279/13/6 1277/1/6 1280/12/6
f 1280/12/5 1277/1/5 1276/10/5
f 1279/13/6 1274/14/6 1277/1/6
f 1274/4/2 1279/11/2 1275/5/2
f 1285/15/1 1282/16/1 1281/17/1
f 1282/18/2 1283/19/2 1281/20/2
f 1286/21/3 1281/22/3 1283/23/3
f 1286/21/3 1284/24/3 1281/22/3
f 1285/15/1 1281/17/1 1284/24/1
f 1287/25/4 1286/21/4 1283/19/4
f 1287/25/4 1288/26/4 1286/21/4
f 1288/26/5 1284/24/5 1286/21/5
f 1287/27/6 1285/15/6 1288/26/6
f 1288/26/5 1285/15/5 1284/24/5
f 1287/27/6 1282/28/6 1285/15/6
f 1282/18/2 1287/25/2 1283/19/2
f 1293/29/1 1290/30/1 1289/31/1
f 1290/32/3 1291/33/3 1289/34/3
f 1294/35/5 1289/36/5 1291/37/5
f 1294/35/5 1292/38/5 1289/36/5
f 1293/29/1 1289/31/1 1292/38/1
f 1295/39/4 1294/35/4 1291/33/4
f 1295/39/4 1296/40/4 1294/35/4
f 1296/40/6 1292/38/6 1294/35/6
f 1295/41/2 1293/29/2 1296/40/2
f 1296/40/6 1293/29/6 1292/38/6
f 1295/41/2 1290/42/2 1293/29/2
f 1290/32/3 1295/39/3 1291/33/3
f 1301/1/1 1298/2/1 1297/3/1
f 1298/4/2 1299/5/2 1297/6/2
f 1302/7/3 1297/8/3 1299/9/3
f 1302/7/3 1300/10/3 1297/8/3
f 1301/1/1 1297/3/1 1300/10/1
f 1303/11/4 1302/7/4 1299/5/4
f 1303/11/4 1304/12/4 1302/7/4
f 1304/12/5 1300/10/5 1302/7/5
f 1303/13/6 1301/1/6 1304/12/6
f 1304/12/5 1301/1/5 1300/10/5
f 1303/13/6 1298/14/6 1301/1/6
f 1298/4/2 1303/11/2 1299/5/2
f 1309/15/1 1306/16/1 1305/17/1
f 1306/18/2 1307/19/2 1305/20/2
f 1310/21/3 1305/22/3 1307/23/3
f 1310/21/3 1308/24/3 1305/22/3
f 1309/15/1 1305/17/1 1308/24/1
f 1311/25/4 1310/21/4 1307/19/4
f 1311/25/4 1312/26/4 1310/21/4
f 1312/26/5 1308/24/5 1310/21/5
f 1311/27/6 1309/15/6 1312/26/6
f 1312/26/5 1309/15/5 1308/24/5
f 1311/27/6 1306/28/6 1309/15/6
f 1306/18/2 1311/25/2 1307/19/2
f 1317/29/1 1314/30/1 1313/31/1
f 1314/32/3 1315/33/3 1313/34/3
f 1318/35/5 1313/36/5 1315/37/5
f 1318/35/5 1316/38/5 1313/36/5
f 1317/29/1 1313/31/1 1316/38/1
f 1319/39/4 1318/35/4 1315/33/4
f 1319/39/4 1320/40/4 1318/35/4
f 1320/40/6 1316/38/6 1318/35/6
f 1319/41/2 1317/29/2 1320/40/2
f 1320/40/6 1317/29/6 1316/38/6
f 1319/41/2 1314/42/2 1317/29/2
f 1314/32/3 1319/39/3 1315/33/3
f 1325/1/1 1322/2/1 1321/3/1
f 1322/4/2 1323/5/2 1321/6/2
f 1326/7/3 1321/8/3 1323/9/3
f 1326/7/3 1324/10/3 1321/8/3
f 1325/1/1 1321/3/1 1324/10/1
f 1327/11/4 1326/7/4 1323/5/4
f 1327/11/4 1328/12/4 1326/7/4
f 1328/12/5 1324/10/5 1326/7/5
f 1327/13/6 1325/1/6 1328/12/6
f 1328/12/5 1325/1/5 1324/10/5
f 1327/13/6 1322/14/6 1325/1/6
f 1322/4/2 1327/11/2 1323/5/2
f 1333/15/1 1330/16/1 1329/17/1
f 1330/18/2 1331/19/2 1329/20/2
f 1334/21/3 1329/22/3 1331/23/3
f 1334/21/3 1332/24/3 1329/22/3
f 1333/15/1 1329/17/1 1332/24/1
f 1335/25/4 1334/21/4 1331/19/4
f 1335/25/4 1336/26/4 1334/21/4
f 1336/26/5 1332/24/5 1334/21/5
f 1335/27/6 1333/15/6 1336/26/6
f 1336/26/5 1333/15/5 1332/24/5
f 1335/27/6 1330/28/6 1333/15/6
f 1330/18/2 1335/25/2 1331/19/2
f 1341/29/1 1338/30/1 1337/31/1
f 1338/32/3 1339/33/3 1337/34/3
f 1342/35/5 1337/36/5 1339/37/5
f 1342/35/5 1340/38/5 1337/36/5
f 1341/29/1 1337/31/1 1340/38/1
f 1343/39/4 1342/35/4 1339/33/4
f 1343/39/4 1344/40/4 1342/35/4
f 1344/40/6 1340/38/6 1342/35/6
f 1343/41/2 1341/29/2 1344/40/2
f 1344/40/6 1341/29/6 1340/38/6
f 1343/41/2 1338/42/2 1341/29/2
f 1338/32/3 1343/39/3 1339/33/3
f 1349/1/1 1346/2/1 1345/3/1
f 1346/4/2 1347/5/2 1345/6/2
f 1350/7/3 1345/8/3 1347/9/3
f 1350/7/3 1348/10/3 1345/8/3
f 1349/1/1 1345/3/1 1348/10/1
f 1351/11/4 1350/7/4 1347/5/4
f 1351/11/4 1352/12/4 1350/7/4
f 1352/12/5 1348/10/5 1350/7/5
f 1351/13/6 1349/1/6 1352/12/6
f 1352/12/5 1349/1/5 1348/10/5
f 1351/13/6 1346/14/6 1349/1/6
f 1346/4/2 1351/11/2 1347/5/2
f 1357/15/1 1354/16/1 1353/17/1
f 1354/18/2 1355/19/2 1353/20/2
f 1358/21/3 1353/22/3 1355/23/3
f 1358/21/3 1356/24/3 1353/22/3
f 1357/15/1 1353/17/1 1356/24/1
f 1359/25/4 1358/21/4 1355/19/4
f 1359/25/4 1360/26/4 1358/21/4
f 1360/26/5 1356/24/5 1358/21/5
f 1359/27/6 1357/15/6 1360/26/6
f 1360/26/5 1357/15/5 1356/24/5
f 1359/27/6 1354/28/6 1357/15/6
f 1354/18/2 1359/25/2 1355/19/2
f 1365/29/1 1362/30/1 1361/31/1
f 1362/32/3 1363/33/3 1361/34/3
f 1366/35/5 1361/36/5 1363/37/5
f 1366/35/5 1364/38/5 1361/36/5
f 1365/29/1 1361/31/1 1364/38/1
f 1367/39/4 1366/35/4 1363/33/4
f 1367/39/4 1368/40/4 1366/35/4
f 1368/40/6 1364/38/6 1366/35/6
f 1367/41/2 1365/29/2 1368/40/2
f 1368/40/6 1365/29/6 1364/38/6
f 1367/41/2 1362/42/2 1365/29/2
f 1362/32/3 1367/39/3 1363/33/3
f 1373/1/1 1370/2/1 1369/3/1
f 1370/4/2 1371/5/2 1369/6/2
f 1374/7/3 1369/8/3 1371/9/3
f 1374/7/3 1372/10/3 1369/8/3
f 1373/1/1 1369/3/1 1372/10/1
f 1375/11/4 1374/7/4 1371/5/4
f 1375/11/4 1376/12/4 1374/7/4
f 1376/12/5 1372/10/5 1374/7/5
f 1375/13/6 1373/1/6 1376/12/6
f 1376/12/5 1373/1/5 1372/10/5
f 1375/13/6 1370/14/6 1373/1/6
f 1370/4/2 1375/11/2 1371/5/2
f 1381/15/1 1378/16/1 1377/17/1
f 1378/18/2 1379/19/2 1377/20/2
f 1382/21/3 1377/22/3 1379/23/3
f 1382/21/3 1380/24/3 1377/22/3
f 1381/15/1 1377/17/1 1380/24/1
f 1383/25/4 1382/21/4 1379/19/4
f 1383/25/4 1384/26/4 1382/21/4
f 1384/26/5 1380/24/5 1382/21/5
f 1383/27/6 1381/15/6 1384/26/6
f 1384/26/5 1381/15/5 1380/24/5
f 1383/27/6 1378/28/6 1381/15/6
f 1378/18/2 1383/25/2 1379/19/2
f 1389/29/1 1386/30/1 1385/31/1
f 1386/32/3 1387/33/3 1385/34/3
f 1390/35/5 1385/36/5 1387/37/5
f 1390/35/5 1388/38/5 1385/36/5
f 1389/29/1 1385/31/1 1388/38/1
f 1391/39/4 1390/35/4 1387/33/4
f 1391/39/4 1392/40/4 1390/35/4
f 1392/40/6 1388/38/6 1390/35/6
f 1391/41/2 1389/29/2 1392/40/2
f 1392/40/6 1389/29/6 1388/38/6
f 1391/41/2 1386/42/2 1389/29/2
f 1386/32/3 1391/39/3 1387/33/3
f 1397/1/1 1394/2/1 1393/3/1
f 1394/4/2 1395/5/2 1393/6/2
f 1398/7/3 1393/8/3 1395/9/3
f 1398/7/3 1396/10/3 1393/8/3
f 1397/1/1 1393/3/1 1396/10/1
f 1399/11/4 1398/7/4 1395/5/4
f 1399/11/4 1400/12/4 1398/7/4
f 1400/12/5 1396/10/5 1398/7/5
f 1399/13/6 1397/1/6 1400/12/6
f 1400/12/5 1397/1/5 1396/10/5
f 1399/13/6 1394/14/6 1397/1/6
f 1394/4/2 1399/11/2 1395/5/2
f 1405/15/1 1402/16/1 1401/17/1
f 1402/18/2 1403/19/2 1401/20/2
f 1406/21/3 1401/22/3 1403/23/3
f 1406/21/3 1404/24/3 1401/22/3
f 1405/15/1 1401/17/1 1404/24/1
f 1407/25/4 1406/21/4 1403/19/4
f 1407/25/4 1408/26/4 1406/21/4
f 1408/26/5 1404/24/5 1406/21/5
f 1407/27/6 1405/15/6 1408/26/6
f 1408/26/5 1405/15/5 1404/24/5
f 1407/27/6 1402/28/6 1405/15/6
f 1402/18/2 1407/25/2 1403/19/2
f 1413/29/1 1410/30/1 1409/31/1
f 1410/32/3 1411/33/3 1409/34/3
f 1414/35/5 1409/36/5 1411/37/5
f 1414/35/5 1412/38/5 1409/36/5
f 1413/29/1 1409/31/1 1412/38/1
f 1415/39/4 1414/35/4 1411/33/4
f 1415/39/4 1416/40/4 1414/35/4
f 1416/40/6 1412/38/6 1414/35/6
f 1415/41/2 1413/29/2 1416/40/2
f 1416/40/6 1413/29/6 1412/38/6
f 1415/41/2 1410/42/2 1413/29/2
f 1410/32/3 1415/39/3 1411/33/3
f 1421/1/1 1418/2/1 1417/3/1
f 1418/4/2 1419/5/2 1417/6/2
f 1422/7/3 1417/8/3 1419/9/3
f 1422/7/3 1420/10/3 1417/8/3
f 1421/1/1 1417/3/1 1420/10/1
f 1423/11/4 1422/7/4 1419/5/4
f 1423/11/4 1424/12/4 1422/7/4
f 1424/12/5 1420/10/5 1422/7/5
f 1423/13/6 1421/1/6 1424/12/6
f 1424/12/5 1421/1/5 1420/10/5
f 1423/13/6 1418/14/6 1421/1/6
f 1418/4/2 1423/11/2 1419/5/2
f 1429/15/1 1426/16/1 1425/17/1
f 1426/18/2 1427/19/2 1425/20/2
f 1430/21/3 1425/22/3 1427/23/3
f 1430/21/3 1428/24/3 1425/22/3
f 1429/15/1 1425/17/1 1428/24/1
f 1431/25/4 1430/21/4 1427/19/4
f 1431/25/4 1432/26/4 1430/21/4
f 1432/26/5 1428/24/5 1430/21/5
f 1431/27/6 1429/15/6 1432/26/6
f 1432/26/5 1429/15/5 1428/24/5
f 1431/27/6 1426/28/6 1429/15/6
f 1426/18/2 1431/25/2 1427/19/2
f 1437/29/1 1434/30/1 1433/31/1
f 1434/32/3 1435/33/3 1433/34/3
f 1438/35/5 1433/36/5 1435/37/5
f 1438/35/5 1436/38/5 1433/36/5
f 1437/29/1 1433/31/1 1436/38/1
f 1439/39/4 1438/35/4 1435/33/4
f 1439/39/4 1440/40/4 1438/35/4
f 1440/40/6 1436/38/6 1438/35/6
f 1439/41/2 1437/29/2 1440/40/2
f 1440/40/6 1437/29/6 1436/38/6
f 1439/41/2 1434/42/2 1437/29/2
f 1434/32/3 1439/39/3 1435/33/3
f 1445/1/3 1442/2/3 1441/3/3
f 1442/4/2 1443/5/2 1441/6/2
f 1446/7/4 1441/8/4 1443/9/4
f 1446/7/4 1444/10/4 1441/8/4
f 1445/1/3 1441/3/3 1444/10/3
f 1447/11/6 1446/7/6 1443/5/6
f 1447/11/6 1448/12/6 1446/7/6
f 1448/12/5 1444/10/5 1446/7/5
f 1447/13/1 1445/1/1 1448/12/1
f 1448/12/5 1445/1/5 1444/10/5
f 1447/13/1 1442/14/1 1445/1/1
f 1442/4/2 1447/11/2 1443/5/2
f 1453/15/3 1450/16/3 1449/17/3
f 1450/18/2 1451/19/2 1449/20/2
f 1454/21/4 1449/22/4 1451/23/4
f 1454/21/4 1452/24/4 1449/22/4
f 1453/15/3 1449/17/3 1452/24/3
f 1455/25/6 1454/21/6 1451/19/6
f 1455/25/6 1456/26/6 1454/21/6
f 1456/26/5 1452/24/5 1454/21/5
f 1455/27/1 1453/15/1 1456/26/1
f 1456/26/5 1453/15/5 1452/24/5
f 1455/27/1 1450/28/1 1453/15/1
f 1450/18/2 1455/25/2 1451/19/2
f 1461/29/3 1458/30/3 1457/31/3
f 1458/32/4 1459/33/4 1457/34/4
f 1462/35/5 1457/36/5 1459/37/5
f 1462/35/5 1460/38/5 1457/36/5
f 1461/29/3 1457/31/3 1460/38/3
f 1463/39/6 1462/35/6 1459/33/6
f 1463/39/6 1464/40/6 1462/35/6
f 1464/40/1 1460/38/1 1462/35/1
f 1463/41/2 1461/29/2 1464/40/2
f 1464/40/1 1461/29/1 1460/38/1
f 1463/41/2 1458/42/2 1461/29/2
f 1458/32/4 1463/39/4 1459/33/4
f 1469/1/3 1466/2/3 1465/3/3
f 1466/4/2 1467/5/2 1465/6/2
f 1470/7/4 1465/8/4 1467/9/4
f 1470/7/4 1468/10/4 1465/8/4
f 1469/1/3 1465/3/3 1468/10/3
f 1471/11/6 1470/7/6 1467/5/6
f 1471/11/6 1472/12/6 1470/7/6
f 1472/12/5 1468/10/5 1470/7/5
f 1471/13/1 1469/1/1 1472/12/1
f 1472/12/5 1469/1/5 1468/10/5
f 1471/13/1 1466/14/1 1469/1/1
f 1466/4/2 1471/11/2 1467/5/2
f 1477/15/3 1474/16/3 1473/17/3
f 1474/18/2 1475/19/2 1473/20/2
f 1478/21/4 1473/22/4 1475/23/4
f 1478/21/4 1476/24/4 1473/22/4
f 1477/15/3 1473/17/3 1476/24/3
f 1479/25/6 1478/21/6 1475/19/6
f 1479/25/6 1480/26/6 1478/21/6
f 1480/26/5 1476/24/5 1478/21/5
f 1479/27/1 1477/15/1 1480/26/1
f 1480/26/5 1477/15/5 1476/24/5
f 1479/27/1 1474/28/1 1477/15/1
f 1474/18/2 1479/25/2 1475/19/2
f 1485/29/3 1482/30/3 1481/31/3
f 1482/32/4 1483/33/4 1481/34/4
f 1486/35/5 1481/36/5 1483/37/5
f 1486/35/5 1484/38/5 1481/36/5
f 1485/29/3 1481/31/3 1484/38/3
f 1487/39/6 1486/35/6 1483/33/6
f 1487/39/6 1488/40/6 1486/35/6
f 1488/40/1 1484/38/1 1486/35/1
f 1487/41/2 1485/29/2 1488/40/2
f 1488/40/1 1485/29/1 1484/38/1
f 1487/41/2 1482/42/2 1485/29/2
f 1482/32/4 1487/39/4 1483/33/4
f 1493/1/3 1490/2/3 1489/3/3
f 1490/4/2 1491/5/2 1489/6/2
f 1494/7/4 1489/8/4 1491/9/4
f 1494/7/4 1492/10/4 1489/8/4
f 1493/1/3 1489/3/3 1492/10/3
f 1495/11/6 1494/7/6 1491/5/6
f 1495/11/6 1496/12/6 1494/7/6
f 1496/12/5 1492/10/5 1494/7/5
f 1495/13/1 1493/1/1 1496/12/1
f 1496/12/5 1493/1/5 1492/10/5
f 1495/13/1 1490/14/1 1493/1/1
f 1490/4/2 1495/11/2 1491/5/2
f 1501/15/3 1498/16/3 1497/17/3
f 1498/18/2 1499/19/2 1497/20/2
f 1502/21/4 1497/22/4 1499/23/4
f 1502/21/4 1500/24/4 1497/22/4
f 1501/15/3 1497/17/3 1500/24/3
f 1503/25/6 1502/21/6 1499/19/6
f 1503/25/6 1504/26/6 1502/21/6
f 1504/26/5 1500/24/5 1502/21/5
f 1503/27/1 1501/15/1 1504/26/1
f 1504/26/5 1501/15/5 1500/24/5
f 1503/27/1 1498/28/1 1501/15/1
f 1498/18/2 1503/25/2 1499/19/2
f 1509/29/3 1506/30/3 1505/31/3
f 1506/32/4 1507/33/4 1505/34/4
f 1510/35/5 1505/36/5 1507/37/5
f 1510/35/5 1508/38/5 1505/36/5
f 1509/29/3 1505/31/3 1508/38/3
f 1511/39/6 1510/35/6 1507/33/6
f 1511/39/6 1512/40/6 1510/35/6
f 1512/40/1 1508/38/1 1510/35/1
f 1511/41/2 1509/29/2 1512/40/2
f 1512/40/1 1509/29/1 1508/38/1
f 1511/41/2 1506/42/2 1509/29/2
f 1506/32/4 1511/39/4 1507/33/4
f 1517/1/3 1514/2/3 1513/3/3
f 1514/4/2 1515/5/2 1513/6/2
f 1518/7/4 1513/8/4 1515/9/4
f 1518/7/4 1516/10/4 1513/8/4
f 1517/1/3 1513/3/3 1516/10/3
f 1519/11/6 1518/7/6 1515/5/6
f 1519/11/6 1520/12/6 1518/7/6
f 1520/12/5 1516/10/5 1518/7/5
f 1519/13/1 1517/1/1 1520/12/1
f 1520/12/5 1517/1/5 1516/10/5
f 1519/13/1 1514/14/1 1517/1/1
f 1514/4/2 1519/11/2 1515/5/2
f 1525/15/3 1522/16/3 1521/17/3
f 1522/18/2 1523/19/2 1521/20/2
f 1526/21/4 1521/22/4 1523/23/4
f 1526/21/4 1524/24/4 1521/22/4
f 1525/15/3 1521/17/3 1524/24/3
f 1527/25/6 1526/21/6 1523/19/6
f 1527/25/6 1528/26/6 1526/21/6
f 1528/26/5 1524/24/5 1526/21/5
f 1527/27/1 1525/15/1 1528/26/1
f 1528/26/5 1525/15/5 1524/24/5
f 1527/27/1 1522/28/1 1525/15/1
f 1522/18/2 1527/25/2 1523/19/2
f 1533/29/3 1530/30/3 1529/31/3
f 1530/32/4 1531/33/4 1529/34/4
f 1534/35/5 1529/36/5 1531/37/5
f 1534/35/5 1532/38/5 1529/36/5
f 1533/29/3 1529/31/3 1532/38/3
f 1535/39/6 1534/35/6 1531/33/6
f 1535/39/6 1536/40/6 1534/35/6
f 1536/40/1 1532/38/1 1534/35/1
f 1535/41/2 1533/29/2 1536/40/2
f 1536/40/1 1533/29/1 1532/38/1
f 1535/41/2 1530/42/2 1533/29/2
f 1530/32/4 1535/39/4 1531/33/4
f 1541/1/3 1538/2/3 1537/3/3
f 1538/4/2 1539/5/2 1537/6/2
f 1542/7/4 1537/8/4 1539/9/4
f 1542/7/4 1540/10/4 1537/8/4
f 1541/1/3 1537/3/3 1540/10/3
f 1543/11/6 1542/7/6 1539/5/6
f 1543/11/6 1544/12/6 1542/7/6
f 1544/12/5 1540/10/5 1542/7/5
f 1543/13/1 1541/1/1 1544/12/1
f 1544/12/5 1541/1/5 1540/10/5
f 1543/13/1 1538/14/1 1541/1/1
f 1538/4/2 1543/11/2 1539/5/2
f 1549/15/3 1546/16/3 1545/17/3
f 1546/18/2 1547/19/2 1545/20/2
f 1550/21/4 1545/22/4 1547/23/4
f 1550/21/4 1548/24/4 1545/22/4
f 1549/15/3 1545/17/3 1548/24/3
f 1551/25/6 1550/21/6 1547/19/6
f 1551/25/6 1552/26/6 1550/21/6
f 1552/26/5 1548/24/5 1550/21/5
f 1551/27/1 1549/15/1 1552/26/1
f 1552/26/5 1549/15/5 1548/24/5
f 1551/27/1 1546/28/1 1549/15/1
f 1546/18/2 1551/25/2 1547/19/2
f 1557/29/3 1554/30/3 1553/31/3
f 1554/32/4 1555/33/4 1553/34/4
f 1558/35/5 1553/36/5 1555/37/5
f 1558/35/5 1556/38/5 1553/36/5
f 1557/29/3 1553/31/3 1556/38/3
f 1559/39/6 1558/35/6 1555/33/6
f 1559/39/6 1560/40/6 1558/35/6
f 1560/40/1 1556/38/1 1558/35/1
f 1559/41/2 1557/29/2 1560/40/2
f 1560/40/1 1557/29/1 1556/38/1
f 1559/41/2 1554/42/2 1557/29/2
f 1554/32/4 1559/39/4 1555/33/4
f 1565/1/3 1562/2/3 1561/3/3
f 1562/4/2 1563/5/2 1561/6/2
f 1566/7/4 1561/8/4 1563/9/4
f 1566/7/4 1564/10/4 1561/8/4
f 1565/1/3 1561/3/3 1564/10/3
f 1567/11/6 1566/7/6 1563/5/6
f 1567/11/6 1568/12/6 1566/7/6
f 1568/12/5 1564/10/5 1566/7/5
f 1567/13/1 1565/1/1 1568/12/1
f 1568/12/5 1565/1/5 1564/10/5
f 1567/13/1 1562/14/1 1565/1/1
f 1562/4/2 1567/11/2 1563/5/2
f 1573/15/3 1570/16/3 1569/17/3
f 1570/18/2 1571/19/2 1569/20/2
f 1574/21/4 1569/22/4 1571/23/4
f 1574/21/4 1572/24/4 1569/22/4
f 1573/15/3 1569/17/3 1572/24/3
f 1575/25/6 1574/21/6 1571/19/6
f 1575/25/6 1576/26/6 1574/21/6
f 1576/26/5 1572/24/5 1574/21/5
f 1575/27/1 1573/15/1 1576/26/1
f 1576/26/5 1573/15/5 1572/24/5
f 1575/27/1 1570/28/1 1573/15/1
f 1570/18/2 1575/25/2 1571/19/2
f 1581/29/3 1578/30/3 1577/31/3
f 1578/32/4 1579/33/4 1577/34/4
f 1582/35/5 1577/36/5 1579/37/5
f 1582/35/5 1580/38/5 1577/36/5
f 1581/29/3 1577/31/3 1580/38/3
f 1583/39/6 1582/35/6 1579/33/6
f 1583/39/6 1584/40/6 1582/35/6
f 1584/40/1 1580/38/1 1582/35/1
f 1583/41/2 1581/29/2 1584/40/2
f 1584/40/1 1581/29/1 1580/38/1
f 1583/41/2 1578/42/2 1581/29/2
f 1578/32/4 1583/39/4 1579/33/4
f 1589/1/3 1586/2/3 1585/3/3
f 1586/4/2 1587/5/2 1585/6/2
f 1590/7/4 1585/8/4 1587/9/4
f 1590/7/4 1588/10/4 1585/8/4
f 1589/1/3 1585/3/3 1588/10/3
f 1591/11/6 1590/7/6 1587/5/6
f 1591/11/6 1592/12/6 1590/7/6
f 1592/12/5 1588/10/5 1590/7/5
f 1591/13/1 1589/1/1 1592/12/1
f 1592/12/5 1589/1/5 1588/10/5
f 1591/13/1 1586/14/1 1589/1/1
f 1586/4/2 1591/11/2 1587/5/2
f 1597/15/3 1594/16/3 1593/17/3
f 1594/18/2 1595/19/2 1593/20/2
f 1598/21/4 1593/22/4 1595/23/4
f 1598/21/4 1596/24/4 1593/22/4
f 1597/15/3 1593/17/3 1596/24/3
f 1599/25/6 1598/21/6 1595/19/6
f 1599/25/6 1600/26/6 1598/21/6
f 1600/26/5 1596/24/5 1598/21/5
f 1599/27/1 1597/15/1 1600/26/1
f 1600/26/5 1597/15/5 1596/24/5
f 1599/27/1 1594/28/1 1597/15/1
f 1594/18/2 1599/25/2 1595/19/2
f 1605/29/3 1602/30/3 1601/31/3
f 1602/32/4 1603/33/4 1601/34/4
f 1606/35/5 1601/36/5 1603/37/5
f 1606/35/5 1604/38/5 1601/36/5
f 1605/29/3 1601/31/3 1604/38/3
f 1607/39/6 1606/35/6 1603/33/6
f 1607/39/6 1608/40/6 1606/35/6
f 1608/40/1 1604/38/1 1606/35/1
f 1607/41/2 1605/29/2 1608/40/2
f 1608/40/1 1605/29/1 1604/38/1
f 1607/41/2 1602/42/2 1605/29/2
f 1602/32/4 1607/39/4 1603/33/4
f 1613/1/3 1610/2/3 1609/3/3
f 1610/4/2 1611/5/2 1609/6/2
f 1614/7/4 1609/8/4 1611/9/4
f 1614/7/4 1612/10/4 1609/8/4
f 1613/1/3 1609/3/3 1612/10/3
f 1615/11/6 1614/7/6 1611/5/6
f 1615/11/6 1616/12/6 1614/7/6
f 1616/12/5 1612/10/5 1614/7/5
f 1615/13/1 1613/1/1 1616/12/1
f 1616/12/5 1613/1/5 1612/10/5
f 1615/13/1 1610/14/1 1613/1/1
f 1610/4/2 1615/11/2 1611/5/2
f 1621/15/3 1618/16/3 1617/17/3
f 1618/18/2 1619/19/2 1617/20/2
f 1622/21/4 1617/22/4 1619/23/4
f 1622/21/4 1620/24/4 1617/22/4
f 1621/15/3 1617/17/3 1620/24/3
f 1623/25/6 1622/21/6 1619/19/6
f 1623/25/6 1624/26/6 1622/21/6
f 1624/26/5 1620/24/5 1622/21/5
f 1623/27/1 1621/15/1 1624/26/1
f 1624/26/5 1621/15/5 1620/24/5
f 1623/27/1 1618/28/1 1621/15/1
f 1618/18/2 1623/25/2 1619/19/2
f 1629/29/3 1626/30/3 1625/31/3
f 1626/32/4 1627/33/4 1625/34/4
f 1630/35/5 1625/36/5 1627/37/5
f 1630/35/5 1628/38/5 1625/36/5
f 1629/29/3 1625/31/3 1628/38/3
f 1631/39/6 1630/35/6 1627/33/6
f 1631/39/6 1632/40/6 1630/35/6
f 1632/40/1 1628/38/1 1630/35/1
f 1631/41/2 1629/29/2 1632/40/2
f 1632/40/1 1629/29/1 1628/38/1
f 1631/41/2 1626/42/2 1629/29/2
f 1626/32/4 1631/39/4 1627/33/4
f 1637/1/3 1634/2/3 1633/3/3
f 1634/4/2 1635/5/2 1633/6/2
f 1638/7/4 1633/8/4 1635/9/4
f 1638/7/4 1636/10/4 1633/8/4
f 1637/1/3 1633/3/3 1636/10/3
f 1639/11/6 1638/7/6 1635/5/6
f 1639/11/6 1640/12/6 1638/7/6
f 1640/12/5 1636/10/5 1638/7/5
f 1639/13/1 1637/1/1 1640/12/1
f 1640/12/5 1637/1/5 1636/10/5
f 1639/13/1 1634/14/1 1637/1/1
f 1634/4/2 1639/11/2 1635/5/2
f 1645/15/3 1642/16/3 1641/17/3
f 1642/18/2 1643/19/2 1641/20/2
f 1646/21/4 1641/22/4 1643/23/4
f 1646/21/4 1644/24/4 1641/22/4
f 1645/15/3 1641/17/3 1644/24/3
f 1647/25/6 1646/21/6 1643/19/6
f 1647/25/6 1648/26/6 1646/21/6
f 1648/26/5 1644/24/5 1646/21/5
f 1647/27/1 1645/15/1 1648/26/1
f 1648/26/5 1645/15/5 1644/24/5
f 1647/27/1 1642/28/1 1645/15/1
f 1642/18/2 1647/25/2 1643/19/2
f 1653/29/3 1650/30/3 1649/31/3
f 1650/32/4 1651/33/4 1649/34/4
f 1654/35/5 1649/36/5 1651/37/5
f 1654/35/5 1652/38/5 1649/36/5
f 1653/29/3 1649/31/3 1652/38/3
f 1655/39/6 1654/35/6 1651/33/6
f 1655/39/6 1656/40/6 1654/35/6
f 1656/40/1 1652/38/1 1654/35/1
f 1655/41/2 1653/29/2 1656/40/2
f 1656/40/1 1653/29/1 1652/38/1
f 1655/41/2 1650/42/2 1653/29/2
f 1650/32/4 1655/39/4 1651/33/4
f 1661/1/3 1658/2/3 1657/3/3
f 1658/4/2 1659/5/2 1657/6/2
f 1662/7/4 1657/8/4 1659/9/4
f 1662/7/4 1660/10/4 1657/8/4
f 1661/1/3 1657/3/3 1660/10/3
f 1663/11/6 1662/7/6 1659/5/6
f 1663/11/6 1664/12/6 1662/7/6
f 1664/12/5 1660/10/5 1662/7/5
f 1663/13/1 1661/1/1 1664/12/1
f 1664/12/5 1661/1/5 1660/10/5
f 1663/13/1 1658/14/1 1661/1/1
f 1658/4/2 1663/11/2 1659/5/2
f 1669/15/3 1666/16/3 1665/17/3
f 1666/18/2 1667/19/2 1665/20/2
f 1670/21/4 1665/22/4 1667/23/4
f 1670/21/4 1668/24/4 1665/22/4
f 1669/15/3 1665/17/3 1668/24/3
f 1671/25/6 1670/21/6 1667/19/6
f 1671/25/6 1672/26/6 1670/21/6
f 1672/26/5 1668/24/5 1670/21/5
f 1671/27/1 1669/15/1 1672/26/1
f 1672/26/5 1669/15/5 1668/24/5
f 1671/27/1 1666/28/1 1669/15/1
f 1666/18/2 1671/25/2 1667/19/2
f 1677/29/3 1674/30/3 1673/31/3
f 1674/32/4 1675/33/4 1673/34/4
f 1678/35/5 1673/36/5 1675/37/5
f 1678/35/5 1676/38/5 1673/36/5
f 1677/29/3 1673/31/3 1676/38/3
f 1679/39/6 1678/35/6 1675/33/6
f 1679/39/6 1680/40/6 1678/35/6
f 1680/40/1 1676/38/1 1678/35/1
f 1679/41/2 1677/29/2 1680/40/2
f 1680/40/1 1677/29/1 1676/38/1
f 1679/41/2 1674/42/2 1677/29/2
f 1674/32/4 1679/39/4 1675/33/4
f 1685/1/3 1682/2/3 1681/3/3
f 1682/4/2 1683/5/2 1681/6/2
f 1686/7/4 1681/8/4 1683/9/4
f 1686/7/4 1684/10/4 1681/8/4
f 1685/1/3 1681/3/3 1684/10/3
f 1687/11/6 1686/7/6 1683/5/6
f 1687/11/6 1688/12/6 1686/7/6
f 1688/12/5 1684/10/5 1686/7/5
f 1687/13/1 1685/1/1 1688/12/1
f 1688/12/5 1685/1/5 1684/10/5
f 1687/13/1 1682/14/1 1685/1/1
f 1682/4/2 1687/11/2 1683/5/2
f 1693/15/3 1690/16/3 1689/17/3
f 1690/18/2 1691/19/2 1689/20/2
f 1694/21/4 1689/22/4 1691/23/4
f 1694/21/4 1692/24/4 1689/22/4
f 1693/15/3 1689/17/3 1692/24/3
f 1695/25/6 1694/21/6 1691/19/6
f 1695/25/6 1696/26/6 1694/21/6
f 1696/26/5 1692/24/5 1694/21/5
f 1695/27/1 1693/15/1 1696/26/1
f 1696/26/5 1693/15/5 1692/24/5
f 1695/27/1 1690/28/1 1693/15/1
f 1690/18/2 1695/25/2 1691/19/2
f 1701/29/3 1698/30/3 1697/31/3
f 1698/32/4 1699/33/4 1697/34/4
f 1702/35/5 1697/36/5 1699/37/5
f 1702/35/5 1700/38/5 1697/36/5
f 1701/29/3 1697/31/3 1700/38/3
f 1703/39/6 1702/35/6 1699/33/6
f 1703/39/6 1704/40/6 1702/35/6
f 1704/40/1 1700/38/1 1702/35/1
f 1703/41/2 1701/29/2 1704/40/2
f 1704/40/1 1701/29/1 1700/38/1
f 1703/41/2 1698/42/2 1701/29/2
f 1698/32/4 1703/39/4 1699/33/4
f 1709/1/3 1706/2/3 1705/3/3
f 1706/4/2 1707/5/2 1705/6/2
f 1710/7/4 1705/8/4 1707/9/4
f 1710/7/4 1708/10/4 1705/8/4
f 1709/1/3 1705/3/3 1708/10/3
f 1711/11/6 1710/7/6 1707/5/6
f 1711/11/6 1712/12/6 1710/7/6
f 1712/12/5 1708/10/5 1710/7/5
f 1711/13/1 1709/1/1 1712/12/1
f 1712/12/5 1709/1/5 1708/10/5
f 1711/13/1 1706/14/1 1709/1/1
f 1706/4/2 1711/11/2 1707/5/2
f 1717/15/3 1714/16/3 1713/17/3
f 1714/18/2 1715/19/2 1713/20/2
f 1718/21/4 1713/22/4 1715/23/4
f 1718/21/4 1716/24/4 1713/22/4
f 1717/15/3 1713/17/3 1716/24/3
f 1719/25/6 1718/21/6 1715/19/6
f 1719/25/6 1720/26/6 1718/21/6
f 1720/26/5 1716/24/5 1718/21/5
f 1719/27/1 1717/15/1 1720/26/1
f 1720/26/5 1717/15/5 1716/24/5
f 1719/27/1 1714/28/1 1717/15/1
f 1714/18/2 1719/25/2 1715/19/2
f 1725/29/3 1722/30/3 1721/31/3
f 1722/32/4 1723/33/4 1721/34/4
f 1726/35/5 1721/36/5 1723/37/5
f 1726/35/5 1724/38/5 1721/36/5
f 1725/29/3 1721/31/3 1724/38/3
f 1727/39/6 1726/35/6 1723/33/6
f 1727/39/6 1728/40/6 1726/35/6
f 1728/40/1 1724/38/1 1726/35/1
f 1727/41/2 1725/29/2 1728/40/2
f 1728/40/1 1725/29/1 1724/38/1
f 1727/41/2 1722/42/2 1725/29/2
f 1722/32/4 1727/39/4 1723/33/4
f 1733/1/3 1730/2/3 1729/3/3
f 1730/4/2 1731/5/2 1729/6/2
f 1734/7/4 1729/8/4 1731/9/4
f 1734/7/4 1732/10/4 1729/8/4
f 1733/1/3 1729/3/3 1732/10/3
f 1735/11/6 1734/7/6 1731/5/6
f 1735/11/6 1736/12/6 1734/7/6
f 1736/12/5 1732/10/5 1734/7/5
f 1735/13/1 1733/1/1 1736/12/1
f 1736/12/5 1733/1/5 1732/10/5
f 1735/13/1 1730/14/1 1733/1/1
f 1730/4/2 1735/11/2 1731/5/2
f 1741/15/3 1738/16/3 1737/17/3
f 1738/18/2 1739/19/2 1737/20/2
f 1742/21/4 1737/22/4 1739/23/4
f 1742/21/4 1740/24/4 1737/22/4
f 1741/15/3 1737/17/3 1740/24/3
f 1743/25/6 1742/21/6 1739/19/6
f 1743/25/6 1744/26/6 1742/21/6
f 1744/26/5 1740/24/5 1742/21/5
f 1743/27/1 1741/15/1 1744/26/1
f 1744/26/5 1741/15/5 1740/24/5
f 1743/27/1 1738/28/1 1741/15/1
f 1738/18/2 1743/25/2 1739/19/2
f 1749/29/3 1746/30/3 1745/31/3
f 1746/32/4 1747/33/4 1745/34/4
f 1750/35/5 1745/36/5 1747/37/5
f 1750/35/5 1748/38/5 1745/36/5
f 1749/29/3 1745/31/3 1748/38/3
f 1751/39/6 1750/35/6 1747/33/6
f 1751/39/6 1752/40/6 1750/35/6
f 1752/40/1 1748/38/1 1750/35/1
f 1751/41/2 1749/29/2 1752/40/2
f 1752/40/1 1749/29/1 1748/38/1
f 1751/41/2 1746/42/2 1749/29/2
f 1746/32/4 1751/39/4 1747/33/4
f 1757/1/3 1754/2/3 1753/3/3
f 1754/4/2 1755/5/2 1753/6/2
f 1758/7/4 1753/8/4 1755/9/4
f 1758/7/4 1756/10/4 1753/8/4
f 1757/1/3 1753/3/3 1756/10/3
f 1759/11/6 1758/7/6 1755/5/6
f 1759/11/6 1760/12/6 1758/7/6
f 1760/12/5 1756/10/5 1758/7/5
f 1759/13/1 1757/1/1 1760/12/1
f 1760/12/5 1757/1/5 1756/10/5
f 1759/13/1 1754/14/1 1757/1/1
f 1754/4/2 1759/11/2 1755/5/2
f 1765/15/3 1762/16/3 1761/17/3
f 1762/18/2 1763/19/2 1761/20/2
f 1766/21/4 1761/22/4 1763/23/4
f 1766/21/4 1764/24/4 1761/22/4
f 1765/15/3 1761/17/3 1764/24/3
f 1767/25/6 1766/21/6 1763/19/6
f 1767/25/6 1768/26/6 1766/21/6
f 1768/26/5 1764/24/5 1766/21/5
f 1767/27/1 1765/15/1 1768/26/1
f 1768/26/5 1765/15/5 1764/24/5
f 1767/27/1 1762/28/1 1765/15/1
f 1762/18/2 1767/25/2 1763/19/2
f 1773/29/3 1770/30/3 1769/31/3
f 1770/32/4 1771/33/4 1769/34/4
f 1774/35/5 1769/36/5 1771/37/5
f 1774/35/5 1772/38/5 1769/36/5
f 1773/29/3 1769/31/3 1772/38/3
f 1775/39/6 1774/35/6 1771/33/6
f 1775/39/6 1776/40/6 1774/35/6
f 1776/40/1 1772/38/1 1774/35/1
f 1775/41/2 1773/29/2 1776/40/2
f 1776/40/1 1773/29/1 1772/38/1
f 1775/41/2 1770/42/2 1773/29/2
f 1770/32/4 1775/39/4 1771/33/4
f 1781/1/3 1778/2/3 1777/3/3
f 1778/4/2 1779/5/2 1777/6/2
f 1782/7/4 1777/8/4 1779/9/4
f 1782/7/4 1780/10/4 1777/8/4
f 1781/1/3 1777/3/3 1780/10/3
f 1783/11/6 1782/7/6 1779/5/6
f 1783/11/6 1784/12/6 1782/7/6
f 1784/12/5 1780/10/5 1782/7/5
f 1783/13/1 1781/1/1 1784/12/1
f 1784/12/5 1781/1/5 1780/10/5
f 1783/13/1 1778/14/1 1781/1/1
f 1778/4/2 1783/11/2 1779/5/2
f 1789/15/3 1786/16/3 1785/17/3
f 1786/18/2 1787/19/2 1785/20/2
f 1790/21/4 1785/22/4 1787/23/4
f 1790/21/4 1788/24/4 1785/22/4
f 1789/15/3 1785/17/3 1788/24/3
f 1791/25/6 1790/21/6 1787/19/6
f 1791/25/6 1792/26/6 1790/21/6
f 1792/26/5 1788/24/5 1790/21/5
f 1791/27/1 1789/15/1 1792/26/1
f 1792/26/5 1789/15/5 1788/24/5
f 1791/27/1 1786/28/1 1789/15/1
f 1786/18/2 1791/25/2 1787/19/2
f 1797/29/3 1794/30/3 1793/31/3
f 1794/32/4 1795/33/4 1793/34/4
f 1798/35/5 1793/36/5 1795/37/5
f 1798/35/5 1796/38/5 1793/36/5
f 1797/29/3 1793/31/3 1796/38/3
f 1799/39/6 1798/35/6 1795/33/6
f 1799/39/6 1800/40/6 1798/35/6
f 1800/40/1 1796/38/1 1798/35/1
f 1799/41/2 1797/29/2 1800/40/2
f 1800/40/1 1797/29/1 1796/38/1
f 1799/41/2 1794/42/2 1797/29/2
f 1794/32/4 1799/39/4 1795/33/4
f 1805/1/3 1802/2/3 1801/3/3
f 1802/4/2 1803/5/2 1801/6/2
f 1806/7/4 1801/8/4 1803/9/4
f 1806/7/4 1804/10/4 1801/8/4
f 1805/1/3 1801/3/3 1804/10/3
f 1807/11/6 1806/7/6 1803/5/6
f 1807/11/6 1808/12/6 1806/7/6
f 1808/12/5 1804/10/5 1806/7/5
f 1807/13/1 1805/1/1 1808/12/1
f 1808/12/5 1805/1/5 1804/10/5
f 1807/13/1 1802/14/1 1805/1/1
f 1802/4/2 1807/11/2 1803/5/2
f 1813/15/3 1810/16/3 1809/17/3
f 1810/18/2 1811/19/2 1809/20/2
f 1814/21/4 1809/22/4 1811/23/4
f 1814/21/4 1812/24/4 1809/22/4
f 1813/15/3 1809/17/3 1812/24/3
f 1815/25/6 1814/21/6 1811/19/6
f 1815/25/6 1816/26/6 1814/21/6
f 1816/26/5 1812/24/5 1814/21/5
f 1815/27/1 1813/15/1 1816/26/1
f 1816/26/5 1813/15/5 1812/24/5
f 1815/27/1 1810/28/1 1813/15/1
f 1810/18/2 1815/25/2 1811/19/2
f 1821/29/3 1818/30/3 1817/31/3
f 1818/32/4 1819/33/4 1817/34/4
f 1822/35/5 1817/36/5 1819/37/5
f 1822/35/5 1820/38/5 1817/36/5
f 1821/29/3 1817/31/3 1820/38/3
f 1823/39/6 1822/35/6 1819/33/6
f 1823/39/6 1824/40/6 1822/35/6
f 1824/40/1 1820/38/1 1822/35/1
f 1823/41/2 1821/29/2 1824/40/2
f 1824/40/1 1821/29/1 1820/38/1
f 1823/41/2 1818/42/2 1821/29/2
f 1818/32/4 1823/39/4 1819/33/4
f 1829/1/3 1826/2/3 1825/3/3
f 1826/4/2 1827/5/2 1825/6/2
f 1830/7/4 1825/8/4 1827/9/4
f 1830/7/4 1828/10/4 1825/8/4
f 1829/1/3 1825/3/3 1828/10/3
f 1831/11/6 1830/7/6 1827/5/6
f 1831/11/6 1832/12/6 1830/7/6
f 1832/12/5 1828/10/5 1830/7/5
f 1831/13/1 1829/1/1 1832/12/1
f 1832/12/5 1829/1/5 1828/10/5
f 1831/13/1 1826/14/1 1829/1/1
f 1826/4/2 1831/11/2 1827/5/2
f 1837/15/3 1834/16/3 1833/17/3
f 1834/18/2 1835/19/2 1833/20/2
f 1838/21/4 1833/22/4 1835/23/4
f 1838/21/4 1836/24/4 1833/22/4
f 1837/15/3 1833/17/3 1836/24/3
f 1839/25/6 1838/21/6 1835/19/6
f 1839/25/6 1840/26/6 1838/21/6
f 1840/26/5 1836/24/5 1838/21/5
f 1839/27/1 1837/15/1 1840/26/1
f 1840/26/5 1837/15/5 1836/24/5
f 1839/27/1 1834/28/1 1837/15/1
f 1834/18/2 1839/25/2 1835/19/2
f 1845/29/3 1842/30/3 1841/31/3
f 1842/32/4 1843/33/4 1841/34/4
f 1846/35/5 1841/36/5 1843/37/5
f 1846/35/5 1844/38/5 1841/36/5
f 1845/29/3 1841/31/3 1844/38/3
f 1847/39/6 1846/35/6 1843/33/6
f 1847/39/6 1848/40/6 1846/35/6
f 1848/40/1 1844/38/1 1846/35/1
f 1847/41/2 1845/29/2 1848/40/2
f 1848/40/1 1845/29/1 1844/38/1
f 1847/41/2 1842/42/2 1845/29/2
f 1842/32/4 1847/39/4 1843/33/4
f 1853/1/3 1850/2/3 1849/3/3
f 1850/4/2 1851/5/2 1849/6/2
f 1854/7/4 1849/8/4 1851/9/4
f 1854/7/4 1852/10/4 1849/8/4
f 1853/1/3 1849/3/3 1852/10/3
f 1855/11/6 1854/7/6 1851/5/6
f 1855/11/6 1856/12/6 1854/7/6
f 1856/12/5 1852/10/5 1854/7/5
f 1855/13/1 1853/1/1 1856/12/1
f 1856/12/5 1853/1/5 1852/10/5
f 1855/13/1 1850/14/1 1853/1/1
f 1850/4/2 1855/11/2 1851/5/2
f 1861/15/3 1858/16/3 1857/17/3
f 1858/18/2 1859/19/2 1857/20/2
f 1862/21/4 1857/22/4 1859/23/4
f 1862/21/4 1860/24/4 1857/22/4
f 1861/15/3 1857/17/3 1860/24/3
f 1863/25/6 1862/21/6 1859/19/6
f 1863/25/6 1864/26/6 1862/21/6
f 1864/26/5 1860/24/5 1862/21/5
f 1863/27/1 1861/15/1 1864/26/1
f 1864/26/5 1861/15/5 1860/24/5
f 1863/27/1 1858/28/1 1861/15/1
f 1858/18/2 1863/25/2 1859/19/2
f 1869/29/3 1866/30/3 1865/31/3
f 1866/32/4 1867/33/4 1865/34/4
f 1870/35/5 1865/36/5 1867/37/5
f 1870/35/5 1868/38/5 1865/36/5
f 1869/29/3 1865/31/3 1868/38/3
f 1871/39/6 1870/35/6 1867/33/6
f 1871/39/6 1872/40/6 1870/35/6
f 1872/40/1 1868/38/1 1870/35/1
f 1871/41/2 1869/29/2 1872/40/2
f 1872/40/1 1869/29/1 1868/38/1
f 1871/41/2 1866/42/2 1869/29/2
f 1866/32/4 1871/39/4 1867/33/4
f 1877/1/3 1874/2/3 1873/3/3
f 1874/4/2 1875/5/2 1873/6/2
f 1878/7/4 1873/8/4 1875/9/4
f 1878/7/4 1876/10/4 1873/8/4
f 1877/1/3 1873/3/3 1876/10/3
f 1879/11/6 1878/7/6 1875/5/6
f 1879/11/6 1880/12/6 1878/7/6
f 1880/12/5 1876/10/5 1878/7/5
f 1879/13/1 1877/1/1 1880/12/1
f 1880/12/5 1877/1/5 1876/10/5
f 1879/13/1 1874/14/1 1877/1/1
f 1874/4/2 1879/11/2 1875/5/2
f 1885/15/3 1882/16/3 1881/17/3
f 1882/18/2 1883/19/2 1881/20/2
f 1886/21/4 1881/22/4 1883/23/4
f 1886/21/4 1884/24/4 1881/22/4
f 1885/15/3 1881/17/3 1884/24/3
f 1887/25/6 1886/21/6 1883/19/6
f 1887/25/6 1888/26/6 1886/21/6
f 1888/26/5 1884/24/5 1886/21/5
f 1887/27/1 1885/15/1 1888/26/1
f 1888/26/5 1885/15/5 1884/24/5
f 1887/27/1 1882/28/1 1885/15/1
f 1882/18/2 1887/25/2 1883/19/2
f 1893/29/3 1890/30/3 1889/31/3
f 1890/32/4 1891/33/4 1889/34/4
f 1894/35/5 1889/36/5 1891/37/5
f 1894/35/5 1892/38/5 1889/36/5
f 1893/29/3 1889/31/3 1892/38/3
f 1895/39/6 1894/35/6 1891/33/6
f 1895/39/6 1896/40/6 1894/35/6
f 1896/40/1 1892/38/1 1894/35/1
f 1895/41/2 1893/29/2 1896/40/2
f 1896/40/1 1893/29/1 1892/38/1
f 1895/41/2 1890/42/2 1893/29/2
f 1890/32/4 1895/39/4 1891/33/4
f 1901/1/3 1898/2/3 1897/3/3
f 1898/4/2 1899/5/2 1897/6/2
f 1902/7/4 1897/8/4 1899/9/4
f 1902/7/4 1900/10/4 1897/8/4
f 1901/1/3 1897/3/3 1900/10/3
f 1903/11/6 1902/7/6 1899/5/6
f 1903/11/6 1904/12/6 1902/7/6
f 1904/12/5 1900/10/5 1902/7/5
f 1903/13/1 1901/1/1 1904/12/1
f 1904/12/5 1901/1/5 1900/10/5
f 1903/13/1 1898/14/1 1901/1/1
f 1898/4/2 1903/11/2 1899/5/2
f 1909/15/3 1906/16/3 1905/17/3
f 1906/18/2 1907/19/2 1905/20/2
f 1910/21/4 1905/22/4 1907/23/4
f 1910/21/4 1908/24/4 1905/22/4
f 1909/15/3 1905/17/3 1908/24/3
f 1911/25/6 1910/21/6 1907/19/6
f 1911/25/6 1912/26/6 1910/21/6
f 1912/26/5 1908/24/5 1910/21/5
f 1911/27/1 1909/15/1 1912/26/1
f 1912/26/5 1909/15/5 1908/24/5
f 1911/27/1 1906/28/1 1909/15/1
f 1906/18/2 1911/25/2 1907/19/2
f 1917/29/3 1914/30/3 1913/31/3
f 1914/32/4 1915/33/4 1913/34/4
f 1918/35/5 1913/36/5 1915/37/5
f 1918/35/5 1916/38/5 1913/36/5
f 1917/29/3 1913/31/3 1916/38/3
f 1919/39/6 1918/35/6 1915/33/6
f 1919/39/6 1920/40/6 1918/35/6
f 1920/40/1 1916/38/1 1918/35/1
f 1919/41/2 1917/29/2 1920/40/2
f 1920/40/1 1917/29/1 1916/38/1
f 1919/41/2 1914/42/2 1917/29/2
f 1914/32/4 1919/39/4 1915/33/4
f 1925/1/3 1922/2/3 1921/3/3
f 1922/4/2 1923/5/2 1921/6/2
f 1926/7/4 1921/8/4 1923/9/4
f 1926/7/4 1924/10/4 1921/8/4
f 1925/1/3 1921/3/3 1924/10/3
f 1927/11/6 1926/7/6 1923/5/6
f 1927/11/6 1928/12/6 1926/7/6
f 1928/12/5 1924/10/5 1926/7/5
f 1927/13/1 1925/1/1 1928/12/1
f 1928/12/5 1925/1/5 1924/10/5
f 1927/13/1 1922/14/1 1925/1/1
f 1922/4/2 1927/11/2 1923/5/2
f 1933/15/3 1930/16/3 1929/17/3
f 1930/18/2 1931/19/2 1929/20/2
f 1934/21/4 1929/22/4 1931/23/4
f 1934/21/4 1932/24/4 1929/22/4
f 1933/15/3 1929/17/3 1932/24/3
f 1935/25/6 1934/21/6 1931/19/6
f 1935/25/6 1936/26/6 1934/21/6
f 1936/26/5 1932/24/5 1934/21/5
f 1935/27/1 1933/15/1 1936/26/1
f 1936/26/5 1933/15/5 1932/24/5
f 1935/27/1 1930/28/1 1933/15/1
f 1930/18/2 1935/25/2 1931/19/2
f 1941/29/3 1938/30/3 1937/31/3
f 1938/32/4 1939/33/4 1937/34/4
f 1942/35/5 1937/36/5 1939/37/5
f 1942/35/5 1940/38/5 1937/36/5
f 1941/29/3 1937/31/3 1940/38/3
f 1943/39/6 1942/35/6 1939/33/6
f 1943/39/6 1944/40/6 1942/35/6
f 1944/40/1 1940/38/1 1942/35/1
f 1943/41/2 1941/29/2 1944/40/2
f 1944/40/1 1941/29/1 1940/38/1
f 1943/41/2 1938/42/2 1941/29/2
f 1938/32/4 1943/39/4 1939/33/4
f 1949/1/3 1946/2/3 1945/3/3
f 1946/4/2 1947/5/2 1945/6/2
f 1950/7/4 1945/8/4 1947/9/4
f 1950/7/4 1948/10/4 1945/8/4
f 1949/1/3 1945/3/3 1948/10/3
f 1951/11/6 1950/7/6 1947/5/6
f 1951/11/6 1952/12/6 1950/7/6
f 1952/12/5 1948/10/5 1950/7/5
f 1951/13/1 1949/1/1 1952/12/1
f 1952/12/5 1949/1/5 1948/10/5
f 1951/13/1 1946/14/1 1949/1/1
f 1946/4/2 1951/11/2 1947/5/2
f 1957/15/3 1954/16/3 1953/17/3
f 1954/18/2 1955/19/2 1953/20/2
f 1958/21/4 1953/22/4 1955/23/4
f 1958/21/4 1956/24/4 1953/22/4
f 1957/15/3 1953/17/3 1956/24/3
f 1959/25/6 1958/21/6 1955/19/6
f 1959/25/6 1960/26/6 1958/21/6
f 1960/26/5 1956/24/5 1958/21/5
f 1959/27/1 1957/15/1 1960/26/1
f 1960/26/5 1957/15/5 1956/24/5
f 1959/27/1 1954/28/1 1957/15/1
f 1954/18/2 1959/25/2 1955/19/2
f 1965/29/3 1962/30/3 1961/31/3
f 1962/32/4 1963/33/4 1961/34/4
f 1966/35/5 1961/36/5 1963/37/5
f 1966/35/5 1964/38/5 1961/36/5
f 1965/29/3 1961/31/3 1964/38/3
f 1967/39/6 1966/35/6 1963/33/6
f 1967/39/6 1968/40/6 1966/35/6
f 1968/40/1 1964/38/1 1966/35/1
f 1967/41/2 1965/29/2 1968/40/2
f 1968/40/1 1965/29/1 1964/38/1
f 1967/41/2 1962/42/2 1965/29/2
f 1962/32/4 1967/39/4 1963/33/4
f 1973/1/3 1970/2/3 1969/3/3
f 1970/4/2 1971/5/2 1969/6/2
f 1974/7/4 1969/8/4 1971/9/4
f 1974/7/4 1972/10/4 1969/8/4
f 1973/1/3 1969/3/3 1972/10/3
f 1975/11/6 1974/7/6 1971/5/6
f 1975/11/6 1976/12/6 1974/7/6
f 1976/12/5 1972/10/5 1974/7/5
f 1975/13/1 1973/1/1 1976/12/1
f 1976/12/5 1973/1/5 1972/10/5
f 1975/13/1 1970/14/1 1973/1/1
f 1970/4/2 1975/11/2 1971/5/2
f 1981/15/3 1978/16/3 1977/17/3
f 1978/18/2 1979/19/2 1977/20/2
f 1982/21/4 1977/22/4 1979/23/4
f 1982/21/4 1980/24/4 1977/22/4
f 1981/15/3 1977/17/3 1980/24/3
f 1983/25/6 1982/21/6 1979/19/6
f 1983/25/6 1984/26/6 1982/21/6
f 1984/26/5 1980/24/5 1982/21/5
f 1983/27/1 1981/15/1 1984/26/1
f 1984/26/5 1981/15/5 1980/24/5
f 1983/27/1 1978/28/1 1981/15/1
f 1978/18/2 1983/25/2 1979/19/2
f 1989/29/3 1986/30/3 1985/31/3
f 1986/32/4 1987/33/4 1985/34/4
f 1990/35/5 1985/36/5 1987/37/5
f 1990/35/5 1988/38/5 1985/36/5
f 1989/29/3 1985/31/3 1988/38/3
f 1991/39/6 1990/35/6 1987/33/6
f 1991/39/6 1992/40/6 1990/35/6
f 1992/40/1 1988/38/1 1990/35/1
f 1991/41/2 1989/29/2 1992/40/2
f 1992/40/1 1989/29/1 1988/38/1
f 1991/41/2 1986/42/2 1989/29/2
f 1986/32/4 1991/39/4 1987/33/4
f 1997/1/3 1994/2/3 1993/3/3
f 1994/4/2 1995/5/2 1993/6/2
f 1998/7/4 1993/8/4 1995/9/4
f 1998/7/4 1996/10/4 1993/8/4
f 1997/1/3 1993/3/3 1996/10/3
f 1999/11/6 1998/7/6 1995/5/6
f 1999/11/6 2000/12/6 1998/7/6
f 2000/12/5 1996/10/5 1998/7/5
f 1999/13/1 1997/1/1 2000/12/1
f 2000/12/5 1997/1/5 1996/10/5
f 1999/13/1 1994/14/1 1997/1/1
f 1994/4/2 1999/11/2 1995/5/2
f 2005/15/3 2002/16/3 2001/17/3
f 2002/18/2 2003/19/2 2001/20/2
f 2006/21/4 2001/22/4 2003/23/4
f 2006/21/4 2004/24/4 2001/22/4
f 2005/15/3 2001/17/3 2004/24/3
f 2007/25/6 2006/21/6 2003/19/6
f 2007/25/6 2008/26/6 2006/21/6
f 2008/26/5 2004/24/5 2006/21/5
f 2007/27/1 2005/15/1 2008/26/1
f 2008/26/5 2005/15/5 2004/24/5
f 2007/27/1 2002/28/1 2005/15/1
f 2002/18/2 2007/25/2 2003/19/2
f 2013/29/3 2010/30/3 2009/31/3
f 2010/32/4 2011/33/4 2009/34/4
f 2014/35/5 2009/36/5 2011/37/5
f 2014/35/5 2012/38/5 2009/36/5
f 2013/29/3 2009/31/3 2012/38/3
f 2015/39/6 2014/35/6 2011/33/6
f 2015/39/6 2016/40/6 2014/35/6
f 2016/40/1 2012/38/1 2014/35/1
f 2015/41/2 2013/29/2 2016/40/2
f 2016/40/1 2013/29/1 2012/38/1
f 2015/41/2 2010/42/2 2013/29/2
f 2010/32/4 2015/39/4 2011/33/4
f 2021/1/3 2018/2/3 2017/3/3
f 2018/4/2 2019/5/2 2017/6/2
f 2022/7/4 2017/8/4 2019/9/4
f 2022/7/4 2020/10/4 2017/8/4
f 2021/1/3 2017/3/3 2020/10/3
f 2023/11/6 2022/7/6 2019/5/6
f 2023/11/6 2024/12/6 2022/7/6
f 2024/12/5 2020/10/5 2022/7/5
f 2023/13/1 2021/1/1 2024/12/1
f 2024/12/5 2021/1/5 2020/10/5
f 2023/13/1 2018/14/1 2021/1/1
f 2018/4/2 2023/11/2 2019/5/2
f 2029/15/3 2026/16/3 2025/17/3
f 2026/18/2 2027/19/2 2025/20/2
f 2030/21/4 2025/22/4 2027/23/4
f 2030/21/4 2028/24/4 2025/22/4
f 2029/15/3 2025/17/3 2028/24/3
f 2031/25/6 2030/21/6 2027/19/6
f 2031/25/6 2032/26/6 2030/21/6
f 2032/26/5 2028/24/5 2030/21/5
f 2031/27/1 2029/15/1 2032/26/1
f 2032/26/5 2029/15/5 2028/24/5
f 2031/27/1 2026/28/1 2029/15/1
f 2026/18/2 2031/25/2 2027/19/2
f 2037/29/3 2034/30/3 2033/31/3
f 2034/32/4 2035/33/4 2033/34/4
f 2038/35/5 2033/36/5 2035/37/5
f 2038/35/5 2036/38/5 2033/36/5
f 2037/29/3 2033/31/3 2036/38/3
f 2039/39/6 2038/35/6 2035/33/6
f 2039/39/6 2040/40/6 2038/35/6
f 2040/40/1 2036/38/1 2038/35/1
f 2039/41/2 2037/29/2 2040/40/2
f 2040/40/1 2037/29/1 2036/38/1
f 2039/41/2 2034/42/2 2037/29/2
f 2034/32/4 2039/39/4 2035/33/4
f 2045/1/3 2042/2/3 2041/3/3
f 2042/4/2 2043/5/2 2041/6/2
f 2046/7/4 2041/8/4 2043/9/4
f 2046/7/4 2044/10/4 2041/8/4
f 2045/1/3 2041/3/3 2044/10/3
f 2047/11/6 2046/7/6 2043/5/6
f 2047/11/6 2048/12/6 2046/7/6
f 2048/12/5 2044/10/5 2046/7/5
f 2047/13/1 2045/1/1 2048/12/1
f 2048/12/5 2045/1/5 2044/10/5
f 2047/13/1 2042/14/1 2045/1/1
f 2042/4/2 2047/11/2 2043/5/2
f 2053/15/3 2050/16/3 2049/17/3
f 2050/18/2 2051/19/2 2049/20/2
f 2054/21/4 2049/22/4 2051/23/4
f 2054/21/4 2052/24/4 2049/22/4
f 2053/15/3 2049/17/3 2052/24/3
f 2055/25/6 2054/21/6 2051/19/6
f 2055/25/6 2056/26/6 2054/21/6
f 2056/26/5 2052/24/5 2054/21/5
f 2055/27/1 2053/15/1 2056/26/1
f 2056/26/5 2053/15/5 2052/24/5
f 2055/27/1 2050/28/1 2053/15/1
f 2050/18/2 2055/25/2 2051/19/2
f 2061/29/3 2058/30/3 2057/31/3
f 2058/32/4 2059/33/4 2057/34/4
f 2062/35/5 2057/36/5 2059/37/5
f 2062/35/5 2060/38/5 2057/36/5
f 2061/29/3 2057/31/3 2060/38/3
f 2063/39/6 2062/35/6 2059/33/6
f 2063/39/6 2064/40/6 2062/35/6
f 2064/40/1 2060/38/1 2062/35/1
f 2063/41/2 2061/29/2 2064/40/2
f 2064/40/1 2061/29/1 2060/38/1
f 2063/41/2 2058/42/2 2061/29/2
f 2058/32/4 2063/39/4 2059/33/4
f 2069/1/3 2066/2/3 2065/3/3
f 2066/4/2 2067/5/2 2065/6/2
f 2070/7/4 2065/8/4 2067/9/4
f 2070/7/4 2068/10/4 2065/8/4
f 2069/1/3 2065/3/3 2068/10/3
f 2071/11/6 2070/7/6 2067/5/6
f 2071/11/6 2072/12/6 2070/7/6
f 2072/12/5 2068/10/5 2070/7/5
f 2071/13/1 2069/1/1 2072/12/1
f 2072/12/5 2069/1/5 2068/10/5
f 2071/13/1 2066/14/1 2069/1/1
f 2066/4/2 2071/11/2 2067/5/2
f 2077/15/3 2074/16/3 2073/17/3
f 2074/18/2 2075/19/2 2073/20/2
f 2078/21/4 2073/22/4 2075/23/4
f 2078/21/4 2076/24/4 2073/22/4
f 2077/15/3 2073/17/3 2076/24/3
f 2079/25/6 2078/21/6 2075/19/6
f 2079/25/6 2080/26/6 2078/21/6
f 2080/26/5 2076/24/5 2078/21/5
f 2079/27/1 2077/15/1 2080/26/1
f 2080/26/5 2077/15/5 2076/24/5
f 2079/27/1 2074/28/1 2077/15/1
f 2074/18/2 2079/25/2 2075/19/2
f 2085/29/3 2082/30/3 2081/31/3
f 2082/32/4 2083/33/4 2081/34/4
f 2086/35/5 2081/36/5 2083/37/5
f 2086/35/5 2084/38/5 2081/36/5
f 2085/29/3 2081/31/3 2084/38/3
f 2087/39/6 2086/35/6 2083/33/6
f 2087/39/6 2088/40/6 2086/35/6
f 2088/40/1 2084/38/1 2086/35/1
f 2087/41/2 2085/29/2 2088/40/2
f 2088/40/1 2085/29/1 2084/38/1
f 2087/41/2 2082/42/2 2085/29/2
f 2082/32/4 2087/39/4 2083/33/4
f 2093/1/3 2090/2/3 2089/3/3
f 2090/4/2 2091/5/2 2089/6/2
f 2094/7/4 2089/8/4 2091/9/4
f 2094/7/4 2092/10/4 2089/8/4
f 2093/1/3 2089/3/3 2092/10/3
f 2095/11/6 2094/7/6 2091/5/6
f 2095/11/6 2096/12/6 2094/7/6
f 2096/12/5 2092/10/5 2094/7/5
f 2095/13/1 2093/1/1 2096/12/1
f 2096/12/5 2093/1/5 2092/10/5
f 2095/13/1 2090/14/1 2093/1/1
f 2090/4/2 2095/11/2 2091/5/2
f 2101/15/3 2098/16/3 2097/17/3
f 2098/18/2 2099/19/2 2097/20/2
f 2102/21/4 2097/22/4 2099/23/4
f 2102/21/4 2100/24/4 2097/22/4
f 2101/15/3 2097/17/3 2100/24/3
f 2103/25/6 2102/21/6 2099/19/6
f 2103/25/6 2104/26/6 2102/21/6
f 2104/26/5 2100/24/5 2102/21/5
f 2103/27/1 2101/15/1 2104/26/1
f 2104/26/5 2101/15/5 2100/24/5
f 2103/27/1 2098/28/1 2101/15/1
f 2098/18/2 2103/25/2 2099/19/2
f 2109/29/3 2106/30/3 2105/31/3
f 2106/32/4 2107/33/4 2105/34/4
f 2110/35/5 2105/36/5 2107/37/5
f 2110/35/5 2108/38/5 2105/36/5
f 2109/29/3 2105/31/3 2108/38/3
f 2111/39/6 2110/35/6 2107/33/6
f 2111/39/6 2112/40/6 2110/35/6
f 2112/40/1 2108/38/1 2110/35/1
f 2111/41/2 2109/29/2 2112/40/2
f 2112/40/1 2109/29/1 2108/38/1
f 2111/41/2 2106/42/2 2109/29/2
f 2106/32/4 2111/39/4 2107/33/4
f 2117/1/3 2114/2/3 2113/3/3
f 2114/4/2 2115/5/2 2113/6/2
f 2118/7/4 2113/8/4 2115/9/4
f 2118/7/4 2116/10/4 2113/8/4
f 2117/1/3 2113/3/3 2116/10/3
f 2119/11/6 2118/7/6 2115/5/6
f 2119/11/6 2120/12/6 2118/7/6
f 2120/12/5 2116/10/5 2118/7/5
f 2119/13/1 2117/1/1 2120/12/1
f 2120/12/5 2117/1/5 2116/10/5
f 2119/13/1 2114/14/1 2117/1/1
f 2114/4/2 2119/11/2 2115/5/2
f 2125/15/3 2122/16/3 2121/17/3
f 2122/18/2 2123/19/2 2121/20/2
f 2126/21/4 2121/22/4 2123/23/4
f 2126/21/4 2124/24/4 2121/22/4
f 2125/15/3 2121/17/3 2124/24/3
f 2127/25/6 2126/21/6 2123/19/6
f 2127/25/6 2128/26/6 2126/21/6
f 2128/26/5 2124/24/5 2126/21/5
f 2127/27/1 2125/15/1 2128/26/1
f 2128/26/5 2125/15/5 2124/24/5
f 2127/27/1 2122/28/1 2125/15/1
f 2122/18/2 2127/25/2 2123/19/2
f 2133/29/3 2130/30/3 2129/31/3
f 2130/32/4 2131/33/4 2129/34/4
f 2134/35/5 2129/36/5 2131/37/5
f 2134/35/5 2132/38/5 2129/36/5
f 2133/29/3 2129/31/3 2132/38/3
f 2135/39/6 2134/35/6 2131/33/6
f 2135/39/6 2136/40/6 2134/35/6
f 2136/40/1 2132/38/1 2134/35/1
f 2135/41/2 2133/29/2 2136/40/2
f 2136/40/1 2133/29/1 2132/38/1
f 2135/41/2 2130/42/2 2133/29/2
f 2130/32/4 2135/39/4 2131/33/4
f 2141/1/3 2138/2/3 2137/3/3
f 2138/4/2 2139/5/2 2137/6/2
f 2142/7/4 2137/8/4 2139/9/4
f 2142/7/4 2140/10/4 2137/8/4
f 2141/1/3 2137/3/3 2140/10/3
f 2143/11/6 2142/7/6 2139/5/6
f 2143/11/6 2144/12/6 2142/7/6
f 2144/12/5 2140/10/5 2142/7/5
f 2143/13/1 2141/1/1 2144/12/1
f 2144/12/5 2141/1/5 2140/10/5
f 2143/13/1 2138/14/1 2141/1/1
f 2138/4/2 2143/11/2 2139/5/2
f 2149/15/3 2146/16/3 2145/17/3
f 2146/18/2 2147/19/2 2145/20/2
f 2150/21/4 2145/22/4 2147/23/4
f 2150/21/4 2148/24/4 2145/22/4
f 2149/15/3 2145/17/3 2148/24/3
f 2151/25/6 2150/21/6 2147/19/6
f 2151/25/6 2152/26/6 2150/21/6
f 2152/26/5 2148/24/5 2150/21/5
f 2151/27/1 2149/15/1 2152/26/1
f 2152/26/5 2149/15/5 2148/24/5
f 2151/27/1 2146/28/1 2149/15/1
f 2146/18/2 2151/25/2 2147/19/2
f 2157/29/3 2154/30/3 2153/31/3
f 2154/32/4 2155/33/4 2153/34/4
f 2158/35/5 2153/36/5 2155/37/5
f 2158/35/5 2156/38/5 2153/36/5
f 2157/29/3 2153/31/3 2156/38/3
f 2159/39/6 2158/35/6 2155/33/6
f 2159/39/6 2160/40/6 2158/35/6
f 2160/40/1 2156/38/1 2158/35/1
f 2159/41/2 2157/29/2 2160/40/2
f 2160/40/1 2157/29/1 2156/38/1
f 2159/41/2 2154/42/2 2157/29/2
f 2154/32/4 2159/39/4 2155/33/4
f 2165/1/3 2162/2/3 2161/3/3
f 2162/4/2 2163/5/2 2161/6/2
f 2166/7/4 2161/8/4 2163/9/4
f 2166/7/4 2164/10/4 2161/8/4
f 2165/1/3 2161/3/3 2164/10/3
f 2167/11/6 2166/7/6 2163/5/6
f 2167/11/6 2168/12/6 2166/7/6
f 2168/12/5 2164/10/5 2166/7/5
f 2167/13/1 2165/1/1 2168/12/1
f 2168/12/5 2165/1/5 2164/10/5
f 2167/13/1 2162/14/1 2165/1/1
f 2162/4/2 2167/11/2 2163/5/2
f 2173/15/3 2170/16/3 2169/17/3
f 2170/18/2 2171/19/2 2169/20/2
f 2174/21/4 2169/22/4 2171/23/4
f 2174/21/4 2172/24/4 2169/22/4
f 2173/15/3 2169/17/3 2172/24/3
f 2175/25/6 2174/21/6 2171/19/6
f 2175/25/6 2176/26/6 2174/21/6
f 2176/26/5 2172/24/5 2174/21/5
f 2175/27/1 2173/15/1 2176/26/1
f 2176/26/5 2173/15/5 2172/24/5
f 2175/27/1 2170/28/1 2173/15/1
f 2170/18/2 2175/25/2 2171/19/2
f 2181/29/3 2178/30/3 2177/31/3
f 2178/32/4 2179/33/4 2177/34/4
f 2182/35/5 2177/36/5 2179/37/5
f 2182/35/5 2180/38/5 2177/36/5
f 2181/29/3 2177/31/3 2180/38/3
f 2183/39/6 2182/35/6 2179/33/6
f 2183/39/6 2184/40/6 2182/35/6
f 2184/40/1 2180/38/1 2182/35/1
f 2183/41/2 2181/29/2 2184/40/2
f 2184/40/1 2181/29/1 2180/38/1
f 2183/41/2 2178/42/2 2181/29/2
f 2178/32/4 2183/39/4 2179/33/4
f 2189/1/3 2186/2/3 2185/3/3
f 2186/4/2 2187/5/2 2185/6/2
f 2190/7/4 2185/8/4 2187/9/4
f 2190/7/4 2188/10/4 2185/8/4
f 2189/1/3 2185/3/3 2188/10/3
f 2191/11/6 2190/7/6 2187/5/6
f 2191/11/6 2192/12/6 2190/7/6
f 2192/12/5 2188/10/5 2190/7/5
f 2191/13/1 2189/1/1 2192/12/1
f 2192/12/5 2189/1/5 2188/10/5
f 2191/13/1 2186/14/1 2189/1/1
f 2186/4/2 2191/11/2 2187/5/2
f 2197/15/3 2194/16/3 2193/17/3
f 2194/18/2 2195/19/2 2193/20/2
f 2198/21/4 2193/22/4 2195/23/4
f 2198/21/4 2196/24/4 2193/22/4
f 2197/15/3 2193/17/3 2196/24/3
f 2199/25/6 2198/21/6 2195/19/6
f 2199/25/6 2200/26/6 2198/21/6
f 2200/26/5 2196/24/5 2198/21/5
f 2199/27/1 2197/15/1 2200/26/1
f 2200/26/5 2197/15/5 2196/24/5
f 2199/27/1 2194/28/1 2197/15/1
f 2194/18/2 2199/25/2 2195/19/2
f 2205/29/3 2202/30/3 2201/31/3
f 2202/32/4 2203/33/4 2201/34/4
f 2206/35/5 2201/36/5 2203/37/5
f 2206/35/5 2204/38/5 2201/36/5
f 2205/29/3 2201/31/3 2204/38/3
f 2207/39/6 2206/35/6 2203/33/6
f 2207/39/6 2208/40/6 2206/35/6
f 2208/40/1 2204/38/1 2206/35/1
f 2207/41/2 2205/29/2 2208/40/2
f 2208/40/1 2205/29/1 2204/38/1
f 2207/41/2 2202/42/2 2205/29/2
f 2202/32/4 2207/39/4 2203/33/4
f 2213/1/3 2210/2/3 2209/3/3
f 2210/4/2 2211/5/2 2209/6/2
f 2214/7/4 2209/8/4 2211/9/4
f 2214/7/4 2212/10/4 2209/8/4
f 2213/1/3 2209/3/3 2212/10/3
f 2215/11/6 2214/7/6 2211/5/6
f 2215/11/6 2216/12/6 2214/7/6
f 2216/12/5 2212/10/5 2214/7/5
f 2215/13/1 2213/1/1 2216/12/1
f 2216/12/5 2213/1/5 2212/10/5
f 2215/13/1 2210/14/1 2213/1/1
f 2210/4/2 2215/11/2 2211/5/2
f 2221/15/3 2218/16/3 2217/17/3
f 2218/18/2 2219/19/2 2217/20/2
f 2222/21/4 2217/22/4 2219/23/4
f 2222/21/4 2220/24/4 2217/22/4
f 2221/15/3 2217/17/3 2220/24/3
f 2223/25/6 2222/21/6 2219/19/6
f 2223/25/6 2224/26/6 2222/21/6
f 2224/26/5 2220/24/5 2222/21/5
f 2223/27/1 2221/15/1 2224/26/1
f 2224/26/5 2221/15/5 2220/24/5
f 2223/27/1 2218/28/1 2221/15/1
f 2218/18/2 2223/25/2 2219/19/2
f 2229/29/3 2226/30/3 2225/31/3
f 2226/32/4 2227/33/4 2225/34/4
f 2230/35/5 2225/36/5 2227/37/5
f 2230/35/5 2228/38/5 2225/36/5
f 2229/29/3 2225/31/3 2228/38/3
f 2231/39/6 2230/35/6 2227/33/6
f 2231/39/6 2232/40/6 2230/35/6
f 2232/40/1 2228/38/1 2230/35/1
f 2231/41/2 2229/29/2 2232/40/2
f 2232/40/1 2229/29/1 2228/38/1
f 2231/41/2 2226/42/2 2229/29/2
f 2226/32/4 2231/39/4 2227/33/4
f 2237/1/3 2234/2/3 2233/3/3
f 2234/4/2 2235/5/2 2233/6/2
f 2238/7/4 2233/8/4 2235/9/4
f 2238/7/4 2236/10/4 2233/8/4
f 2237/1/3 2233/3/3 2236/10/3
f 2239/11/6 2238/7/6 2235/5/6
f 2239/11/6 2240/12/6 2238/7/6
f 2240/12/5 2236/10/5 2238/7/5
f 2239/13/1 2237/1/1 2240/12/1
f 2240/12/5 2237/1/5 2236/10/5
f 2239/13/1 2234/14/1 2237/1/1
f 2234/4/2 2239/11/2 2235/5/2
f 2245/15/3 2242/16/3 2241/17/3
f 2242/18/2 2243/19/2 2241/20/2
f 2246/21/4 2241/22/4 2243/23/4
f 2246/21/4 2244/24/4 2241/22/4
f 2245/15/3 2241/17/3 2244/24/3
f 2247/25/6 2246/21/6 2243/19/6
f 2247/25/6 2248/26/6 2246/21/6
f 2248/26/5 2244/24/5 2246/21/5
f 2247/27/1 2245/15/1 2248/26/1
f 2248/26/5 2245/15/5 2244/24/5
f 2247/27/1 2242/28/1 2245/15/1
f 2242/18/2 2247/25/2 2243/19/2
f 2253/29/3 2250/30/3 2249/31/3
f 2250/32/4 2251/33/4 2249/34/4
f 2254/35/5 2249/36/5 2251/37/5
f 2254/35/5 2252/38/5 2249/36/5
f 2253/29/3 2249/31/3 2252/38/3
f 2255/39/6 2254/35/6 2251/33/6
f 2255/39/6 2256/40/6 2254/35/6
f 2256/40/1 2252/38/1 2254/35/1
f 2255/41/2 2253/29/2 2256/40/2
f 2256/40/1 2253/29/1 2252/38/1
f 2255/41/2 2250/42/2 2253/29/2
f 2250/32/4 2255/39/4 2251/33/4
f 2261/1/3 2258/2/3 2257/3/3
f 2258/4/2 2259/5/2 2257/6/2
f 2262/7/4 2257/8/4 2259/9/4
f 2262/7/4 2260/10/4 2257/8/4
f 2261/1/3 2257/3/3 2260/10/3
f 2263/11/6 2262/7/6 2259/5/6
f 2263/11/6 2264/12/6 2262/7/6
f 2264/12/5 2260/10/5 2262/7/5
f 2263/13/1 2261/1/1 2264/12/1
f 2264/12/5 2261/1/5 2260/10/5
f 2263/13/1 2258/14/1 2261/1/1
f 2258/4/2 2263/11/2 2259/5/2
f 2269/15/3 2266/16/3 2265/17/3
f 2266/18/2 2267/19/2 2265/20/2
f 2270/21/4 2265/22/4 2267/23/4
f 2270/21/4 2268/24/4 2265/22/4
f 2269/15/3 2265/17/3 2268/24/3
f 2271/25/6 2270/21/6 2267/19/6
f 2271/25/6 2272/26/6 2270/21/6
f 2272/26/5 2268/24/5 2270/21/5
f 2271/27/1 2269/15/1 2272/26/1
f 2272/26/5 2269/15/5 2268/24/5
f 2271/27/1 2266/28/1 2269/15/1
f 2266/18/2 2271/25/2 2267/19/2
f 2277/29/3 2274/30/3 2273/31/3
f 2274/32/4 2275/33/4 2273/34/4
f 2278/35/5 2273/36/5 2275/37/5
f 2278/35/5 2276/38/5 2273/36/5
f 2277/29/3 2273/31/3 2276/38/3
f 2279/39/6 2278/35/6 2275/33/6
f 2279/39/6 2280/40/6 2278/35/6
f 2280/40/1 2276/38/1 2278/35/1
f 2279/41/2 2277/29/2 2280/40/2
f 2280/40/1 2277/29/1 2276/38/1
f 2279/41/2 2274/42/2 2277/29/2
f 2274/32/4 2279/39/4 2275/33/4
f 2285/1/3 2282/2/3 2281/3/3
f 2282/4/2 2283/5/2 2281/6/2
f 2286/7/4 2281/8/4 2283/9/4
f 2286/7/4 2284/10/4 2281/8/4
f 2285/1/3 2281/3/3 2284/10/3
f 2287/11/6 2286/7/6 2283/5/6
f 2287/11/6 2288/12/6 2286/7/6
f 2288/12/5 2284/10/5 2286/7/5
f 2287/13/1 2285/1/1 2288/12/1
f 2288/12/5 2285/1/5 2284/10/5
f 2287/13/1 2282/14/1 2285/1/1
f 2282/4/2 2287/11/2 2283/5/2
f 2293/15/3 2290/16/3 2289/17/3
f 2290/18/2 2291/19/2 2289/20/2
f 2294/21/4 2289/22/4 2291/23/4
f 2294/21/4 2292/24/4 2289/22/4
f 2293/15/3 2289/17/3 2292/24/3
f 2295/25/6 2294/21/6 2291/19/6
f 2295/25/6 2296/26/6 2294/21/6
f 2296/26/5 2292/24/5 2294/21/5
f 2295/27/1 2293/15/1 2296/26/1
f 2296/26/5 2293/15/5 2292/24/5
f 2295/27/1 2290/28/1 2293/15/1
f 2290/18/2 2295/25/2 2291/19/2
f 2301/29/3 2298/30/3 2297/31/3
f 2298/32/4 2299/33/4 2297/34/4
f 2302/35/5 2297/36/5 2299/37/5
f 2302/35/5 2300/38/5 2297/36/5
f 2301/29/3 2297/31/3 2300/38/3
f 2303/39/6 2302/35/6 2299/33/6
f 2303/39/6 2304/40/6 2302/35/6
f 2304/40/1 2300/38/1 2302/35/1
f 2303/41/2 2301/29/2 2304/40/2
f 2304/40/1 2301/29/1 2300/38/1
f 2303/41/2 2298/42/2 2301/29/2
f 2298/32/4 2303/39/4 2299/33/4
f 2309/1/3 2306/2/3 2305/3/3
f 2306/4/2 2307/5/2 2305/6/2
f 2310/7/4 2305/8/4 2307/9/4
f 2310/7/4 2308/10/4 2305/8/4
f 2309/1/3 2305/3/3 2308/10/3
f 2311/11/6 2310/7/6 2307/5/6
f 2311/11/6 2312/12/6 2310/7/6
f 2312/12/5 2308/10/5 2310/7/5
f 2311/13/1 2309/1/1 2312/12/1
f 2312/12/5 2309/1/5 2308/10/5
f 2311/13/1 2306/14/1 2309/1/1
f 2306/4/2 2311/11/2 2307/5/2
f 2317/15/3 2314/16/3 2313/17/3
f 2314/18/2 2315/19/2 2313/20/2
f 2318/21/4 2313/22/4 2315/23/4
f 2318/21/4 2316/24/4 2313/22/4
f 2317/15/3 2313/17/3 2316/24/3
f 2319/25/6 2318/21/6 2315/19/6
f 2319/25/6 2320/26/6 2318/21/6
f 2320/26/5 2316/24/5 2318/21/5
f 2319/27/1 2317/15/1 2320/26/1
f 2320/26/5 2317/15/5 2316/24/5
f 2319/27/1 2314/28/1 2317/15/1
f 2314/18/2 2319/25/2 2315/19/2
f 2325/29/3 2322/30/3 2321/31/3
f 2322/32/4 2323/33/4 2321/34/4
f 2326/35/5 2321/36/5 2323/37/5
f 2326/35/5 2324/38/5 2321/36/5
f 2325/29/3 2321/31/3 2324/38/3
f 2327/39/6 2326/35/6 2323/33/6
f 2327/39/6 2328/40/6 2326/35/6
f 2328/40/1 2324/38/1 2326/35/1
f 2327/41/2 2325/29/2 2328/40/2
f 2328/40/1 2325/29/1 2324/38/1
f 2327/41/2 2322/42/2 2325/29/2
f 2322/32/4 2327/39/4 2323/33/4
f 2333/1/3 2330/2/3 2329/3/3
f 2330/4/2 2331/5/2 2329/6/2
f 2334/7/4 2329/8/4 2331/9/4
f 2334/7/4 2332/10/4 2329/8/4
f 2333/1/3 2329/3/3 2332/10/3
f 2335/11/6 2334/7/6 2331/5/6
f 2335/11/6 2336/12/6 2334/7/6
f 2336/12/5 2332/10/5 2334/7/5
f 2335/13/1 2333/1/1 2336/12/1
f 2336/12/5 2333/1/5 2332/10/5
f 2335/13/1 2330/14/1 2333/1/1
f 2330/4/2 2335/11/2 2331/5/2
f 2341/15/3 2338/16/3 2337/17/3
f 2338/18/2 2339/19/2 2337/20/2
f 2342/21/4 2337/22/4 2339/23/4
f 2342/21/4 2340/24/4 2337/22/4
f 2341/15/3 2337/17/3 2340/24/3
f 2343/25/6 2342/21/6 2339/19/6
f 2343/25/6 2344/26/6 2342/21/6
f 2344/26/5 2340/24/5 2342/21/5
f 2343/27/1 2341/15/1 2344/26/1
f 2344/26/5 2341/15/5 2340/24/5
f 2343/27/1 2338/28/1 2341/15/1
f 2338/18/2 2343/25/2 2339/19/2
f 2349/29/3 2346/30/3 2345/31/3
f 2346/32/4 2347/33/4 2345/34/4
f 2350/35/5 2345/36/5 2347/37/5
f 2350/35/5 2348/38/5 2345/36/5
f 2349/29/3 2345/31/3 2348/38/3
f 2351/39/6 2350/35/6 2347/33/6
f 2351/39/6 2352/40/6 2350/35/6
f 2352/40/1 2348/38/1 2350/35/1
f 2351/41/2 2349/29/2 2352/40/2
f 2352/40/1 2349/29/1 2348/38/1
f 2351/41/2 2346/42/2 2349/29/2
f 2346/32/4 2351/39/4 2347/33/4
f 2357/1/3 2354/2/3 2353/3/3
f 2354/4/2 2355/5/2 2353/6/2
f 2358/7/4 2353/8/4 2355/9/4
f 2358/7/4 2356/10/4 2353/8/4
f 2357/1/3 2353/3/3 2356/10/3
f 2359/11/6 2358/7/6 2355/5/6
f 2359/11/6 2360/12/6 2358/7/6
f 2360/12/5 2356/10/5 2358/7/5
f 2359/13/1 2357/1/1 2360/12/1
f 2360/12/5 2357/1/5 2356/10/5
f 2359/13/1 2354/14/1 2357/1/1
f 2354/4/2 2359/11/2 2355/5/2
f 2365/15/3 2362/16/3 2361/17/3
f 2362/18/2 2363/19/2 2361/20/2
f 2366/21/4 2361/22/4 2363/23/4
f 2366/21/4 2364/24/4 2361/22/4
f 2365/15/3 2361/17/3 2364/24/3
f 2367/25/6 2366/21/6 2363/19/6
f 2367/25/6 2368/26/6 2366/21/6
f 2368/26/5 2364/24/5 2366/21/5
f 2367/27/1 2365/15/1 2368/26/1
f 2368/26/5 2365/15/5 2364/24/5
f 2367/27/1 2362/28/1 2365/15/1
f 2362/18/2 2367/25/2 2363/19/2
f 2373/29/3 2370/30/3 2369/31/3
f 2370/32/4 2371/33/4 2369/34/4
f 2374/35/5 2369/36/5 2371/37/5
f 2374/35/5 2372/38/5 2369/36/5
f 2373/29/3 2369/31/3 2372/38/3
f 2375/39/6 2374/35/6 2371/33/6
f 2375/39/6 2376/40/6 2374/35/6
f 2376/40/1 2372/38/1 2374/35/1
f 2375/41/2 2373/29/2 2376/40/2
f 2376/40/1 2373/29/1 2372/38/1
f 2375/41/2 2370/42/2 2373/29/2
f 2370/32/4 2375/39/4 2371/33/4
f 2381/1/3 2378/2/3 2377/3/3
f 2378/4/2 2379/5/2 2377/6/2
f 2382/7/4 2377/8/4 2379/9/4
f 2382/7/4 2380/10/4 2377/8/4
f 2381/1/3 2377/3/3 2380/10/3
f 2383/11/6 2382/7/6 2379/5/6
f 2383/11/6 2384/12/6 2382/7/6
f 2384/12/5 2380/10/5 2382/7/5
f 2383/13/1 2381/1/1 2384/12/1
f 2384/12/5 2381/1/5 2380/10/5
f 2383/13/1 2378/14/1 2381/1/1
f 2378/4/2 2383/11/2 2379/5/2
f 2389/15/3 2386/16/3 2385/17/3
f 2386/18/2 2387/19/2 2385/20/2
f 2390/21/4 2385/22/4 2387/23/4
f 2390/21/4 2388/24/4 2385/22/4
f 2389/15/3 2385/17/3 2388/24/3
f 2391/25/6 2390/21/6 2387/19/6
f 2391/25/6 2392/26/6 2390/21/6
f 2392/26/5 2388/24/5 2390/21/5
f 2391/27/1 2389/15/1 2392/26/1
f 2392/26/5 2389/15/5 2388/24/5
f 2391/27/1 2386/28/1 2389/15/1
f 2386/18/2 2391/25/2 2387/19/2
f 2397/29/3 2394/30/3 2393/31/3
f 2394/32/4 2395/33/4 2393/34/4
f 2398/35/5 2393/36/5 2395/37/5
f 2398/35/5 2396/38/5 2393/36/5
f 2397/29/3 2393/31/3 2396/38/3
f 2399/39/6 2398/35/6 2395/33/6
f 2399/39/6 2400/40/6 2398/35/6
f 2400/40/1 2396/38/1 2398/35/1
f 2399/41/2 2397/29/2 2400/40/2
f 2400/40/1 2397/29/1 2396/38/1
f 2399/41/2 2394/42/2 2397/29/2
f 2394/32/4 2399/39/4 2395/33/4
f 2405/1/3 2402/2/3 2401/3/3
f 2402/4/2 2403/5/2 2401/6/2
f 2406/7/4 2401/8/4 2403/9/4
f 2406/7/4 2404/10/4 2401/8/4
f 2405/1/3 2401/3/3 2404/10/3
f 2407/11/6 2406/7/6 2403/5/6
f 2407/11/6 2408/12/6 2406/7/6
f 2408/12/5 2404/10/5 2406/7/5
f 2407/13/1 2405/1/1 2408/12/1
f 2408/12/5 2405/1/5 2404/10/5
f 2407/13/1 2402/14/1 2405/1/1
f 2402/4/2 2407/11/2 2403/5/2
f 2413/15/3 2410/16/3 2409/17/3
f 2410/18/2 2411/19/2 2409/20/2
f 2414/21/4 2409/22/4 2411/23/4
f 2414/21/4 2412/24/4 2409/22/4
f 2413/15/3 2409/17/3 2412/24/3
f 2415/25/6 2414/21/6 2411/19/6
f 2415/25/6 2416/26/6 2414/21/6
f 2416/26/5 2412/24/5 2414/21/5
f 2415/27/1 2413/15/1 2416/26/1
f 2416/26/5 2413/15/5 2412/24/5
f 2415/27/1 2410/28/1 2413/15/1
f 2410/18/2 2415/25/2 2411/19/2
f 2421/29/3 2418/30/3 2417/31/3
f 2418/32/4 2419/33/4 2417/34/4
f 2422/35/5 2417/36/5 2419/37/5
f 2422/35/5 2420/38/5 2417/36/5
f 2421/29/3 2417/31/3 2420/38/3
f 2423/39/6 2422/35/6 2419/33/6
f 2423/39/6 2424/40/6 2422/35/6
f 2424/40/1 2420/38/1 2422/35/1
f 2423/41/2 2421/29/2 2424/40/2
f 2424/40/1 2421/29/1 2420/38/1
f 2423/41/2 2418/42/2 2421/29/2
f 2418/32/4 2423/39/4 2419/33/4
f 2429/1/3 2426/2/3 2425/3/3
f 2426/4/2 2427/5/2 2425/6/2
f 2430/7/4 2425/8/4 2427/9/4
f 2430/7/4 2428/10/4 2425/8/4
f 2429/1/3 2425/3/3 2428/10/3
f 2431/11/6 2430/7/6 2427/5/6
f 2431/11/6 2432/12/6 2430/7/6
f 2432/12/5 2428/10/5 2430/7/5
f 2431/13/1 2429/1/1 2432/12/1
f 2432/12/5 2429/1/5 2428/10/5
f 2431/13/1 2426/14/1 2429/1/1
f 2426/4/2 2431/11/2 2427/5/2
f 2437/15/3 2434/16/3 2433/17/3
f 2434/18/2 2435/19/2 2433/20/2
f 2438/21/4 2433/22/4 2435/23/4
f 2438/21/4 2436/24/4 2433/22/4
f 2437/15/3 2433/17/3 2436/24/3
f 2439/25/6 2438/21/6 2435/19/6
f 2439/25/6 2440/26/6 2438/21/6
f 2440/26/5 2436/24/5 2438/21/5
f 2439/27/1 2437/15/1 2440/26/1
f 2440/26/5 2437/15/5 2436/24/5
f 2439/27/1 2434/28/1 2437/15/1
f 2434/18/2 2439/25/2 2435/19/2
f 2445/29/3 2442/30/3 2441/31/3
f 2442/32/4 2443/33/4 2441/34/4
f 2446/35/5 2441/36/5 2443/37/5
f 2446/35/5 2444/38/5 2441/36/5
f 2445/29/3 2441/31/3 2444/38/3
f 2447/39/6 2446/35/6 2443/33/6
f 2447/39/6 2448/40/6 2446/35/6
f 2448/40/1 2444/38/1 2446/35/1
f 2447/41/2 2445/29/2 2448/40/2
f 2448/40/1 2445/29/1 2444/38/1
f 2447/41/2 2442/42/2 2445/29/2
f 2442/32/4 2447/39/4 2443/33/4
f 2453/1/3 2450/2/3 2449/3/3
f 2450/4/2 2451/5/2 2449/6/2
f 2454/7/4 2449/8/4 2451/9/4
f 2454/7/4 2452/10/4 2449/8/4
f 2453/1/3 2449/3/3 2452/10/3
f 2455/11/6 2454/7/6 2451/5/6
f 2455/11/6 2456/12/6 2454/7/6
f 2456/12/5 2452/10/5 2454/7/5
f 2455/13/1 2453/1/1 2456/12/1
f 2456/12/5 2453/1/5 2452/10/5
f 2455/13/1 2450/14/1 2453/1/1
f 2450/4/2 2455/11/2 2451/5/2
f 2461/15/3 2458/16/3 2457/17/3
f 2458/18/2 2459/19/2 2457/20/2
f 2462/21/4 2457/22/4 2459/23/4
f 2462/21/4 2460/24/4 2457/22/4
f 2461/15/3 2457/17/3 2460/24/3
f 2463/25/6 2462/21/6 2459/19/6
f 2463/25/6 2464/26/6 2462/21/6
f 2464/26/5 2460/24/5 2462/21/5
f 2463/27/1 2461/15/1 2464/26/1
f 2464/26/5 2461/15/5 2460/24/5
f 2463/27/1 2458/28/1 2461/15/1
f 2458/18/2 2463/25/2 2459/19/2
f 2469/29/3 2466/30/3 2465/31/3
f 2466/32/4 2467/33/4 2465/34/4
f 2470/35/5 2465/36/5 2467/37/5
f 2470/35/5 2468/38/5 2465/36/5
f 2469/29/3 2465/31/3 2468/38/3
f 2471/39/6 2470/35/6 2467/33/6
f 2471/39/6 2472/40/6 2470/35/6
f 2472/40/1 2468/38/1 2470/35/1
f 2471/41/2 2469/29/2 2472/40/2
f 2472/40/1 2469/29/1 2468/38/1
f 2471/41/2 2466/42/2 2469/29/2
f 2466/32/4 2471/39/4 2467/33/4
f 2477/1/3 2474/2/3 2473/3/3
f 2474/4/2 2475/5/2 2473/6/2
f 2478/7/4 2473/8/4 2475/9/4
f 2478/7/4 2476/10/4 2473/8/4
f 2477/1/3 2473/3/3 2476/10/3
f 2479/11/6 2478/7/6 2475/5/6
f 2479/11/6 2480/12/6 2478/7/6
f 2480/12/5 2476/10/5 2478/7/5
f 2479/13/1 2477/1/1 2480/12/1
f 2480/12/5 2477/1/5 2476/10/5
f 2479/13/1 2474/14/1 2477/1/1
f 2474/4/2 2479/11/2 2475/5/2
f 2485/15/3 2482/16/3 2481/17/3
f 2482/18/2 2483/19/2 2481/20/2
f 2486/21/4 2481/22/4 2483/23/4
f 2486/21/4 2484/24/4 2481/22/4
f 2485/15/3 2481/17/3 2484/24/3
f 2487/25/6 2486/21/6 2483/19/6
f 2487/25/6 2488/26/6 2486/21/6
f 2488/26/5 2484/24/5 2486/21/5
f 2487/27/1 2485/15/1 2488/26/1
f 2488/26/5 2485/15/5 2484/24/5
f 2487/27/1 2482/28/1 2485/15/1
f 2482/18/2 2487/25/2 2483/19/2
f 2493/29/3 2490/30/3 2489/31/3
f 2490/32/4 2491/33/4 2489/34/4
f 2494/35/5 2489/36/5 2491/37/5
f 2494/35/5 2492/38/5 2489/36/5
f 2493/29/3 2489/31/3 2492/38/3
f 2495/39/6 2494/35/6 2491/33/6
f 2495/39/6 2496/40/6 2494/35/6
f 2496/40/1 2492/38/1 2494/35/1
f 2495/41/2 2493/29/2 2496/40/2
f 2496/40/1 2493/29/1 2492/38/1
f 2495/41/2 2490/42/2 2493/29/2
f 2490/32/4 2495/39/4 2491/33/4
f 2501/1/3 2498/2/3 2497/3/3
f 2498/4/2 2499/5/2 2497/6/2
f 2502/7/4 2497/8/4 2499/9/4
f 2502/7/4 2500/10/4 2497/8/4
f 2501/1/3 2497/3/3 2500/10/3
f 2503/11/6 2502/7/6 2499/5/6
f 2503/11/6 2504/12/6 2502/7/6
f 2504/12/5 2500/10/5 2502/7/5
f 2503/13/1 2501/1/1 2504/12/1
f 2504/12/5 2501/1/5 2500/10/5
f 2503/13/1 2498/14/1 2501/1/1
f 2498/4/2 2503/11/2 2499/5/2
f 2509/15/3 2506/16/3 2505/17/3
f 2506/18/2 2507/19/2 2505/20/2
f 2510/21/4 2505/22/4 2507/23/4
f 2510/21/4 2508/24/4 2505/22/4
f 2509/15/3 2505/17/3 2508/24/3
f 2511/25/6 2510/21/6 2507/19/6
f 2511/25/6 2512/26/6 2510/21/6
f 2512/26/5 2508/24/5 2510/21/5
f 2511/27/1 2509/15/1 2512/26/1
f 2512/26/5 2509/15/5 2508/24/5
f 2511/27/1 2506/28/1 2509/15/1
f 2506/18/2 2511/25/2 2507/19/2
f 2517/29/3 2514/30/3 2513/31/3
f 2514/32/4 2515/33/4 2513/34/4
f 2518/35/5 2513/36/5 2515/37/5
f 2518/35/5 2516/38/5 2513/36/5
f 2517/29/3 2513/31/3 2516/38/3
f 2519/39/6 2518/35/6 2515/33/6
f 2519/39/6 2520/40/6 2518/35/6
f 2520/40/1 2516/38/1 2518/35/1
f 2519/41/2 2517/29/2 2520/40/2
f 2520/40/1 2517/29/1 2516/38/1
f 2519/41/2 2514/42/2 2517/29/2
f 2514/32/4 2519/39/4 2515/33/4
f 2525/1/3 2522/2/3 2521/3/3
f 2522/4/2 2523/5/2 2521/6/2
f 2526/7/4 2521/8/4 2523/9/4
f 2526/7/4 2524/10/4 2521/8/4
f 2525/1/3 2521/3/3 2524/10/3
f 2527/11/6 2526/7/6 2523/5/6
f 2527/11/6 2528/12/6 2526/7/6
f 2528/12/5 2524/10/5 2526/7/5
f 2527/13/1 2525/1/1 2528/12/1
f 2528/12/5 2525/1/5 2524/10/5
f 2527/13/1 2522/14/1 2525/1/1
f 2522/4/2 2527/11/2 2523/5/2
f 2533/15/3 2530/16/3 2529/17/3
f 2530/18/2 2531/19/2 2529/20/2
f 2534/21/4 2529/22/4 2531/23/4
f 2534/21/4 2532/24/4 2529/22/4
f 2533/15/3 2529/17/3 2532/24/3
f 2535/25/6 2534/21/6 2531/19/6
f 2535/25/6 2536/26/6 2534/21/6
f 2536/26/5 2532/24/5 2534/21/5
f 2535/27/1 2533/15/1 2536/26/1
f 2536/26/5 2533/15/5 2532/24/5
f 2535/27/1 2530/28/1 2533/15/1
f 2530/18/2 2535/25/2 2531/19/2
f 2541/29/3 2538/30/3 2537/31/3
f 2538/32/4 2539/33/4 2537/34/4
f 2542/35/5 2537/36/5 2539/37/5
f 2542/35/5 2540/38/5 2537/36/5
f 2541/29/3 2537/31/3 2540/38/3
f 2543/39/6 2542/35/6 2539/33/6
f 2543/39/6 2544/40/6 2542/35/6
f 2544/40/1 2540/38/1 2542/35/1
f 2543/41/2 2541/29/2 2544/40/2
f 2544/40/1 2541/29/1 2540/38/1
f 2543/41/2 2538/42/2 2541/29/2
f 2538/32/4 2543/39/4 2539/33/4
f 2549/1/3 2546/2/3 2545/3/3
f 2546/4/2 2547/5/2 2545/6/2
f 2550/7/4 2545/8/4 2547/9/4
f 2550/7/4 2548/10/4 2545/8/4
f 2549/1/3 2545/3/3 2548/10/3
f 2551/11/6 2550/7/6 2547/5/6
f 2551/11/6 2552/12/6 2550/7/6
f 2552/12/5 2548/10/5 2550/7/5
f 2551/13/1 2549/1/1 2552/12/1
f 2552/12/5 2549/1/5 2548/10/5
f 2551/13/1 2546/14/1 2549/1/1
f 2546/4/2 2551/11/2 2547/5/2
f 2557/15/3 2554/16/3 2553/17/3
f 2554/18/2 2555/19/2 2553/20/2
f 2558/21/4 2553/22/4 2555/23/4
f 2558/21/4 2556/24/4 2553/22/4
f 2557/15/3 2553/17/3 2556/24/3
f 2559/25/6 2558/21/6 2555/19/6
f 2559/25/6 2560/26/6 2558/21/6
f 2560/26/5 2556/24/5 2558/21/5
f 2559/27/1 2557/15/1 2560/26/1
f 2560/26/5 2557/15/5 2556/24/5
f 2559/27/1 2554/28/1 2557/15/1
f 2554/18/2 2559/25/2 2555/19/2
f 2565/29/3 2562/30/3 2561/31/3
f 2562/32/4 2563/33/4 2561/34/4
f 2566/35/5 2561/36/5 2563/37/5
f 2566/35/5 2564/38/5 2561/36/5
f 2565/29/3 2561/31/3 2564/38/3
f 2567/39/6 2566/35/6 2563/33/6
f 2567/39/6 2568/40/6 2566/35/6
f 2568/40/1 2564/38/1 2566/35/1
f 2567/41/2 2565/29/2 2568/40/2
f 2568/40/1 2565/29/1 2564/38/1
f 2567/41/2 2562/42/2 2565/29/2
f 2562/32/4 2567/39/4 2563/33/4
f 2573/1/3 2570/2/3 2569/3/3
f 2570/4/2 2571/5/2 2569/6/2
f 2574/7/4 2569/8/4 2571/9/4
f 2574/7/4 2572/10/4 2569/8/4
f 2573/1/3 2569/3/3 2572/10/3
f 2575/11/6 2574/7/6 2571/5/6
f 2575/11/6 2576/12/6 2574/7/6
f 2576/12/5 2572/10/5 2574/7/5
f 2575/13/1 2573/1/1 2576/12/1
f 2576/12/5 2573/1/5 2572/10/5
f 2575/13/1 2570/14/1 2573/1/1
f 2570/4/2 2575/11/2 2571/5/2
f 2581/15/3 2578/16/3 2577/17/3
f 2578/18/2 2579/19/2 2577/20/2
f 2582/21/4 2577/22/4 2579/23/4
f 2582/21/4 2580/24/4 2577/22/4
f 2581/15/3 2577/17/3 2580/24/3
f 2583/25/6 2582/21/6 2579/19/6
f 2583/25/6 2584/26/6 2582/21/6
f 2584/26/5 2580/24/5 2582/21/5
f 2583/27/1 2581/15/1 2584/26/1
f 2584/26/5 2581/15/5 2580/24/5
f 2583/27/1 2578/28/1 2581/15/1
f 2578/18/2 2583/25/2 2579/19/2
f 2589/29/3 2586/30/3 2585/31/3
f 2586/32/4 2587/33/4 2585/34/4
f 2590/35/5 2585/36/5 2587/37/5
f 2590/35/5 2588/38/5 2585/36/5
f 2589/29/3 2585/31/3 2588/38/3
f 2591/39/6 2590/35/6 2587/33/6
f 2591/39/6 2592/40/6 2590/35/6
f 2592/40/1 2588/38/1 2590/35/1
f 2591/41/2 2589/29/2 2592/40/2
f 2592/40/1 2589/29/1 2588/38/1
f 2591/41/2 2586/42/2 2589/29/2
f 2586/32/4 2591/39/4 2587/33/4
f 2597/1/3 2594/2/3 2593/3/3
f 2594/4/2 2595/5/2 2593/6/2
f 2598/7/4 2593/8/4 2595/9/4
f 2598/7/4 2596/10/4 2593/8/4
f 2597/1/3 2593/3/3 2596/10/3
f 2599/11/6 2598/7/6 2595/5/6
f 2599/11/6 2600/12/6 2598/7/6
f 2600/12/5 2596/10/5 2598/7/5
f 2599/13/1 2597/1/1 2600/12/1
f 2600/12/5 2597/1/5 2596/10/5
f 2599/13/1 2594/14/1 2597/1/1
f 2594/4/2 2599/11/2 2595/5/2
f 2605/15/3 2602/16/3 2601/17/3
f 2602/18/2 2603/19/2 2601/20/2
f 2606/21/4 2601/22/4 2603/23/4
f 2606/21/4 2604/24/4 2601/22/4
f 2605/15/3 2601/17/3 2604/24/3
f 2607/25/6 2606/21/6 2603/19/6
f 2607/25/6 2608/26/6 2606/21/6
f 2608/26/5 2604/24/5 2606/21/5
f 2607/27/1 2605/15/1 2608/26/1
f 2608/26/5 2605/15/5 2604/24/5
f 2607/27/1 2602/28/1 2605/15/1
f 2602/18/2 2607/25/2 2603/19/2
f 2613/29/3 2610/30/3 2609/31/3
f 2610/32/4 2611/33/4 2609/34/4
f 2614/35/5 2609/36/5 2611/37/5
f 2614/35/5 2612/38/5 2609/36/5
f 2613/29/3 2609/31/3 2612/38/3
f 2615/39/6 2614/35/6 2611/33/6
f 2615/39/6 2616/40/6 2614/35/6
f 2616/40/1 2612/38/1 2614/35/1
f 2615/41/2 2613/29/2 2616/40/2
f 2616/40/1 2613/29/1 2612/38/1
f 2615/41/2 2610/42/2 2613/29/2
f 2610/32/4 2615/39/4 2611/33/4
f 2621/1/3 2618/2/3 2617/3/3
f 2618/4/2 2619/5/2 2617/6/2
f 2622/7/4 2617/8/4 2619/9/4
f 2622/7/4 2620/10/4 2617/8/4
f 2621/1/3 2617/3/3 2620/10/3
f 2623/11/6 2622/7/6 2619/5/6
f 2623/11/6 2624/12/6 2622/7/6
f 2624/12/5 2620/10/5 2622/7/5
f 2623/13/1 2621/1/1 2624/12/1
f 2624/12/5 2621/1/5 2620/10/5
f 2623/13/1 2618/14/1 2621/1/1
f 2618/4/2 2623/11/2 2619/5/2
f 2629/15/3 2626/16/3 2625/17/3
f 2626/18/2 2627/19/2 2625/20/2
f 2630/21/4 2625/22/4 2627/23/4
f 2630/21/4 2628/24/4 2625/22/4
f 2629/15/3 2625/17/3 2628/24/3
f 2631/25/6 2630/21/6 2627/19/6
f 2631/25/6 2632/26/6 2630/21/6
f 2632/26/5 2628/24/5 2630/21/5
f 2631/27/1 2629/15/1 2632/26/1
f 2632/26/5 2629/15/5 2628/24/5
f 2631/27/1 2626/28/1 2629/15/1
f 2626/18/2 2631/25/2 2627/19/2
f 2637/29/3 2634/30/3 2633/31/3
f 2634/32/4 2635/33/4 2633/34/4
f 2638/35/5 2633/36/5 2635/37/5
f 2638/35/5 2636/38/5 2633/36/5
f 2637/29/3 2633/31/3 2636/38/3
f 2639/39/6 2638/35/6 2635/33/6
f 2639/39/6 2640/40/6 2638/35/6
f 2640/40/1 2636/38/1 2638/35/1
f 2639/41/2 2637/29/2 2640/40/2
f 2640/40/1 2637/29/1 2636/38/1
f 2639/41/2 2634/42/2 2637/29/2
f 2634/32/4 2639/39/4 2635/33/4
f 2645/1/3 2642/2/3 2641/3/3
f 2642/4/2 2643/5/2 2641/6/2
f 2646/7/4 2641/8/4 2643/9/4
f 2646/7/4 2644/10/4 2641/8/4
f 2645/1/3 2641/3/3 2644/10/3
f 2647/11/6 2646/7/6 2643/5/6
f 2647/11/6 2648/12/6 2646/7/6
f 2648/12/5 2644/10/5 2646/7/5
f 2647/13/1 2645/1/1 2648/12/1
f 2648/12/5 2645/1/5 2644/10/5
f 2647/13/1 2642/14/1 2645/1/1
f 2642/4/2 2647/11/2 2643/5/2
f 2653/15/3 2650/16/3 2649/17/3
f 2650/18/2 2651/19/2 2649/20/2
f 2654/21/4 2649/22/4 2651/23/4
f 2654/21/4 2652/24/4 2649/22/4
f 2653/15/3 2649/17/3 2652/24/3
f 2655/25/6 2654/21/6 2651/19/6
f 2655/25/6 2656/26/6 2654/21/6
f 2656/26/5 2652/24/5 2654/21/5
f 2655/27/1 2653/15/1 2656/26/1
f 2656/26/5 2653/15/5 2652/24/5
f 2655/27/1 2650/28/1 2653/15/1
f 2650/18/2 2655/25/2 2651/19/2
f 2661/29/3 2658/30/3 2657/31/3
f 2658/32/4 2659/33/4 2657/34/4
f 2662/35/5 2657/36/5 2659/37/5
f 2662/35/5 2660/38/5 2657/36/5
f 2661/29/3 2657/31/3 2660/38/3
f 2663/39/6 2662/35/6 2659/33/6
f 2663/39/6 2664/40/6 2662/35/6
f 2664/40/1 2660/38/1 2662/35/1
f 2663/41/2 2661/29/2 2664/40/2
f 2664/40/1 2661/29/1 2660/38/1
f 2663/41/2 2658/42/2 2661/29/2
f 2658/32/4 2663/39/4 2659/33/4
f 2669/1/3 2666/2/3 2665/3/3
f 2666/4/2 2667/5/2 2665/6/2
f 2670/7/4 2665/8/4 2667/9/4
f 2670/7/4 2668/10/4 2665/8/4
f 2669/1/3 2665/3/3 2668/10/3
f 2671/11/6 2670/7/6 2667/5/6
f 2671/11/6 2672/12/6 2670/7/6
f 2672/12/5 2668/10/5 2670/7/5
f 2671/13/1 2669/1/1 2672/12/1
f 2672/12/5 2669/1/5 2668/10/5
f 2671/13/1 2666/14/1 2669/1/1
f 2666/4/2 2671/11/2 2667/5/2
f 2677/15/3 2674/16/3 2673/17/3
f 2674/18/2 2675/19/2 2673/20/2
f 2678/21/4 2673/22/4 2675/23/4
f 2678/21/4 2676/24/4 2673/22/4
f 2677/15/3 2673/17/3 2676/24/3
f 2679/25/6 2678/21/6 2675/19/6
f 2679/25/6 2680/26/6 2678/21/6
f 2680/26/5 2676/24/5 2678/21/5
f 2679/27/1 2677/15/1 2680/26/1
f 2680/26/5 2677/15/5 2676/24/5
f 2679/27/1 2674/28/1 2677/15/1
f 2674/18/2 2679/25/2 2675/19/2
f 2685/29/3 2682/30/3 2681/31/3
f 2682/32/4 2683/33/4 2681/34/4
f 2686/35/5 2681/36/5 2683/37/5
f 2686/35/5 2684/38/5 2681/36/5
f 2685/29/3 2681/31/3 2684/38/3
f 2687/39/6 2686/35/6 2683/33/6
f 2687/39/6 2688/40/6 2686/35/6
f 2688/40/1 2684/38/1 2686/35/1
f 2687/41/2 2685/29/2 2688/40/2
f 2688/40/1 2685/29/1 2684/38/1
f 2687/41/2 2682/42/2 2685/29/2
f 2682/32/4 2687/39/4 2683/33/4
f 2693/1/3 2690/2/3 2689/3/3
f 2690/4/2 2691/5/2 2689/6/2
f 2694/7/4 2689/8/4 2691/9/4
f 2694/7/4 2692/10/4 2689/8/4
f 2693/1/3 2689/3/3 2692/10/3
f 2695/11/6 2694/7/6 2691/5/6
f 2695/11/6 2696/12/6 2694/7/6
f 2696/12/5 2692/10/5 2694/7/5
f 2695/13/1 2693/1/1 2696/12/1
f 2696/12/5 2693/1/5 2692/10/5
f 2695/13/1 2690/14/1 2693/1/1
f 2690/4/2 2695/11/2 2691/5/2
f 2701/15/3 2698/16/3 2697/17/3
f 2698/18/2 2699/19/2 2697/20/2
f 2702/21/4 2697/22/4 2699/23/4
f 2702/21/4 2700/24/4 2697/22/4
f 2701/15/3 2697/17/3 2700/24/3
f 2703/25/6 2702/21/6 2699/19/6
f 2703/25/6 2704/26/6 2702/21/6
f 2704/26/5 2700/24/5 2702/21/5
f 2703/27/1 2701/15/1 2704/26/1
f 2704/26/5 2701/15/5 2700/24/5
f 2703/27/1 2698/28/1 2701/15/1
f 2698/18/2 2703/25/2 2699/19/2
f 2709/29/3 2706/30/3 2705/31/3
f 2706/32/4 2707/33/4 2705/34/4
f 2710/35/5 2705/36/5 2707/37/5
f 2710/35/5 2708/38/5 2705/36/5
f 2709/29/3 2705/31/3 2708/38/3
f 2711/39/6 2710/35/6 2707/33/6
f 2711/39/6 2712/40/6 2710/35/6
f 2712/40/1 2708/38/1 2710/35/1
f 2711/41/2 2709/29/2 2712/40/2
f 2712/40/1 2709/29/1 2708/38/1
f 2711/41/2 2706/42/2 2709/29/2
f 2706/32/4 2711/39/4 2707/33/4
f 2717/1/3 2714/2/3 2713/3/3
f 2714/4/2 2715/5/2 2713/6/2
f 2718/7/4 2713/8/4 2715/9/4
f 2718/7/4 2716/10/4 2713/8/4
f 2717/1/3 2713/3/3 2716/10/3
f 2719/11/6 2718/7/6 2715/5/6
f 2719/11/6 2720/12/6 2718/7/6
f 2720/12/5 2716/10/5 2718/7/5
f 2719/13/1 2717/1/1 2720/12/1
f 2720/12/5 2717/1/5 2716/10/5
f 2719/13/1 2714/14/1 2717/1/1
f 2714/4/2 2719/11/2 2715/5/2
f 2725/15/3 2722/16/3 2721/17/3
f 2722/18/2 2723/19/2 2721/20/2
f 2726/21/4 2721/22/4 2723/23/4
f 2726/21/4 2724/24/4 2721/22/4
f 2725/15/3 2721/17/3 2724/24/3
f 2727/25/6 2726/21/6 2723/19/6
f 2727/25/6 2728/26/6 2726/21/6
f 2728/26/5 2724/24/5 2726/21/5
f 2727/27/1 2725/15/1 2728/26/1
f 2728/26/5 2725/15/5 2724/24/5
f 2727/27/1 2722/28/1 2725/15/1
f 2722/18/2 2727/25/2 2723/19/2
f 2733/29/3 2730/30/3 2729/31/3
f 2730/32/4 2731/33/4 2729/34/4
f 2734/35/5 2729/36/5 2731/37/5
f 2734/35/5 2732/38/5 2729/36/5
f 2733/29/3 2729/31/3 2732/38/3
f 2735/39/6 2734/35/6 2731/33/6
f 2735/39/6 2736/40/6 2734/35/6
f 2736/40/1 2732/38/1 2734/35/1
f 2735/41/2 2733/29/2 2736/40/2
f 2736/40/1 2733/29/1 2732/38/1
f 2735/41/2 2730/42/2 2733/29/2
f 2730/32/4 2735/39/4 2731/33/4
f 2741/1/3 2738/2/3 2737/3/3
f 2738/4/2 2739/5/2 2737/6/2
f 2742/7/4 2737/8/4 2739/9/4
f 2742/7/4 2740/10/4 2737/8/4
f 2741/1/3 2737/3/3 2740/10/3
f 2743/11/6 2742/7/6 2739/5/6
f 2743/11/6 2744/12/6 2742/7/6
f 2744/12/5 2740/10/5 2742/7/5
f 2743/13/1 2741/1/1 2744/12/1
f 2744/12/5 2741/1/5 2740/10/5
f 2743/13/1 2738/14/1 2741/1/1
f 2738/4/2 2743/11/2 2739/5/2
f 2749/15/3 2746/16/3 2745/17/3
f 2746/18/2 2747/19/2 2745/20/2
f 2750/21/4 2745/22/4 2747/23/4
f 2750/21/4 2748/24/4 2745/22/4
f 2749/15/3 2745/17/3 2748/24/3
f 2751/25/6 2750/21/6 2747/19/6
f 2751/25/6 2752/26/6 2750/21/6
f 2752/26/5 2748/24/5 2750/21/5
f 2751/27/1 2749/15/1 2752/26/1
f 2752/26/5 2749/15/5 2748/24/5
f 2751/27/1 2746/28/1 2749/15/1
f 2746/18/2 2751/25/2 2747/19/2
f 2757/29/3 2754/30/3 2753/31/3
f 2754/32/4 2755/33/4 2753/34/4
f 2758/35/5 2753/36/5 2755/37/5
f 2758/35/5 2756/38/5 2753/36/5
f 2757/29/3 2753/31/3 2756/38/3
f 2759/39/6 2758/35/6 2755/33/6
f 2759/39/6 2760/40/6 2758/35/6
f 2760/40/1 2756/38/1 2758/35/1
f 2759/41/2 2757/29/2 2760/40/2
f 2760/40/1 2757/29/1 2756/38/1
f 2759/41/2 2754/42/2 2757/29/2
f 2754/32/4 2759/39/4 2755/33/4
f 2765/1/3 2762/2/3 2761/3/3
f 2762/4/2 2763/5/2 2761/6/2
f 2766/7/4 2761/8/4 2763/9/4
f 2766/7/4 2764/10/4 2761/8/4
f 2765/1/3 2761/3/3 2764/10/3
f 2767/11/6 2766/7/6 2763/5/6
f 2767/11/6 2768/12/6 2766/7/6
f 2768/12/5 2764/10/5 2766/7/5
f 2767/13/1 2765/1/1 2768/12/1
f 2768/12/5 2765/1/5 2764/10/5
f 2767/13/1 2762/14/1 2765/1/1
f 2762/4/2 2767/11/2 2763/5/2
f 2773/15/3 2770/16/3 2769/17/3
f 2770/18/2 2771/19/2 2769/20/2
f 2774/21/4 2769/22/4 2771/23/4
f 2774/21/4 2772/24/4 2769/22/4
f 2773/15/3 2769/17/3 2772/24/3
f 2775/25/6 2774/21/6 2771/19/6
f 2775/25/6 2776/26/6 2774/21/6
f 2776/26/5 2772/24/5 2774/21/5
f 2775/27/1 2773/15/1 2776/26/1
f 2776/26/5 2773/15/5 2772/24/5
f 2775/27/1 2770/28/1 2773/15/1
f 2770/18/2 2775/25/2 2771/19/2
f 2781/29/3 2778/30/3 2777/31/3
f 2778/32/4 2779/33/4 2777/34/4
f 2782/35/5 2777/36/5 2779/37/5
f 2782/35/5 2780/38/5 2777/36/5
f 2781/29/3 2777/31/3 2780/38/3
f 2783/39/6 2782/35/6 2779/33/6
f 2783/39/6 2784/40/6 2782/35/6
f 2784/40/1 2780/38/1 2782/35/1
f 2783/41/2 2781/29/2 2784/40/2
f 2784/40/1 2781/29/1 2780/38/1
f 2783/41/2 2778/42/2 2781/29/2
f 2778/32/4 2783/39/4 2779/33/4
f 2789/1/3 2786/2/3 2785/3/3
f 2786/4/2 2787/5/2 2785/6/2
f 2790/7/4 2785/8/4 2787/9/4
f 2790/7/4 2788/10/4 2785/8/4
f 2789/1/3 2785/3/3 2788/10/3
f 2791/11/6 2790/7/6 2787/5/6
f 2791/11/6 2792/12/6 2790/7/6
f 2792/12/5 2788/10/5 2790/7/5
f 2791/13/1 2789/1/1 2792/12/1
f 2792/12/5 2789/1/5 2788/10/5
f 2791/13/1 2786/14/1 2789/1/1
f 2786/4/2 2791/11/2 2787/5/2
f 2797/15/3 2794/16/3 2793/17/3
f 2794/18/2 2795/19/2 2793/20/2
f 2798/21/4 2793/22/4 2795/23/4
f 2798/21/4 2796/24/4 2793/22/4
f 2797/15/3 2793/17/3 2796/24/3
f 2799/25/6 2798/21/6 2795/19/6
f 2799/25/6 2800/26/6 2798/21/6
f 2800/26/5 2796/24/5 2798/21/5
f 2799/27/1 2797/15/1 2800/26/1
f 2800/26/5 2797/15/5 2796/24/5
f 2799/27/1 2794/28/1 2797/15/1
f 2794/18/2 2799/25/2 2795/19/2
f 2805/29/3 2802/30/3 2801/31/3
f 2802/32/4 2803/33/4 2801/34/4
f 2806/35/5 2801/36/5 2803/37/5
f 2806/35/5 2804/38/5 2801/36/5
f 2805/29/3 2801/31/3 2804/38/3
f 2807/39/6 2806/35/6 2803/33/6
f 2807/39/6 2808/40/6 2806/35/6
f 2808/40/1 2804/38/1 2806/35/1
f 2807/41/2 2805/29/2 2808/40/2
f 2808/40/1 2805/29/1 2804/38/1
f 2807/41/2 2802/42/2 2805/29/2
f 2802/32/4 2807/39/4 2803/33/4
f 2813/1/3 2810/2/3 2809/3/3
f 2810/4/2 2811/5/2 2809/6/2
f 2814/7/4 2809/8/4 2811/9/4
f 2814/7/4 2812/10/4 2809/8/4
f 2813/1/3 2809/3/3 2812/10/3
f 2815/11/6 2814/7/6 2811/5/6
f 2815/11/6 2816/12/6 2814/7/6
f 2816/12/5 2812/10/5 2814/7/5
f 2815/13/1 2813/1/1 2816/12/1
f 2816/12/5 2813/1/5 2812/10/5
f 2815/13/1 2810/14/1 2813/1/1
f 2810/4/2 2815/11/2 2811/5/2
f 2821/15/3 2818/16/3 2817/17/3
f 2818/18/2 2819/19/2 2817/20/2
f 2822/21/4 2817/22/4 2819/23/4
f 2822/21/4 2820/24/4 2817/22/4
f 2821/15/3 2817/17/3 2820/24/3
f 2823/25/6 2822/21/6 2819/19/6
f 2823/25/6 2824/26/6 2822/21/6
f 2824/26/5 2820/24/5 2822/21/5
f 2823/27/1 2821/15/1 2824/26/1
f 2824/26/5 2821/15/5 2820/24/5
f 2823/27/1 2818/28/1 2821/15/1
f 2818/18/2 2823/25/2 2819/19/2
f 2829/29/3 2826/30/3 2825/31/3
f 2826/32/4 2827/33/4 2825/34/4
f 2830/35/5 2825/36/5 2827/37/5
f 2830/35/5 2828/38/5 2825/36/5
f 2829/29/3 2825/31/3 2828/38/3
f 2831/39/6 2830/35/6 2827/33/6
f 2831/39/6 2832/40/6 2830/35/6
f 2832/40/1 2828/38/1 2830/35/1
f 2831/41/2 2829/29/2 2832/40/2
f 2832/40/1 2829/29/1 2828/38/1
f 2831/41/2 2826/42/2 2829/29/2
f 2826/32/4 2831/39/4 2827/33/4
f 2837/1/3 2834/2/3 2833/3/3
f 2834/4/2 2835/5/2 2833/6/2
f 2838/7/4 2833/8/4 2835/9/4
f 2838/7/4 2836/10/4 2833/8/4
f 2837/1/3 2833/3/3 2836/10/3
f 2839/11/6 2838/7/6 2835/5/6
f 2839/11/6 2840/12/6 2838/7/6
f 2840/12/5 2836/10/5 2838/7/5
f 2839/13/1 2837/1/1 2840/12/1
f 2840/12/5 2837/1/5 2836/10/5
f 2839/13/1 2834/14/1 2837/1/1
f 2834/4/2 2839/11/2 2835/5/2
f 2845/15/3 2842/16/3 2841/17/3
f 2842/18/2 2843/19/2 2841/20/2
f 2846/21/4 2841/22/4 2843/23/4
f 2846/21/4 2844/24/4 2841/22/4
f 2845/15/3 2841/17/3 2844/24/3
f 2847/25/6 2846/21/6 2843/19/6
f 2847/25/6 2848/26/6 2846/21/6
f 2848/26/5 2844/24/5 2846/21/5
f 2847/27/1 2845/15/1 2848/26/1
f 2848/26/5 2845/15/5 2844/24/5
f 2847/27/1 2842/28/1 2845/15/1
f 2842/18/2 2847/25/2 2843/19/2
f 2853/29/3 2850/30/3 2849/31/3
f 2850/32/4 2851/33/4 2849/34/4
f 2854/35/5 2849/36/5 2851/37/5
f 2854/35/5 2852/38/5 2849/36/5
f 2853/29/3 2849/31/3 2852/38/3
f 2855/39/6 2854/35/6 2851/33/6
f 2855/39/6 2856/40/6 2854/35/6
f 2856/40/1 2852/38/1 2854/35/1
f 2855/41/2 2853/29/2 2856/40/2
f 2856/40/1 2853/29/1 2852/38/1
f 2855/41/2 2850/42/2 2853/29/2
f 2850/32/4 2855/39/4 2851/33/4
f 2861/1/3 2858/2/3 2857/3/3
f 2858/4/2 2859/5/2 2857/6/2
f 2862/7/4 2857/8/4 2859/9/4
f 2862/7/4 2860/10/4 2857/8/4
f 2861/1/3 2857/3/3 2860/10/3
f 2863/11/6 2862/7/6 2859/5/6
f 2863/11/6 2864/12/6 2862/7/6
f 2864/12/5 2860/10/5 2862/7/5
f 2863/13/1 2861/1/1 2864/12/1
f 2864/12/5 2861/1/5 2860/10/5
f 2863/13/1 2858/14/1 2861/1/1
f 2858/4/2 2863/11/2 2859/5/2
f 2869/15/3 2866/16/3 2865/17/3
f 2866/18/2 2867/19/2 2865/20/2
f 2870/21/4 2865/22/4 2867/23/4
f 2870/21/4 2868/24/4 2865/22/4
f 2869/15/3 2865/17/3 2868/24/3
f 2871/25/6 2870/21/6 2867/19/6
f 2871/25/6 2872/26/6 2870/21/6
f 2872/26/5 2868/24/5 2870/21/5
f 2871/27/1 2869/15/1 2872/26/1
f 2872/26/5 2869/15/5 2868/24/5
f 2871/27/1 2866/28/1 2869/15/1
f 2866/18/2 2871/25/2 2867/19/2
f 2877/29/3 2874/30/3 2873/31/3
f 2874/32/4 2875/33/4 2873/34/4
f 2878/35/5 2873/36/5 2875/37/5
f 2878/35/5 2876/38/5 2873/36/5
f 2877/29/3 2873/31/3 2876/38/3
f 2879/39/6 2878/35/6 2875/33/6
f 2879/39/6 2880/40/6 2878/35/6
f 2880/40/1 2876/38/1 2878/35/1
f 2879/41/2 2877/29/2 2880/40/2
f 2880/40/1 2877/29/1 2876/38/1
f 2879/41/2 2874/42/2 2877/29/2
f 2874/32/4 2879/39/4 2875/33/4
f 2885/1/4 2882/2/4 2881/3/4
f 2882/4/2 2883/5/2 2881/6/2
f 2886/7/6 2881/8/6 2883/9/6
f 2886/7/6 2884/10/6 2881/8/6
f 2885/1/4 2881/3/4 2884/10/4
f 2887/11/1 2886/7/1 2883/5/1
f 2887/11/1 2888/12/1 2886/7/1
f 2888/12/5 2884/10/5 2886/7/5
f 2887/13/3 2885/1/3 2888/12/3
f 2888/12/5 2885/1/5 2884/10/5
f 2887/13/3 2882/14/3 2885/1/3
f 2882/4/2 2887/11/2 2883/5/2
f 2893/15/4 2890/16/4 2889/17/4
f 2890/18/2 2891/19/2 2889/20/2
f 2894/21/6 2889/22/6 2891/23/6
f 2894/21/6 2892/24/6 2889/22/6
f 2893/15/4 2889/17/4 2892/24/4
f 2895/25/1 2894/21/1 2891/19/1
f 2895/25/1 2896/26/1 2894/21/1
f 2896/26/5 2892/24/5 2894/21/5
f 2895/27/3 2893/15/3 2896/26/3
f 2896/26/5 2893/15/5 2892/24/5
f 2895/27/3 2890/28/3 2893/15/3
f 2890/18/2 2895/25/2 2891/19/2
f 2901/29/4 2898/30/4 2897/31/4
f 2898/32/6 2899/33/6 2897/34/6
f 2902/35/5 2897/36/5 2899/37/5
f 2902/35/5 2900/38/5 2897/36/5
f 2901/29/4 2897/31/4 2900/38/4
f 2903/39/1 2902/35/1 2899/33/1
f 2903/39/1 2904/40/1 2902/35/1
f 2904/40/3 2900/38/3 2902/35/3
f 2903/41/2 2901/29/2 2904/40/2
f 2904/40/3 2901/29/3 2900/38/3
f 2903/41/2 2898/42/2 2901/29/2
f 2898/32/6 2903/39/6 2899/33/6
f 2909/1/4 2906/2/4 2905/3/4
f 2906/4/2 2907/5/2 2905/6/2
f 2910/7/6 2905/8/6 2907/9/6
f 2910/7/6 2908/10/6 2905/8/6
f 2909/1/4 2905/3/4 2908/10/4
f 2911/11/1 2910/7/1 2907/5/1
f 2911/11/1 2912/12/1 2910/7/1
f 2912/12/5 2908/10/5 2910/7/5
f 2911/13/3 2909/1/3 2912/12/3
f 2912/12/5 2909/1/5 2908/10/5
f 2911/13/3 2906/14/3 2909/1/3
f 2906/4/2 2911/11/2 2907/5/2
f 2917/15/4 2914/16/4 2913/17/4
f 2914/18/2 2915/19/2 2913/20/2
f 2918/21/6 2913/22/6 2915/23/6
f 2918/21/6 2916/24/6 2913/22/6
f 2917/15/4 2913/17/4 2916/24/4
f 2919/25/1 2918/21/1 2915/19/1
f 2919/25/1 2920/26/1 2918/21/1
f 2920/26/5 2916/24/5 2918/21/5
f 2919/27/3 2917/15/3 2920/26/3
f 2920/26/5 2917/15/5 2916/24/5
f 2919/27/3 2914/28/3 2917/15/3
f 2914/18/2 2919/25/2 2915/19/2
f 2925/29/4 2922/30/4 2921/31/4
f 2922/32/6 2923/33/6 2921/34/6
f 2926/35/5 2921/36/5 2923/37/5
f 2926/35/5 2924/38/5 2921/36/5
f 2925/29/4 2921/31/4 2924/38/4
f 2927/39/1 2926/35/1 2923/33/1
f 2927/39/1 2928/40/1 2926/35/1
f 2928/40/3 2924/38/3 2926/35/3
f 2927/41/2 2925/29/2 2928/40/2
f 2928/40/3 2925/29/3 2924/38/3
f 2927/41/2 2922/42/2 2925/29/2
f 2922/32/6 2927/39/6 2923/33/6
f 2933/1/4 2930/2/4 2929/3/4
f 2930/4/2 2931/5/2 2929/6/2
f 2934/7/6 2929/8/6 2931/9/6
f 2934/7/6 2932/10/6 2929/8/6
f 2933/1/4 2929/3/4 2932/10/4
f 2935/11/1 2934/7/1 2931/5/1
f 2935/11/1 2936/12/1 2934/7/1
f 2936/12/5 2932/10/5 2934/7/5
f 2935/13/3 2933/1/3 2936/12/3
f 2936/12/5 2933/1/5 2932/10/5
f 2935/13/3 2930/14/3 2933/1/3
f 2930/4/2 2935/11/2 2931/5/2
f 2941/15/4 2938/16/4 2937/17/4
f 2938/18/2 2939/19/2 2937/20/2
f 2942/21/6 2937/22/6 2939/23/6
f 2942/21/6 2940/24/6 2937/22/6
f 2941/15/4 2937/17/4 2940/24/4
f 2943/25/1 2942/21/1 2939/19/1
f 2943/25/1 2944/26/1 2942/21/1
f 2944/26/5 2940/24/5 2942/21/5
f 2943/27/3 2941/15/3 2944/26/3
f 2944/26/5 2941/15/5 2940/24/5
f 2943/27/3 2938/28/3 2941/15/3
f 2938/18/2 2943/25/2 2939/19/2
f 2949/29/4 2946/30/4 2945/31/4
f 2946/32/6 2947/33/6 2945/34/6
f 2950/35/5 2945/36/5 2947/37/5
f 2950/35/5 2948/38/5 2945/36/5
f 2949/29/4 2945/31/4 2948/38/4
f 2951/39/1 2950/35/1 2947/33/1
f 2951/39/1 2952/40/1 2950/35/1
f 2952/40/3 2948/38/3 2950/35/3
f 2951/41/2 2949/29/2 2952/40/2
f 2952/40/3 2949/29/3 2948/38/3
f 2951/41/2 2946/42/2 2949/29/2
f 2946/32/6 2951/39/6 2947/33/6
f 2957/1/4 2954/2/4 2953/3/4
f 2954/4/2 2955/5/2 2953/6/2
f 2958/7/6 2953/8/6 2955/9/6
f 2958/7/6 2956/10/6 2953/8/6
f 2957/1/4 2953/3/4 2956/10/4
f 2959/11/1 2958/7/1 2955/5/1
f 2959/11/1 2960/12/1 2958/7/1
f 2960/12/5 2956/10/5 2958/7/5
f 2959/13/3 2957/1/3 2960/12/3
f 2960/12/5 2957/1/5 2956/10/5
f 2959/13/3 2954/14/3 2957/1/3
f 2954/4/2 2959/11/2 2955/5/2
f 2965/15/4 2962/16/4 2961/17/4
f 2962/18/2 2963/19/2 2961/20/2
f 2966/21/6 2961/22/6 2963/23/6
f 2966/21/6 2964/24/6 2961/22/6
f 2965/15/4 2961/17/4 2964/24/4
f 2967/25/1 2966/21/1 2963/19/1
f 2967/25/1 2968/26/1 2966/21/1
f 2968/26/5 2964/24/5 2966/21/5
f 2967/27/3 2965/15/3 2968/26/3
f 2968/26/5 2965/15/5 2964/24/5
f 2967/27/3 2962/28/3 2965/15/3
f 2962/18/2 2967/25/2 2963/19/2
f 2973/29/4 2970/30/4 2969/31/4
f 2970/32/6 2971/33/6 2969/34/6
f 2974/35/5 2969/36/5 2971/37/5
f 2974/35/5 2972/38/5 2969/36/5
f 2973/29/4 2969/31/4 2972/38/4
f 2975/39/1 2974/35/1 2971/33/1
f 2975/39/1 2976/40/1 2974/35/1
f 2976/40/3 2972/38/3 2974/35/3
f 2975/41/2 2973/29/2 2976/40/2
f 2976/40/3 2973/29/3 2972/38/3
f 2975/41/2 2970/42/2 2973/29/2
f 2970/32/6 2975/39/6 2971/33/6
f 2981/1/4 2978/2/4 2977/3/4
f 2978/4/2 2979/5/2 2977/6/2
f 2982/7/6 2977/8/6 2979/9/6
f 2982/7/6 2980/10/6 2977/8/6
f 2981/1/4 2977/3/4 2980/10/4
f 2983/11/1 2982/7/1 2979/5/1
f 2983/11/1 2984/12/1 2982/7/1
f 2984/12/5 2980/10/5 2982/7/5
f 2983/13/3 2981/1/3 2984/12/3
f 2984/12/5 2981/1/5 2980/10/5
f 2983/13/3 2978/14/3 2981/1/3
f 2978/4/2 2983/11/2 2979/5/2
f 2989/15/4 2986/16/4 2985/17/4
f 2986/18/2 2987/19/2 2985/20/2
f 2990/21/6 2985/22/6 2987/23/6
f 2990/21/6 2988/24/6 2985/22/6
f 2989/15/4 2985/17/4 2988/24/4
f 2991/25/1 2990/21/1 2987/19/1
f 2991/25/1 2992/26/1 2990/21/1
f 2992/26/5 2988/24/5 2990/21/5
f 2991/27/3 2989/15/3 2992/26/3
f 2992/26/5 2989/15/5 2988/24/5
f 2991/27/3 2986/28/3 2989/15/3
f 2986/18/2 2991/25/2 2987/19/2
f 2997/29/4 2994/30/4 2993/31/4
f 2994/32/6 2995/33/6 2993/34/6
f 2998/35/5 2993/36/5 2995/37/5
f 2998/35/5 2996/38/5 2993/36/5
f 2997/29/4 2993/31/4 2996/38/4
f 2999/39/1 2998/35/1 2995/33/1
f 2999/39/1 3000/40/1 2998/35/1
f 3000/40/3 2996/38/3 2998/35/3
f 2999/41/2 2997/29/2 3000/40/2
f 3000/40/3 2997/29/3 2996/38/3
f 2999/41/2 2994/42/2 2997/29/2
f 2994/32/6 2999/39/6 2995/33/6
f 3005/1/4 3002/2/4 3001/3/4
f 3002/4/2 3003/5/2 3001/6/2
f 3006/7/6 3001/8/6 3003/9/6
f 3006/7/6 3004/10/6 3001/8/6
f 3005/1/4 3001/3/4 3004/10/4
f 3007/11/1 3006/7/1 3003/5/1
f 3007/11/1 3008/12/1 3006/7/1
f 3008/12/5 3004/10/5 3006/7/5
f 3007/13/3 3005/1/3 3008/12/3
f 3008/12/5 3005/1/5 3004/10/5
f 3007/13/3 3002/14/3 3005/1/3
f 3002/4/2 3007/11/2 3003/5/2
f 3013/15/4 3010/16/4 3009/17/4
f 3010/18/2 3011/19/2 3009/20/2
f 3014/21/6 3009/22/6 3011/23/6
f 3014/21/6 3012/24/6 3009/22/6
f 3013/15/4 3009/17/4 3012/24/4
f 3015/25/1 3014/21/1 3011/19/1
f 3015/25/1 3016/26/1 3014/21/1
f 3016/26/5 3012/24/5 3014/21/5
f 3015/27/3 3013/15/3 3016/26/3
f 3016/26/5 3013/15/5 3012/24/5
f 3015/27/3 3010/28/3 3013/15/3
f 3010/18/2 3015/25/2 3011/19/2
f 3021/29/4 3018/30/4 3017/31/4
f 3018/32/6 3019/33/6 3017/34/6
f 3022/35/5 3017/36/5 3019/37/5
f 3022/35/5 3020/38/5 3017/36/5
f 3021/29/4 3017/31/4 3020/38/4
f 3023/39/1 3022/35/1 3019/33/1
f 3023/39/1 3024/40/1 3022/35/1
f 3024/40/3 3020/38/3 3022/35/3
f 3023/41/2 3021/29/2 3024/40/2
f 3024/40/3 3021/29/3 3020/38/3
f 3023/41/2 3018/42/2 3021/29/2
f 3018/32/6 3023/39/6 3019/33/6
f 3029/1/4 3026/2/4 3025/3/4
f 3026/4/2 3027/5/2 3025/6/2
f 3030/7/6 3025/8/6 3027/9/6
f 3030/7/6 3028/10/6 3025/8/6
f 3029/1/4 3025/3/4 3028/10/4
f 3031/11/1 3030/7/1 3027/5/1
f 3031/11/1 3032/12/1 3030/7/1
f 3032/12/5 3028/10/5 3030/7/5
f 3031/13/3 3029/1/3 3032/12/3
f 3032/12/5 3029/1/5 3028/10/5
f 3031/13/3 3026/14/3 3029/1/3
f 3026/4/2 3031/11/2 3027/5/2
f 3037/15/4 3034/16/4 3033/17/4
f 3034/18/2 3035/19/2 3033/20/2
f 3038/21/6 3033/22/6 3035/23/6
f 3038/21/6 3036/24/6 3033/22/6
f 3037/15/4 3033/17/4 3036/24/4
f 3039/25/1 3038/21/1 3035/19/1
f 3039/25/1 3040/26/1 3038/21/1
f 3040/26/5 3036/24/5 3038/21/5
f 3039/27/3 3037/15/3 3040/26/3
f 3040/26/5 3037/15/5 3036/24/5
f 3039/27/3 3034/28/3 3037/15/3
f 3034/18/2 3039/25/2 3035/19/2
f 3045/29/4 3042/30/4 3041/31/4
f 3042/32/6 3043/33/6 3041/34/6
f 3046/35/5 3041/36/5 3043/37/5
f 3046/35/5 3044/38/5 3041/36/5
f 3045/29/4 3041/31/4 3044/38/4
f 3047/39/1 3046/35/1 3043/33/1
f 3047/39/1 3048/40/1 3046/35/1
f 3048/40/3 3044/38/3 3046/35/3
f 3047/41/2 3045/29/2 3048/40/2
f 3048/40/3 3045/29/3 3044/38/3
f 3047/41/2 3042/42/2 3045/29/2
f 3042/32/6 3047/39/6 3043/33/6
f 3053/1/4 3050/2/4 3049/3/4
f 3050/4/2 3051/5/2 3049/6/2
f 3054/7/6 3049/8/6 3051/9/6
f 3054/7/6 3052/10/6 3049/8/6
f 3053/1/4 3049/3/4 3052/10/4
f 3055/11/1 3054/7/1 3051/5/1
f 3055/11/1 3056/12/1 3054/7/1
f 3056/12/5 3052/10/5 3054/7/5
f 3055/13/3 3053/1/3 3056/12/3
f 3056/12/5 3053/1/5 3052/10/5
f 3055/13/3 3050/14/3 3053/1/3
f 3050/4/2 3055/11/2 3051/5/2
f 3061/15/4 3058/16/4 3057/17/4
f 3058/18/2 3059/19/2 3057/20/2
f 3062/21/6 3057/22/6 3059/23/6
f 3062/21/6 3060/24/6 3057/22/6
f 3061/15/4 3057/17/4 3060/24/4
f 3063/25/1 3062/21/1 3059/19/1
f 3063/25/1 3064/26/1 3062/21/1
f 3064/26/5 3060/24/5 3062/21/5
f 3063/27/3 3061/15/3 3064/26/3
f 3064/26/5 3061/15/5 3060/24/5
f 3063/27/3 3058/28/3 3061/15/3
f 3058/18/2 3063/25/2 3059/19/2
f 3069/29/4 3066/30/4 3065/31/4
f 3066/32/6 3067/33/6 3065/34/6
f 3070/35/5 3065/36/5 3067/37/5
f 3070/35/5 3068/38/5 3065/36/5
f 3069/29/4 3065/31/4 3068/38/4
f 3071/39/1 3070/35/1 3067/33/1
f 3071/39/1 3072/40/1 3070/35/1
f 3072/40/3 3068/38/3 3070/35/3
f 3071/41/2 3069/29/2 3072/40/2
f 3072/40/3 3069/29/3 3068/38/3
f 3071/41/2 3066/42/2 3069/29/2
f 3066/32/6 3071/39/6 3067/33/6
f 3077/1/4 3074/2/4 3073/3/4
f 3074/4/2 3075/5/2 3073/6/2
f 3078/7/6 3073/8/6 3075/9/6
f 3078/7/6 3076/10/6 3073/8/6
f 3077/1/4 3073/3/4 3076/10/4
f 3079/11/1 3078/7/1 3075/5/1
f 3079/11/1 3080/12/1 3078/7/1
f 3080/12/5 3076/10/5 3078/7/5
f 3079/13/3 3077/1/3 3080/12/3
f 3080/12/5 3077/1/5 3076/10/5
f 3079/13/3 3074/14/3 3077/1/3
f 3074/4/2 3079/11/2 3075/5/2
f 3085/15/4 3082/16/4 3081/17/4
f 3082/18/2 3083/19/2 3081/20/2
f 3086/21/6 3081/22/6 3083/23/6
f 3086/21/6 3084/24/6 3081/22/6
f 3085/15/4 3081/17/4 3084/24/4
f 3087/25/1 3086/21/1 3083/19/1
f 3087/25/1 3088/26/1 3086/21/1
f 3088/26/5 3084/24/5 3086/21/5
f 3087/27/3 3085/15/3 3088/26/3
f 3088/26/5 3085/15/5 3084/24/5
f 3087/27/3 3082/28/3 3085/15/3
f 3082/18/2 3087/25/2 3083/19/2
f 3093/29/4 3090/30/4 3089/31/4
f 3090/32/6 3091/33/6 3089/34/6
f 3094/35/5 3089/36/5 3091/37/5
f 3094/35/5 3092/38/5 3089/36/5
f 3093/29/4 3089/31/4 3092/38/4
f 3095/39/1 3094/35/1 3091/33/1
f 3095/39/1 3096/40/1 3094/35/1
f 3096/40/3 3092/38/3 3094/35/3
f 3095/41/2 3093/29/2 3096/40/2
f 3096/40/3 3093/29/3 3092/38/3
f 3095/41/2 3090/42/2 3093/29/2
f 3090/32/6 3095/39/6 3091/33/6
f 3101/1/4 3098/2/4 3097/3/4
f 3098/4/2 3099/5/2 3097/6/2
f 3102/7/6 3097/8/6 3099/9/6
f 3102/7/6 3100/10/6 3097/8/6
f 3101/1/4 3097/3/4 3100/10/4
f 3103/11/1 3102/7/1 3099/5/1
f 3103/11/1 3104/12/1 3102/7/1
f 3104/12/5 3100/10/5 3102/7/5
f 3103/13/3 3101/1/3 3104/12/3
f 3104/12/5 3101/1/5 3100/10/5
f 3103/13/3 3098/14/3 3101/1/3
f 3098/4/2 3103/11/2 3099/5/2
f 3109/15/4 3106/16/4 3105/17/4
f 3106/18/2 3107/19/2 3105/20/2
f 3110/21/6 3105/22/6 3107/23/6
f 3110/21/6 3108/24/6 3105/22/6
f 3109/15/4 3105/17/4 3108/24/4
f 3111/25/1 3110/21/1 3107/19/1
f 3111/25/1 3112/26/1 3110/21/1
f 3112/26/5 3108/24/5 3110/21/5
f 3111/27/3 3109/15/3 3112/26/3
f 3112/26/5 3109/15/5 3108/24/5
f 3111/27/3 3106/28/3 3109/15/3
f 3106/18/2 3111/25/2 3107/19/2
f 3117/29/4 3114/30/4 3113/31/4
f 3114/32/6 3115/33/6 3113/34/6
f 3118/35/5 3113/36/5 3115/37/5
f 3118/35/5 3116/38/5 3113/36/5
f 3117/29/4 3113/31/4 3116/38/4
f 3119/39/1 3118/35/1 3115/33/1
f 3119/39/1 3120/40/1 3118/35/1
f 3120/40/3 3116/38/3 3118/35/3
f 3119/41/2 3117/29/2 3120/40/2
f 3120/40/3 3117/29/3 3116/38/3
f 3119/41/2 3114/42/2 3117/29/2
f 3114/32/6 3119/39/6 3115/33/6
f 3125/1/4 3122/2/4 3121/3/4
f 3122/4/2 3123/5/2 3121/6/2
f 3126/7/6 3121/8/6 3123/9/6
f 3126/7/6 3124/10/6 3121/8/6
f 3125/1/4 3121/3/4 3124/10/4
f 3127/11/1 3126/7/1 3123/5/1
f 3127/11/1 3128/12/1 3126/7/1
f 3128/12/5 3124/10/5 3126/7/5
f 3127/13/3 3125/1/3 3128/12/3
f 3128/12/5 3125/1/5 3124/10/5
f 3127/13/3 3122/14/3 3125/1/3
f 3122/4/2 3127/11/2 3123/5/2
f 3133/15/4 3130/16/4 3129/17/4
f 3130/18/2 3131/19/2 3129/20/2
f 3134/21/6 3129/22/6 3131/23/6
f 3134/21/6 3132/24/6 3129/22/6
f 3133/15/4 3129/17/4 3132/24/4
f 3135/25/1 3134/21/1 3131/19/1
f 3135/25/1 3136/26/1 3134/21/1
f 3136/26/5 3132/24/5 3134/21/5
f 3135/27/3 3133/15/3 3136/26/3
f 3136/26/5 3133/15/5 3132/24/5
f 3135/27/3 3130/28/3 3133/15/3
f 3130/18/2 3135/25/2 3131/19/2
f 3141/29/4 3138/30/4 3137/31/4
f 3138/32/6 3139/33/6 3137/34/6
f 3142/35/5 3137/36/5 3139/37/5
f 3142/35/5 3140/38/5 3137/36/5
f 3141/29/4 3137/31/4 3140/38/4
f 3143/39/1 3142/35/1 3139/33/1
f 3143/39/1 3144/40/1 3142/35/1
f 3144/40/3 3140/38/3 3142/35/3
f 3143/41/2 3141/29/2 3144/40/2
f 3144/40/3 3141/29/3 3140/38/3
f 3143/41/2 3138/42/2 3141/29/2
f 3138/32/6 3143/39/6 3139/33/6
f 3149/1/4 3146/2/4 3145/3/4
f 3146/4/2 3147/5/2 3145/6/2
f 3150/7/6 3145/8/6 3147/9/6
f 3150/7/6 3148/10/6 3145/8/6
f 3149/1/4 3145/3/4 3148/10/4
f 3151/11/1 3150/7/1 3147/5/1
f 3151/11/1 3152/12/1 3150/7/1
f 3152/12/5 3148/10/5 3150/7/5
f 3151/13/3 3149/1/3 3152/12/3
f 3152/12/5 3149/1/5 3148/10/5
f 3151/13/3 3146/14/3 3149/1/3
f 3146/4/2 3151/11/2 3147/5/2
f 3157/15/4 3154/16/4 3153/17/4
f 3154/18/2 3155/19/2 3153/20/2
f 3158/21/6 3153/22/6 3155/23/6
f 3158/21/6 3156/24/6 3153/22/6
f 3157/15/4 3153/17/4 3156/24/4
f 3159/25/1 3158/21/1 3155/19/1
f 3159/25/1 3160/26/1 3158/21/1
f 3160/26/5 3156/24/5 3158/21/5
f 3159/27/3 3157/15/3 3160/26/3
f 3160/26/5 3157/15/5 3156/24/5
f 3159/27/3 3154/28/3 3157/15/3
f 3154/18/2 3159/25/2 3155/19/2
f 3165/29/4 3162/30/4 3161/31/4
f 3162/32/6 3163/33/6 3161/34/6
f 3166/35/5 3161/36/5 3163/37/5
f 3166/35/5 3164/38/5 3161/36/5
f 3165/29/4 3161/31/4 3164/38/4
f 3167/39/1 3166/35/1 3163/33/1
f 3167/39/1 3168/40/1 3166/35/1
f 3168/40/3 3164/38/3 3166/35/3
f 3167/41/2 3165/29/2 3168/40/2
f 3168/40/3 3165/29/3 3164/38/3
f 3167/41/2 3162/42/2 3165/29/2
f 3162/32/6 3167/39/6 3163/33/6
f 3173/1/4 3170/2/4 3169/3/4
f 3170/4/2 3171/5/2 3169/6/2
f 3174/7/6 3169/8/6 3171/9/6
f 3174/7/6 3172/10/6 3169/8/6
f 3173/1/4 3169/3/4 3172/10/4
f 3175/11/1 3174/7/1 3171/5/1
f 3175/11/1 3176/12/1 3174/7/1
f 3176/12/5 3172/10/5 3174/7/5
f 3175/13/3 3173/1/3 3176/12/3
f 3176/12/5 3173/1/5 3172/10/5
f 3175/13/3 3170/14/3 3173/1/3
f 3170/4/2 3175/11/2 3171/5/2
f 3181/15/4 3178/16/4 3177/17/4
f 3178/18/2 3179/19/2 3177/20/2
f 3182/21/6 3177/22/6 3179/23/6
f 3182/21/6 3180/24/6 3177/22/6
f 3181/15/4 3177/17/4 3180/24/4
f 3183/25/1 3182/21/1 3179/19/1
f 3183/25/1 3184/26/1 3182/21/1
f 3184/26/5 3180/24/5 3182/21/5
f 3183/27/3 3181/15/3 3184/26/3
f 3184/26/5 3181/15/5 3180/24/5
f 3183/27/3 3178/28/3 3181/15/3
f 3178/18/2 3183/25/2 3179/19/2
f 3189/29/4 3186/30/4 3185/31/4
f 3186/32/6 3187/33/6 3185/34/6
f 3190/35/5 3185/36/5 3187/37/5
f 3190/35/5 3188/38/5 3185/36/5
f 3189/29/4 3185/31/4 3188/38/4
f 3191/39/1 3190/35/1 3187/33/1
f 3191/39/1 3192/40/1 3190/35/1
f 3192/40/3 3188/38/3 3190/35/3
f 3191/41/2 3189/29/2 3192/40/2
f 3192/40/3 3189/29/3 3188/38/3
f 3191/41/2 3186/42/2 3189/29/2
f 3186/32/6 3191/39/6 3187/33/6
f 3197/1/4 3194/2/4 3193/3/4
f 3194/4/2 3195/5/2 3193/6/2
f 3198/7/6 3193/8/6 3195/9/6
f 3198/7/6 3196/10/6 3193/8/6
f 3197/1/4 3193/3/4 3196/10/4
f 3199/11/1 3198/7/1 3195/5/1
f 3199/11/1 3200/12/1 3198/7/1
f 3200/12/5 3196/10/5 3198/7/5
f 3199/13/3 3197/1/3 3200/12/3
f 3200/12/5 3197/1/5 3196/10/5
f 3199/13/3 3194/14/3 3197/1/3
f 3194/4/2 3199/11/2 3195/5/2
f 3205/15/4 3202/16/4 3201/17/4
f 3202/18/2 3203/19/2 3201/20/2
f 3206/21/6 3201/22/6 3203/23/6
f 3206/21/6 3204/24/6 3201/22/6
f 3205/15/4 3201/17/4 3204/24/4
f 3207/25/1 3206/21/1 3203/19/1
f 3207/25/1 3208/26/1 3206/21/1
f 3208/26/5 3204/24/5 3206/21/5
f 3207/27/3 3205/15/3 3208/26/3
f 3208/26/5 3205/15/5 3204/24/5
f 3207/27/3 3202/28/3 3205/15/3
f 3202/18/2 3207/25/2 3203/19/2
f 3213/29/4 3210/30/4 3209/31/4
f 3210/32/6 3211/33/6 3209/34/6
f 3214/35/5 3209/36/5 3211/37/5
f 3214/35/5 3212/38/5 3209/36/5
f 3213/29/4 3209/31/4 3212/38/4
f 3215/39/1 3214/35/1 3211/33/1
f 3215/39/1 3216/40/1 3214/35/1
f 3216/40/3 3212/38/3 3214/35/3
f 3215/41/2 3213/29/2 3216/40/2
f 3216/40/3 3213/29/3 3212/38/3
f 3215/41/2 3210/42/2 3213/29/2
f 3210/32/6 3215/39/6 3211/33/6
f 3221/1/4 3218/2/4 3217/3/4
f 3218/4/2 3219/5/2 3217/6/2
f 3222/7/6 3217/8/6 3219/9/6
f 3222/7/6 3220/10/6 3217/8/6
f 3221/1/4 3217/3/4 3220/10/4
f 3223/11/1 3222/7/1 3219/5/1
f 3223/11/1 3224/12/1 3222/7/1
f 3224/12/5 3220/10/5 3222/7/5
f 3223/13/3 3221/1/3 3224/12/3
f 3224/12/5 3221/1/5 3220/10/5
f 3223/13/3 3218/14/3 3221/1/3
f 3218/4/2 3223/11/2 3219/5/2
f 3229/15/4 3226/16/4 3225/17/4
f 3226/18/2 3227/19/2 3225/20/2
f 3230/21/6 3225/22/6 3227/23/6
f 3230/21/6 3228/24/6 3225/22/6
f 3229/15/4 3225/17/4 3228/24/4
f 3231/25/1 3230/21/1 3227/19/1
f 3231/25/1 3232/26/1 3230/21/1
f 3232/26/5 3228/24/5 3230/21/5
f 3231/27/3 3229/15/3 3232/26/3
f 3232/26/5 3229/15/5 3228/24/5
f 3231/27/3 3226/28/3 3229/15/3
f 3226/18/2 3231/25/2 3227/19/2
f 3237/29/4 3234/30/4 3233/31/4
f 3234/32/6 3235/33/6 3233/34/6
f 3238/35/5 3233/36/5 3235/37/5
f 3238/35/5 3236/38/5 3233/36/5
f 3237/29/4 3233/31/4 3236/38/4
f 3239/39/1 3238/35/1 3235/33/1
f 3239/39/1 3240/40/1 3238/35/1
f 3240/40/3 3236/38/3 3238/35/3
f 3239/41/2 3237/29/2 3240/40/2
f 3240/40/3 3237/29/3 3236/38/3
f 3239/41/2 3234/42/2 3237/29/2
f 3234/32/6 3239/39/6 3235/33/6
f 3245/1/4 3242/2/4 3241/3/4
f 3242/4/2 3243/5/2 3241/6/2
f 3246/7/6 3241/8/6 3243/9/6
f 3246/7/6 3244/10/6 3241/8/6
f 3245/1/4 3241/3/4 3244/10/4
f 3247/11/1 3246/7/1 3243/5/1
f 3247/11/1 3248/12/1 3246/7/1
f 3248/12/5 3244/10/5 3246/7/5
f 3247/13/3 3245/1/3 3248/12/3
f 3248/12/5 3245/1/5 3244/10/5
f 3247/13/3 3242/14/3 3245/1/3
f 3242/4/2 3247/11/2 3243/5/2
f 3253/15/4 3250/16/4 3249/17/4
f 3250/18/2 3251/19/2 3249/20/2
f 3254/21/6 3249/22/6 3251/23/6
f 3254/21/6 3252/24/6 3249/22/6
f 3253/15/4 3249/17/4 3252/24/4
f 3255/25/1 3254/21/1 3251/19/1
f 3255/25/1 3256/26/1 3254/21/1
f 3256/26/5 3252/24/5 3254/21/5
f 3255/27/3 3253/15/3 3256/26/3
f 3256/26/5 3253/15/5 3252/24/5
f 3255/27/3 3250/28/3 3253/15/3
f 3250/18/2 3255/25/2 3251/19/2
f 3261/29/4 3258/30/4 3257/31/4
f 3258/32/6 3259/33/6 3257/34/6
f 3262/35/5 3257/36/5 3259/37/5
f 3262/35/5 3260/38/5 3257/36/5
f 3261/29/4 3257/31/4 3260/38/4
f 3263/39/1 3262/35/1 3259/33/1
f 3263/39/1 3264/40/1 3262/35/1
f 3264/40/3 3260/38/3 3262/35/3
f 3263/41/2 3261/29/2 3264/40/2
f 3264/40/3 3261/29/3 3260/38/3
f 3263/41/2 3258/42/2 3261/29/2
f 3258/32/6 3263/39/6 3259/33/6
f 3269/1/4 3266/2/4 3265/3/4
f 3266/4/2 3267/5/2 3265/6/2
f 3270/7/6 3265/8/6 3267/9/6
f 3270/7/6 3268/10/6 3265/8/6
f 3269/1/4 3265/3/4 3268/10/4
f 3271/11/1 3270/7/1 3267/5/1
f 3271/11/1 3272/12/1 3270/7/1
f 3272/12/5 3268/10/5 3270/7/5
f 3271/13/3 3269/1/3 3272/12/3
f 3272/12/5 3269/1/5 3268/10/5
f 3271/13/3 3266/14/3 3269/1/3
f 3266/4/2 3271/11/2 3267/5/2
f 3277/15/4 3274/16/4 3273/17/4
f 3274/18/2 3275/19/2 3273/20/2
f 3278/21/6 3273/22/6 3275/23/6
f 3278/21/6 3276/24/6 3273/22/6
f 3277/15/4 3273/17/4 3276/24/4
f 3279/25/1 3278/21/1 3275/19/1
f 3279/25/1 3280/26/1 3278/21/1
f 3280/26/5 3276/24/5 3278/21/5
f 3279/27/3 3277/15/3 3280/26/3
f 3280/26/5 3277/15/5 3276/24/5
f 3279/27/3 3274/28/3 3277/15/3
f 3274/18/2 3279/25/2 3275/19/2
f 3285/29/4 3282/30/4 3281/31/4
f 3282/32/6 3283/33/6 3281/34/6
f 3286/35/5 3281/36/5 3283/37/5
f 3286/35/5 3284/38/5 3281/36/5
f 3285/29/4 3281/31/4 3284/38/4
f 3287/39/1 3286/35/1 3283/33/1
f 3287/39/1 3288/40/1 3286/35/1
f 3288/40/3 3284/38/3 3286/35/3
f 3287/41/2 3285/29/2 3288/40/2
f 3288/40/3 3285/29/3 3284/38/3
f 3287/41/2 3282/42/2 3285/29/2
f 3282/32/6 3287/39/6 3283/33/6
f 3293/1/4 3290/2/4 3289/3/4
f 3290/4/2 3291/5/2 3289/6/2
f 3294/7/6 3289/8/6 3291/9/6
f 3294/7/6 3292/10/6 3289/8/6
f 3293/1/4 3289/3/4 3292/10/4
f 3295/11/1 3294/7/1 3291/5/1
f 3295/11/1 3296/12/1 3294/7/1
f 3296/12/5 3292/10/5 3294/7/5
f 3295/13/3 3293/1/3 3296/12/3
f 3296/12/5 3293/1/5 3292/10/5
f 3295/13/3 3290/14/3 3293/1/3
f 3290/4/2 3295/11/2 3291/5/2
f 3301/15/4 3298/16/4 3297/17/4
f 3298/18/2 3299/19/2 3297/20/2
f 3302/21/6 3297/22/6 3299/23/6
f 3302/21/6 3300/24/6 3297/22/6
f 3301/15/4 3297/17/4 3300/24/4
f 3303/25/1 3302/21/1 3299/19/1
f 3303/25/1 3304/26/1 3302/21/1
f 3304/26/5 3300/24/5 3302/21/5
f 3303/27/3 3301/15/3 3304/26/3
f 3304/26/5 3301/15/5 3300/24/5
f 3303/27/3 3298/28/3 3301/15/3
f 3298/18/2 3303/25/2 3299/19/2
f 3309/29/4 3306/30/4 3305/31/4
f 3306/32/6 3307/33/6 3305/34/6
f 3310/35/5 3305/36/5 3307/37/5
f 3310/35/5 3308/38/5 3305/36/5
f 3309/29/4 3305/31/4 3308/38/4
f 3311/39/1 3310/35/1 3307/33/1
f 3311/39/1 3312/40/1 3310/35/1
f 3312/40/3 3308/38/3 3310/35/3
f 3311/41/2 3309/29/2 3312/40/2
f 3312/40/3 3309/29/3 3308/38/3
f 3311/41/2 3306/42/2 3309/29/2
f 3306/32/6 3311/39/6 3307/33/6
f 3317/1/4 3314/2/4 3313/3/4
f 3314/4/2 3315/5/2 3313/6/2
f 3318/7/6 3313/8/6 3315/9/6
f 3318/7/6 3316/10/6 3313/8/6
f 3317/1/4 3313/3/4 3316/10/4
f 3319/11/1 3318/7/1 3315/5/1
f 3319/11/1 3320/12/1 3318/7/1
f 3320/12/5 3316/10/5 3318/7/5
f 3319/13/3 3317/1/3 3320/12/3
f 3320/12/5 3317/1/5 3316/10/5
f 3319/13/3 3314/14/3 3317/1/3
f 3314/4/2 3319/11/2 3315/5/2
f 3325/15/4 3322/16/4 3321/17/4
f 3322/18/2 3323/19/2 3321/20/2
f 3326/21/6 3321/22/6 3323/23/6
f 3326/21/6 3324/24/6 3321/22/6
f 3325/15/4 3321/17/4 3324/24/4
f 3327/25/1 3326/21/1 3323/19/1
f 3327/25/1 3328/26/1 3326/21/1
f 3328/26/5 3324/24/5 3326/21/5
f 3327/27/3 3325/15/3 3328/26/3
f 3328/26/5 3325/15/5 3324/24/5
f 3327/27/3 3322/28/3 3325/15/3
f 3322/18/2 3327/25/2 3323/19/2
f 3333/29/4 3330/30/4 3329/31/4
f 3330/32/6 3331/33/6 3329/34/6
f 3334/35/5 3329/36/5 3331/37/5
f 3334/35/5 3332/38/5 3329/36/5
f 3333/29/4 3329/31/4 3332/38/4
f 3335/39/1 3334/35/1 3331/33/1
f 3335/39/1 3336/40/1 3334/35/1
f 3336/40/3 3332/38/3 3334/35/3
f 3335/41/2 3333/29/2 3336/40/2
f 3336/40/3 3333/29/3 3332/38/3
f 3335/41/2 3330/42/2 3333/29/2
f 3330/32/6 3335/39/6 3331/33/6
f 3341/1/4 3338/2/4 3337/3/4
f 3338/4/2 3339/5/2 3337/6/2
f 3342/7/6 3337/8/6 3339/9/6
f 3342/7/6 3340/10/6 3337/8/6
f 3341/1/4 3337/3/4 3340/10/4
f 3343/11/1 3342/7/1 3339/5/1
f 3343/11/1 3344/12/1 3342/7/1
f 3344/12/5 3340/10/5 3342/7/5
f 3343/13/3 3341/1/3 3344/12/3
f 3344/12/5 3341/1/5 3340/10/5
f 3343/13/3 3338/14/3 3341/1/3
f 3338/4/2 3343/11/2 3339/5/2
f 3349/15/4 3346/16/4 3345/17/4
f 3346/18/2 3347/19/2 3345/20/2
f 3350/21/6 3345/22/6 3347/23/6
f 3350/21/6 3348/24/6 3345/22/6
f 3349/15/4 3345/17/4 3348/24/4
f 3351/25/1 3350/21/1 3347/19/1
f 3351/25/1 3352/26/1 3350/21/1
f 3352/26/5 3348/24/5 3350/21/5
f 3351/27/3 3349/15/3 3352/26/3
f 3352/26/5 3349/15/5 3348/24/5
f 3351/27/3 3346/28/3 3349/15/3
f 3346/18/2 3351/25/2 3347/19/2
f 3357/29/4 3354/30/4 3353/31/4
f 3354/32/6 3355/33/6 3353/34/6
f 3358/35/5 3353/36/5 3355/37/5
f 3358/35/5 3356/38/5 3353/36/5
f 3357/29/4 3353/31/4 3356/38/4
f 3359/39/1 3358/35/1 3355/33/1
f 3359/39/1 3360/40/1 3358/35/1
f 3360/40/3 3356/38/3 3358/35/3
f 3359/41/2 3357/29/2 3360/40/2
f 3360/40/3 3357/29/3 3356/38/3
f 3359/41/2 3354/42/2 3357/29/2
f 3354/32/6 3359/39/6 3355/33/6
f 3365/1/4 3362/2/4 3361/3/4
f 3362/4/2 3363/5/2 3361/6/2
f 3366/7/6 3361/8/6 3363/9/6
f 3366/7/6 3364/10/6 3361/8/6
f 3365/1/4 3361/3/4 3364/10/4
f 3367/11/1 3366/7/1 3363/5/1
f 3367/11/1 3368/12/1 3366/7/1
f 3368/12/5 3364/10/5 3366/7/5
f 3367/13/3 3365/1/3 3368/12/3
f 3368/12/5 3365/1/5 3364/10/5
f 3367/13/3 3362/14/3 3365/1/3
f 3362/4/2 3367/11/2 3363/5/2
f 3373/15/4 3370/16/4 3369/17/4
f 3370/18/2 3371/19/2 3369/20/2
f 3374/21/6 3369/22/6 3371/23/6
f 3374/21/6 3372/24/6 3369/22/6
f 3373/15/4 3369/17/4 3372/24/4
f 3375/25/1 3374/21/1 3371/19/1
f 3375/25/1 3376/26/1 3374/21/1
f 3376/26/5 3372/24/5 3374/21/5
f 3375/27/3 3373/15/3 3376/26/3
f 3376/26/5 3373/15/5 3372/24/5
f 3375/27/3 3370/28/3 3373/15/3
f 3370/18/2 3375/25/2 3371/19/2
f 3381/29/4 3378/30/4 3377/31/4
f 3378/32/6 3379/33/6 3377/34/6
f 3382/35/5 3377/36/5 3379/37/5
f 3382/35/5 3380/38/5 3377/36/5
f 3381/29/4 3377/31/4 3380/38/4
f 3383/39/1 3382/35/1 3379/33/1
f 3383/39/1 3384/40/1 3382/35/1
f 3384/40/3 3380/38/3 3382/35/3
f 3383/41/2 3381/29/2 3384/40/2
f 3384/40/3 3381/29/3 3380/38/3
f 3383/41/2 3378/42/2 3381/29/2
f 3378/32/6 3383/39/6 3379/33/6
f 3389/1/4 3386/2/4 3385/3/4
f 3386/4/2 3387/5/2 3385/6/2
f 3390/7/6 3385/8/6 3387/9/6
f 3390/7/6 3388/10/6 3385/8/6
f 3389/1/4 3385/3/4 3388/10/4
f 3391/11/1 3390/7/1 3387/5/1
f 3391/11/1 3392/12/1 3390/7/1
f 3392/12/5 3388/10/5 3390/7/5
f 3391/13/3 3389/1/3 3392/12/3
f 3392/12/5 3389/1/5 3388/10/5
f 3391/13/3 3386/14/3 3389/1/3
f 3386/4/2 3391/11/2 3387/5/2
f 3397/15/4 3394/16/4 3393/17/4
f 3394/18/2 3395/19/2 3393/20/2
f 3398/21/6 3393/22/6 3395/23/6
f 3398/21/6 3396/24/6 3393/22/6
f 3397/15/4 3393/17/4 3396/24/4
f 3399/25/1 3398/21/1 3395/19/1
f 3399/25/1 3400/26/1 3398/21/1
f 3400/26/5 3396/24/5 3398/21/5
f 3399/27/3 3397/15/3 3400/26/3
f 3400/26/5 3397/15/5 3396/24/5
f 3399/27/3 3394/28/3 3397/15/3
f 3394/18/2 3399/25/2 3395/19/2
f 3405/29/4 3402/30/4 3401/31/4
f 3402/32/6 3403/33/6 3401/34/6
f 3406/35/5 3401/36/5 3403/37/5
f 3406/35/5 3404/38/5 3401/36/5
f 3405/29/4 3401/31/4 3404/38/4
f 3407/39/1 3406/35/1 3403/33/1
f 3407/39/1 3408/40/1 3406/35/1
f 3408/40/3 3404/38/3 3406/35/3
f 3407/41/2 3405/29/2 3408/40/2
f 3408/40/3 3405/29/3 3404/38/3
f 3407/41/2 3402/42/2 3405/29/2
f 3402/32/6 3407/39/6 3403/33/6
f 3413/1/4 3410/2/4 3409/3/4
f 3410/4/2 3411/5/2 3409/6/2
f 3414/7/6 3409/8/6 3411/9/6
f 3414/7/6 3412/10/6 3409/8/6
f 3413/1/4 3409/3/4 3412/10/4
f 3415/11/1 3414/7/1 3411/5/1
f 3415/11/1 3416/12/1 3414/7/1
f 3416/12/5 3412/10/5 3414/7/5
f 3415/13/3 3413/1/3 3416/12/3
f 3416/12/5 3413/1/5 3412/10/5
f 3415/13/3 3410/14/3 3413/1/3
f 3410/4/2 3415/11/2 3411/5/2
f 3421/15/4 3418/16/4 3417/17/4
f 3418/18/2 3419/19/2 3417/20/2
f 3422/21/6 3417/22/6 3419/23/6
f 3422/21/6 3420/24/6 3417/22/6
f 3421/15/4 3417/17/4 3420/24/4
f 3423/25/1 3422/21/1 3419/19/1
f 3423/25/1 3424/26/1 3422/21/1
f 3424/26/5 3420/24/5 3422/21/5
f 3423/27/3 3421/15/3 3424/26/3
f 3424/26/5 3421/15/5 3420/24/5
f 3423/27/3 3418/28/3 3421/15/3
f 3418/18/2 3423/25/2 3419/19/2
f 3429/29/4 3426/30/4 3425/31/4
f 3426/32/6 3427/33/6 3425/34/6
f 3430/35/5 3425/36/5 3427/37/5
f 3430/35/5 3428/38/5 3425/36/5
f 3429/29/4 3425/31/4 3428/38/4
f 3431/39/1 3430/35/1 3427/33/1
f 3431/39/1 3432/40/1 3430/35/1
f 3432/40/3 3428/38/3 3430/35/3
f 3431/41/2 3429/29/2 3432/40/2
f 3432/40/3 3429/29/3 3428/38/3
f 3431/41/2 3426/42/2 3429/29/2
f 3426/32/6 3431/39/6 3427/33/6
f 3437/1/4 3434/2/4 3433/3/4
f 3434/4/2 3435/5/2 3433/6/2
f 3438/7/6 3433/8/6 3435/9/6
f 3438/7/6 3436/10/6 3433/8/6
f 3437/1/4 3433/3/4 3436/10/4
f 3439/11/1 3438/7/1 3435/5/1
f 3439/11/1 3440/12/1 3438/7/1
f 3440/12/5 3436/10/5 3438/7/5
f 3439/13/3 3437/1/3 3440/12/3
f 3440/12/5 3437/1/5 3436/10/5
f 3439/13/3 3434/14/3 3437/1/3
f 3434/4/2 3439/11/2 3435/5/2
f 3445/15/4 3442/16/4 3441/17/4
f 3442/18/2 3443/19/2 3441/20/2
f 3446/21/6 3441/22/6 3443/23/6
f 3446/21/6 3444/24/6 3441/22/6
f 3445/15/4 3441/17/4 3444/24/4
f 3447/25/1 3446/21/1 3443/19/1
f 3447/25/1 3448/26/1 3446/21/1
f 3448/26/5 3444/24/5 3446/21/5
f 3447/27/3 3445/15/3 3448/26/3
f 3448/26/5 3445/15/5 3444/24/5
f 3447/27/3 3442/28/3 3445/15/3
f 3442/18/2 3447/25/2 3443/19/2
f 3453/29/4 3450/30/4 3449/31/4
f 3450/32/6 3451/33/6 3449/34/6
f 3454/35/5 3449/36/5 3451/37/5
f 3454/35/5 3452/38/5 3449/36/5
f 3453/29/4 3449/31/4 3452/38/4
f 3455/39/1 3454/35/1 3451/33/1
f 3455/39/1 3456/40/1 3454/35/1
f 3456/40/3 3452/38/3 3454/35/3
f 3455/41/2 3453/29/2 3456/40/2
f 3456/40/3 3453/29/3 3452/38/3
f 3455/41/2 3450/42/2 3453/29/2
f 3450/32/6 3455/39/6 3451/33/6
f 3461/1/4 3458/2/4 3457/3/4
f 3458/4/2 3459/5/2 3457/6/2
f 3462/7/6 3457/8/6 3459/9/6
f 3462/7/6 3460/10/6 3457/8/6
f 3461/1/4 3457/3/4 3460/10/4
f 3463/11/1 3462/7/1 3459/5/1
f 3463/11/1 3464/12/1 3462/7/1
f 3464/12/5 3460/10/5 3462/7/5
f 3463/13/3 3461/1/3 3464/12/3
f 3464/12/5 3461/1/5 3460/10/5
f 3463/13/3 3458/14/3 3461/1/3
f 3458/4/2 3463/11/2 3459/5/2
f 3469/15/4 3466/16/4 3465/17/4
f 3466/18/2 3467/19/2 3465/20/2
f 3470/21/6 3465/22/6 3467/23/6
f 3470/21/6 3468/24/6 3465/22/6
f 3469/15/4 3465/17/4 3468/24/4
f 3471/25/1 3470/21/1 3467/19/1
f 3471/25/1 3472/26/1 3470/21/1
f 3472/26/5 3468/24/5 3470/21/5
f 3471/27/3 3469/15/3 3472/26/3
f 3472/26/5 3469/15/5 3468/24/5
f 3471/27/3 3466/28/3 3469/15/3
f 3466/18/2 3471/25/2 3467/19/2
f 3477/29/4 3474/30/4 3473/31/4
f 3474/32/6 3475/33/6 3473/34/6
f 3478/35/5 3473/36/5 3475/37/5
f 3478/35/5 3476/38/5 3473/36/5
f 3477/29/4 3473/31/4 3476/38/4
f 3479/39/1 3478/35/1 3475/33/1
f 3479/39/1 3480/40/1 3478/35/1
f 3480/40/3 3476/38/3 3478/35/3
f 3479/41/2 3477/29/2 3480/40/2
f 3480/40/3 3477/29/3 3476/38/3
f 3479/41/2 3474/42/2 3477/29/2
f 3474/32/6 3479/39/6 3475/33/6
f 3485/1/4 3482/2/4 3481/3/4
f 3482/4/2 3483/5/2 3481/6/2
f 3486/7/6 3481/8/6 3483/9/6
f 3486/7/6 3484/10/6 3481/8/6
f 3485/1/4 3481/3/4 3484/10/4
f 3487/11/1 3486/7/1 3483/5/1
f 3487/11/1 3488/12/1 3486/7/1
f 3488/12/5 3484/10/5 3486/7/5
f 3487/13/3 3485/1/3 3488/12/3
f 3488/12/5 3485/1/5 3484/10/5
f 3487/13/3 3482/14/3 3485/1/3
f 3482/4/2 3487/11/2 3483/5/2
f 3493/15/4 3490/16/4 3489/17/4
f 3490/18/2 3491/19/2 3489/20/2
f 3494/21/6 3489/22/6 3491/23/6
f 3494/21/6 3492/24/6 3489/22/6
f 3493/15/4 3489/17/4 3492/24/4
f 3495/25/1 3494/21/1 3491/19/1
f 3495/25/1 3496/26/1 3494/21/1
f 3496/26/5 3492/24/5 3494/21/5
f 3495/27/3 3493/15/3 3496/26/3
f 3496/26/5 3493/15/5 3492/24/5
f 3495/27/3 3490/28/3 3493/15/3
f 3490/18/2 3495/25/2 3491/19/2
f 3501/29/4 3498/30/4 3497/31/4
f 3498/32/6 3499/33/6 3497/34/6
f 3502/35/5 3497/36/5 3499/37/5
f 3502/35/5 3500/38/5 3497/36/5
f 3501/29/4 3497/31/4 3500/38/4
f 3503/39/1 3502/35/1 3499/33/1
f 3503/39/1 3504/40/1 3502/35/1
f 3504/40/3 3500/38/3 3502/35/3
f 3503/41/2 3501/29/2 3504/40/2
f 3504/40/3 3501/29/3 3500/38/3
f 3503/41/2 3498/42/2 3501/29/2
f 3498/32/6 3503/39/6 3499/33/6
f 3509/1/4 3506/2/4 3505/3/4
f 3506/4/2 3507/5/2 3505/6/2
f 3510/7/6 3505/8/6 3507/9/6
f 3510/7/6 3508/10/6 3505/8/6
f 3509/1/4 3505/3/4 3508/10/4
f 3511/11/1 3510/7/1 3507/5/1
f 3511/11/1 3512/12/1 3510/7/1
f 3512/12/5 3508/10/5 3510/7/5
f 3511/13/3 3509/1/3 3512/12/3
f 3512/12/5 3509/1/5 3508/10/5
f 3511/13/3 3506/14/3 3509/1/3
f 3506/4/2 3511/11/2 3507/5/2
f 3517/15/4 3514/16/4 3513/17/4
f 3514/18/2 3515/19/2 3513/20/2
f 3518/21/6 3513/22/6 3515/23/6
f 3518/21/6 3516/24/6 3513/22/6
f 3517/15/4 3513/17/4 3516/24/4
f 3519/25/1 3518/21/1 3515/19/1
f 3519/25/1 3520/26/1 3518/21/1
f 3520/26/5 3516/24/5 3518/21/5
f 3519/27/3 3517/15/3 3520/26/3
f 3520/26/5 3517/15/5 3516/24/5
f 3519/27/3 3514/28/3 3517/15/3
f 3514/18/2 3519/25/2 3515/19/2
f 3525/29/4 3522/30/4 3521/31/4
f 3522/32/6 3523/33/6 3521/34/6
f 3526/35/5 3521/36/5 3523/37/5
f 3526/35/5 3524/38/5 3521/36/5
f 3525/29/4 3521/31/4 3524/38/4
f 3527/39/1 3526/35/1 3523/33/1
f 3527/39/1 3528/40/1 3526/35/1
f 3528/40/3 3524/38/3 3526/35/3
f 3527/41/2 3525/29/2 3528/40/2
f 3528/40/3 3525/29/3 3524/38/3
f 3527/41/2 3522/42/2 3525/29/2
f 3522/32/6 3527/39/6 3523/33/6
f 3533/1/4 3530/2/4 3529/3/4
f 3530/4/2 3531/5/2 3529/6/2
f 3534/7/6 3529/8/6 3531/9/6
f 3534/7/6 3532/10/6 3529/8/6
f 3533/1/4 3529/3/4 3532/10/4
f 3535/11/1 3534/7/1 3531/5/1
f 3535/11/1 3536/12/1 3534/7/1
f 3536/12/5 3532/10/5 3534/7/5
f 3535/13/3 3533/1/3 3536/12/3
f 3536/12/5 3533/1/5 3532/10/5
f 3535/13/3 3530/14/3 3533/1/3
f 3530/4/2 3535/11/2 3531/5/2
f 3541/15/4 3538/16/4 3537/17/4
f 3538/18/2 3539/19/2 3537/20/2
f 3542/21/6 3537/22/6 3539/23/6
f 3542/21/6 3540/24/6 3537/22/6
f 3541/15/4 3537/17/4 3540/24/4
f 3543/25/1 3542/21/1 3539/19/1
f 3543/25/1 3544/26/1 3542/21/1
f 3544/26/5 3540/24/5 3542/21/5
f 3543/27/3 3541/15/3 3544/26/3
f 3544/26/5 3541/15/5 3540/24/5
f 3543/27/3 3538/28/3 3541/15/3
f 3538/18/2 3543/25/2 3539/19/2
f 3549/29/4 3546/30/4 3545/31/4
f 3546/32/6 3547/33/6 3545/34/6
f 3550/35/5 3545/36/5 3547/37/5
f 3550/35/5 3548/38/5 3545/36/5
f 3549/29/4 3545/31/4 3548/38/4
f 3551/39/1 3550/35/1 3547/33/1
f 3551/39/1 3552/40/1 3550/35/1
f 3552/40/3 3548/38/3 3550/35/3
f 3551/41/2 3549/29/2 3552/40/2
f 3552/40/3 3549/29/3 3548/38/3
f 3551/41/2 3546/42/2 3549/29/2
f 3546/32/6 3551/39/6 3547/33/6
f 3557/1/4 3554/2/4 3553/3/4
f 3554/4/2 3555/5/2 3553/6/2
f 3558/7/6 3553/8/6 3555/9/6
f 3558/7/6 3556/10/6 3553/8/6
f 3557/1/4 3553/3/4 3556/10/4
f 3559/11/1 3558/7/1 3555/5/1
f 3559/11/1 3560/12/1 3558/7/1
f 3560/12/5 3556/10/5 3558/7/5
f 3559/13/3 3557/1/3 3560/12/3
f 3560/12/5 3557/1/5 3556/10/5
f 3559/13/3 3554/14/3 3557/1/3
f 3554/4/2 3559/11/2 3555/5/2
f 3565/15/4 3562/16/4 3561/17/4
f 3562/18/2 3563/19/2 3561/20/2
f 3566/21/6 3561/22/6 3563/23/6
f 3566/21/6 3564/24/6 3561/22/6
f 3565/15/4 3561/17/4 3564/24/4
f 3567/25/1 3566/21/1 3563/19/1
f 3567/25/1 3568/26/1 3566/21/1
f 3568/26/5 3564/24/5 3566/21/5
f 3567/27/3 3565/15/3 3568/26/3
f 3568/26/5 3565/15/5 3564/24/5
f 3567/27/3 3562/28/3 3565/15/3
f 3562/18/2 3567/25/2 3563/19/2
f 3573/29/4 3570/30/4 3569/31/4
f 3570/32/6 3571/33/6 3569/34/6
f 3574/35/5 3569/36/5 3571/37/5
f 3574/35/5 3572/38/5 3569/36/5
f 3573/29/4 3569/31/4 3572/38/4
f 3575/39/1 3574/35/1 3571/33/1
f 3575/39/1 3576/40/1 3574/35/1
f 3576/40/3 3572/38/3 3574/35/3
f 3575/41/2 3573/29/2 3576/40/2
f 3576/40/3 3573/29/3 3572/38/3
f 3575/41/2 3570/42/2 3573/29/2
f 3570/32/6 3575/39/6 3571/33/6
f 3581/1/4 3578/2/4 3577/3/4
f 3578/4/2 3579/5/2 3577/6/2
f 3582/7/6 3577/8/6 3579/9/6
f 3582/7/6 3580/10/6 3577/8/6
f 3581/1/4 3577/3/4 3580/10/4
f 3583/11/1 3582/7/1 3579/5/1
f 3583/11/1 3584/12/1 3582/7/1
f 3584/12/5 3580/10/5 3582/7/5
f 3583/13/3 3581/1/3 3584/12/3
f 3584/12/5 3581/1/5 3580/10/5
f 3583/13/3 3578/14/3 3581/1/3
f 3578/4/2 3583/11/2 3579/5/2
f 3589/15/4 3586/16/4 3585/17/4
f 3586/18/2 3587/19/2 3585/20/2
f 3590/21/6 3585/22/6 3587/23/6
f 3590/21/6 3588/24/6 3585/22/6
f 3589/15/4 3585/17/4 3588/24/4
f 3591/25/1 3590/21/1 3587/19/1
f 3591/25/1 3592/26/1 3590/21/1
f 3592/26/5 3588/24/5 3590/21/5
f 3591/27/3 3589/15/3 3592/26/3
f 3592/26/5 3589/15/5 3588/24/5
f 3591/27/3 3586/28/3 3589/15/3
f 3586/18/2 3591/25/2 3587/19/2
f 3597/29/4 3594/30/4 3593/31/4
f 3594/32/6 3595/33/6 3593/34/6
f 3598/35/5 3593/36/5 3595/37/5
f 3598/35/5 3596/38/5 3593/36/5
f 3597/29/4 3593/31/4 3596/38/4
f 3599/39/1 3598/35/1 3595/33/1
f 3599/39/1 3600/40/1 3598/35/1
f 3600/40/3 3596/38/3 3598/35/3
f 3599/41/2 3597/29/2 3600/40/2
f 3600/40/3 3597/29/3 3596/38/3
f 3599/41/2 3594/42/2 3597/29/2
f 3594/32/6 3599/39/6 3595/33/6
f 3605/1/4 3602/2/4 3601/3/4
f 3602/4/2 3603/5/2 3601/6/2
f 3606/7/6 3601/8/6 3603/9/6
f 3606/7/6 3604/10/6 3601/8/6
f 3605/1/4 3601/3/4 3604/10/4
f 3607/11/1 3606/7/1 3603/5/1
f 3607/11/1 3608/12/1 3606/7/1
f 3608/12/5 3604/10/5 3606/7/5
f 3607/13/3 3605/1/3 3608/12/3
f 3608/12/5 3605/1/5 3604/10/5
f 3607/13/3 3602/14/3 3605/1/3
f 3602/4/2 3607/11/2 3603/5/2
f 3613/15/4 3610/16/4 3609/17/4
f 3610/18/2 3611/19/2 3609/20/2
f 3614/21/6 3609/22/6 3611/23/6
f 3614/21/6 3612/24/6 3609/22/6
f 3613/15/4 3609/17/4 3612/24/4
f 3615/25/1 3614/21/1 3611/19/1
f 3615/25/1 3616/26/1 3614/21/1
f 3616/26/5 3612/24/5 3614/21/5
f 3615/27/3 3613/15/3 3616/26/3
f 3616/26/5 3613/15/5 3612/24/5
f 3615/27/3 3610/28/3 3613/15/3
f 3610/18/2 3615/25/2 3611/19/2
f 3621/29/4 3618/30/4 3617/31/4
f 3618/32/6 3619/33/6 3617/34/6
f 3622/35/5 3617/36/5 3619/37/5
f 3622/35/5 3620/38/5 3617/36/5
f 3621/29/4 3617/31/4 3620/38/4
f 3623/39/1 3622/35/1 3619/33/1
f 3623/39/1 3624/40/1 3622/35/1
f 3624/40/3 3620/38/3 3622/35/3
f 3623/41/2 3621/29/2 3624/40/2
f 3624/40/3 3621/29/3 3620/38/3
f 3623/41/2 3618/42/2 3621/29/2
f 3618/32/6 3623/39/6 3619/33/6
f 3629/1/4 3626/2/4 3625/3/4
f 3626/4/2 3627/5/2 3625/6/2
f 3630/7/6 3625/8/6 3627/9/6
f 3630/7/6 3628/10/6 3625/8/6
f 3629/1/4 3625/3/4 3628/10/4
f 3631/11/1 3630/7/1 3627/5/1
f 3631/11/1 3632/12/1 3630/7/1
f 3632/12/5 3628/10/5 3630/7/5
f 3631/13/3 3629/1/3 3632/12/3
f 3632/12/5 3629/1/5 3628/10/5
f 3631/13/3 3626/14/3 3629/1/3
f 3626/4/2 3631/11/2 3627/5/2
f 3637/15/4 3634/16/4 3633/17/4
f 3634/18/2 3635/19/2 3633/20/2
f 3638/21/6 3633/22/6 3635/23/6
f 3638/21/6 3636/24/6 3633/22/6
f 3637/15/4 3633/17/4 3636/24/4
f 3639/25/1 3638/21/1 3635/19/1
f 3639/25/1 3640/26/1 3638/21/1
f 3640/26/5 3636/24/5 3638/21/5
f 3639/27/3 3637/15/3 3640/26/3
f 3640/26/5 3637/15/5 3636/24/5
f 3639/27/3 3634/28/3 3637/15/3
f 3634/18/2 3639/25/2 3635/19/2
f 3645/29/4 3642/30/4 3641/31/4
f 3642/32/6 3643/33/6 3641/34/6
f 3646/35/5 3641/36/5 3643/37/5
f 3646/35/5 3644/38/5 3641/36/5
f 3645/29/4 3641/31/4 3644/38/4
f 3647/39/1 3646/35/1 3643/33/1
f 3647/39/1 3648/40/1 3646/35/1
f 3648/40/3 3644/38/3 3646/35/3
f 3647/41/2 3645/29/2 3648/40/2
f 3648/40/3 3645/29/3 3644/38/3
f 3647/41/2 3642/42/2 3645/29/2
f 3642/32/6 3647/39/6 3643/33/6
f 3653/1/4 3650/2/4 3649/3/4
f 3650/4/2 3651/5/2 3649/6/2
f 3654/7/6 3649/8/6 3651/9/6
f 3654/7/6 3652/10/6 3649/8/6
f 3653/1/4 3649/3/4 3652/10/4
f 3655/11/1 3654/7/1 3651/5/1
f 3655/11/1 3656/12/1 3654/7/1
f 3656/12/5 3652/10/5 3654/7/5
f 3655/13/3 3653/1/3 3656/12/3
f 3656/12/5 3653/1/5 3652/10/5
f 3655/13/3 3650/14/3 3653/1/3
f 3650/4/2 3655/11/2 3651/5/2
f 3661/15/4 3658/16/4 3657/17/4
f 3658/18/2 3659/19/2 3657/20/2
f 3662/21/6 3657/22/6 3659/23/6
f 3662/21/6 3660/24/6 3657/22/6
f 3661/15/4 3657/17/4 3660/24/4
f 3663/25/1 3662/21/1 3659/19/1
f 3663/25/1 3664/26/1 3662/21/1
f 3664/26/5 3660/24/5 3662/21/5
f 3663/27/3 3661/15/3 3664/26/3
f 3664/26/5 3661/15/5 3660/24/5
f 3663/27/3 3658/28/3 3661/15/3
f 3658/18/2 3663/25/2 3659/19/2
f 3669/29/4 3666/30/4 3665/31/4
f 3666/32/6 3667/33/6 3665/34/6
f 3670/35/5 3665/36/5 3667/37/5
f 3670/35/5 3668/38/5 3665/36/5
f 3669/29/4 3665/31/4 3668/38/4
f 3671/39/1 3670/35/1 3667/33/1
f 3671/39/1 3672/40/1 3670/35/1
f 3672/40/3 3668/38/3 3670/35/3
f 3671/41/2 3669/29/2 3672/40/2
f 3672/40/3 3669/29/3 3668/38/3
f 3671/41/2 3666/42/2 3669/29/2
f 3666/32/6 3671/39/6 3667/33/6
f 3677/1/4 3674/2/4 3673/3/4
f 3674/4/2 3675/5/2 3673/6/2
f 3678/7/6 3673/8/6 3675/9/6
f 3678/7/6 3676/10/6 3673/8/6
f 3677/1/4 3673/3/4 3676/10/4
f 3679/11/1 3678/7/1 3675/5/1
f 3679/11/1 3680/12/1 3678/7/1
f 3680/12/5 3676/10/5 3678/7/5
f 3679/13/3 3677/1/3 3680/12/3
f 3680/12/5 3677/1/5 3676/10/5
f 3679/13/3 3674/14/3 3677/1/3
f 3674/4/2 3679/11/2 3675/5/2
f 3685/15/4 3682/16/4 3681/17/4
f 3682/18/2 3683/19/2 3681/20/2
f 3686/21/6 3681/22/6 3683/23/6
f 3686/21/6 3684/24/6 3681/22/6
f 3685/15/4 3681/17/4 3684/24/4
f 3687/25/1 3686/21/1 3683/19/1
f 3687/25/1 3688/26/1 3686/21/1
f 3688/26/5 3684/24/5 3686/21/5
f 3687/27/3 3685/15/3 3688/26/3
f 3688/26/5 3685/15/5 3684/24/5
f 3687/27/3 3682/28/3 3685/15/3
f 3682/18/2 3687/25/2 3683/19/2
f 3693/29/4 3690/30/4 3689/31/4
f 3690/32/6 3691/33/6 3689/34/6
f 3694/35/5 3689/36/5 3691/37/5
f 3694/35/5 3692/38/5 3689/36/5
f 3693/29/4 3689/31/4 3692/38/4
f 3695/39/1 3694/35/1 3691/33/1
f 3695/39/1 3696/40/1 3694/35/1
f 3696/40/3 3692/38/3 3694/35/3
f 3695/41/2 3693/29/2 3696/40/2
f 3696/40/3 3693/29/3 3692/38/3
f 3695/41/2 3690/42/2 3693/29/2
f 3690/32/6 3695/39/6 3691/33/6
f 3701/1/4 3698/2/4 3697/3/4
f 3698/4/2 3699/5/2 3697/6/2
f 3702/7/6 3697/8/6 3699/9/6
f 3702/7/6 3700/10/6 3697/8/6
f 3701/1/4 3697/3/4 3700/10/4
f 3703/11/1 3702/7/1 3699/5/1
f 3703/11/1 3704/12/1 3702/7/1
f 3704/12/5 3700/10/5 3702/7/5
f 3703/13/3 3701/1/3 3704/12/3
f 3704/12/5 3701/1/5 3700/10/5
f 3703/13/3 3698/14/3 3701/1/3
f 3698/4/2 3703/11/2 3699/5/2
f 3709/15/4 3706/16/4 3705/17/4
f 3706/18/2 3707/19/2 3705/20/2
f 3710/21/6 3705/22/6 3707/23/6
f 3710/21/6 3708/24/6 3705/22/6
f 3709/15/4 3705/17/4 3708/24/4
f 3711/25/1 3710/21/1 3707/19/1
f 3711/25/1 3712/26/1 3710/21/1
f 3712/26/5 3708/24/5 3710/21/5
f 3711/27/3 3709/15/3 3712/26/3
f 3712/26/5 3709/15/5 3708/24/5
f 3711/27/3 3706/28/3 3709/15/3
f 3706/18/2 3711/25/2 3707/19/2
f 3717/29/4 3714/30/4 3713/31/4
f 3714/32/6 3715/33/6 3713/34/6
f 3718/35/5 3713/36/5 3715/37/5
f 3718/35/5 3716/38/5 3713/36/5
f 3717/29/4 3713/31/4 3716/38/4
f 3719/39/1 3718/35/1 3715/33/1
f 3719/39/1 3720/40/1 3718/35/1
f 3720/40/3 3716/38/3 3718/35/3
f 3719/41/2 3717/29/2 3720/40/2
f 3720/40/3 3717/29/3 3716/38/3
f 3719/41/2 3714/42/2 3717/29/2
f 3714/32/6 3719/39/6 3715/33/6
f 3725/1/4 3722/2/4 3721/3/4
f 3722/4/2 3723/5/2 3721/6/2
f 3726/7/6 3721/8/6 3723/9/6
f 3726/7/6 3724/10/6 3721/8/6
f 3725/1/4 3721/3/4 3724/10/4
f 3727/11/1 3726/7/1 3723/5/1
f 3727/11/1 3728/12/1 3726/7/1
f 3728/12/5 3724/10/5 3726/7/5
f 3727/13/3 3725/1/3 3728/12/3
f 3728/12/5 3725/1/5 3724/10/5
f 3727/13/3 3722/14/3 3725/1/3
f 3722/4/2 3727/11/2 3723/5/2
f 3733/15/4 3730/16/4 3729/17/4
f 3730/18/2 3731/19/2 3729/20/2
f 3734/21/6 3729/22/6 3731/23/6
f 3734/21/6 3732/24/6 3729/22/6
f 3733/15/4 3729/17/4 3732/24/4
f 3735/25/1 3734/21/1 3731/19/1
f 3735/25/1 3736/26/1 3734/21/1
f 3736/26/5 3732/24/5 3734/21/5
f 3735/27/3 3733/15/3 3736/26/3
f 3736/26/5 3733/15/5 3732/24/5
f 3735/27/3 3730/28/3 3733/15/3
f 3730/18/2 3735/25/2 3731/19/2
f 3741/29/4 3738/30/4 3737/31/4
f 3738/32/6 3739/33/6 3737/34/6
f 3742/35/5 3737/36/5 3739/37/5
f 3742/35/5 3740/38/5 3737/36/5
f 3741/29/4 3737/31/4 3740/38/4
f 3743/39/1 3742/35/1 3739/33/1
f 3743/39/1 3744/40/1 3742/35/1
f 3744/40/3 3740/38/3 3742/35/3
f 3743/41/2 3741/29/2 3744/40/2
f 3744/40/3 3741/29/3 3740/38/3
f 3743/41/2 3738/42/2 3741/29/2
f 3738/32/6 3743/39/6 3739/33/6
f 3749/1/4 3746/2/4 3745/3/4
f 3746/4/2 3747/5/2 3745/6/2
f 3750/7/6 3745/8/6 3747/9/6
f 3750/7/6 3748/10/6 3745/8/6
f 3749/1/4 3745/3/4 3748/10/4
f 3751/11/1 3750/7/1 3747/5/1
f 3751/11/1 3752/12/1 3750/7/1
f 3752/12/5 3748/10/5 3750/7/5
f 3751/13/3 3749/1/3 3752/12/3
f 3752/12/5 3749/1/5 3748/10/5
f 3751/13/3 3746/14/3 3749/1/3
f 3746/4/2 3751/11/2 3747/5/2
f 3757/15/4 3754/16/4 3753/17/4
f 3754/18/2 3755/19/2 3753/20/2
f 3758/21/6 3753/22/6 3755/23/6
f 3758/21/6 3756/24/6 3753/22/6
f 3757/15/4 3753/17/4 3756/24/4
f 3759/25/1 3758/21/1 3755/19/1
f 3759/25/1 3760/26/1 3758/21/1
f 3760/26/5 3756/24/5 3758/21/5
f 3759/27/3 3757/15/3 3760/26/3
f 3760/26/5 3757/15/5 3756/24/5
f 3759/27/3 3754/28/3 3757/15/3
f 3754/18/2 3759/25/2 3755/19/2
f 3765/29/4 3762/30/4 3761/31/4
f 3762/32/6 3763/33/6 3761/34/6
f 3766/35/5 3761/36/5 3763/37/5
f 3766/35/5 3764/38/5 3761/36/5
f 3765/29/4 3761/31/4 3764/38/4
f 3767/39/1 3766/35/1 3763/33/1
f 3767/39/1 3768/40/1 3766/35/1
f 3768/40/3 3764/38/3 3766/35/3
f 3767/41/2 3765/29/2 3768/40/2
f 3768/40/3 3765/29/3 3764/38/3
f 3767/41/2 3762/42/2 3765/29/2
f 3762/32/6 3767/39/6 3763/33/6
f 3773/1/4 3770/2/4 3769/3/4
f 3770/4/2 3771/5/2 3769/6/2
f 3774/7/6 3769/8/6 3771/9/6
f 3774/7/6 3772/10/6 3769/8/6
f 3773/1/4 3769/3/4 3772/10/4
f 3775/11/1 3774/7/1 3771/5/1
f 3775/11/1 3776/12/1 3774/7/1
f 3776/12/5 3772/10/5 3774/7/5
f 3775/13/3 3773/1/3 3776/12/3
f 3776/12/5 3773/1/5 3772/10/5
f 3775/13/3 3770/14/3 3773/1/3
f 3770/4/2 3775/11/2 3771/5/2
f 3781/15/4 3778/16/4 3777/17/4
f 3778/18/2 3779/19/2 3777/20/2
f 3782/21/6 3777/22/6 3779/23/6
f 3782/21/6 3780/24/6 3777/22/6
f 3781/15/4 3777/17/4 3780/24/4
f 3783/25/1 3782/21/1 3779/19/1
f 3783/25/1 3784/26/1 3782/21/1
f 3784/26/5 3780/24/5 3782/21/5
f 3783/27/3 3781/15/3 3784/26/3
f 3784/26/5 3781/15/5 3780/24/5
f 3783/27/3 3778/28/3 3781/15/3
f 3778/18/2 3783/25/2 3779/19/2
f 3789/29/4 3786/30/4 3785/31/4
f 3786/32/6 3787/33/6 3785/34/6
f 3790/35/5 3785/36/5 3787/37/5
f 3790/35/5 3788/38/5 3785/36/5
f 3789/29/4 3785/31/4 3788/38/4
f 3791/39/1 3790/35/1 3787/33/1
f 3791/39/1 3792/40/1 3790/35/1
f 3792/40/3 3788/38/3 3790/35/3
f 3791/41/2 3789/29/2 3792/40/2
f 3792/40/3 3789/29/3 3788/38/3
f 3791/41/2 3786/42/2 3789/29/2
f 3786/32/6 3791/39/6 3787/33/6
f 3797/1/4 3794/2/4 3793/3/4
f 3794/4/2 3795/5/2 3793/6/2
f 3798/7/6 3793/8/6 3795/9/6
f 3798/7/6 3796/10/6 3793/8/6
f 3797/1/4 3793/3/4 3796/10/4
f 3799/11/1 3798/7/1 3795/5/1
f 3799/11/1 3800/12/1 3798/7/1
f 3800/12/5 3796/10/5 3798/7/5
f 3799/13/3 3797/1/3 3800/12/3
f 3800/12/5 3797/1/5 3796/10/5
f 3799/13/3 3794/14/3 3797/1/3
f 3794/4/2 3799/11/2 3795/5/2
f 3805/15/4 3802/16/4 3801/17/4
f 3802/18/2 3803/19/2 3801/20/2
f 3806/21/6 3801/22/6 3803/23/6
f 3806/21/6 3804/24/6 3801/22/6
f 3805/15/4 3801/17/4 3804/24/4
f 3807/25/1 3806/21/1 3803/19/1
f 3807/25/1 3808/26/1 3806/21/1
f 3808/26/5 3804/24/5 3806/21/5
f 3807/27/3 3805/15/3 3808/26/3
f 3808/26/5 3805/15/5 3804/24/5
f 3807/27/3 3802/28/3 3805/15/3
f 3802/18/2 3807/25/2 3803/19/2
f 3813/29/4 3810/30/4 3809/31/4
f 3810/32/6 3811/33/6 3809/34/6
f 3814/35/5 3809/36/5 3811/37/5
f 3814/35/5 3812/38/5 3809/36/5
f 3813/29/4 3809/31/4 3812/38/4
f 3815/39/1 3814/35/1 3811/33/1
f 3815/39/1 3816/40/1 3814/35/1
f 3816/40/3 3812/38/3 3814/35/3
f 3815/41/2 3813/29/2 3816/40/2
f 3816/40/3 3813/29/3 3812/38/3
f 3815/41/2 3810/42/2 3813/29/2
f 3810/32/6 3815/39/6 3811/33/6
f 3821/1/4 3818/2/4 3817/3/4
f 3818/4/2 3819/5/2 3817/6/2
f 3822/7/6 3817/8/6 3819/9/6
f 3822/7/6 3820/10/6 3817/8/6
f 3821/1/4 3817/3/4 3820/10/4
f 3823/11/1 3822/7/1 3819/5/1
f 3823/11/1 3824/12/1 3822/7/1
f 3824/12/5 3820/10/5 3822/7/5
f 3823/13/3 3821/1/3 3824/12/3
f 3824/12/5 3821/1/5 3820/10/5
f 3823/13/3 3818/14/3 3821/1/3
f 3818/4/2 3823/11/2 3819/5/2
f 3829/15/4 3826/16/4 3825/17/4
f 3826/18/2 3827/19/2 3825/20/2
f 3830/21/6 3825/22/6 3827/23/6
f 3830/21/6 3828/24/6 3825/22/6
f 3829/15/4 3825/17/4 3828/24/4
f 3831/25/1 3830/21/1 3827/19/1
f 3831/25/1 3832/26/1 3830/21/1
f 3832/26/5 3828/24/5 3830/21/5
f 3831/27/3 3829/15/3 3832/26/3
f 3832/26/5 3829/15/5 3828/24/5
f 3831/27/3 3826/28/3 3829/15/3
f 3826/18/2 3831/25/2 3827/19/2
f 3837/29/4 3834/30/4 3833/31/4
f 3834/32/6 3835/33/6 3833/34/6
f 3838/35/5 3833/36/5 3835/37/5
f 3838/35/5 3836/38/5 3833/36/5
f 3837/29/4 3833/31/4 3836/38/4
f 3839/39/1 3838/35/1 3835/33/1
f 3839/39/1 3840/40/1 3838/35/1
f 3840/40/3 3836/38/3 3838/35/3
f 3839/41/2 3837/29/2 3840/40/2
f 3840/40/3 3837/29/3 3836/38/3
f 3839/41/2 3834/42/2 3837/29/2
f 3834/32/6 3839/39/6 3835/33/6
f 3845/1/4 3842/2/4 3841/3/4
f 3842/4/2 3843/5/2 3841/6/2
f 3846/7/6 3841/8/6 3843/9/6
f 3846/7/6 3844/10/6 3841/8/6
f 3845/1/4 3841/3/4 3844/10/4
f 3847/11/1 3846/7/1 3843/5/1
f 3847/11/1 3848/12/1 3846/7/1
f 3848/12/5 3844/10/5 3846/7/5
f 3847/13/3 3845/1/3 3848/12/3
f 3848/12/5 3845/1/5 3844/10/5
f 3847/13/3 3842/14/3 3845/1/3
f 3842/4/2 3847/11/2 3843/5/2
f 3853/15/4 3850/16/4 3849/17/4
f 3850/18/2 3851/19/2 3849/20/2
f 3854/21/6 3849/22/6 3851/23/6
f 3854/21/6 3852/24/6 3849/22/6
f 3853/15/4 3849/17/4 3852/24/4
f 3855/25/1 3854/21/1 3851/19/1
f 3855/25/1 3856/26/1 3854/21/1
f 3856/26/5 3852/24/5 3854/21/5
f 3855/27/3 3853/15/3 3856/26/3
f 3856/26/5 3853/15/5 3852/24/5
f 3855/27/3 3850/28/3 3853/15/3
f 3850/18/2 3855/25/2 3851/19/2
f 3861/29/4 3858/30/4 3857/31/4
f 3858/32/6 3859/33/6 3857/34/6
f 3862/35/5 3857/36/5 3859/37/5
f 3862/35/5 3860/38/5 3857/36/5
f 3861/29/4 3857/31/4 3860/38/4
f 3863/39/1 3862/35/1 3859/33/1
f 3863/39/1 3864/40/1 3862/35/1
f 3864/40/3 3860/38/3 3862/35/3
f 3863/41/2 3861/29/2 3864/40/2
f 3864/40/3 3861/29/3 3860/38/3
f 3863/41/2 3858/42/2 3861/29/2
f 3858/32/6 3863/39/6 3859/33/6
f 3869/1/4 3866/2/4 3865/3/4
f 3866/4/2 3867/5/2 3865/6/2
f 3870/7/6 3865/8/6 3867/9/6
f 3870/7/6 3868/10/6 3865/8/6
f 3869/1/4 3865/3/4 3868/10/4
f 3871/11/1 3870/7/1 3867/5/1
f 3871/11/1 3872/12/1 3870/7/1
f 3872/12/5 3868/10/5 3870/7/5
f 3871/13/3 3869/1/3 3872/12/3
f 3872/12/5 3869/1/5 3868/10/5
f 3871/13/3 3866/14/3 3869/1/3
f 3866/4/2 3871/11/2 3867/5/2
f 3877/15/4 3874/16/4 3873/17/4
f 3874/18/2 3875/19/2 3873/20/2
f 3878/21/6 3873/22/6 3875/23/6
f 3878/21/6 3876/24/6 3873/22/6
f 3877/15/4 3873/17/4 3876/24/4
f 3879/25/1 3878/21/1 3875/19/1
f 3879/25/1 3880/26/1 3878/21/1
f 3880/26/5 3876/24/5 3878/21/5
f 3879/27/3 3877/15/3 3880/26/3
f 3880/26/5 3877/15/5 3876/24/5
f 3879/27/3 3874/28/3 3877/15/3
f 3874/18/2 3879/25/2 3875/19/2
f 3885/29/4 3882/30/4 3881/31/4
f 3882/32/6 3883/33/6 3881/34/6
f 3886/35/5 3881/36/5 3883/37/5
f 3886/35/5 3884/38/5 3881/36/5
f 3885/29/4 3881/31/4 3884/38/4
f 3887/39/1 3886/35/1 3883/33/1
f 3887/39/1 3888/40/1 3886/35/1
f 3888/40/3 3884/38/3 3886/35/3
f 3887/41/2 3885/29/2 3888/40/2
f 3888/40/3 3885/29/3 3884/38/3
f 3887/41/2 3882/42/2 3885/29/2
f 3882/32/6 3887/39/6 3883/33/6
f 3893/1/4 3890/2/4 3889/3/4
f 3890/4/2 3891/5/2 3889/6/2
f 3894/7/6 3889/8/6 3891/9/6
f 3894/7/6 3892/10/6 3889/8/6
f 3893/1/4 3889/3/4 3892/10/4
f 3895/11/1 3894/7/1 3891/5/1
f 3895/11/1 3896/12/1 3894/7/1
f 3896/12/5 3892/10/5 3894/7/5
f 3895/13/3 3893/1/3 3896/12/3
f 3896/12/5 3893/1/5 3892/10/5
f 3895/13/3 3890/14/3 3893/1/3
f 3890/4/2 3895/11/2 3891/5/2
f 3901/15/4 3898/16/4 3897/17/4
f 3898/18/2 3899/19/2 3897/20/2
f 3902/21/6 3897/22/6 3899/23/6
f 3902/21/6 3900/24/6 3897/22/6
f 3901/15/4 3897/17/4 3900/24/4
f 3903/25/1 3902/21/1 3899/19/1
f 3903/25/1 3904/26/1 3902/21/1
f 3904/26/5 3900/24/5 3902/21/5
f 3903/27/3 3901/15/3 3904/26/3
f 3904/26/5 3901/15/5 3900/24/5
f 3903/27/3 3898/28/3 3901/15/3
f 3898/18/2 3903/25/2 3899/19/2
f 3909/29/4 3906/30/4 3905/31/4
f 3906/32/6 3907/33/6 3905/34/6
f 3910/35/5 3905/36/5 3907/37/5
f 3910/35/5 3908/38/5 3905/36/5
f 3909/29/4 3905/31/4 3908/38/4
f 3911/39/1 3910/35/1 3907/33/1
f 3911/39/1 3912/40/1 3910/35/1
f 3912/40/3 3908/38/3 3910/35/3
f 3911/41/2 3909/29/2 3912/40/2
f 3912/40/3 3909/29/3 3908/38/3
f 3911/41/2 3906/42/2 3909/29/2
f 3906/32/6 3911/39/6 3907/33/6
f 3917/1/4 3914/2/4 3913/3/4
f 3914/4/2 3915/5/2 3913/6/2
f 3918/7/6 3913/8/6 3915/9/6
f 3918/7/6 3916/10/6 3913/8/6
f 3917/1/4 3913/3/4 3916/10/4
f 3919/11/1 3918/7/1 3915/5/1
f 3919/11/1 3920/12/1 3918/7/1
f 3920/12/5 3916/10/5 3918/7/5
f 3919/13/3 3917/1/3 3920/12/3
f 3920/12/5 3917/1/5 3916/10/5
f 3919/13/3 3914/14/3 3917/1/3
f 3914/4/2 3919/11/2 3915/5/2
f 3925/15/4 3922/16/4 3921/17/4
f 3922/18/2 3923/19/2 3921/20/2
f 3926/21/6 3921/22/6 3923/23/6
f 3926/21/6 3924/24/6 3921/22/6
f 3925/15/4 3921/17/4 3924/24/4
f 3927/25/1 3926/21/1 3923/19/1
f 3927/25/1 3928/26/1 3926/21/1
f 3928/26/5 3924/24/5 3926/21/5
f 3927/27/3 3925/15/3 3928/26/3
f 3928/26/5 3925/15/5 3924/24/5
f 3927/27/3 3922/28/3 3925/15/3
f 3922/18/2 3927/25/2 3923/19/2
f 3933/29/4 3930/30/4 3929/31/4
f 3930/32/6 3931/33/6 3929/34/6
f 3934/35/5 3929/36/5 3931/37/5
f 3934/35/5 3932/38/5 3929/36/5
f 3933/29/4 3929/31/4 3932/38/4
f 3935/39/1 3934/35/1 3931/33/1
f 3935/39/1 3936/40/1 3934/35/1
f 3936/40/3 3932/38/3 3934/35/3
f 3935/41/2 3933/29/2 3936/40/2
f 3936/40/3 3933/29/3 3932/38/3
f 3935/41/2 3930/42/2 3933/29/2
f 3930/32/6 3935/39/6 3931/33/6
f 3941/1/4 3938/2/4 3937/3/4
f 3938/4/2 3939/5/2 3937/6/2
f 3942/7/6 3937/8/6 3939/9/6
f 3942/7/6 3940/10/6 3937/8/6
f 3941/1/4 3937/3/4 3940/10/4
f 3943/11/1 3942/7/1 3939/5/1
f 3943/11/1 3944/12/1 3942/7/1
f 3944/12/5 3940/10/5 3942/7/5
f 3943/13/3 3941/1/3 3944/12/3
f 3944/12/5 3941/1/5 3940/10/5
f 3943/13/3 3938/14/3 3941/1/3
f 3938/4/2 3943/11/2 3939/5/2
f 3949/15/4 3946/16/4 3945/17/4
f 3946/18/2 3947/19/2 3945/20/2
f 3950/21/6 3945/22/6 3947/23/6
f 3950/21/6 3948/24/6 3945/22/6
f 3949/15/4 3945/17/4 3948/24/4
f 3951/25/1 3950/21/1 3947/19/1
f 3951/25/1 3952/26/1 3950/21/1
f 3952/26/5 3948/24/5 3950/21/5
f 3951/27/3 3949/15/3 3952/26/3
f 3952/26/5 3949/15/5 3948/24/5
f 3951/27/3 3946/28/3 3949/15/3
f 3946/18/2 3951/25/2 3947/19/2
f 3957/29/4 3954/30/4 3953/31/4
f 3954/32/6 3955/33/6 3953/34/6
f 3958/35/5 3953/36/5 3955/37/5
f 3958/35/5 3956/38/5 3953/36/5
f 3957/29/4 3953/31/4 3956/38/4
f 3959/39/1 3958/35/1 3955/33/1
f 3959/39/1 3960/40/1 3958/35/1
f 3960/40/3 3956/38/3 3958/35/3
f 3959/41/2 3957/29/2 3960/40/2
f 3960/40/3 3957/29/3 3956/38/3
f 3959/41/2 3954/42/2 3957/29/2
f 3954/32/6 3959/39/6 3955/33/6
f 3965/1/4 3962/2/4 3961/3/4
f 3962/4/2 3963/5/2 3961/6/2
f 3966/7/6 3961/8/6 3963/9/6
f 3966/7/6 3964/10/6 3961/8/6
f 3965/1/4 3961/3/4 3964/10/4
f 3967/11/1 3966/7/1 3963/5/1
f 3967/11/1 3968/12/1 3966/7/1
f 3968/12/5 3964/10/5 3966/7/5
f 3967/13/3 3965/1/3 3968/12/3
f 3968/12/5 3965/1/5 3964/10/5
f 3967/13/3 3962/14/3 3965/1/3
f 3962/4/2 3967/11/2 3963/5/2
f 3973/15/4 3970/16/4 3969/17/4
f 3970/18/2 3971/19/2 3969/20/2
f 3974/21/6 3969/22/6 3971/23/6
f 3974/21/6 3972/24/6 3969/22/6
f 3973/15/4 3969/17/4 3972/24/4
f 3975/25/1 3974/21/1 3971/19/1
f 3975/25/1 3976/26/1 3974/21/1
f 3976/26/5 3972/24/5 3974/21/5
f 3975/27/3 3973/15/3 3976/26/3
f 3976/26/5 3973/15/5 3972/24/5
f 3975/27/3 3970/28/3 3973/15/3
f 3970/18/2 3975/25/2 3971/19/2
f 3981/29/4 3978/30/4 3977/31/4
f 3978/32/6 3979/33/6 3977/34/6
f 3982/35/5 3977/36/5 3979/37/5
f 3982/35/5 3980/38/5 3977/36/5
f 3981/29/4 3977/31/4 3980/38/4
f 3983/39/1 3982/35/1 3979/33/1
f 3983/39/1 3984/40/1 3982/35/1
f 3984/40/3 3980/38/3 3982/35/3
f 3983/41/2 3981/29/2 3984/40/2
f 3984/40/3 3981/29/3 3980/38/3
f 3983/41/2 3978/42/2 3981/29/2
f 3978/32/6 3983/39/6 3979/33/6
f 3989/1/4 3986/2/4 3985/3/4
f 3986/4/2 3987/5/2 3985/6/2
f 3990/7/6 3985/8/6 3987/9/6
f 3990/7/6 3988/10/6 3985/8/6
f 3989/1/4 3985/3/4 3988/10/4
f 3991/11/1 3990/7/1 3987/5/1
f 3991/11/1 3992/12/1 3990/7/1
f 3992/12/5 3988/10/5 3990/7/5
f 3991/13/3 3989/1/3 3992/12/3
f 3992/12/5 3989/1/5 3988/10/5
f 3991/13/3 3986/14/3 3989/1/3
f 3986/4/2 3991/11/2 3987/5/2
f 3997/15/4 3994/16/4 3993/17/4
f 3994/18/2 3995/19/2 3993/20/2
f 3998/21/6 3993/22/6 3995/23/6
f 3998/21/6 3996/24/6 3993/22/6
f 3997/15/4 3993/17/4 3996/24/4
f 3999/25/1 3998/21/1 3995/19/1
f 3999/25/1 4000/26/1 3998/21/1
f 4000/26/5 3996/24/5 3998/21/5
f 3999/27/3 3997/15/3 4000/26/3
f 4000/26/5 3997/15/5 3996/24/5
f 3999/27/3 3994/28/3 3997/15/3
f 3994/18/2 3999/25/2 3995/19/2
f 4005/29/4 4002/30/4 4001/31/4
f 4002/32/6 4003/33/6 4001/34/6
f 4006/35/5 4001/36/5 4003/37/5
f 4006/35/5 4004/38/5 4001/36/5
f 4005/29/4 4001/31/4 4004/38/4
f 4007/39/1 4006/35/1 4003/33/1
f 4007/39/1 4008/40/1 4006/35/1
f 4008/40/3 4004/38/3 4006/35/3
f 4007/41/2 4005/29/2 4008/40/2
f 4008/40/3 4005/29/3 4004/38/3
f 4007/41/2 4002/42/2 4005/29/2
f 4002/32/6 4007/39/6 4003/33/6
f 4013/1/4 4010/2/4 4009/3/4
f 4010/4/2 4011/5/2 4009/6/2
f 4014/7/6 4009/8/6 4011/9/6
f 4014/7/6 4012/10/6 4009/8/6
f 4013/1/4 4009/3/4 4012/10/4
f 4015/11/1 4014/7/1 4011/5/1
f 4015/11/1 4016/12/1 4014/7/1
f 4016/12/5 4012/10/5 4014/7/5
f 4015/13/3 4013/1/3 4016/12/3
f 4016/12/5 4013/1/5 4012/10/5
f 4015/13/3 4010/14/3 4013/1/3
f 4010/4/2 4015/11/2 4011/5/2
f 4021/15/4 4018/16/4 4017/17/4
f 4018/18/2 4019/19/2 4017/20/2
f 4022/21/6 4017/22/6 4019/23/6
f 4022/21/6 4020/24/6 4017/22/6
f 4021/15/4 4017/17/4 4020/24/4
f 4023/25/1 4022/21/1 4019/19/1
f 4023/25/1 4024/26/1 4022/21/1
f 4024/26/5 4020/24/5 4022/21/5
f 4023/27/3 4021/15/3 4024/26/3
f 4024/26/5 4021/15/5 4020/24/5
f 4023/27/3 4018/28/3 4021/15/3
f 4018/18/2 4023/25/2 4019/19/2
f 4029/29/4 4026/30/4 4025/31/4
f 4026/32/6 4027/33/6 4025/34/6
f 4030/35/5 4025/36/5 4027/37/5
f 4030/35/5 4028/38/5 4025/36/5
f 4029/29/4 4025/31/4 4028/38/4
f 4031/39/1 4030/35/1 4027/33/1
f 4031/39/1 4032/40/1 4030/35/1
f 4032/40/3 4028/38/3 4030/35/3
f 4031/41/2 4029/29/2 4032/40/2
f 4032/40/3 4029/29/3 4028/38/3
f 4031/41/2 4026/42/2 4029/29/2
f 4026/32/6 4031/39/6 4027/33/6
f 4037/1/4 4034/2/4 4033/3/4
f 4034/4/2 4035/5/2 4033/6/2
f 4038/7/6 4033/8/6 4035/9/6
f 4038/7/6 4036/10/6 4033/8/6
f 4037/1/4 4033/3/4 4036/10/4
f 4039/11/1 4038/7/1 4035/5/1
f 4039/11/1 4040/12/1 4038/7/1
f 4040/12/5 4036/10/5 4038/7/5
f 4039/13/3 4037/1/3 4040/12/3
f 4040/12/5 4037/1/5 4036/10/5
f 4039/13/3 4034/14/3 4037/1/3
f 4034/4/2 4039/11/2 4035/5/2
f 4045/15/4 4042/16/4 4041/17/4
f 4042/18/2 4043/19/2 4041/20/2
f 4046/21/6 4041/22/6 4043/23/6
f 4046/21/6 4044/24/6 4041/22/6
f 4045/15/4 4041/17/4 4044/24/4
f 4047/25/1 4046/21/1 4043/19/1
f 4047/25/1 4048/26/1 4046/21/1
f 4048/26/5 4044/24/5 4046/21/5
f 4047/27/3 4045/15/3 4048/26/3
f 4048/26/5 4045/15/5 4044/24/5
f 4047/27/3 4042/28/3 4045/15/3
f 4042/18/2 4047/25/2 4043/19/2
f 4053/29/4 4050/30/4 4049/31/4
f 4050/32/6 4051/33/6 4049/34/6
f 4054/35/5 4049/36/5 4051/37/5
f 4054/35/5 4052/38/5 4049/36/5
f 4053/29/4 4049/31/4 4052/38/4
f 4055/39/1 4054/35/1 4051/33/1
f 4055/39/1 4056/40/1 4054/35/1
f 4056/40/3 4052/38/3 4054/35/3
f 4055/41/2 4053/29/2 4056/40/2
f 4056/40/3 4053/29/3 4052/38/3
f 4055/41/2 4050/42/2 4053/29/2
f 4050/32/6 4055/39/6 4051/33/6
f 4061/1/4 4058/2/4 4057/3/4
f 4058/4/2 4059/5/2 4057/6/2
f 4062/7/6 4057/8/6 4059/9/6
f 4062/7/6 4060/10/6 4057/8/6
f 4061/1/4 4057/3/4 4060/10/4
f 4063/11/1 4062/7/1 4059/5/1
f 4063/11/1 4064/12/1 4062/7/1
f 4064/12/5 4060/10/5 4062/7/5
f 4063/13/3 4061/1/3 4064/12/3
f 4064/12/5 4061/1/5 4060/10/5
f 4063/13/3 4058/14/3 4061/1/3
f 4058/4/2 4063/11/2 4059/5/2
f 4069/15/4 4066/16/4 4065/17/4
f 4066/18/2 4067/19/2 4065/20/2
f 4070/21/6 4065/22/6 4067/23/6
f 4070/21/6 4068/24/6 4065/22/6
f 4069/15/4 4065/17/4 4068/24/4
f 4071/25/1 4070/21/1 4067/19/1
f 4071/25/1 4072/26/1 4070/21/1
f 4072/26/5 4068/24/5 4070/21/5
f 4071/27/3 4069/15/3 4072/26/3
f 4072/26/5 4069/15/5 4068/24/5
f 4071/27/3 4066/28/3 4069/15/3
f 4066/18/2 4071/25/2 4067/19/2
f 4077/29/4 4074/30/4 4073/31/4
f 4074/32/6 4075/33/6 4073/34/6
f 4078/35/5 4073/36/5 4075/37/5
f 4078/35/5 4076/38/5 4073/36/5
f 4077/29/4 4073/31/4 4076/38/4
f 4079/39/1 4078/35/1 4075/33/1
f 4079/39/1 4080/40/1 4078/35/1
f 4080/40/3 4076/38/3 4078/35/3
f 4079/41/2 4077/29/2 4080/40/2
f 4080/40/3 4077/29/3 4076/38/3
f 4079/41/2 4074/42/2 4077/29/2
f 4074/32/6 4079/39/6 4075/33/6
f 4085/1/4 4082/2/4 4081/3/4
f 4082/4/2 4083/5/2 4081/6/2
f 4086/7/6 4081/8/6 4083/9/6
f 4086/7/6 4084/10/6 4081/8/6
f 4085/1/4 4081/3/4 4084/10/4
f 4087/11/1 4086/7/1 4083/5/1
f 4087/11/1 4088/12/1 4086/7/1
f 4088/12/5 4084/10/5 4086/7/5
f 4087/13/3 4085/1/3 4088/12/3
f 4088/12/5 4085/1/5 4084/10/5
f 4087/13/3 4082/14/3 4085/1/3
f 4082/4/2 4087/11/2 4083/5/2
f 4093/15/4 4090/16/4 4089/17/4
f 4090/18/2 4091/19/2 4089/20/2
f 4094/21/6 4089/22/6 4091/23/6
f 4094/21/6 4092/24/6 4089/22/6
f 4093/15/4 4089/17/4 4092/24/4
f 4095/25/1 4094/21/1 4091/19/1
f 4095/25/1 4096/26/1 4094/21/1
f 4096/26/5 4092/24/5 4094/21/5
f 4095/27/3 4093/15/3 4096/26/3
f 4096/26/5 4093/15/5 4092/24/5
f 4095/27/3 4090/28/3 4093/15/3
f 4090/18/2 4095/25/2 4091/19/2
f 4101/29/4 4098/30/4 4097/31/4
f 4098/32/6 4099/33/6 4097/34/6
f 4102/35/5 4097/36/5 4099/37/5
f 4102/35/5 4100/38/5 4097/36/5
f 4101/29/4 4097/31/4 4100/38/4
f 4103/39/1 4102/35/1 4099/33/1
f 4103/39/1 4104/40/1 4102/35/1
f 4104/40/3 4100/38/3 4102/35/3
f 4103/41/2 4101/29/2 4104/40/2
f 4104/40/3 4101/29/3 4100/38/3
f 4103/41/2 4098/42/2 4101/29/2
f 4098/32/6 4103/39/6 4099/33/6
f 4109/1/4 4106/2/4 4105/3/4
f 4106/4/2 4107/5/2 4105/6/2
f 4110/7/6 4105/8/6 4107/9/6
f 4110/7/6 4108/10/6 4105/8/6
f 4109/1/4 4105/3/4 4108/10/4
f 4111/11/1 4110/7/1 4107/5/1
f 4111/11/1 4112/12/1 4110/7/1
f 4112/12/5 4108/10/5 4110/7/5
f 4111/13/3 4109/1/3 4112/12/3
f 4112/12/5 4109/1/5 4108/10/5
f 4111/13/3 4106/14/3 4109/1/3
f 4106/4/2 4111/11/2 4107/5/2
f 4117/15/4 4114/16/4 4113/17/4
f 4114/18/2 4115/19/2 4113/20/2
f 4118/21/6 4113/22/6 4115/23/6
f 4118/21/6 4116/24/6 4113/22/6
f 4117/15/4 4113/17/4 4116/24/4
f 4119/25/1 4118/21/1 4115/19/1
f 4119/25/1 4120/26/1 4118/21/1
f 4120/26/5 4116/24/5 4118/21/5
f 4119/27/3 4117/15/3 4120/26/3
f 4120/26/5 4117/15/5 4116/24/5
f 4119/27/3 4114/28/3 4117/15/3
f 4114/18/2 4119/25/2 4115/19/2
f 4125/29/4 4122/30/4 4121/31/4
f 4122/32/6 4123/33/6 4121/34/6
f 4126/35/5 4121/36/5 4123/37/5
f 4126/35/5 4124/38/5 4121/36/5
f 4125/29/4 4121/31/4 4124/38/4
f 4127/39/1 4126/35/1 4123/33/1
f 4127/39/1 4128/40/1 4126/35/1
f 4128/40/3 4124/38/3 4126/35/3
f 4127/41/2 4125/29/2 4128/40/2
f 4128/40/3 4125/29/3 4124/38/3
f 4127/41/2 4122/42/2 4125/29/2
f 4122/32/6 4127/39/6 4123/33/6
f 4133/1/4 4130/2/4 4129/3/4
f 4130/4/2 4131/5/2 4129/6/2
f 4134/7/6 4129/8/6 4131/9/6
f 4134/7/6 4132/10/6 4129/8/6
f 4133/1/4 4129/3/4 4132/10/4
f 4135/11/1 4134/7/1 4131/5/1
f 4135/11/1 4136/12/1 4134/7/1
f 4136/12/5 4132/10/5 4134/7/5
f 4135/13/3 4133/1/3 4136/12/3
f 4136/12/5 4133/1/5 4132/10/5
f 4135/13/3 4130/14/3 4133/1/3
f 4130/4/2 4135/11/2 4131/5/2
f 4141/15/4 4138/16/4 4137/17/4
f 4138/18/2 4139/19/2 4137/20/2
f 4142/21/6 4137/22/6 4139/23/6
f 4142/21/6 4140/24/6 4137/22/6
f 4141/15/4 4137/17/4 4140/24/4
f 4143/25/1 4142/21/1 4139/19/1
f 4143/25/1 4144/26/1 4142/21/1
f 4144/26/5 4140/24/5 4142/21/5
f 4143/27/3 4141/15/3 4144/26/3
f 4144/26/5 4141/15/5 4140/24/5
f 4143/27/3 4138/28/3 4141/15/3
f 4138/18/2 4143/25/2 4139/19/2
f 4149/29/4 4146/30/4 4145/31/4
f 4146/32/6 4147/33/6 4145/34/6
f 4150/35/5 4145/36/5 4147/37/5
f 4150/35/5 4148/38/5 4145/36/5
f 4149/29/4 4145/31/4 4148/38/4
f 4151/39/1 4150/35/1 4147/33/1
f 4151/39/1 4152/40/1 4150/35/1
f 4152/40/3 4148/38/3 4150/35/3
f 4151/41/2 4149/29/2 4152/40/2
f 4152/40/3 4149/29/3 4148/38/3
f 4151/41/2 4146/42/2 4149/29/2
f 4146/32/6 4151/39/6 4147/33/6
f 4157/1/4 4154/2/4 4153/3/4
f 4154/4/2 4155/5/2 4153/6/2
f 4158/7/6 4153/8/6 4155/9/6
f 4158/7/6 4156/10/6 4153/8/6
f 4157/1/4 4153/3/4 4156/10/4
f 4159/11/1 4158/7/1 4155/5/1
f 4159/11/1 4160/12/1 4158/7/1
f 4160/12/5 4156/10/5 4158/7/5
f 4159/13/3 4157/1/3 4160/12/3
f 4160/12/5 4157/1/5 4156/10/5
f 4159/13/3 4154/14/3 4157/1/3
f 4154/4/2 4159/11/2 4155/5/2
f 4165/15/4 4162/16/4 4161/17/4
f 4162/18/2 4163/19/2 4161/20/2
f 4166/21/6 4161/22/6 4163/23/6
f 4166/21/6 4164/24/6 4161/22/6
f 4165/15/4 4161/17/4 4164/24/4
f 4167/25/1 4166/21/1 4163/19/1
f 4167/25/1 4168/26/1 4166/21/1
f 4168/26/5 4164/24/5 4166/21/5
f 4167/27/3 4165/15/3 4168/26/3
f 4168/26/5 4165/15/5 4164/24/5
f 4167/27/3 4162/28/3 4165/15/3
f 4162/18/2 4167/25/2 4163/19/2
f 4173/29/4 4170/30/4 4169/31/4
f 4170/32/6 4171/33/6 4169/34/6
f 4174/35/5 4169/36/5 4171/37/5
f 4174/35/5 4172/38/5 4169/36/5
f 4173/29/4 4169/31/4 4172/38/4
f 4175/39/1 4174/35/1 4171/33/1
f 4175/39/1 4176/40/1 4174/35/1
f 4176/40/3 4172/38/3 4174/35/3
f 4175/41/2 4173/29/2 4176/40/2
f 4176/40/3 4173/29/3 4172/38/3
f 4175/41/2 4170/42/2 4173/29/2
f 4170/32/6 4175/39/6 4171/33/6
f 4181/1/4 4178/2/4 4177/3/4
f 4178/4/2 4179/5/2 4177/6/2
f 4182/7/6 4177/8/6 4179/9/6
f 4182/7/6 4180/10/6 4177/8/6
f 4181/1/4 4177/3/4 4180/10/4
f 4183/11/1 4182/7/1 4179/5/1
f 4183/11/1 4184/12/1 4182/7/1
f 4184/12/5 4180/10/5 4182/7/5
f 4183/13/3 4181/1/3 4184/12/3
f 4184/12/5 4181/1/5 4180/10/5
f 4183/13/3 4178/14/3 4181/1/3
f 4178/4/2 4183/11/2 4179/5/2
f 4189/15/4 4186/16/4 4185/17/4
f 4186/18/2 4187/19/2 4185/20/2
f 4190/21/6 4185/22/6 4187/23/6
f 4190/21/6 4188/24/6 4185/22/6
f 4189/15/4 4185/17/4 4188/24/4
f 4191/25/1 4190/21/1 4187/19/1
f 4191/25/1 4192/26/1 4190/21/1
f 4192/26/5 4188/24/5 4190/21/5
f 4191/27/3 4189/15/3 4192/26/3
f 4192/26/5 4189/15/5 4188/24/5
f 4191/27/3 4186/28/3 4189/15/3
f 4186/18/2 4191/25/2 4187/19/2
f 4197/29/4 4194/30/4 4193/31/4
f 4194/32/6 4195/33/6 4193/34/6
f 4198/35/5 4193/36/5 4195/37/5
f 4198/35/5 4196/38/5 4193/36/5
f 4197/29/4 4193/31/4 4196/38/4
f 4199/39/1 4198/35/1 4195/33/1
f 4199/39/1 4200/40/1 4198/35/1
f 4200/40/3 4196/38/3 4198/35/3
f 4199/41/2 4197/29/2 4200/40/2
f 4200/40/3 4197/29/3 4196/38/3
f 4199/41/2 4194/42/2 4197/29/2
f 4194/32/6 4199/39/6 4195/33/6
f 4205/1/4 4202/2/4 4201/3/4
f 4202/4/2 4203/5/2 4201/6/2
f 4206/7/6 4201/8/6 4203/9/6
f 4206/7/6 4204/10/6 4201/8/6
f 4205/1/4 4201/3/4 4204/10/4
f 4207/11/1 4206/7/1 4203/5/1
f 4207/11/1 4208/12/1 4206/7/1
f 4208/12/5 4204/10/5 4206/7/5
f 4207/13/3 4205/1/3 4208/12/3
f 4208/12/5 4205/1/5 4204/10/5
f 4207/13/3 4202/14/3 4205/1/3
f 4202/4/2 4207/11/2 4203/5/2
f 4213/15/4 4210/16/4 4209/17/4
f 4210/18/2 4211/19/2 4209/20/2
f 4214/21/6 4209/22/6 4211/23/6
f 4214/21/6 4212/24/6 4209/22/6
f 4213/15/4 4209/17/4 4212/24/4
f 4215/25/1 4214/21/1 4211/19/1
f 4215/25/1 4216/26/1 4214/21/1
f 4216/26/5 4212/24/5 4214/21/5
f 4215/27/3 4213/15/3 4216/26/3
f 4216/26/5 4213/15/5 4212/24/5
f 4215/27/3 4210/28/3 4213/15/3
f 4210/18/2 4215/25/2 4211/19/2
f 4221/29/4 4218/30/4 4217/31/4
f 4218/32/6 4219/33/6 4217/34/6
f 4222/35/5 4217/36/5 4219/37/5
f 4222/35/5 4220/38/5 4217/36/5
f 4221/29/4 4217/31/4 4220/38/4
f 4223/39/1 4222/35/1 4219/33/1
f 4223/39/1 4224/40/1 4222/35/1
f 4224/40/3 4220/38/3 4222/35/3
f 4223/41/2 4221/29/2 4224/40/2
f 4224/40/3 4221/29/3 4220/38/3
f 4223/41/2 4218/42/2 4221/29/2
f 4218/32/6 4223/39/6 4219/33/6
f 4229/1/4 4226/2/4 4225/3/4
f 4226/4/2 4227/5/2 4225/6/2
f 4230/7/6 4225/8/6 4227/9/6
f 4230/7/6 4228/10/6 4225/8/6
f 4229/1/4 4225/3/4 4228/10/4
f 4231/11/1 4230/7/1 4227/5/1
f 4231/11/1 4232/12/1 4230/7/1
f 4232/12/5 4228/10/5 4230/7/5
f 4231/13/3 4229/1/3 4232/12/3
f 4232/12/5 4229/1/5 4228/10/5
f 4231/13/3 4226/14/3 4229/1/3
f 4226/4/2 4231/11/2 4227/5/2
f 4237/15/4 4234/16/4 4233/17/4
f 4234/18/2 4235/19/2 4233/20/2
f 4238/21/6 4233/22/6 4235/23/6
f 4238/21/6 4236/24/6 4233/22/6
f 4237/15/4 4233/17/4 4236/24/4
f 4239/25/1 4238/21/1 4235/19/1
f 4239/25/1 4240/26/1 4238/21/1
f 4240/26/5 4236/24/5 4238/21/5
f 4239/27/3 4237/15/3 4240/26/3
f 4240/26/5 4237/15/5 4236/24/5
f 4239/27/3 4234/28/3 4237/15/3
f 4234/18/2 4239/25/2 4235/19/2
f 4245/29/4 4242/30/4 4241/31/4
f 4242/32/6 4243/33/6 4241/34/6
f 4246/35/5 4241/36/5 4243/37/5
f 4246/35/5 4244/38/5 4241/36/5
f 4245/29/4 4241/31/4 4244/38/4
f 4247/39/1 4246/35/1 4243/33/1
f 4247/39/1 4248/40/1 4246/35/1
f 4248/40/3 4244/38/3 4246/35/3
f 4247/41/2 4245/29/2 4248/40/2
f 4248/40/3 4245/29/3 4244/38/3
f 4247/41/2 4242/42/2 4245/29/2
f 4242/32/6 4247/39/6 4243/33/6
f 4253/1/4 4250/2/4 4249/3/4
f 4250/4/2 4251/5/2 4249/6/2
f 4254/7/6 4249/8/6 4251/9/6
f 4254/7/6 4252/10/6 4249/8/6
f 4253/1/4 4249/3/4 4252/10/4
f 4255/11/1 4254/7/1 4251/5/1
f 4255/11/1 4256/12/1 4254/7/1
f 4256/12/5 4252/10/5 4254/7/5
f 4255/13/3 4253/1/3 4256/12/3
f 4256/12/5 4253/1/5 4252/10/5
f 4255/13/3 4250/14/3 4253/1/3
f 4250/4/2 4255/11/2 4251/5/2
f 4261/15/4 4258/16/4 4257/17/4
f 4258/18/2 4259/19/2 4257/20/2
f 4262/21/6 4257/22/6 4259/23/6
f 4262/21/6 4260/24/6 4257/22/6
f 4261/15/4 4257/17/4 4260/24/4
f 4263/25/1 4262/21/1 4259/19/1
f 4263/25/1 4264/26/1 4262/21/1
f 4264/26/5 4260/24/5 4262/21/5
f 4263/27/3 4261/15/3 4264/26/3
f 4264/26/5 4261/15/5 4260/24/5
f 4263/27/3 4258/28/3 4261/15/3
f 4258/18/2 4263/25/2 4259/19/2
f 4269/29/4 4266/30/4 4265/31/4
f 4266/32/6 4267/33/6 4265/34/6
f 4270/35/5 4265/36/5 4267/37/5
f 4270/35/5 4268/38/5 4265/36/5
f 4269/29/4 4265/31/4 4268/38/4
f 4271/39/1 4270/35/1 4267/33/1
f 4271/39/1 4272/40/1 4270/35/1
f 4272/40/3 4268/38/3 4270/35/3
f 4271/41/2 4269/29/2 4272/40/2
f 4272/40/3 4269/29/3 4268/38/3
f 4271/41/2 4266/42/2 4269/29/2
f 4266/32/6 4271/39/6 4267/33/6
f 4277/1/4 4274/2/4 4273/3/4
f 4274/4/2 4275/5/2 4273/6/2
f 4278/7/6 4273/8/6 4275/9/6
f 4278/7/6 4276/10/6 4273/8/6
f 4277/1/4 4273/3/4 4276/10/4
f 4279/11/1 4278/7/1 4275/5/1
f 4279/11/1 4280/12/1 4278/7/1
f 4280/12/5 4276/10/5 4278/7/5
f 4279/13/3 4277/1/3 4280/12/3
f 4280/12/5 4277/1/5 4276/10/5
f 4279/13/3 4274/14/3 4277/1/3
f 4274/4/2 4279/11/2 4275/5/2
f 4285/15/4 4282/16/4 4281/17/4
f 4282/18/2 4283/19/2 4281/20/2
f 4286/21/6 4281/22/6 4283/23/6
f 4286/21/6 4284/24/6 4281/22/6
f 4285/15/4 4281/17/4 4284/24/4
f 4287/25/1 4286/21/1 4283/19/1
f 4287/25/1 4288/26/1 4286/21/1
f 4288/26/5 4284/24/5 4286/21/5
f 4287/27/3 4285/15/3 4288/26/3
f 4288/26/5 4285/15/5 4284/24/5
f 4287/27/3 4282/28/3 4285/15/3
f 4282/18/2 4287/25/2 4283/19/2
f 4293/29/4 4290/30/4 4289/31/4
f 4290/32/6 4291/33/6 4289/34/6
f 4294/35/5 4289/36/5 4291/37/5
f 4294/35/5 4292/38/5 4289/36/5
f 4293/29/4 4289/31/4 4292/38/4
f 4295/39/1 4294/35/1 4291/33/1
f 4295/39/1 4296/40/1 4294/35/1
f 4296/40/3 4292/38/3 4294/35/3
f 4295/41/2 4293/29/2 4296/40/2
f 4296/40/3 4293/29/3 4292/38/3
f 4295/41/2 4290/42/2 4293/29/2
f 4290/32/6 4295/39/6 4291/33/6
f 4301/1/4 4298/2/4 4297/3/4
f 4298/4/2 4299/5/2 4297/6/2
f 4302/7/6 4297/8/6 4299/9/6
f 4302/7/6 4300/10/6 4297/8/6
f 4301/1/4 4297/3/4 4300/10/4
f 4303/11/1 4302/7/1 4299/5/1
f 4303/11/1 4304/12/1 4302/7/1
f 4304/12/5 4300/10/5 4302/7/5
f 4303/13/3 4301/1/3 4304/12/3
f 4304/12/5 4301/1/5 4300/10/5
f 4303/13/3 4298/14/3 4301/1/3
f 4298/4/2 4303/11/2 4299/5/2
f 4309/15/4 4306/16/4 4305/17/4
f 4306/18/2 4307/19/2 4305/20/2
f 4310/21/6 4305/22/6 4307/23/6
f 4310/21/6 4308/24/6 4305/22/6
f 4309/15/4 4305/17/4 4308/24/4
f 4311/25/1 4310/21/1 4307/19/1
f 4311/25/1 4312/26/1 4310/21/1
f 4312/26/5 4308/24/5 4310/21/5
f 4311/27/3 4309/15/3 4312/26/3
f 4312/26/5 4309/15/5 4308/24/5
f 4311/27/3 4306/28/3 4309/15/3
f 4306/18/2 4311/25/2 4307/19/2
f 4317/29/4 4314/30/4 4313/31/4
f 4314/32/6 4315/33/6 4313/34/6
f 4318/35/5 4313/36/5 4315/37/5
f 4318/35/5 4316/38/5 4313/36/5
f 4317/29/4 4313/31/4 4316/38/4
f 4319/39/1 4318/35/1 4315/33/1
f 4319/39/1 4320/40/1 4318/35/1
f 4320/40/3 4316/38/3 4318/35/3
f 4319/41/2 4317/29/2 4320/40/2
f 4320/40/3 4317/29/3 4316/38/3
f 4319/41/2 4314/42/2 4317/29/2
f 4314/32/6 4319/39/6 4315/33/6
f 4325/1/6 4322/2/6 4321/3/6
f 4322/4/2 4323/5/2 4321/6/2
f 4326/7/1 4321/8/1 4323/9/1
f 4326/7/1 4324/10/1 4321/8/1
f 4325/1/6 4321/3/6 4324/10/6
f 4327/11/3 4326/7/3 4323/5/3
f 4327/11/3 4328/12/3 4326/7/3
f 4328/12/5 4324/10/5 4326/7/5
f 4327/13/4 4325/1/4 4328/12/4
f 4328/12/5 4325/1/5 4324/10/5
f 4327/13/4 4322/14/4 4325/1/4
f 4322/4/2 4327/11/2 4323/5/2
f 4333/15/6 4330/16/6 4329/17/6
f 4330/18/2 4331/19/2 4329/20/2
f 4334/21/1 4329/22/1 4331/23/1
f 4334/21/1 4332/24/1 4329/22/1
f 4333/15/6 4329/17/6 4332/24/6
f 4335/25/3 4334/21/3 4331/19/3
f 4335/25/3 4336/26/3 4334/21/3
f 4336/26/5 4332/24/5 4334/21/5
f 4335/27/4 4333/15/4 4336/26/4
f 4336/26/5 4333/15/5 4332/24/5
f 4335/27/4 4330/28/4 4333/15/4
f 4330/18/2 4335/25/2 4331/19/2
f 4341/29/6 4338/30/6 4337/31/6
f 4338/32/1 4339/33/1 4337/34/1
f 4342/35/5 4337/36/5 4339/37/5
f 4342/35/5 4340/38/5 4337/36/5
f 4341/29/6 4337/31/6 4340/38/6
f 4343/39/3 4342/35/3 4339/33/3
f 4343/39/3 4344/40/3 4342/35/3
f 4344/40/4 4340/38/4 4342/35/4
f 4343/41/2 4341/29/2 4344/40/2
f 4344/40/4 4341/29/4 4340/38/4
f 4343/41/2 4338/42/2 4341/29/2
f 4338/32/1 4343/39/1 4339/33/1
f 4349/1/6 4346/2/6 4345/3/6
f 4346/4/2 4347/5/2 4345/6/2
f 4350/7/1 4345/8/1 4347/9/1
f 4350/7/1 4348/10/1 4345/8/1
f 4349/1/6 4345/3/6 4348/10/6
f 4351/11/3 4350/7/3 4347/5/3
f 4351/11/3 4352/12/3 4350/7/3
f 4352/12/5 4348/10/5 4350/7/5
f 4351/13/4 4349/1/4 4352/12/4
f 4352/12/5 4349/1/5 4348/10/5
f 4351/13/4 4346/14/4 4349/1/4
f 4346/4/2 4351/11/2 4347/5/2
f 4357/15/6 4354/16/6 4353/17/6
f 4354/18/2 4355/19/2 4353/20/2
f 4358/21/1 4353/22/1 4355/23/1
f 4358/21/1 4356/24/1 4353/22/1
f 4357/15/6 4353/17/6 4356/24/6
f 4359/25/3 4358/21/3 4355/19/3
f 4359/25/3 4360/26/3 4358/21/3
f 4360/26/5 4356/24/5 4358/21/5
f 4359/27/4 4357/15/4 4360/26/4
f 4360/26/5 4357/15/5 4356/24/5
f 4359/27/4 4354/28/4 4357/15/4
f 4354/18/2 4359/25/2 4355/19/2
f 4365/29/6 4362/30/6 4361/31/6
f 4362/32/1 4363/33/1 4361/34/1
f 4366/35/5 4361/36/5 4363/37/5
f 4366/35/5 4364/38/5 4361/36/5
f 4365/29/6 4361/31/6 4364/38/6
f 4367/39/3 4366/35/3 4363/33/3
f 4367/39/3 4368/40/3 4366/35/3
f 4368/40/4 4364/38/4 4366/35/4
f 4367/41/2 4365/29/2 4368/40/2
f 4368/40/4 4365/29/4 4364/38/4
f 4367/41/2 4362/42/2 4365/29/2
f 4362/32/1 4367/39/1 4363/33/1
f 4373/1/6 4370/2/6 4369/3/6
f 4370/4/2 4371/5/2 4369/6/2
f 4374/7/1 4369/8/1 4371/9/1
f 4374/7/1 4372/10/1 4369/8/1
f 4373/1/6 4369/3/6 4372/10/6
f 4375/11/3 4374/7/3 4371/5/3
f 4375/11/3 4376/12/3 4374/7/3
f 4376/12/5 4372/10/5 4374/7/5
f 4375/13/4 4373/1/4 4376/12/4
f 4376/12/5 4373/1/5 4372/10/5
f 4375/13/4 4370/14/4 4373/1/4
f 4370/4/2 4375/11/2 4371/5/2
f 4381/15/6 4378/16/6 4377/17/6
f 4378/18/2 4379/19/2 4377/20/2
f 4382/21/1 4377/22/1 4379/23/1
f 4382/21/1 4380/24/1 4377/22/1
f 4381/15/6 4377/17/6 4380/24/6
f 4383/25/3 4382/21/3 4379/19/3
f 4383/25/3 4384/26/3 4382/21/3
f 4384/26/5 4380/24/5 4382/21/5
f 4383/27/4 4381/15/4 4384/26/4
f 4384/26/5 4381/15/5 4380/24/5
f 4383/27/4 4378/28/4 4381/15/4
f 4378/18/2 4383/25/2 4379/19/2
f 4389/29/6 4386/30/6 4385/31/6
f 4386/32/1 4387/33/1 4385/34/1
f 4390/35/5 4385/36/5 4387/37/5
f 4390/35/5 4388/38/5 4385/36/5
f 4389/29/6 4385/31/6 4388/38/6
f 4391/39/3 4390/35/3 4387/33/3
f 4391/39/3 4392/40/3 4390/35/3
f 4392/40/4 4388/38/4 4390/35/4
f 4391/41/2 4389/29/2 4392/40/2
f 4392/40/4 4389/29/4 4388/38/4
f 4391/41/2 4386/42/2 4389/29/2
f 4386/32/1 4391/39/1 4387/33/1
f 4397/1/6 4394/2/6 4393/3/6
f 4394/4/2 4395/5/2 4393/6/2
f 4398/7/1 4393/8/1 4395/9/1
f 4398/7/1 4396/10/1 4393/8/1
f 4397/1/6 4393/3/6 4396/10/6
f 4399/11/3 4398/7/3 4395/5/3
f 4399/11/3 4400/12/3 4398/7/3
f 4400/12/5 4396/10/5 4398/7/5
f 4399/13/4 4397/1/4 4400/12/4
f 4400/12/5 4397/1/5 4396/10/5
f 4399/13/4 4394/14/4 4397/1/4
f 4394/4/2 4399/11/2 4395/5/2
f 4405/15/6 4402/16/6 4401/17/6
f 4402/18/2 4403/19/2 4401/20/2
f 4406/21/1 4401/22/1 4403/23/1
f 4406/21/1 4404/24/1 4401/22/1
f 4405/15/6 4401/17/6 4404/24/6
f 4407/25/3 4406/21/3 4403/19/3
f 4407/25/3 4408/26/3 4406/21/3
f 4408/26/5 4404/24/5 4406/21/5
f 4407/27/4 4405/15/4 4408/26/4
f 4408/26/5 4405/15/5 4404/24/5
f 4407/27/4 4402/28/4 4405/15/4
f 4402/18/2 4407/25/2 4403/19/2
f 4413/29/6 4410/30/6 4409/31/6
f 4410/32/1 4411/33/1 4409/34/1
f 4414/35/5 4409/36/5 4411/37/5
f 4414/35/5 4412/38/5 4409/36/5
f 4413/29/6 4409/31/6 4412/38/6
f 4415/39/3 4414/35/3 4411/33/3
f 4415/39/3 4416/40/3 4414/35/3
f 4416/40/4 4412/38/4 4414/35/4
f 4415/41/2 4413/29/2 4416/40/2
f 4416/40/4 4413/29/4 4412/38/4
f 4415/41/2 4410/42/2 4413/29/2
f 4410/32/1 4415/39/1 4411/33/1
f 4421/1/6 4418/2/6 4417/3/6
f 4418/4/2 4419/5/2 4417/6/2
f 4422/7/1 4417/8/1 4419/9/1
f 4422/7/1 4420/10/1 4417/8/1
f 4421/1/6 4417/3/6 4420/10/6
f 4423/11/3 4422/7/3 4419/5/3
f 4423/11/3 4424/12/3 4422/7/3
f 4424/12/5 4420/10/5 4422/7/5
f 4423/13/4 4421/1/4 4424/12/4
f 4424/12/5 4421/1/5 4420/10/5
f 4423/13/4 4418/14/4 4421/1/4
f 4418/4/2 4423/11/2 4419/5/2
f 4429/15/6 4426/16/6 4425/17/6
f 4426/18/2 4427/19/2 4425/20/2
f 4430/21/1 4425/22/1 4427/23/1
f 4430/21/1 4428/24/1 4425/22/1
f 4429/15/6 4425/17/6 4428/24/6
f 4431/25/3 4430/21/3 4427/19/3
f 4431/25/3 4432/26/3 4430/21/3
f 4432/26/5 4428/24/5 4430/21/5
f 4431/27/4 4429/15/4 4432/26/4
f 4432/26/5 4429/15/5 4428/24/5
f 4431/27/4 4426/28/4 4429/15/4
f 4426/18/2 4431/25/2 4427/19/2
f 4437/29/6 4434/30/6 4433/31/6
f 4434/32/1 4435/33/1 4433/34/1
f 4438/35/5 4433/36/5 4435/37/5
f 4438/35/5 4436/38/5 4433/36/5
f 4437/29/6 4433/31/6 4436/38/6
f 4439/39/3 4438/35/3 4435/33/3
f 4439/39/3 4440/40/3 4438/35/3
f 4440/40/4 4436/38/4 4438/35/4
f 4439/41/2 4437/29/2 4440/40/2
f 4440/40/4 4437/29/4 4436/38/4
f 4439/41/2 4434/42/2 4437/29/2
f 4434/32/1 4439/39/1 4435/33/1
f 4445/1/6 4442/2/6 4441/3/6
f 4442/4/2 4443/5/2 4441/6/2
f 4446/7/1 4441/8/1 4443/9/1
f 4446/7/1 4444/10/1 4441/8/1
f 4445/1/6 4441/3/6 4444/10/6
f 4447/11/3 4446/7/3 4443/5/3
f 4447/11/3 4448/12/3 4446/7/3
f 4448/12/5 4444/10/5 4446/7/5
f 4447/13/4 4445/1/4 4448/12/4
f 4448/12/5 4445/1/5 4444/10/5
f 4447/13/4 4442/14/4 4445/1/4
f 4442/4/2 4447/11/2 4443/5/2
f 4453/15/6 4450/16/6 4449/17/6
f 4450/18/2 4451/19/2 4449/20/2
f 4454/21/1 4449/22/1 4451/23/1
f 4454/21/1 4452/24/1 4449/22/1
f 4453/15/6 4449/17/6 4452/24/6
f 4455/25/3 4454/21/3 4451/19/3
f 4455/25/3 4456/26/3 4454/21/3
f 4456/26/5 4452/24/5 4454/21/5
f 4455/27/4 4453/15/4 4456/26/4
f 4456/26/5 4453/15/5 4452/24/5
f 4455/27/4 4450/28/4 4453/15/4
f 4450/18/2 4455/25/2 4451/19/2
f 4461/29/6 4458/30/6 4457/31/6
f 4458/32/1 4459/33/1 4457/34/1
f 4462/35/5 4457/36/5 4459/37/5
f 4462/35/5 4460/38/5 4457/36/5
f 4461/29/6 4457/31/6 4460/38/6
f 4463/39/3 4462/35/3 4459/33/3
f 4463/39/3 4464/40/3 4462/35/3
f 4464/40/4 4460/38/4 4462/35/4
f 4463/41/2 4461/29/2 4464/40/2
f 4464/40/4 4461/29/4 4460/38/4
f 4463/41/2 4458/42/2 4461/29/2
f 4458/32/1 4463/39/1 4459/33/1
f 4469/1/6 4466/2/6 4465/3/6
f 4466/4/2 4467/5/2 4465/6/2
f 4470/7/1 4465/8/1 4467/9/1
f 4470/7/1 4468/10/1 4465/8/1
f 4469/1/6 4465/3/6 4468/10/6
f 4471/11/3 4470/7/3 4467/5/3
f 4471/11/3 4472/12/3 4470/7/3
f 4472/12/5 4468/10/5 4470/7/5
f 4471/13/4 4469/1/4 4472/12/4
f 4472/12/5 4469/1/5 4468/10/5
f 4471/13/4 4466/14/4 4469/1/4
f 4466/4/2 4471/11/2 4467/5/2
f 4477/15/6 4474/16/6 4473/17/6
f 4474/18/2 4475/19/2 4473/20/2
f 4478/21/1 4473/22/1 4475/23/1
f 4478/21/1 4476/24/1 4473/22/1
f 4477/15/6 4473/17/6 4476/24/6
f 4479/25/3 4478/21/3 4475/19/3
f 4479/25/3 4480/26/3 4478/21/3
f 4480/26/5 4476/24/5 4478/21/5
f 4479/27/4 4477/15/4 4480/26/4
f 4480/26/5 4477/15/5 4476/24/5
f 4479/27/4 4474/28/4 4477/15/4
f 4474/18/2 4479/25/2 4475/19/2
f 4485/29/6 4482/30/6 4481/31/6
f 4482/32/1 4483/33/1 4481/34/1
f 4486/35/5 4481/36/5 4483/37/5
f 4486/35/5 4484/38/5 4481/36/5
f 4485/29/6 4481/31/6 4484/38/6
f 4487/39/3 4486/35/3 4483/33/3
f 4487/39/3 4488/40/3 4486/35/3
f 4488/40/4 4484/38/4 4486/35/4
f 4487/41/2 4485/29/2 4488/40/2
f 4488/40/4 4485/29/4 4484/38/4
f 4487/41/2 4482/42/2 4485/29/2
f 4482/32/1 4487/39/1 4483/33/1
f 4493/1/6 4490/2/6 4489/3/6
f 4490/4/2 4491/5/2 4489/6/2
f 4494/7/1 4489/8/1 4491/9/1
f 4494/7/1 4492/10/1 4489/8/1
f 4493/1/6 4489/3/6 4492/10/6
f 4495/11/3 4494/7/3 4491/5/3
f 4495/11/3 4496/12/3 4494/7/3
f 4496/12/5 4492/10/5 4494/7/5
f 4495/13/4 4493/1/4 4496/12/4
f 4496/12/5 4493/1/5 4492/10/5
f 4495/13/4 4490/14/4 4493/1/4
f 4490/4/2 4495/11/2 4491/5/2
f 4501/15/6 4498/16/6 4497/17/6
f 4498/18/2 4499/19/2 4497/20/2
f 4502/21/1 4497/22/1 4499/23/1
f 4502/21/1 4500/24/1 4497/22/1
f 4501/15/6 4497/17/6 4500/24/6
f 4503/25/3 4502/21/3 4499/19/3
f 4503/25/3 4504/26/3 4502/21/3
f 4504/26/5 4500/24/5 4502/21/5
f 4503/27/4 4501/15/4 4504/26/4
f 4504/26/5 4501/15/5 4500/24/5
f 4503/27/4 4498/28/4 4501/15/4
f 4498/18/2 4503/25/2 4499/19/2
f 4509/29/6 4506/30/6 4505/31/6
f 4506/32/1 4507/33/1 4505/34/1
f 4510/35/5 4505/36/5 4507/37/5
f 4510/35/5 4508/38/5 4505/36/5
f 4509/29/6 4505/31/6 4508/38/6
f 4511/39/3 4510/35/3 4507/33/3
f 4511/39/3 4512/40/3 4510/35/3
f 4512/40/4 4508/38/4 4510/35/4
f 4511/41/2 4509/29/2 4512/40/2
f 4512/40/4 4509/29/4 4508/38/4
f 4511/41/2 4506/42/2 4509/29/2
f 4506/32/1 4511/39/1 4507/33/1
f 4517/1/6 4514/2/6 4513/3/6
f 4514/4/2 4515/5/2 4513/6/2
f 4518/7/1 4513/8/1 4515/9/1
f 4518/7/1 4516/10/1 4513/8/1
f 4517/1/6 4513/3/6 4516/10/6
f 4519/11/3 4518/7/3 4515/5/3
f 4519/11/3 4520/12/3 4518/7/3
f 4520/12/5 4516/10/5 4518/7/5
f 4519/13/4 4517/1/4 4520/12/4
f 4520/12/5 4517/1/5 4516/10/5
f 4519/13/4 4514/14/4 4517/1/4
f 4514/4/2 4519/11/2 4515/5/2
f 4525/15/6 4522/16/6 4521/17/6
f 4522/18/2 4523/19/2 4521/20/2
f 4526/21/1 4521/22/1 4523/23/1
f 4526/21/1 4524/24/1 4521/22/1
f 4525/15/6 4521/17/6 4524/24/6
f 4527/25/3 4526/21/3 4523/19/3
f 4527/25/3 4528/26/3 4526/21/3
f 4528/26/5 4524/24/5 4526/21/5
f 4527/27/4 4525/15/4 4528/26/4
f 4528/26/5 4525/15/5 4524/24/5
f 4527/27/4 4522/28/4 4525/15/4
f 4522/18/2 4527/25/2 4523/19/2
f 4533/29/6 4530/30/6 4529/31/6
f 4530/32/1 4531/33/1 4529/34/1
f 4534/35/5 4529/36/5 4531/37/5
f 4534/35/5 4532/38/5 4529/36/5
f 4533/29/6 4529/31/6 4532/38/6
f 4535/39/3 4534/35/3 4531/33/3
f 4535/39/3 4536/40/3 4534/35/3
f 4536/40/4 4532/38/4 4534/35/4
f 4535/41/2 4533/29/2 4536/40/2
f 4536/40/4 4533/29/4 4532/38/4
f 4535/41/2 4530/42/2 4533/29/2
f 4530/32/1 4535/39/1 4531/33/1
f 4541/1/6 4538/2/6 4537/3/6
f 4538/4/2 4539/5/2 4537/6/2
f 4542/7/1 4537/8/1 4539/9/1
f 4542/7/1 4540/10/1 4537/8/1
f 4541/1/6 4537/3/6 4540/10/6
f 4543/11/3 4542/7/3 4539/5/3
f 4543/11/3 4544/12/3 4542/7/3
f 4544/12/5 4540/10/5 4542/7/5
f 4543/13/4 4541/1/4 4544/12/4
f 4544/12/5 4541/1/5 4540/10/5
f 4543/13/4 4538/14/4 4541/1/4
f 4538/4/2 4543/11/2 4539/5/2
f 4549/15/6 4546/16/6 4545/17/6
f 4546/18/2 4547/19/2 4545/20/2
f 4550/21/1 4545/22/1 4547/23/1
f 4550/21/1 4548/24/1 4545/22/1
f 4549/15/6 4545/17/6 4548/24/6
f 4551/25/3 4550/21/3 4547/19/3
f 4551/25/3 4552/26/3 4550/21/3
f 4552/26/5 4548/24/5 4550/21/5
f 4551/27/4 4549/15/4 4552/26/4
f 4552/26/5 4549/15/5 4548/24/5
f 4551/27/4 4546/28/4 4549/15/4
f 4546/18/2 4551/25/2 4547/19/2
f 4557/29/6 4554/30/6 4553/31/6
f 4554/32/1 4555/33/1 4553/34/1
f 4558/35/5 4553/36/5 4555/37/5
f 4558/35/5 4556/38/5 4553/36/5
f 4557/29/6 4553/31/6 4556/38/6
f 4559/39/3 4558/35/3 4555/33/3
f 4559/39/3 4560/40/3 4558/35/3
f 4560/40/4 4556/38/4 4558/35/4
f 4559/41/2 4557/29/2 4560/40/2
f 4560/40/4 4557/29/4 4556/38/4
f 4559/41/2 4554/42/2 4557/29/2
f 4554/32/1 4559/39/1 4555/33/1
f 4565/1/6 4562/2/6 4561/3/6
f 4562/4/2 4563/5/2 4561/6/2
f 4566/7/1 4561/8/1 4563/9/1
f 4566/7/1 4564/10/1 4561/8/1
f 4565/1/6 4561/3/6 4564/10/6
f 4567/11/3 4566/7/3 4563/5/3
f 4567/11/3 4568/12/3 4566/7/3
f 4568/12/5 4564/10/5 4566/7/5
f 4567/13/4 4565/1/4 4568/12/4
f 4568/12/5 4565/1/5 4564/10/5
f 4567/13/4 4562/14/4 4565/1/4
f 4562/4/2 4567/11/2 4563/5/2
f 4573/15/6 4570/16/6 4569/17/6
f 4570/18/2 4571/19/2 4569/20/2
f 4574/21/1 4569/22/1 4571/23/1
f 4574/21/1 4572/24/1 4569/22/1
f 4573/15/6 4569/17/6 4572/24/6
f 4575/25/3 4574/21/3 4571/19/3
f 4575/25/3 4576/26/3 4574/21/3
f 4576/26/5 4572/24/5 4574/21/5
f 4575/27/4 4573/15/4 4576/26/4
f 4576/26/5 4573/15/5 4572/24/5
f 4575/27/4 4570/28/4 4573/15/4
f 4570/18/2 4575/25/2 4571/19/2
f 4581/29/6 4578/30/6 4577/31/6
f 4578/32/1 4579/33/1 4577/34/1
f 4582/35/5 4577/36/5 4579/37/5
f 4582/35/5 4580/38/5 4577/36/5
f 4581/29/6 4577/31/6 4580/38/6
f 4583/39/3 4582/35/3 4579/33/3
f 4583/39/3 4584/40/3 4582/35/3
f 4584/40/4 4580/38/4 4582/35/4
f 4583/41/2 4581/29/2 4584/40/2
f 4584/40/4 4581/29/4 4580/38/4
f 4583/41/2 4578/42/2 4581/29/2
f 4578/32/1 4583/39/1 4579/33/1
f 4589/1/6 4586/2/6 4585/3/6
f 4586/4/2 4587/5/2 4585/6/2
f 4590/7/1 4585/8/1 4587/9/1
f 4590/7/1 4588/10/1 4585/8/1
f 4589/1/6 4585/3/6 4588/10/6
f 4591/11/3 4590/7/3 4587/5/3
f 4591/11/3 4592/12/3 4590/7/3
f 4592/12/5 4588/10/5 4590/7/5
f 4591/13/4 4589/1/4 4592/12/4
f 4592/12/5 4589/1/5 4588/10/5
f 4591/13/4 4586/14/4 4589/1/4
f 4586/4/2 4591/11/2 4587/5/2
f 4597/15/6 4594/16/6 4593/17/6
f 4594/18/2 4595/19/2 4593/20/2
f 4598/21/1 4593/22/1 4595/23/1
f 4598/21/1 4596/24/1 4593/22/1
f 4597/15/6 4593/17/6 4596/24/6
f 4599/25/3 4598/21/3 4595/19/3
f 4599/25/3 4600/26/3 4598/21/3
f 4600/26/5 4596/24/5 4598/21/5
f 4599/27/4 4597/15/4 4600/26/4
f 4600/26/5 4597/15/5 4596/24/5
f 4599/27/4 4594/28/4 4597/15/4
f 4594/18/2 4599/25/2 4595/19/2
f 4605/29/6 4602/30/6 4601/31/6
f 4602/32/1 4603/33/1 4601/34/1
f 4606/35/5 4601/36/5 4603/37/5
f 4606/35/5 4604/38/5 4601/36/5
f 4605/29/6 4601/31/6 4604/38/6
f 4607/39/3 4606/35/3 4603/33/3
f 4607/39/3 4608/40/3 4606/35/3
f 4608/40/4 4604/38/4 4606/35/4
f 4607/41/2 4605/29/2 4608/40/2
f 4608/40/4 4605/29/4 4604/38/4
f 4607/41/2 4602/42/2 4605/29/2
f 4602/32/1 4607/39/1 4603/33/1
f 4613/1/6 4610/2/6 4609/3/6
f 4610/4/2 4611/5/2 4609/6/2
f 4614/7/1 4609/8/1 4611/9/1
f 4614/7/1 4612/10/1 4609/8/1
f 4613/1/6 4609/3/6 4612/10/6
f 4615/11/3 4614/7/3 4611/5/3
f 4615/11/3 4616/12/3 4614/7/3
f 4616/12/5 4612/10/5 4614/7/5
f 4615/13/4 4613/1/4 4616/12/4
f 4616/12/5 4613/1/5 4612/10/5
f 4615/13/4 4610/14/4 4613/1/4
f 4610/4/2 4615/11/2 4611/5/2
f 4621/15/6 4618/16/6 4617/17/6
f 4618/18/2 4619/19/2 4617/20/2
f 4622/21/1 4617/22/1 4619/23/1
f 4622/21/1 4620/24/1 4617/22/1
f 4621/15/6 4617/17/6 4620/24/6
f 4623/25/3 4622/21/3 4619/19/3
f 4623/25/3 4624/26/3 4622/21/3
f 4624/26/5 4620/24/5 4622/21/5
f 4623/27/4 4621/15/4 4624/26/4
f 4624/26/5 4621/15/5 4620/24/5
f 4623/27/4 4618/28/4 4621/15/4
f 4618/18/2 4623/25/2 4619/19/2
f 4629/29/6 4626/30/6 4625/31/6
f 4626/32/1 4627/33/1 4625/34/1
f 4630/35/5 4625/36/5 4627/37/5
f 4630/35/5 4628/38/5 4625/36/5
f 4629/29/6 4625/31/6 4628/38/6
f 4631/39/3 4630/35/3 4627/33/3
f 4631/39/3 4632/40/3 4630/35/3
f 4632/40/4 4628/38/4 4630/35/4
f 4631/41/2 4629/29/2 4632/40/2
f 4632/40/4 4629/29/4 4628/38/4
f 4631/41/2 4626/42/2 4629/29/2
f 4626/32/1 4631/39/1 4627/33/1
f 4637/1/6 4634/2/6 4633/3/6
f 4634/4/2 4635/5/2 4633/6/2
f 4638/7/1 4633/8/1 4635/9/1
f 4638/7/1 4636/10/1 4633/8/1
f 4637/1/6 4633/3/6 4636/10/6
f 4639/11/3 4638/7/3 4635/5/3
f 4639/11/3 4640/12/3 4638/7/3
f 4640/12/5 4636/10/5 4638/7/5
f 4639/13/4 4637/1/4 4640/12/4
f 4640/12/5 4637/1/5 4636/10/5
f 4639/13/4 4634/14/4 4637/1/4
f 4634/4/2 4639/11/2 4635/5/2
f 4645/15/6 4642/16/6 4641/17/6
f 4642/18/2 4643/19/2 4641/20/2
f 4646/21/1 4641/22/1 4643/23/1
f 4646/21/1 4644/24/1 4641/22/1
f 4645/15/6 4641/17/6 4644/24/6
f 4647/25/3 4646/21/3 4643/19/3
f 4647/25/3 4648/26/3 4646/21/3
f 4648/26/5 4644/24/5 4646/21/5
f 4647/27/4 4645/15/4 4648/26/4
f 4648/26/5 4645/15/5 4644/24/5
f 4647/27/4 4642/28/4 4645/15/4
f 4642/18/2 4647/25/2 4643/19/2
f 4653/29/6 4650/30/6 4649/31/6
f 4650/32/1 4651/33/1 4649/34/1
f 4654/35/5 4649/36/5 4651/37/5
f 4654/35/5 4652/38/5 4649/36/5
f 4653/29/6 4649/31/6 4652/38/6
f 4655/39/3 4654/35/3 4651/33/3
f 4655/39/3 4656/40/3 4654/35/3
f 4656/40/4 4652/38/4 4654/35/4
f 4655/41/2 4653/29/2 4656/40/2
f 4656/40/4 4653/29/4 4652/38/4
f 4655/41/2 4650/42/2 4653/29/2
f 4650/32/1 4655/39/1 4651/33/1
f 4661/1/6 4658/2/6 4657/3/6
f 4658/4/2 4659/5/2 4657/6/2
f 4662/7/1 4657/8/1 4659/9/1
f 4662/7/1 4660/10/1 4657/8/1
f 4661/1/6 4657/3/6 4660/10/6
f 4663/11/3 4662/7/3 4659/5/3
f 4663/11/3 4664/12/3 4662/7/3
f 4664/12/5 4660/10/5 4662/7/5
f 4663/13/4 4661/1/4 4664/12/4
f 4664/12/5 4661/1/5 4660/10/5
f 4663/13/4 4658/14/4 4661/1/4
f 4658/4/2 4663/11/2 4659/5/2
f 4669/15/6 4666/16/6 4665/17/6
f 4666/18/2 4667/19/2 4665/20/2
f 4670/21/1 4665/22/1 4667/23/1
f 4670/21/1 4668/24/1 4665/22/1
f 4669/15/6 4665/17/6 4668/24/6
f 4671/25/3 4670/21/3 4667/19/3
f 4671/25/3 4672/26/3 4670/21/3
f 4672/26/5 4668/24/5 4670/21/5
f 4671/27/4 4669/15/4 4672/26/4
f 4672/26/5 4669/15/5 4668/24/5
f 4671/27/4 4666/28/4 4669/15/4
f 4666/18/2 4671/25/2 4667/19/2
f 4677/29/6 4674/30/6 4673/31/6
f 4674/32/1 4675/33/1 4673/34/1
f 4678/35/5 4673/36/5 4675/37/5
f 4678/35/5 4676/38/5 4673/36/5
f 4677/29/6 4673/31/6 4676/38/6
f 4679/39/3 4678/35/3 4675/33/3
f 4679/39/3 4680/40/3 4678/35/3
f 4680/40/4 4676/38/4 4678/35/4
f 4679/41/2 4677/29/2 4680/40/2
f 4680/40/4 4677/29/4 4676/38/4
f 4679/41/2 4674/42/2 4677/29/2
f 4674/32/1 4679/39/1 4675/33/1
f 4685/1/6 4682/2/6 4681/3/6
f 4682/4/2 4683/5/2 4681/6/2
f 4686/7/1 4681/8/1 4683/9/1
f 4686/7/1 4684/10/1 4681/8/1
f 4685/1/6 4681/3/6 4684/10/6
f 4687/11/3 4686/7/3 4683/5/3
f 4687/11/3 4688/12/3 4686/7/3
f 4688/12/5 4684/10/5 4686/7/5
f 4687/13/4 4685/1/4 4688/12/4
f 4688/12/5 4685/1/5 4684/10/5
f 4687/13/4 4682/14/4 4685/1/4
f 4682/4/2 4687/11/2 4683/5/2
f 4693/15/6 4690/16/6 4689/17/6
f 4690/18/2 4691/19/2 4689/20/2
f 4694/21/1 4689/22/1 4691/23/1
f 4694/21/1 4692/24/1 4689/22/1
f 4693/15/6 4689/17/6 4692/24/6
f 4695/25/3 4694/21/3 4691/19/3
f 4695/25/3 4696/26/3 4694/21/3
f 4696/26/5 4692/24/5 4694/21/5
f 4695/27/4 4693/15/4 4696/26/4
f 4696/26/5 4693/15/5 4692/24/5
f 4695/27/4 4690/28/4 4693/15/4
f 4690/18/2 4695/25/2 4691/19/2
f 4701/29/6 4698/30/6 4697/31/6
f 4698/32/1 4699/33/1 4697/34/1
f 4702/35/5 4697/36/5 4699/37/5
f 4702/35/5 4700/38/5 4697/36/5
f 4701/29/6 4697/31/6 4700/38/6
f 4703/39/3 4702/35/3 4699/33/3
f 4703/39/3 4704/40/3 4702/35/3
f 4704/40/4 4700/38/4 4702/35/4
f 4703/41/2 4701/29/2 4704/40/2
f 4704/40/4 4701/29/4 4700/38/4
f 4703/41/2 4698/42/2 4701/29/2
f 4698/32/1 4703/39/1 4699/33/1
f 4709/1/6 4706/2/6 4705/3/6
f 4706/4/2 4707/5/2 4705/6/2
f 4710/7/1 4705/8/1 4707/9/1
f 4710/7/1 4708/10/1 4705/8/1
f 4709/1/6 4705/3/6 4708/10/6
f 4711/11/3 4710/7/3 4707/5/3
f 4711/11/3 4712/12/3 4710/7/3
f 4712/12/5 4708/10/5 4710/7/5
f 4711/13/4 4709/1/4 4712/12/4
f 4712/12/5 4709/1/5 4708/10/5
f 4711/13/4 4706/14/4 4709/1/4
f 4706/4/2 4711/11/2 4707/5/2
f 4717/15/6 4714/16/6 4713/17/6
f 4714/18/2 4715/19/2 4713/20/2
f 4718/21/1 4713/22/1 4715/23/1
f 4718/21/1 4716/24/1 4713/22/1
f 4717/15/6 4713/17/6 4716/24/6
f 4719/25/3 4718/21/3 4715/19/3
f 4719/25/3 4720/26/3 4718/21/3
f 4720/26/5 4716/24/5 4718/21/5
f 4719/27/4 4717/15/4 4720/26/4
f 4720/26/5 4717/15/5 4716/24/5
f 4719/27/4 4714/28/4 4717/15/4
f 4714/18/2 4719/25/2 4715/19/2
f 4725/29/6 4722/30/6 4721/31/6
f 4722/32/1 4723/33/1 4721/34/1
f 4726/35/5 4721/36/5 4723/37/5
f 4726/35/5 4724/38/5 4721/36/5
f 4725/29/6 4721/31/6 4724/38/6
f 4727/39/3 4726/35/3 4723/33/3
f 4727/39/3 4728/40/3 4726/35/3
f 4728/40/4 4724/38/4 4726/35/4
f 4727/41/2 4725/29/2 4728/40/2
f 4728/40/4 4725/29/4 4724/38/4
f 4727/41/2 4722/42/2 4725/29/2
f 4722/32/1 4727/39/1 4723/33/1
f 4733/1/6 4730/2/6 4729/3/6
f 4730/4/2 4731/5/2 4729/6/2
f 4734/7/1 4729/8/1 4731/9/1
f 4734/7/1 4732/10/1 4729/8/1
f 4733/1/6 4729/3/6 4732/10/6
f 4735/11/3 4734/7/3 4731/5/3
f 4735/11/3 4736/12/3 4734/7/3
f 4736/12/5 4732/10/5 4734/7/5
f 4735/13/4 4733/1/4 4736/12/4
f 4736/12/5 4733/1/5 4732/10/5
f 4735/13/4 4730/14/4 4733/1/4
f 4730/4/2 4735/11/2 4731/5/2
f 4741/15/6 4738/16/6 4737/17/6
f 4738/18/2 4739/19/2 4737/20/2
f 4742/21/1 4737/22/1 4739/23/1
f 4742/21/1 4740/24/1 4737/22/1
f 4741/15/6 4737/17/6 4740/24/6
f 4743/25/3 4742/21/3 4739/19/3
f 4743/25/3 4744/26/3 4742/21/3
f 4744/26/5 4740/24/5 4742/21/5
f 4743/27/4 4741/15/4 4744/26/4
f 4744/26/5 4741/15/5 4740/24/5
f 4743/27/4 4738/28/4 4741/15/4
f 4738/18/2 4743/25/2 4739/19/2
f 4749/29/6 4746/30/6 4745/31/6
f 4746/32/1 4747/33/1 4745/34/1
f 4750/35/5 4745/36/5 4747/37/5
f 4750/35/5 4748/38/5 4745/36/5
f 4749/29/6 4745/31/6 4748/38/6
f 4751/39/3 4750/35/3 4747/33/3
f 4751/39/3 4752/40/3 4750/35/3
f 4752/40/4 4748/38/4 4750/35/4
f 4751/41/2 4749/29/2 4752/40/2
f 4752/40/4 4749/29/4 4748/38/4
f 4751/41/2 4746/42/2 4749/29/2
f 4746/32/1 4751/39/1 4747/33/1
f 4757/1/6 4754/2/6 4753/3/6
f 4754/4/2 4755/5/2 4753/6/2
f 4758/7/1 4753/8/1 4755/9/1
f 4758/7/1 4756/10/1 4753/8/1
f 4757/1/6 4753/3/6 4756/10/6
f 4759/11/3 4758/7/3 4755/5/3
f 4759/11/3 4760/12/3 4758/7/3
f 4760/12/5 4756/10/5 4758/7/5
f 4759/13/4 4757/1/4 4760/12/4
f 4760/12/5 4757/1/5 4756/10/5
f 4759/13/4 4754/14/4 4757/1/4
f 4754/4/2 4759/11/2 4755/5/2
f 4765/15/6 4762/16/6 4761/17/6
f 4762/18/2 4763/19/2 4761/20/2
f 4766/21/1 4761/22/1 4763/23/1
f 4766/21/1 4764/24/1 4761/22/1
f 4765/15/6 4761/17/6 4764/24/6
f 4767/25/3 4766/21/3 4763/19/3
f 4767/25/3 4768/26/3 4766/21/3
f 4768/26/5 4764/24/5 4766/21/5
f 4767/27/4 4765/15/4 4768/26/4
f 4768/26/5 4765/15/5 4764/24/5
f 4767/27/4 4762/28/4 4765/15/4
f 4762/18/2 4767/25/2 4763/19/2
f 4773/29/6 4770/30/6 4769/31/6
f 4770/32/1 4771/33/1 4769/34/1
f 4774/35/5 4769/36/5 4771/37/5
f 4774/35/5 4772/38/5 4769/36/5
f 4773/29/6 4769/31/6 4772/38/6
f 4775/39/3 4774/35/3 4771/33/3
f 4775/39/3 4776/40/3 4774/35/3
f 4776/40/4 4772/38/4 4774/35/4
f 4775/41/2 4773/29/2 4776/40/2
f 4776/40/4 4773/29/4 4772/38/4
f 4775/41/2 4770/42/2 4773/29/2
f 4770/32/1 4775/39/1 4771/33/1
f 4781/1/6 4778/2/6 4777/3/6
f 4778/4/2 4779/5/2 4777/6/2
f 4782/7/1 4777/8/1 4779/9/1
f 4782/7/1 4780/10/1 4777/8/1
f 4781/1/6 4777/3/6 4780/10/6
f 4783/11/3 4782/7/3 4779/5/3
f 4783/11/3 4784/12/3 4782/7/3
f 4784/12/5 4780/10/5 4782/7/5
f 4783/13/4 4781/1/4 4784/12/4
f 4784/12/5 4781/1/5 4780/10/5
f 4783/13/4 4778/14/4 4781/1/4
f 4778/4/2 4783/11/2 4779/5/2
f 4789/15/6 4786/16/6 4785/17/6
f 4786/18/2 4787/19/2 4785/20/2
f 4790/21/1 4785/22/1 4787/23/1
f 4790/21/1 4788/24/1 4785/22/1
f 4789/15/6 4785/17/6 4788/24/6
f 4791/25/3 4790/21/3 4787/19/3
f 4791/25/3 4792/26/3 4790/21/3
f 4792/26/5 4788/24/5 4790/21/5
f 4791/27/4 4789/15/4 4792/26/4
f 4792/26/5 4789/15/5 4788/24/5
f 4791/27/4 4786/28/4 4789/15/4
f 4786/18/2 4791/25/2 4787/19/2
f 4797/29/6 4794/30/6 4793/31/6
f 4794/32/1 4795/33/1 4793/34/1
f 4798/35/5 4793/36/5 4795/37/5
f 4798/35/5 4796/38/5 4793/36/5
f 4797/29/6 4793/31/6 4796/38/6
f 4799/39/3 4798/35/3 4795/33/3
f 4799/39/3 4800/40/3 4798/35/3
f 4800/40/4 4796/38/4 4798/35/4
f 4799/41/2 4797/29/2 4800/40/2
f 4800/40/4 4797/29/4 4796/38/4
f 4799/41/2 4794/42/2 4797/29/2
f 4794/32/1 4799/39/1 4795/33/1
f 4805/1/6 4802/2/6 4801/3/6
f 4802/4/2 4803/5/2 4801/6/2
f 4806/7/1 4801/8/1 4803/9/1
f 4806/7/1 4804/10/1 4801/8/1
f 4805/1/6 4801/3/6 4804/10/6
f 4807/11/3 4806/7/3 4803/5/3
f 4807/11/3 4808/12/3 4806/7/3
f 4808/12/5 4804/10/5 4806/7/5
f 4807/13/4 4805/1/4 4808/12/4
f 4808/12/5 4805/1/5 4804/10/5
f 4807/13/4 4802/14/4 4805/1/4
f 4802/4/2 4807/11/2 4803/5/2
f 4813/15/6 4810/16/6 4809/17/6
f 4810/18/2 4811/19/2 4809/20/2
f 4814/21/1 4809/22/1 4811/23/1
f 4814/21/1 4812/24/1 4809/22/1
f 4813/15/6 4809/17/6 4812/24/6
f 4815/25/3 4814/21/3 4811/19/3
f 4815/25/3 4816/26/3 4814/21/3
f 4816/26/5 4812/24/5 4814/21/5
f 4815/27/4 4813/15/4 4816/26/4
f 4816/26/5 4813/15/5 4812/24/5
f 4815/27/4 4810/28/4 4813/15/4
f 4810/18/2 4815/25/2 4811/19/2
f 4821/29/6 4818/30/6 4817/31/6
f 4818/32/1 4819/33/1 4817/34/1
f 4822/35/5 4817/36/5 4819/37/5
f 4822/35/5 4820/38/5 4817/36/5
f 4821/29/6 4817/31/6 4820/38/6
f 4823/39/3 4822/35/3 4819/33/3
f 4823/39/3 4824/40/3 4822/35/3
f 4824/40/4 4820/38/4 4822/35/4
f 4823/41/2 4821/29/2 4824/40/2
f 4824/40/4 4821/29/4 4820/38/4
f 4823/41/2 4818/42/2 4821/29/2
f 4818/32/1 4823/39/1 4819/33/1
f 4829/1/6 4826/2/6 4825/3/6
f 4826/4/2 4827/5/2 4825/6/2
f 4830/7/1 4825/8/1 4827/9/1
f 4830/7/1 4828/10/1 4825/8/1
f 4829/1/6 4825/3/6 4828/10/6
f 4831/11/3 4830/7/3 4827/5/3
f 4831/11/3 4832/12/3 4830/7/3
f 4832/12/5 4828/10/5 4830/7/5
f 4831/13/4 4829/1/4 4832/12/4
f 4832/12/5 4829/1/5 4828/10/5
f 4831/13/4 4826/14/4 4829/1/4
f 4826/4/2 4831/11/2 4827/5/2
f 4837/15/6 4834/16/6 4833/17/6
f 4834/18/2 4835/19/2 4833/20/2
f 4838/21/1 4833/22/1 4835/23/1
f 4838/21/1 4836/24/1 4833/22/1
f 4837/15/6 4833/17/6 4836/24/6
f 4839/25/3 4838/21/3 4835/19/3
f 4839/25/3 4840/26/3 4838/21/3
f 4840/26/5 4836/24/5 4838/21/5
f 4839/27/4 4837/15/4 4840/26/4
f 4840/26/5 4837/15/5 4836/24/5
f 4839/27/4 4834/28/4 4837/15/4
f 4834/18/2 4839/25/2 4835/19/2
f 4845/29/6 4842/30/6 4841/31/6
f 4842/32/1 4843/33/1 4841/34/1
f 4846/35/5 4841/36/5 4843/37/5
f 4846/35/5 4844/38/5 4841/36/5
f 4845/29/6 4841/31/6 4844/38/6
f 4847/39/3 4846/35/3 4843/33/3
f 4847/39/3 4848/40/3 4846/35/3
f 4848/40/4 4844/38/4 4846/35/4
f 4847/41/2 4845/29/2 4848/40/2
f 4848/40/4 4845/29/4 4844/38/4
f 4847/41/2 4842/42/2 4845/29/2
f 4842/32/1 4847/39/1 4843/33/1
f 4853/1/6 4850/2/6 4849/3/6
f 4850/4/2 4851/5/2 4849/6/2
f 4854/7/1 4849/8/1 4851/9/1
f 4854/7/1 4852/10/1 4849/8/1
f 4853/1/6 4849/3/6 4852/10/6
f 4855/11/3 4854/7/3 4851/5/3
f 4855/11/3 4856/12/3 4854/7/3
f 4856/12/5 4852/10/5 4854/7/5
f 4855/13/4 4853/1/4 4856/12/4
f 4856/12/5 4853/1/5 4852/10/5
f 4855/13/4 4850/14/4 4853/1/4
f 4850/4/2 4855/11/2 4851/5/2
f 4861/15/6 4858/16/6 4857/17/6
f 4858/18/2 4859/19/2 4857/20/2
f 4862/21/1 4857/22/1 4859/23/1
f 4862/21/1 4860/24/1 4857/22/1
f 4861/15/6 4857/17/6 4860/24/6
f 4863/25/3 4862/21/3 4859/19/3
f 4863/25/3 4864/26/3 4862/21/3
f 4864/26/5 4860/24/5 4862/21/5
f 4863/27/4 4861/15/4 4864/26/4
f 4864/26/5 4861/15/5 4860/24/5
f 4863/27/4 4858/28/4 4861/15/4
f 4858/18/2 4863/25/2 4859/19/2
f 4869/29/6 4866/30/6 4865/31/6
f 4866/32/1 4867/33/1 4865/34/1
f 4870/35/5 4865/36/5 4867/37/5
f 4870/35/5 4868/38/5 4865/36/5
f 4869/29/6 4865/31/6 4868/38/6
f 4871/39/3 4870/35/3 4867/33/3
f 4871/39/3 4872/40/3 4870/35/3
f 4872/40/4 4868/38/4 4870/35/4
f 4871/41/2 4869/29/2 4872/40/2
f 4872/40/4 4869/29/4 4868/38/4
f 4871/41/2 4866/42/2 4869/29/2
f 4866/32/1 4871/39/1 4867/33/1
f 4877/1/6 4874/2/6 4873/3/6
f 4874/4/2 4875/5/2 4873/6/2
f 4878/7/1 4873/8/1 4875/9/1
f 4878/7/1 4876/10/1 4873/8/1
f 4877/1/6 4873/3/6 4876/10/6
f 4879/11/3 4878/7/3 4875/5/3
f 4879/11/3 4880/12/3 4878/7/3
f 4880/12/5 4876/10/5 4878/7/5
f 4879/13/4 4877/1/4 4880/12/4
f 4880/12/5 4877/1/5 4876/10/5
f 4879/13/4 4874/14/4 4877/1/4
f 4874/4/2 4879/11/2 4875/5/2
f 4885/15/6 4882/16/6 4881/17/6
f 4882/18/2 4883/19/2 4881/20/2
f 4886/21/1 4881/22/1 4883/23/1
f 4886/21/1 4884/24/1 4881/22/1
f 4885/15/6 4881/17/6 4884/24/6
f 4887/25/3 4886/21/3 4883/19/3
f 4887/25/3 4888/26/3 4886/21/3
f 4888/26/5 4884/24/5 4886/21/5
f 4887/27/4 4885/15/4 4888/26/4
f 4888/26/5 4885/15/5 4884/24/5
f 4887/27/4 4882/28/4 4885/15/4
f 4882/18/2 4887/25/2 4883/19/2
f 4893/29/6 4890/30/6 4889/31/6
f 4890/32/1 4891/33/1 4889/34/1
f 4894/35/5 4889/36/5 4891/37/5
f 4894/35/5 4892/38/5 4889/36/5
f 4893/29/6 4889/31/6 4892/38/6
f 4895/39/3 4894/35/3 4891/33/3
f 4895/39/3 4896/40/3 4894/35/3
f 4896/40/4 4892/38/4 4894/35/4
f 4895/41/2 4893/29/2 4896/40/2
f 4896/40/4 4893/29/4 4892/38/4
f 4895/41/2 4890/42/2 4893/29/2
f 4890/32/1 4895/39/1 4891/33/1
f 4901/1/6 4898/2/6 4897/3/6
f 4898/4/2 4899/5/2 4897/6/2
f 4902/7/1 4897/8/1 4899/9/1
f 4902/7/1 4900/10/1 4897/8/1
f 4901/1/6 4897/3/6 4900/10/6
f 4903/11/3 4902/7/3 4899/5/3
f 4903/11/3 4904/12/3 4902/7/3
f 4904/12/5 4900/10/5 4902/7/5
f 4903/13/4 4901/1/4 4904/12/4
f 4904/12/5 4901/1/5 4900/10/5
f 4903/13/4 4898/14/4 4901/1/4
f 4898/4/2 4903/11/2 4899/5/2
f 4909/15/6 4906/16/6 4905/17/6
f 4906/18/2 4907/19/2 4905/20/2
f 4910/21/1 4905/22/1 4907/23/1
f 4910/21/1 4908/24/1 4905/22/1
f 4909/15/6 4905/17/6 4908/24/6
f 4911/25/3 4910/21/3 4907/19/3
f 4911/25/3 4912/26/3 4910/21/3
f 4912/26/5 4908/24/5 4910/21/5
f 4911/27/4 4909/15/4 4912/26/4
f 4912/26/5 4909/15/5 4908/24/5
f 4911/27/4 4906/28/4 4909/15/4
f 4906/18/2 4911/25/2 4907/19/2
f 4917/29/6 4914/30/6 4913/31/6
f 4914/32/1 4915/33/1 4913/34/1
f 4918/35/5 4913/36/5 4915/37/5
f 4918/35/5 4916/38/5 4913/36/5
f 4917/29/6 4913/31/6 4916/38/6
f 4919/39/3 4918/35/3 4915/33/3
f 4919/39/3 4920/40/3 4918/35/3
f 4920/40/4 4916/38/4 4918/35/4
f 4919/41/2 4917/29/2 4920/40/2
f 4920/40/4 4917/29/4 4916/38/4
f 4919/41/2 4914/42/2 4917/29/2
f 4914/32/1 4919/39/1 4915/33/1
f 4925/1/6 4922/2/6 4921/3/6
f 4922/4/2 4923/5/2 4921/6/2
f 4926/7/1 4921/8/1 4923/9/1
f 4926/7/1 4924/10/1 4921/8/1
f 4925/1/6 4921/3/6 4924/10/6
f 4927/11/3 4926/7/3 4923/5/3
f 4927/11/3 4928/12/3 4926/7/3
f 4928/12/5 4924/10/5 4926/7/5
f 4927/13/4 4925/1/4 4928/12/4
f 4928/12/5 4925/1/5 4924/10/5
f 4927/13/4 4922/14/4 4925/1/4
f 4922/4/2 4927/11/2 4923/5/2
f 4933/15/6 4930/16/6 4929/17/6
f 4930/18/2 4931/19/2 4929/20/2
f 4934/21/1 4929/22/1 4931/23/1
f 4934/21/1 4932/24/1 4929/22/1
f 4933/15/6 4929/17/6 4932/24/6
f 4935/25/3 4934/21/3 4931/19/3
f 4935/25/3 4936/26/3 4934/21/3
f 4936/26/5 4932/24/5 4934/21/5
f 4935/27/4 4933/15/4 4936/26/4
f 4936/26/5 4933/15/5 4932/24/5
f 4935/27/4 4930/28/4 4933/15/4
f 4930/18/2 4935/25/2 4931/19/2
f 4941/29/6 4938/30/6 4937/31/6
f 4938/32/1 4939/33/1 4937/34/1
f 4942/35/5 4937/36/5 4939/37/5
f 4942/35/5 4940/38/5 4937/36/5
f 4941/29/6 4937/31/6 4940/38/6
f 4943/39/3 4942/35/3 4939/33/3
f 4943/39/3 4944/40/3 4942/35/3
f 4944/40/4 4940/38/4 4942/35/4
f 4943/41/2 4941/29/2 4944/40/2
f 4944/40/4 4941/29/4 4940/38/4
f 4943/41/2 4938/42/2 4941/29/2
f 4938/32/1 4943/39/1 4939/33/1
f 4949/1/6 4946/2/6 4945/3/6
f 4946/4/2 4947/5/2 4945/6/2
f 4950/7/1 4945/8/1 4947/9/1
f 4950/7/1 4948/10/1 4945/8/1
f 4949/1/6 4945/3/6 4948/10/6
f 4951/11/3 4950/7/3 4947/5/3
f 4951/11/3 4952/12/3 4950/7/3
f 4952/12/5 4948/10/5 4950/7/5
f 4951/13/4 4949/1/4 4952/12/4
f 4952/12/5 4949/1/5 4948/10/5
f 4951/13/4 4946/14/4 4949/1/4
f 4946/4/2 4951/11/2 4947/5/2
f 4957/15/6 4954/16/6 4953/17/6
f 4954/18/2 4955/19/2 4953/20/2
f 4958/21/1 4953/22/1 4955/23/1
f 4958/21/1 4956/24/1 4953/22/1
f 4957/15/6 4953/17/6 4956/24/6
f 4959/25/3 4958/21/3 4955/19/3
f 4959/25/3 4960/26/3 4958/21/3
f 4960/26/5 4956/24/5 4958/21/5
f 4959/27/4 4957/15/4 4960/26/4
f 4960/26/5 4957/15/5 4956/24/5
f 4959/27/4 4954/28/4 4957/15/4
f 4954/18/2 4959/25/2 4955/19/2
f 4965/29/6 4962/30/6 4961/31/6
f 4962/32/1 4963/33/1 4961/34/1
f 4966/35/5 4961/36/5 4963/37/5
f 4966/35/5 4964/38/5 4961/36/5
f 4965/29/6 4961/31/6 4964/38/6
f 4967/39/3 4966/35/3 4963/33/3
f 4967/39/3 4968/40/3 4966/35/3
f 4968/40/4 4964/38/4 4966/35/4
f 4967/41/2 4965/29/2 4968/40/2
f 4968/40/4 4965/29/4 4964/38/4
f 4967/41/2 4962/42/2 4965/29/2
f 4962/32/1 4967/39/1 4963/33/1
f 4973/1/6 4970/2/6 4969/3/6
f 4970/4/2 4971/5/2 4969/6/2
f 4974/7/1 4969/8/1 4971/9/1
f 4974/7/1 4972/10/1 4969/8/1
f 4973/1/6 4969/3/6 4972/10/6
f 4975/11/3 4974/7/3 4971/5/3
f 4975/11/3 4976/12/3 4974/7/3
f 4976/12/5 4972/10/5 4974/7/5
f 4975/13/4 4973/1/4 4976/12/4
f 4976/12/5 4973/1/5 4972/10/5
f 4975/13/4 4970/14/4 4973/1/4
f 4970/4/2 4975/11/2 4971/5/2
f 4981/15/6 4978/16/6 4977/17/6
f 4978/18/2 4979/19/2 4977/20/2
f 4982/21/1 4977/22/1 4979/23/1
f 4982/21/1 4980/24/1 4977/22/1
f 4981/15/6 4977/17/6 4980/24/6
f 4983/25/3 4982/21/3 4979/19/3
f 4983/25/3 4984/26/3 4982/21/3
f 4984/26/5 4980/24/5 4982/21/5
f 4983/27/4 4981/15/4 4984/26/4
f 4984/26/5 4981/15/5 4980/24/5
f 4983/27/4 4978/28/4 4981/15/4
f 4978/18/2 4983/25/2 4979/19/2
f 4989/29/6 4986/30/6 4985/31/6
f 4986/32/1 4987/33/1 4985/34/1
f 4990/35/5 4985/36/5 4987/37/5
f 4990/35/5 4988/38/5 4985/36/5
f 4989/29/6 4985/31/6 4988/38/6
f 4991/39/3 4990/35/3 4987/33/3
f 4991/39/3 4992/40/3 4990/35/3
f 4992/40/4 4988/38/4 4990/35/4
f 4991/41/2 4989/29/2 4992/40/2
f 4992/40/4 4989/29/4 4988/38/4
f 4991/41/2 4986/42/2 4989/29/2
f 4986/32/1 4991/39/1 4987/33/1
f 4997/1/6 4994/2/6 4993/3/6
f 4994/4/2 4995/5/2 4993/6/2
f 4998/7/1 4993/8/1 4995/9/1
f 4998/7/1 4996/10/1 4993/8/1
f 4997/1/6 4993/3/6 4996/10/6
f 4999/11/3 4998/7/3 4995/5/3
f 4999/11/3 5000/12/3 4998/7/3
f 5000/12/5 4996/10/5 4998/7/5
f 4999/13/4 4997/1/4 5000/12/4
f 5000/12/5 4997/1/5 4996/10/5
f 4999/13/4 4994/14/4 4997/1/4
f 4994/4/2 4999/11/2 4995/5/2
f 5005/15/6 5002/16/6 5001/17/6
f 5002/18/2 5003/19/2 5001/20/2
f 5006/21/1 5001/22/1 5003/23/1
f 5006/21/1 5004/24/1 5001/22/1
f 5005/15/6 5001/17/6 5004/24/6
f 5007/25/3 5006/21/3 5003/19/3
f 5007/25/3 5008/26/3 5006/21/3
f 5008/26/5 5004/24/5 5006/21/5
f 5007/27/4 5005/15/4 5008/26/4
f 5008/26/5 5005/15/5 5004/24/5
f 5007/27/4 5002/28/4 5005/15/4
f 5002/18/2 5007/25/2 5003/19/2
f 5013/29/6 5010/30/6 5009/31/6
f 5010/32/1 5011/33/1 5009/34/1
f 5014/35/5 5009/36/5 5011/37/5
f 5014/35/5 5012/38/5 5009/36/5
f 5013/29/6 5009/31/6 5012/38/6
f 5015/39/3 5014/35/3 5011/33/3
f 5015/39/3 5016/40/3 5014/35/3
f 5016/40/4 5012/38/4 5014/35/4
f 5015/41/2 5013/29/2 5016/40/2
f 5016/40/4 5013/29/4 5012/38/4
f 5015/41/2 5010/42/2 5013/29/2
f 5010/32/1 5015/39/1 5011/33/1
f 5021/1/6 5018/2/6 5017/3/6
f 5018/4/2 5019/5/2 5017/6/2
f 5022/7/1 5017/8/1 5019/9/1
f 5022/7/1 5020/10/1 5017/8/1
f 5021/1/6 5017/3/6 5020/10/6
f 5023/11/3 5022/7/3 5019/5/3
f 5023/11/3 5024/12/3 5022/7/3
f 5024/12/5 5020/10/5 5022/7/5
f 5023/13/4 5021/1/4 5024/12/4
f 5024/12/5 5021/1/5 5020/10/5
f 5023/13/4 5018/14/4 5021/1/4
f 5018/4/2 5023/11/2 5019/5/2
f 5029/15/6 5026/16/6 5025/17/6
f 5026/18/2 5027/19/2 5025/20/2
f 5030/21/1 5025/22/1 5027/23/1
f 5030/21/1 5028/24/1 5025/22/1
f 5029/15/6 5025/17/6 5028/24/6
f 5031/25/3 5030/21/3 5027/19/3
f 5031/25/3 5032/26/3 5030/21/3
f 5032/26/5 5028/24/5 5030/21/5
f 5031/27/4 5029/15/4 5032/26/4
f 5032/26/5 5029/15/5 5028/24/5
f 5031/27/4 5026/28/4 5029/15/4
f 5026/18/2 5031/25/2 5027/19/2
f 5037/29/6 5034/30/6 5033/31/6
f 5034/32/1 5035/33/1 5033/34/1
f 5038/35/5 5033/36/5 5035/37/5
f 5038/35/5 5036/38/5 5033/36/5
f 5037/29/6 5033/31/6 5036/38/6
f 5039/39/3 5038/35/3 5035/33/3
f 5039/39/3 5040/40/3 5038/35/3
f 5040/40/4 5036/38/4 5038/35/4
f 5039/41/2 5037/29/2 5040/40/2
f 5040/40/4 5037/29/4 5036/38/4
f 5039/41/2 5034/42/2 5037/29/2
f 5034/32/1 5039/39/1 5035/33/1
f 5045/1/6 5042/2/6 5041/3/6
f 5042/4/2 5043/5/2 5041/6/2
f 5046/7/1 5041/8/1 5043/9/1
f 5046/7/1 5044/10/1 5041/8/1
f 5045/1/6 5041/3/6 5044/10/6
f 5047/11/3 5046/7/3 5043/5/3
f 5047/11/3 5048/12/3 5046/7/3
f 5048/12/5 5044/10/5 5046/7/5
f 5047/13/4 5045/1/4 5048/12/4
f 5048/12/5 5045/1/5 5044/10/5
f 5047/13/4 5042/14/4 5045/1/4
f 5042/4/2 5047/11/2 5043/5/2
f 5053/15/6 5050/16/6 5049/17/6
f 5050/18/2 5051/19/2 5049/20/2
f 5054/21/1 5049/22/1 5051/23/1
f 5054/21/1 5052/24/1 5049/22/1
f 5053/15/6 5049/17/6 5052/24/6
f 5055/25/3 5054/21/3 5051/19/3
f 5055/25/3 5056/26/3 5054/21/3
f 5056/26/5 5052/24/5 5054/21/5
f 5055/27/4 5053/15/4 5056/26/4
f 5056/26/5 5053/15/5 5052/24/5
f 5055/27/4 5050/28/4 5053/15/4
f 5050/18/2 5055/25/2 5051/19/2
f 5061/29/6 5058/30/6 5057/31/6
f 5058/32/1 5059/33/1 5057/34/1
f 5062/35/5 5057/36/5 5059/37/5
f 5062/35/5 5060/38/5 5057/36/5
f 5061/29/6 5057/31/6 5060/38/6
f 5063/39/3 5062/35/3 5059/33/3
f 5063/39/3 5064/40/3 5062/35/3
f 5064/40/4 5060/38/4 5062/35/4
f 5063/41/2 5061/29/2 5064/40/2
f 5064/40/4 5061/29/4 5060/38/4
f 5063/41/2 5058/42/2 5061/29/2
f 5058/32/1 5063/39/1 5059/33/1
f 5069/1/6 5066/2/6 5065/3/6
f 5066/4/2 5067/5/2 5065/6/2
f 5070/7/1 5065/8/1 5067/9/1
f 5070/7/1 5068/10/1 5065/8/1
f 5069/1/6 5065/3/6 5068/10/6
f 5071/11/3 5070/7/3 5067/5/3
f 5071/11/3 5072/12/3 5070/7/3
f 5072/12/5 5068/10/5 5070/7/5
f 5071/13/4 5069/1/4 5072/12/4
f 5072/12/5 5069/1/5 5068/10/5
f 5071/13/4 5066/14/4 5069/1/4
f 5066/4/2 5071/11/2 5067/5/2
f 5077/15/6 5074/16/6 5073/17/6
f 5074/18/2 5075/19/2 5073/20/2
f 5078/21/1 5073/22/1 5075/23/1
f 5078/21/1 5076/24/1 5073/22/1
f 5077/15/6 5073/17/6 5076/24/6
f 5079/25/3 5078/21/3 5075/19/3
f 5079/25/3 5080/26/3 5078/21/3
f 5080/26/5 5076/24/5 5078/21/5
f 5079/27/4 5077/15/4 5080/26/4
f 5080/26/5 5077/15/5 5076/24/5
f 5079/27/4 5074/28/4 5077/15/4
f 5074/18/2 5079/25/2 5075/19/2
f 5085/29/6 5082/30/6 5081/31/6
f 5082/32/1 5083/33/1 5081/34/1
f 5086/35/5 5081/36/5 5083/37/5
f 5086/35/5 5084/38/5 5081/36/5
f 5085/29/6 5081/31/6 5084/38/6
f 5087/39/3 5086/35/3 5083/33/3
f 5087/39/3 5088/40/3 5086/35/3
f 5088/40/4 5084/38/4 5086/35/4
f 5087/41/2 5085/29/2 5088/40/2
f 5088/40/4 5085/29/4 5084/38/4
f 5087/41/2 5082/42/2 5085/29/2
f 5082/32/1 5087/39/1 5083/33/1
f 5093/1/6 5090/2/6 5089/3/6
f 5090/4/2 5091/5/2 5089/6/2
f 5094/7/1 5089/8/1 5091/9/1
f 5094/7/1 5092/10/1 5089/8/1
f 5093/1/6 5089/3/6 5092/10/6
f 5095/11/3 5094/7/3 5091/5/3
f 5095/11/3 5096/12/3 5094/7/3
f 5096/12/5 5092/10/5 5094/7/5
f 5095/13/4 5093/1/4 5096/12/4
f 5096/12/5 5093/1/5 5092/10/5
f 5095/13/4 5090/14/4 5093/1/4
f 5090/4/2 5095/11/2 5091/5/2
f 5101/15/6 5098/16/6 5097/17/6
f 5098/18/2 5099/19/2 5097/20/2
f 5102/21/1 5097/22/1 5099/23/1
f 5102/21/1 5100/24/1 5097/22/1
f 5101/15/6 5097/17/6 5100/24/6
f 5103/25/3 5102/21/3 5099/19/3
f 5103/25/3 5104/26/3 5102/21/3
f 5104/26/5 5100/24/5 5102/21/5
f 5103/27/4 5101/15/4 5104/26/4
f 5104/26/5 5101/15/5 5100/24/5
f 5103/27/4 5098/28/4 5101/15/4
f 5098/18/2 5103/25/2 5099/19/2
f 5109/29/6 5106/30/6 5105/31/6
f 5106/32/1 5107/33/1 5105/34/1
f 5110/35/5 5105/36/5 5107/37/5
f 5110/35/5 5108/38/5 5105/36/5
f 5109/29/6 5105/31/6 5108/38/6
f 5111/39/3 5110/35/3 5107/33/3
f 5111/39/3 5112/40/3 5110/35/3
f 5112/40/4 5108/38/4 5110/35/4
f 5111/41/2 5109/29/2 5112/40/2
f 5112/40/4 5109/29/4 5108/38/4
f 5111/41/2 5106/42/2 5109/29/2
f 5106/32/1 5111/39/1 5107/33/1
f 5117/1/6 5114/2/6 5113/3/6
f 5114/4/2 5115/5/2 5113/6/2
f 5118/7/1 5113/8/1 5115/9/1
f 5118/7/1 5116/10/1 5113/8/1
f 5117/1/6 5113/3/6 5116/10/6
f 5119/11/3 5118/7/3 5115/5/3
f 5119/11/3 5120/12/3 5118/7/3
f 5120/12/5 5116/10/5 5118/7/5
f 5119/13/4 5117/1/4 5120/12/4
f 5120/12/5 5117/1/5 5116/10/5
f 5119/13/4 5114/14/4 5117/1/4
f 5114/4/2 5119/11/2 5115/5/2
f 5125/15/6 5122/16/6 5121/17/6
f 5122/18/2 5123/19/2 5121/20/2
f 5126/21/1 5121/22/1 5123/23/1
f 5126/21/1 5124/24/1 5121/22/1
f 5125/15/6 5121/17/6 5124/24/6
f 5127/25/3 5126/21/3 5123/19/3
f 5127/25/3 5128/26/3 5126/21/3
f 5128/26/5 5124/24/5 5126/21/5
f 5127/27/4 5125/15/4 5128/26/4
f 5128/26/5 5125/15/5 5124/24/5
f 5127/27/4 5122/28/4 5125/15/4
f 5122/18/2 5127/25/2 5123/19/2
f 5133/29/6 5130/30/6 5129/31/6
f 5130/32/1 5131/33/1 5129/34/1
f 5134/35/5 5129/36/5 5131/37/5
f 5134/35/5 5132/38/5 5129/36/5
f 5133/29/6 5129/31/6 5132/38/6
f 5135/39/3 5134/35/3 5131/33/3
f 5135/39/3 5136/40/3 5134/35/3
f 5136/40/4 5132/38/4 5134/35/4
f 5135/41/2 5133/29/2 5136/40/2
f 5136/40/4 5133/29/4 5132/38/4
f 5135/41/2 5130/42/2 5133/29/2
f 5130/32/1 5135/39/1 5131/33/1
f 5141/1/6 5138/2/6 5137/3/6
f 5138/4/2 5139/5/2 5137/6/2
f 5142/7/1 5137/8/1 5139/9/1
f 5142/7/1 5140/10/1 5137/8/1
f 5141/1/6 5137/3/6 5140/10/6
f 5143/11/3 5142/7/3 5139/5/3
f 5143/11/3 5144/12/3 5142/7/3
f 5144/12/5 5140/10/5 5142/7/5
f 5143/13/4 5141/1/4 5144/12/4
f 5144/12/5 5141/1/5 5140/10/5
f 5143/13/4 5138/14/4 5141/1/4
f 5138/4/2 5143/11/2 5139/5/2
f 5149/15/6 5146/16/6 5145/17/6
f 5146/18/2 5147/19/2 5145/20/2
f 5150/21/1 5145/22/1 5147/23/1
f 5150/21/1 5148/24/1 5145/22/1
f 5149/15/6 5145/17/6 5148/24/6
f 5151/25/3 5150/21/3 5147/19/3
f 5151/25/3 5152/26/3 5150/21/3
f 5152/26/5 5148/24/5 5150/21/5
f 5151/27/4 5149/15/4 5152/26/4
f 5152/26/5 5149/15/5 5148/24/5
f 5151/27/4 5146/28/4 5149/15/4
f 5146/18/2 5151/25/2 5147/19/2
f 5157/29/6 5154/30/6 5153/31/6
f 5154/32/1 5155/33/1 5153/34/1
f 5158/35/5 5153/36/5 5155/37/5
f 5158/35/5 5156/38/5 5153/36/5
f 5157/29/6 5153/31/6 5156/38/6
f 5159/39/3 5158/35/3 5155/33/3
f 5159/39/3 5160/40/3 5158/35/3
f 5160/40/4 5156/38/4 5158/35/4
f 5159/41/2 5157/29/2 5160/40/2
f 5160/40/4 5157/29/4 5156/38/4
f 5159/41/2 5154/42/2 5157/29/2
f 5154/32/1 5159/39/1 5155/33/1
f 5165/1/6 5162/2/6 5161/3/6
f 5162/4/2 5163/5/2 5161/6/2
f 5166/7/1 5161/8/1 5163/9/1
f 5166/7/1 5164/10/1 5161/8/1
f 5165/1/6 5161/3/6 5164/10/6
f 5167/11/3 5166/7/3 5163/5/3
f 5167/11/3 5168/12/3 5166/7/3
f 5168/12/5 5164/10/5 5166/7/5
f 5167/13/4 5165/1/4 5168/12/4
f 5168/12/5 5165/1/5 5164/10/5
f 5167/13/4 5162/14/4 5165/1/4
f 5162/4/2 5167/11/2 5163/5/2
f 5173/15/6 5170/16/6 5169/17/6
f 5170/18/2 5171/19/2 5169/20/2
f 5174/21/1 5169/22/1 5171/23/1
f 5174/21/1 5172/24/1 5169/22/1
f 5173/15/6 5169/17/6 5172/24/6
f 5175/25/3 5174/21/3 5171/19/3
f 5175/25/3 5176/26/3 5174/21/3
f 5176/26/5 5172/24/5 5174/21/5
f 5175/27/4 5173/15/4 5176/26/4
f 5176/26/5 5173/15/5 5172/24/5
f 5175/27/4 5170/28/4 5173/15/4
f 5170/18/2 5175/25/2 5171/19/2
f 5181/29/6 5178/30/6 5177/31/6
f 5178/32/1 5179/33/1 5177/34/1
f 5182/35/5 5177/36/5 5179/37/5
f 5182/35/5 5180/38/5 5177/36/5
f 5181/29/6 5177/31/6 5180/38/6
f 5183/39/3 5182/35/3 5179/33/3
f 5183/39/3 5184/40/3 5182/35/3
f 5184/40/4 5180/38/4 5182/35/4
f 5183/41/2 5181/29/2 5184/40/2
f 5184/40/4 5181/29/4 5180/38/4
f 5183/41/2 5178/42/2 5181/29/2
f 5178/32/1 5183/39/1 5179/33/1
f 5189/1/6 5186/2/6 5185/3/6
f 5186/4/2 5187/5/2 5185/6/2
f 5190/7/1 5185/8/1 5187/9/1
f 5190/7/1 5188/10/1 5185/8/1
f 5189/1/6 5185/3/6 5188/10/6
f 5191/11/3 5190/7/3 5187/5/3
f 5191/11/3 5192/12/3 5190/7/3
f 5192/12/5 5188/10/5 5190/7/5
f 5191/13/4 5189/1/4 5192/12/4
f 5192/12/5 5189/1/5 5188/10/5
f 5191/13/4 5186/14/4 5189/1/4
f 5186/4/2 5191/11/2 5187/5/2
f 5197/15/6 5194/16/6 5193/17/6
f 5194/18/2 5195/19/2 5193/20/2
f 5198/21/1 5193/22/1 5195/23/1
f 5198/21/1 5196/24/1 5193/22/1
f 5197/15/6 5193/17/6 5196/24/6
f 5199/25/3 5198/21/3 5195/19/3
f 5199/25/3 5200/26/3 5198/21/3
f 5200/26/5 5196/24/5 5198/21/5
f 5199/27/4 5197/15/4 5200/26/4
f 5200/26/5 5197/15/5 5196/24/5
f 5199/27/4 5194/28/4 5197/15/4
f 5194/18/2 5199/25/2 5195/19/2
f 5205/29/6 5202/30/6 5201/31/6
f 5202/32/1 5203/33/1 5201/34/1
f 5206/35/5 5201/36/5 5203/37/5
f 5206/35/5 5204/38/5 5201/36/5
f 5205/29/6 5201/31/6 5204/38/6
f 5207/39/3 5206/35/3 5203/33/3
f 5207/39/3 5208/40/3 5206/35/3
f 5208/40/4 5204/38/4 5206/35/4
f 5207/41/2 5205/29/2 5208/40/2
f 5208/40/4 5205/29/4 5204/38/4
f 5207/41/2 5202/42/2 5205/29/2
f 5202/32/1 5207/39/1 5203/33/1
f 5213/1/6 5210/2/6 5209/3/6
f 5210/4/2 5211/5/2 5209/6/2
f 5214/7/1 5209/8/1 5211/9/1
f 5214/7/1 5212/10/1 5209/8/1
f 5213/1/6 5209/3/6 5212/10/6
f 5215/11/3 5214/7/3 5211/5/3
f 5215/11/3 5216/12/3 5214/7/3
f 5216/12/5 5212/10/5 5214/7/5
f 5215/13/4 5213/1/4 5216/12/4
f 5216/12/5 5213/1/5 5212/10/5
f 5215/13/4 5210/14/4 5213/1/4
f 5210/4/2 5215/11/2 5211/5/2
f 5221/15/6 5218/16/6 5217/17/6
f 5218/18/2 5219/19/2 5217/20/2
f 5222/21/1 5217/22/1 5219/23/1
f 5222/21/1 5220/24/1 5217/22/1
f 5221/15/6 5217/17/6 5220/24/6
f 5223/25/3 5222/21/3 5219/19/3
f 5223/25/3 5224/26/3 5222/21/3
f 5224/26/5 5220/24/5 5222/21/5
f 5223/27/4 5221/15/4 5224/26/4
f 5224/26/5 5221/15/5 5220/24/5
f 5223/27/4 5218/28/4 5221/15/4
f 5218/18/2 5223/25/2 5219/19/2
f 5229/29/6 5226/30/6 5225/31/6
f 5226/32/1 5227/33/1 5225/34/1
f 5230/35/5 5225/36/5 5227/37/5
f 5230/35/5 5228/38/5 5225/36/5
f 5229/29/6 5225/31/6 5228/38/6
f 5231/39/3 5230/35/3 5227/33/3
f 5231/39/3 5232/40/3 5230/35/3
f 5232/40/4 5228/38/4 5230/35/4
f 5231/41/2 5229/29/2 5232/40/2
f 5232/40/4 5229/29/4 5228/38/4
f 5231/41/2 5226/42/2 5229/29/2
f 5226/32/1 5231/39/1 5227/33/1
f 5237/1/6 5234/2/6 5233/3/6
f 5234/4/2 5235/5/2 5233/6/2
f 5238/7/1 5233/8/1 5235/9/1
f 5238/7/1 5236/10/1 5233/8/1
f 5237/1/6 5233/3/6 5236/10/6
f 5239/11/3 5238/7/3 5235/5/3
f 5239/11/3 5240/12/3 5238/7/3
f 5240/12/5 5236/10/5 5238/7/5
f 5239/13/4 5237/1/4 5240/12/4
f 5240/12/5 5237/1/5 5236/10/5
f 5239/13/4 5234/14/4 5237/1/4
f 5234/4/2 5239/11/2 5235/5/2
f 5245/15/6 5242/16/6 5241/17/6
f 5242/18/2 5243/19/2 5241/20/2
f 5246/21/1 5241/22/1 5243/23/1
f 5246/21/1 5244/24/1 5241/22/1
f 5245/15/6 5241/17/6 5244/24/6
f 5247/25/3 5246/21/3 5243/19/3
f 5247/25/3 5248/26/3 5246/21/3
f 5248/26/5 5244/24/5 5246/21/5
f 5247/27/4 5245/15/4 5248/26/4
f 5248/26/5 5245/15/5 5244/24/5
f 5247/27/4 5242/28/4 5245/15/4
f 5242/18/2 5247/25/2 5243/19/2
f 5253/29/6 5250/30/6 5249/31/6
f 5250/32/1 5251/33/1 5249/34/1
f 5254/35/5 5249/36/5 5251/37/5
f 5254/35/5 5252/38/5 5249/36/5
f 5253/29/6 5249/31/6 5252/38/6
f 5255/39/3 5254/35/3 5251/33/3
f 5255/39/3 5256/40/3 5254/35/3
f 5256/40/4 5252/38/4 5254/35/4
f 5255/41/2 5253/29/2 5256/40/2
f 5256/40/4 5253/29/4 5252/38/4
f 5255/41/2 5250/42/2 5253/29/2
f 5250/32/1 5255/39/1 5251/33/1
f 5261/1/6 5258/2/6 5257/3/6
f 5258/4/2 5259/5/2 5257/6/2
f 5262/7/1 5257/8/1 5259/9/1
f 5262/7/1 5260/10/1 5257/8/1
f 5261/1/6 5257/3/6 5260/10/6
f 5263/11/3 5262/7/3 5259/5/3
f 5263/11/3 5264/12/3 5262/7/3
f 5264/12/5 5260/10/5 5262/7/5
f 5263/13/4 5261/1/4 5264/12/4
f 5264/12/5 5261/1/5 5260/10/5
f 5263/13/4 5258/14/4 5261/1/4
f 5258/4/2 5263/11/2 5259/5/2
f 5269/15/6 5266/16/6 5265/17/6
f 5266/18/2 5267/19/2 5265/20/2
f 5270/21/1 5265/22/1 5267/23/1
f 5270/21/1 5268/24/1 5265/22/1
f 5269/15/6 5265/17/6 5268/24/6
f 5271/25/3 5270/21/3 5267/19/3
f 5271/25/3 5272/26/3 5270/21/3
f 5272/26/5 5268/24/5 5270/21/5
f 5271/27/4 5269/15/4 5272/26/4
f 5272/26/5 5269/15/5 5268/24/5
f 5271/27/4 5266/28/4 5269/15/4
f 5266/18/2 5271/25/2 5267/19/2
f 5277/29/6 5274/30/6 5273/31/6
f 5274/32/1 5275/33/1 5273/34/1
f 5278/35/5 5273/36/5 5275/37/5
f 5278/35/5 5276/38/5 5273/36/5
f 5277/29/6 5273/31/6 5276/38/6
f 5279/39/3 5278/35/3 5275/33/3
f 5279/39/3 5280/40/3 5278/35/3
f 5280/40/4 5276/38/4 5278/35/4
f 5279/41/2 5277/29/2 5280/40/2
f 5280/40/4 5277/29/4 5276/38/4
f 5279/41/2 5274/42/2 5277/29/2
f 5274/32/1 5279/39/1 5275/33/1
f 5285/1/6 5282/2/6 5281/3/6
f 5282/4/2 5283/5/2 5281/6/2
f 5286/7/1 5281/8/1 5283/9/1
f 5286/7/1 5284/10/1 5281/8/1
f 5285/1/6 5281/3/6 5284/10/6
f 5287/11/3 5286/7/3 5283/5/3
f 5287/11/3 5288/12/3 5286/7/3
f 5288/12/5 5284/10/5 5286/7/5
f 5287/13/4 5285/1/4 5288/12/4
f 5288/12/5 5285/1/5 5284/10/5
f 5287/13/4 5282/14/4 5285/1/4
f 5282/4/2 5287/11/2 5283/5/2
f 5293/15/6 5290/16/6 5289/17/6
f 5290/18/2 5291/19/2 5289/20/2
f 5294/21/1 5289/22/1 5291/23/1
f 5294/21/1 5292/24/1 5289/22/1
f 5293/15/6 5289/17/6 5292/24/6
f 5295/25/3 5294/21/3 5291/19/3
f 5295/25/3 5296/26/3 5294/21/3
f 5296/26/5 5292/24/5 5294/21/5
f 5295/27/4 5293/15/4 5296/26/4
f 5296/26/5 5293/15/5 5292/24/5
f 5295/27/4 5290/28/4 5293/15/4
f 5290/18/2 5295/25/2 5291/19/2
f 5301/29/6 5298/30/6 5297/31/6
f 5298/32/1 5299/33/1 5297/34/1
f 5302/35/5 5297/36/5 5299/37/5
f 5302/35/5 5300/38/5 5297/36/5
f 5301/29/6 5297/31/6 5300/38/6
f 5303/39/3 5302/35/3 5299/33/3
f 5303/39/3 5304/40/3 5302/35/3
f 5304/40/4 5300/38/4 5302/35/4
f 5303/41/2 5301/29/2 5304/40/2
f 5304/40/4 5301/29/4 5300/38/4
f 5303/41/2 5298/42/2 5301/29/2
f 5298/32/1 5303/39/1 5299/33/1
f 5309/1/6 5306/2/6 5305/3/6
f 5306/4/2 5307/5/2 5305/6/2
f 5310/7/1 5305/8/1 5307/9/1
f 5310/7/1 5308/10/1 5305/8/1
f 5309/1/6 5305/3/6 5308/10/6
f 5311/11/3 5310/7/3 5307/5/3
f 5311/11/3 5312/12/3 5310/7/3
f 5312/12/5 5308/10/5 5310/7/5
f 5311/13/4 5309/1/4 5312/12/4
f 5312/12/5 5309/1/5 5308/10/5
f 5311/13/4 5306/14/4 5309/1/4
f 5306/4/2 5311/11/2 5307/5/2
f 5317/15/6 5314/16/6 5313/17/6
f 5314/18/2 5315/19/2 5313/20/2
f 5318/21/1 5313/22/1 5315/23/1
f 5318/21/1 5316/24/1 5313/22/1
f 5317/15/6 5313/17/6 5316/24/6
f 5319/25/3 5318/21/3 5315/19/3
f 5319/25/3 5320/26/3 5318/21/3
f 5320/26/5 5316/24/5 5318/21/5
f 5319/27/4 5317/15/4 5320/26/4
f 5320/26/5 5317/15/5 5316/24/5
f 5319/27/4 5314/28/4 5317/15/4
f 5314/18/2 5319/25/2 5315/19/2
f 5325/29/6 5322/30/6 5321/31/6
f 5322/32/1 5323/33/1 5321/34/1
f 5326/35/5 5321/36/5 5323/37/5
f 5326/35/5 5324/38/5 5321/36/5
f 5325/29/6 5321/31/6 5324/38/6
f 5327/39/3 5326/35/3 5323/33/3
f 5327/39/3 5328/40/3 5326/35/3
f 5328/40/4 5324/38/4 5326/35/4
f 5327/41/2 5325/29/2 5328/40/2
f 5328/40/4 5325/29/4 5324/38/4
f 5327/41/2 5322/42/2 5325/29/2
f 5322/32/1 5327/39/1 5323/33/1
f 5333/1/6 5330/2/6 5329/3/6
f 5330/4/2 5331/5/2 5329/6/2
f 5334/7/1 5329/8/1 5331/9/1
f 5334/7/1 5332/10/1 5329/8/1
f 5333/1/6 5329/3/6 5332/10/6
f 5335/11/3 5334/7/3 5331/5/3
f 5335/11/3 5336/12/3 5334/7/3
f 5336/12/5 5332/10/5 5334/7/5
f 5335/13/4 5333/1/4 5336/12/4
f 5336/12/5 5333/1/5 5332/10/5
f 5335/13/4 5330/14/4 5333/1/4
f 5330/4/2 5335/11/2 5331/5/2
f 5341/15/6 5338/16/6 5337/17/6
f 5338/18/2 5339/19/2 5337/20/2
f 5342/21/1 5337/22/1 5339/23/1
f 5342/21/1 5340/24/1 5337/22/1
f 5341/15/6 5337/17/6 5340/24/6
f 5343/25/3 5342/21/3 5339/19/3
f 5343/25/3 5344/26/3 5342/21/3
f 5344/26/5 5340/24/5 5342/21/5
f 5343/27/4 5341/15/4 5344/26/4
f 5344/26/5 5341/15/5 5340/24/5
f 5343/27/4 5338/28/4 5341/15/4
f 5338/18/2 5343/25/2 5339/19/2
f 5349/29/6 5346/30/6 5345/31/6
f 5346/32/1 5347/33/1 5345/34/1
f 5350/35/5 5345/36/5 5347/37/5
f 5350/35/5 5348/38/5 5345/36/5
f 5349/29/6 5345/31/6 5348/38/6
f 5351/39/3 5350/35/3 5347/33/3
f 5351/39/3 5352/40/3 5350/35/3
f 5352/40/4 5348/38/4 5350/35/4
f 5351/41/2 5349/29/2 5352/40/2
f 5352/40/4 5349/29/4 5348/38/4
f 5351/41/2 5346/42/2 5349/29/2
f 5346/32/1 5351/39/1 5347/33/1
f 5357/1/6 5354/2/6 5353/3/6
f 5354/4/2 5355/5/2 5353/6/2
f 5358/7/1 5353/8/1 5355/9/1
f 5358/7/1 5356/10/1 5353/8/1
f 5357/1/6 5353/3/6 5356/10/6
f 5359/11/3 5358/7/3 5355/5/3
f 5359/11/3 5360/12/3 5358/7/3
f 5360/12/5 5356/10/5 5358/7/5
f 5359/13/4 5357/1/4 5360/12/4
f 5360/12/5 5357/1/5 5356/10/5
f 5359/13/4 5354/14/4 5357/1/4
f 5354/4/2 5359/11/2 5355/5/2
f 5365/15/6 5362/16/6 5361/17/6
f 5362/18/2 5363/19/2 5361/20/2
f 5366/21/1 5361/22/1 5363/23/1
f 5366/21/1 5364/24/1 5361/22/1
f 5365/15/6 5361/17/6 5364/24/6
f 5367/25/3 5366/21/3 5363/19/3
f 5367/25/3 5368/26/3 5366/21/3
f 5368/26/5 5364/24/5 5366/21/5
f 5367/27/4 5365/15/4 5368/26/4
f 5368/26/5 5365/15/5 5364/24/5
f 5367/27/4 5362/28/4 5365/15/4
f 5362/18/2 5367/25/2 5363/19/2
f 5373/29/6 5370/30/6 5369/31/6
f 5370/32/1 5371/33/1 5369/34/1
f 5374/35/5 5369/36/5 5371/37/5
f 5374/35/5 5372/38/5 5369/36/5
f 5373/29/6 5369/31/6 5372/38/6
f 5375/39/3 5374/35/3 5371/33/3
f 5375/39/3 5376/40/3 5374/35/3
f 5376/40/4 5372/38/4 5374/35/4
f 5375/41/2 5373/29/2 5376/40/2
f 5376/40/4 5373/29/4 5372/38/4
f 5375/41/2 5370/42/2 5373/29/2
f 5370/32/1 5375/39/1 5371/33/1
f 5381/1/6 5378/2/6 5377/3/6
f 5378/4/2 5379/5/2 5377/6/2
f 5382/7/1 5377/8/1 5379/9/1
f 5382/7/1 5380/10/1 5377/8/1
f 5381/1/6 5377/3/6 5380/10/6
f 5383/11/3 5382/7/3 5379/5/3
f 5383/11/3 5384/12/3 5382/7/3
f 5384/12/5 5380/10/5 5382/7/5
f 5383/13/4 5381/1/4 5384/12/4
f 5384/12/5 5381/1/5 5380/10/5
f 5383/13/4 5378/14/4 5381/1/4
f 5378/4/2 5383/11/2 5379/5/2
f 5389/15/6 5386/16/6 5385/17/6
f 5386/18/2 5387/19/2 5385/20/2
f 5390/21/1 5385/22/1 5387/23/1
f 5390/21/1 5388/24/1 5385/22/1
f 5389/15/6 5385/17/6 5388/24/6
f 5391/25/3 5390/21/3 5387/19/3
f 5391/25/3 5392/26/3 5390/21/3
f 5392/26/5 5388/24/5 5390/21/5
f 5391/27/4 5389/15/4 5392/26/4
f 5392/26/5 5389/15/5 5388/24/5
f 5391/27/4 5386/28/4 5389/15/4
f 5386/18/2 5391/25/2 5387/19/2
f 5397/29/6 5394/30/6 5393/31/6
f 5394/32/1 5395/33/1 5393/34/1
f 5398/35/5 5393/36/5 5395/37/5
f 5398/35/5 5396/38/5 5393/36/5
f 5397/29/6 5393/31/6 5396/38/6
f 5399/39/3 5398/35/3 5395/33/3
f 5399/39/3 5400/40/3 5398/35/3
f 5400/40/4 5396/38/4 5398/35/4
f 5399/41/2 5397/29/2 5400/40/2
f 5400/40/4 5397/29/4 5396/38/4
f 5399/41/2 5394/42/2 5397/29/2
f 5394/32/1 5399/39/1 5395/33/1
f 5405/1/6 5402/2/6 5401/3/6
f 5402/4/2 5403/5/2 5401/6/2
f 5406/7/1 5401/8/1 5403/9/1
f 5406/7/1 5404/10/1 5401/8/1
f 5405/1/6 5401/3/6 5404/10/6
f 5407/11/3 5406/7/3 5403/5/3
f 5407/11/3 5408/12/3 5406/7/3
f 5408/12/5 5404/10/5 5406/7/5
f 5407/13/4 5405/1/4 5408/12/4
f 5408/12/5 5405/1/5 5404/10/5
f 5407/13/4 5402/14/4 5405/1/4
f 5402/4/2 5407/11/2 5403/5/2
f 5413/15/6 5410/16/6 5409/17/6
f 5410/18/2 5411/19/2 5409/20/2
f 5414/21/1 5409/22/1 5411/23/1
f 5414/21/1 5412/24/1 5409/22/1
f 5413/15/6 5409/17/6 5412/24/6
f 5415/25/3 5414/21/3 5411/19/3
f 5415/25/3 5416/26/3 5414/21/3
f 5416/26/5 5412/24/5 5414/21/5
f 5415/27/4 5413/15/4 5416/26/4
f 5416/26/5 5413/15/5 5412/24/5
f 5415/27/4 5410/28/4 5413/15/4
f 5410/18/2 5415/25/2 5411/19/2
f 5421/29/6 5418/30/6 5417/31/6
f 5418/32/1 5419/33/1 5417/34/1
f 5422/35/5 5417/36/5 5419/37/5
f 5422/35/5 5420/38/5 5417/36/5
f 5421/29/6 5417/31/6 5420/38/6
f 5423/39/3 5422/35/3 5419/33/3
f 5423/39/3 5424/40/3 5422/35/3
f 5424/40/4 5420/38/4 5422/35/4
f 5423/41/2 5421/29/2 5424/40/2
f 5424/40/4 5421/29/4 5420/38/4
f 5423/41/2 5418/42/2 5421/29/2
f 5418/32/1 5423/39/1 5419/33/1
f 5429/1/6 5426/2/6 5425/3/6
f 5426/4/2 5427/5/2 5425/6/2
f 5430/7/1 5425/8/1 5427/9/1
f 5430/7/1 5428/10/1 5425/8/1
f 5429/1/6 5425/3/6 5428/10/6
f 5431/11/3 5430/7/3 5427/5/3
f 5431/11/3 5432/12/3 5430/7/3
f 5432/12/5 5428/10/5 5430/7/5
f 5431/13/4 5429/1/4 5432/12/4
f 5432/12/5 5429/1/5 5428/10/5
f 5431/13/4 5426/14/4 5429/1/4
f 5426/4/2 5431/11/2 5427/5/2
f 5437/15/6 5434/16/6 5433/17/6
f 5434/18/2 5435/19/2 5433/20/2
f 5438/21/1 5433/22/1 5435/23/1
f 5438/21/1 5436/24/1 5433/22/1
f 5437/15/6 5433/17/6 5436/24/6
f 5439/25/3 5438/21/3 5435/19/3
f 5439/25/3 5440/26/3 5438/21/3
f 5440/26/5 5436/24/5 5438/21/5
f 5439/27/4 5437/15/4 5440/26/4
f 5440/26/5 5437/15/5 5436/24/5
f 5439/27/4 5434/28/4 5437/15/4
f 5434/18/2 5439/25/2 5435/19/2
f 5445/29/6 5442/30/6 5441/31/6
f 5442/32/1 5443/33/1 5441/34/1
f 5446/35/5 5441/36/5 5443/37/5
f 5446/35/5 5444/38/5 5441/36/5
f 5445/29/6 5441/31/6 5444/38/6
f 5447/39/3 5446/35/3 5443/33/3
f 5447/39/3 5448/40/3 5446/35/3
f 5448/40/4 5444/38/4 5446/35/4
f 5447/41/2 5445/29/2 5448/40/2
f 5448/40/4 5445/29/4 5444/38/4
f 5447/41/2 5442/42/2 5445/29/2
f 5442/32/1 5447/39/1 5443/33/1
f 5453/1/6 5450/2/6 5449/3/6
f 5450/4/2 5451/5/2 5449/6/2
f 5454/7/1 5449/8/1 5451/9/1
f 5454/7/1 5452/10/1 5449/8/1
f 5453/1/6 5449/3/6 5452/10/6
f 5455/11/3 5454/7/3 5451/5/3
f 5455/11/3 5456/12/3 5454/7/3
f 5456/12/5 5452/10/5 5454/7/5
f 5455/13/4 5453/1/4 5456/12/4
f 5456/12/5 5453/1/5 5452/10/5
f 5455/13/4 5450/14/4 5453/1/4
f 5450/4/2 5455/11/2 5451/5/2
f 5461/15/6 5458/16/6 5457/17/6
f 5458/18/2 5459/19/2 5457/20/2
f 5462/21/1 5457/22/1 5459/23/1
f 5462/21/1 5460/24/1 5457/22/1
f 5461/15/6 5457/17/6 5460/24/6
f 5463/25/3 5462/21/3 5459/19/3
f 5463/25/3 5464/26/3 5462/21/3
f 5464/26/5 5460/24/5 5462/21/5
f 5463/27/4 5461/15/4 5464/26/4
f 5464/26/5 5461/15/5 5460/24/5
f 5463/27/4 5458/28/4 5461/15/4
f 5458/18/2 5463/25/2 5459/19/2
f 5469/29/6 5466/30/6 5465/31/6
f 5466/32/1 5467/33/1 5465/34/1
f 5470/35/5 5465/36/5 5467/37/5
f 5470/35/5 5468/38/5 5465/36/5
f 5469/29/6 5465/31/6 5468/38/6
f 5471/39/3 5470/35/3 5467/33/3
f 5471/39/3 5472/40/3 5470/35/3
f 5472/40/4 5468/38/4 5470/35/4
f 5471/41/2 5469/29/2 5472/40/2
f 5472/40/4 5469/29/4 5468/38/4
f 5471/41/2 5466/42/2 5469/29/2
f 5466/32/1 5471/39/1 5467/33/1
f 5477/1/6 5474/2/6 5473/3/6
f 5474/4/2 5475/5/2 5473/6/2
f 5478/7/1 5473/8/1 5475/9/1
f 5478/7/1 5476/10/1 5473/8/1
f 5477/1/6 5473/3/6 5476/10/6
f 5479/11/3 5478/7/3 5475/5/3
f 5479/11/3 5480/12/3 5478/7/3
f 5480/12/5 5476/10/5 5478/7/5
f 5479/13/4 5477/1/4 5480/12/4
f 5480/12/5 5477/1/5 5476/10/5
f 5479/13/4 5474/14/4 5477/1/4
f 5474/4/2 5479/11/2 5475/5/2
f 5485/15/6 5482/16/6 5481/17/6
f 5482/18/2 5483/19/2 5481/20/2
f 5486/21/1 5481/22/1 5483/23/1
f 5486/21/1 5484/24/1 5481/22/1
f 5485/15/6 5481/17/6 5484/24/6
f 5487/25/3 5486/21/3 5483/19/3
f 5487/25/3 5488/26/3 5486/21/3
f 5488/26/5 5484/24/5 5486/21/5
f 5487/27/4 5485/15/4 5488/26/4
f 5488/26/5 5485/15/5 5484/24/5
f 5487/27/4 5482/28/4 5485/15/4
f 5482/18/2 5487/25/2 5483/19/2
f 5493/29/6 5490/30/6 5489/31/6
f 5490/32/1 5491/33/1 5489/34/1
f 5494/35/5 5489/36/5 5491/37/5
f 5494/35/5 5492/38/5 5489/36/5
f 5493/29/6 5489/31/6 5492/38/6
f 5495/39/3 5494/35/3 5491/33/3
f 5495/39/3 5496/40/3 5494/35/3
f 5496/40/4 5492/38/4 5494/35/4
f 5495/41/2 5493/29/2 5496/40/2
f 5496/40/4 5493/29/4 5492/38/4
f 5495/41/2 5490/42/2 5493/29/2
f 5490/32/1 5495/39/1 5491/33/1
f 5501/1/6 5498/2/6 5497/3/6
f 5498/4/2 5499/5/2 5497/6/2
f 5502/7/1 5497/8/1 5499/9/1
f 5502/7/1 5500/10/1 5497/8/1
f 5501/1/6 5497/3/6 5500/10/6
f 5503/11/3 5502/7/3 5499/5/3
f 5503/11/3 5504/12/3 5502/7/3
f 5504/12/5 5500/10/5 5502/7/5
f 5503/13/4 5501/1/4 5504/12/4
f 5504/12/5 5501/1/5 5500/10/5
f 5503/13/4 5498/14/4 5501/1/4
f 5498/4/2 5503/11/2 5499/5/2
f 5509/15/6 5506/16/6 5505/17/6
f 5506/18/2 5507/19/2 5505/20/2
f 5510/21/1 5505/22/1 5507/23/1
f 5510/21/1 5508/24/1 5505/22/1
f 5509/15/6 5505/17/6 5508/24/6
f 5511/25/3 5510/21/3 5507/19/3
f 5511/25/3 5512/26/3 5510/21/3
f 5512/26/5 5508/24/5 5510/21/5
f 5511/27/4 5509/15/4 5512/26/4
f 5512/26/5 5509/15/5 5508/24/5
f 5511/27/4 5506/28/4 5509/15/4
f 5506/18/2 5511/25/2 5507/19/2
f 5517/29/6 5514/30/6 5513/31/6
f 5514/32/1 5515/33/1 5513/34/1
f 5518/35/5 5513/36/5 5515/37/5
f 5518/35/5 5516/38/5 5513/36/5
f 5517/29/6 5513/31/6 5516/38/6
f 5519/39/3 5518/35/3 5515/33/3
f 5519/39/3 5520/40/3 5518/35/3
f 5520/40/4 5516/38/4 5518/35/4
f 5519/41/2 5517/29/2 5520/40/2
f 5520/40/4 5517/29/4 5516/38/4
f 5519/41/2 5514/42/2 5517/29/2
f 5514/32/1 5519/39/1 5515/33/1
f 5525/1/6 5522/2/6 5521/3/6
f 5522/4/2 5523/5/2 5521/6/2
f 5526/7/1 5521/8/1 5523/9/1
f 5526/7/1 5524/10/1 5521/8/1
f 5525/1/6 5521/3/6 5524/10/6
f 5527/11/3 5526/7/3 5523/5/3
f 5527/11/3 5528/12/3 5526/7/3
f 5528/12/5 5524/10/5 5526/7/5
f 5527/13/4 5525/1/4 5528/12/4
f 5528/12/5 5525/1/5 5524/10/5
f 5527/13/4 5522/14/4 5525/1/4
f 5522/4/2 5527/11/2 5523/5/2
f 5533/15/6 5530/16/6 5529/17/6
f 5530/18/2 5531/19/2 5529/20/2
f 5534/21/1 5529/22/1 5531/23/1
f 5534/21/1 5532/24/1 5529/22/1
f 5533/15/6 5529/17/6 5532/24/6
f 5535/25/3 5534/21/3 5531/19/3
f 5535/25/3 5536/26/3 5534/21/3
f 5536/26/5 5532/24/5 5534/21/5
f 5535/27/4 5533/15/4 5536/26/4
f 5536/26/5 5533/15/5 5532/24/5
f 5535/27/4 5530/28/4 5533/15/4
f 5530/18/2 5535/25/2 5531/19/2
f 5541/29/6 5538/30/6 5537/31/6
f 5538/32/1 5539/33/1 5537/34/1
f 5542/35/5 5537/36/5 5539/37/5
f 5542/35/5 5540/38/5 5537/36/5
f 5541/29/6 5537/31/6 5540/38/6
f 5543/39/3 5542/35/3 5539/33/3
f 5543/39/3 5544/40/3 5542/35/3
f 5544/40/4 5540/38/4 5542/35/4
f 5543/41/2 5541/29/2 5544/40/2
f 5544/40/4 5541/29/4 5540/38/4
f 5543/41/2 5538/42/2 5541/29/2
f 5538/32/1 5543/39/1 5539/33/1
f 5549/1/6 5546/2/6 5545/3/6
f 5546/4/2 5547/5/2 5545/6/2
f 5550/7/1 5545/8/1 5547/9/1
f 5550/7/1 5548/10/1 5545/8/1
f 5549/1/6 5545/3/6 5548/10/6
f 5551/11/3 5550/7/3 5547/5/3
f 5551/11/3 5552/12/3 5550/7/3
f 5552/12/5 5548/10/5 5550/7/5
f 5551/13/4 5549/1/4 5552/12/4
f 5552/12/5 5549/1/5 5548/10/5
f 5551/13/4 5546/14/4 5549/1/4
f 5546/4/2 5551/11/2 5547/5/2
f 5557/15/6 5554/16/6 5553/17/6
f 5554/18/2 5555/19/2 5553/20/2
f 5558/21/1 5553/22/1 5555/23/1
f 5558/21/1 5556/24/1 5553/22/1
f 5557/15/6 5553/17/6 5556/24/6
f 5559/25/3 5558/21/3 5555/19/3
f 5559/25/3 5560/26/3 5558/21/3
f 5560/26/5 5556/24/5 5558/21/5
f 5559/27/4 5557/15/4 5560/26/4
f 5560/26/5 5557/15/5 5556/24/5
f 5559/27/4 5554/28/4 5557/15/4
f 5554/18/2 5559/25/2 5555/19/2
f 5565/29/6 5562/30/6 5561/31/6
f 5562/32/1 5563/33/1 5561/34/1
f 5566/35/5 5561/36/5 5563/37/5
f 5566/35/5 5564/38/5 5561/36/5
f 5565/29/6 5561/31/6 5564/38/6
f 5567/39/3 5566/35/3 5563/33/3
f 5567/39/3 5568/40/3 5566/35/3
f 5568/40/4 5564/38/4 5566/35/4
f 5567/41/2 5565/29/2 5568/40/2
f 5568/40/4 5565/29/4 5564/38/4
f 5567/41/2 5562/42/2 5565/29/2
f 5562/32/1 5567/39/1 5563/33/1
f 5573/1/6 5570/2/6 5569/3/6
f 5570/4/2 5571/5/2 5569/6/2
f 5574/7/1 5569/8/1 5571/9/1
f 5574/7/1 5572/10/1 5569/8/1
f 5573/1/6 5569/3/6 5572/10/6
f 5575/11/3 5574/7/3 5571/5/3
f 5575/11/3 5576/12/3 5574/7/3
f 5576/12/5 5572/10/5 5574/7/5
f 5575/13/4 5573/1/4 5576/12/4
f 5576/12/5 5573/1/5 5572/10/5
f 5575/13/4 5570/14/4 5573/1/4
f 5570/4/2 5575/11/2 5571/5/2
f 5581/15/6 5578/16/6 5577/17/6
f 5578/18/2 5579/19/2 5577/20/2
f 5582/21/1 5577/22/1 5579/23/1
f 5582/21/1 5580/24/1 5577/22/1
f 5581/15/6 5577/17/6 5580/24/6
f 5583/25/3 5582/21/3 5579/19/3
f 5583/25/3 5584/26/3 5582/21/3
f 5584/26/5 5580/24/5 5582/21/5
f 5583/27/4 5581/15/4 5584/26/4
f 5584/26/5 5581/15/5 5580/24/5
f 5583/27/4 5578/28/4 5581/15/4
f 5578/18/2 5583/25/2 5579/19/2
f 5589/29/6 5586/30/6 5585/31/6
f 5586/32/1 5587/33/1 5585/34/1
f 5590/35/5 5585/36/5 5587/37/5
f 5590/35/5 5588/38/5 5585/36/5
f 5589/29/6 5585/31/6 5588/38/6
f 5591/39/3 5590/35/3 5587/33/3
f 5591/39/3 5592/40/3 5590/35/3
f 5592/40/4 5588/38/4 5590/35/4
f 5591/41/2 5589/29/2 5592/40/2
f 5592/40/4 5589/29/4 5588/38/4
f 5591/41/2 5586/42/2 5589/29/2
f 5586/32/1 5591/39/1 5587/33/1
f 5597/1/6 5594/2/6 5593/3/6
f 5594/4/2 5595/5/2 5593/6/2
f 5598/7/1 5593/8/1 5595/9/1
f 5598/7/1 5596/10/1 5593/8/1
f 5597/1/6 5593/3/6 5596/10/6
f 5599/11/3 5598/7/3 5595/5/3
f 5599/11/3 5600/12/3 5598/7/3
f 5600/12/5 5596/10/5 5598/7/5
f 5599/13/4 5597/1/4 5600/12/4
f 5600/12/5 5597/1/5 5596/10/5
f 5599/13/4 5594/14/4 5597/1/4
f 5594/4/2 5599/11/2 5595/5/2
f 5605/15/6 5602/16/6 5601/17/6
f 5602/18/2 5603/19/2 5601/20/2
f 5606/21/1 5601/22/1 5603/23/1
f 5606/21/1 5604/24/1 5601/22/1
f 5605/15/6 5601/17/6 5604/24/6
f 5607/25/3 5606/21/3 5603/19/3
f 5607/25/3 5608/26/3 5606/21/3
f 5608/26/5 5604/24/5 5606/21/5
f 5607/27/4 5605/15/4 5608/26/4
f 5608/26/5 5605/15/5 5604/24/5
f 5607/27/4 5602/28/4 5605/15/4
f 5602/18/2 5607/25/2 5603/19/2
f 5613/29/6 5610/30/6 5609/31/6
f 5610/32/1 5611/33/1 5609/34/1
f 5614/35/5 5609/36/5 5611/37/5
f 5614/35/5 5612/38/5 5609/36/5
f 5613/29/6 5609/31/6 5612/38/6
f 5615/39/3 5614/35/3 5611/33/3
f 5615/39/3 5616/40/3 5614/35/3
f 5616/40/4 5612/38/4 5614/35/4
f 5615/41/2 5613/29/2 5616/40/2
f 5616/40/4 5613/29/4 5612/38/4
f 5615/41/2 5610/42/2 5613/29/2
f 5610/32/1 5615/39/1 5611/33/1
f 5621/1/6 5618/2/6 5617/3/6
f 5618/4/2 5619/5/2 5617/6/2
f 5622/7/1 5617/8/1 5619/9/1
f 5622/7/1 5620/10/1 5617/8/1
f 5621/1/6 5617/3/6 5620/10/6
f 5623/11/3 5622/7/3 5619/5/3
f 5623/11/3 5624/12/3 5622/7/3
f 5624/12/5 5620/10/5 5622/7/5
f 5623/13/4 5621/1/4 5624/12/4
f 5624/12/5 5621/1/5 5620/10/5
f 5623/13/4 5618/14/4 5621/1/4
f 5618/4/2 5623/11/2 5619/5/2
f 5629/15/6 5626/16/6 5625/17/6
f 5626/18/2 5627/19/2 5625/20/2
f 5630/21/1 5625/22/1 5627/23/1
f 5630/21/1 5628/24/1 5625/22/1
f 5629/15/6 5625/17/6 5628/24/6
f 5631/25/3 5630/21/3 5627/19/3
f 5631/25/3 5632/26/3 5630/21/3
f 5632/26/5 5628/24/5 5630/21/5
f 5631/27/4 5629/15/4 5632/26/4
f 5632/26/5 5629/15/5 5628/24/5
f 5631/27/4 5626/28/4 5629/15/4
f 5626/18/2 5631/25/2 5627/19/2
f 5637/29/6 5634/30/6 5633/31/6
f 5634/32/1 5635/33/1 5633/34/1
f 5638/35/5 5633/36/5 5635/37/5
f 5638/35/5 5636/38/5 5633/36/5
f 5637/29/6 5633/31/6 5636/38/6
f 5639/39/3 5638/35/3 5635/33/3
f 5639/39/3 5640/40/3 5638/35/3
f 5640/40/4 5636/38/4 5638/35/4
f 5639/41/2 5637/29/2 5640/40/2
f 5640/40/4 5637/29/4 5636/38/4
f 5639/41/2 5634/42/2 5637/29/2
f 5634/32/1 5639/39/1 5635/33/1
f 5645/1/6 5642/2/6 5641/3/6
f 5642/4/2 5643/5/2 5641/6/2
f 5646/7/1 5641/8/1 5643/9/1
f 5646/7/1 5644/10/1 5641/8/1
f 5645/1/6 5641/3/6 5644/10/6
f 5647/11/3 5646/7/3 5643/5/3
f 5647/11/3 5648/12/3 5646/7/3
f 5648/12/5 5644/10/5 5646/7/5
f 5647/13/4 5645/1/4 5648/12/4
f 5648/12/5 5645/1/5 5644/10/5
f 5647/13/4 5642/14/4 5645/1/4
f 5642/4/2 5647/11/2 5643/5/2
f 5653/15/6 5650/16/6 5649/17/6
f 5650/18/2 5651/19/2 5649/20/2
f 5654/21/1 5649/22/1 5651/23/1
f 5654/21/1 5652/24/1 5649/22/1
f 5653/15/6 5649/17/6 5652/24/6
f 5655/25/3 5654/21/3 5651/19/3
f 5655/25/3 5656/26/3 5654/21/3
f 5656/26/5 5652/24/5 5654/21/5
f 5655/27/4 5653/15/4 5656/26/4
f 5656/26/5 5653/15/5 5652/24/5
f 5655/27/4 5650/28/4 5653/15/4
f 5650/18/2 5655/25/2 5651/19/2
f 5661/29/6 5658/30/6 5657/31/6
f 5658/32/1 5659/33/1 5657/34/1
f 5662/35/5 5657/36/5 5659/37/5
f 5662/35/5 5660/38/5 5657/36/5
f 5661/29/6 5657/31/6 5660/38/6
f 5663/39/3 5662/35/3 5659/33/3
f 5663/39/3 5664/40/3 5662/35/3
f 5664/40/4 5660/38/4 5662/35/4
f 5663/41/2 5661/29/2 5664/40/2
f 5664/40/4 5661/29/4 5660/38/4
f 5663/41/2 5658/42/2 5661/29/2
f 5658/32/1 5663/39/1 5659/33/1
f 5669/1/6 5666/2/6 5665/3/6
f 5666/4/2 5667/5/2 5665/6/2
f 5670/7/1 5665/8/1 5667/9/1
f 5670/7/1 5668/10/1 5665/8/1
f 5669/1/6 5665/3/6 5668/10/6
f 5671/11/3 5670/7/3 5667/5/3
f 5671/11/3 5672/12/3 5670/7/3
f 5672/12/5 5668/10/5 5670/7/5
f 5671/13/4 5669/1/4 5672/12/4
f 5672/12/5 5669/1/5 5668/10/5
f 5671/13/4 5666/14/4 5669/1/4
f 5666/4/2 5671/11/2 5667/5/2
f 5677/15/6 5674/16/6 5673/17/6
f 5674/18/2 5675/19/2 5673/20/2
f 5678/21/1 5673/22/1 5675/23/1
f 5678/21/1 5676/24/1 5673/22/1
f 5677/15/6 5673/17/6 5676/24/6
f 5679/25/3 5678/21/3 5675/19/3
f 5679/25/3 5680/26/3 5678/21/3
f 5680/26/5 5676/24/5 5678/21/5
f 5679/27/4 5677/15/4 5680/26/4
f 5680/26/5 5677/15/5 5676/24/5
f 5679/27/4 5674/28/4 5677/15/4
f 5674/18/2 5679/25/2 5675/19/2
f 5685/29/6 5682/30/6 5681/31/6
f 5682/32/1 5683/33/1 5681/34/1
f 5686/35/5 5681/36/5 5683/37/5
f 5686/35/5 5684/38/5 5681/36/5
f 5685/29/6 5681/31/6 5684/38/6
f 5687/39/3 5686/35/3 5683/33/3
f 5687/39/3 5688/40/3 5686/35/3
f 5688/40/4 5684/38/4 5686/35/4
f 5687/41/2 5685/29/2 5688/40/2
f 5688/40/4 5685/29/4 5684/38/4
f 5687/41/2 5682/42/2 5685/29/2
f 5682/32/1 5687/39/1 5683/33/1
f 5693/1/6 5690/2/6 5689/3/6
f 5690/4/2 5691/5/2 5689/6/2
f 5694/7/1 5689/8/1 5691/9/1
f 5694/7/1 5692/10/1 5689/8/1
f 5693/1/6 5689/3/6 5692/10/6
f 5695/11/3 5694/7/3 5691/5/3
f 5695/11/3 5696/12/3 5694/7/3
f 5696/12/5 5692/10/5 5694/7/5
f 5695/13/4 5693/1/4 5696/12/4
f 5696/12/5 5693/1/5 5692/10/5
f 5695/13/4 5690/14/4 5693/1/4
f 5690/4/2 5695/11/2 5691/5/2
f 5701/15/6 5698/16/6 5697/17/6
f 5698/18/2 5699/19/2 5697/20/2
f 5702/21/1 5697/22/1 5699/23/1
f 5702/21/1 5700/24/1 5697/22/1
f 5701/15/6 5697/17/6 5700/24/6
f 5703/25/3 5702/21/3 5699/19/3
f 5703/25/3 5704/26/3 5702/21/3
f 5704/26/5 5700/24/5 5702/21/5
f 5703/27/4 5701/15/4 5704/26/4
f 5704/26/5 5701/15/5 5700/24/5
f 5703/27/4 5698/28/4 5701/15/4
f 5698/18/2 5703/25/2 5699/19/2
f 5709/29/6 5706/30/6 5705/31/6
f 5706/32/1 5707/33/1 5705/34/1
f 5710/35/5 5705/36/5 5707/37/5
f 5710/35/5 5708/38/5 5705/36/5
f 5709/29/6 5705/31/6 5708/38/6
f 5711/39/3 5710/35/3 5707/33/3
f 5711/39/3 5712/40/3 5710/35/3
f 5712/40/4 5708/38/4 5710/35/4
f 5711/41/2 5709/29/2 5712/40/2
f 5712/40/4 5709/29/4 5708/38/4
f 5711/41/2 5706/42/2 5709/29/2
f 5706/32/1 5711/39/1 5707/33/1
f 5717/1/6 5714/2/6 5713/3/6
f 5714/4/2 5715/5/2 5713/6/2
f 5718/7/1 5713/8/1 5715/9/1
f 5718/7/1 5716/10/1 5713/8/1
f 5717/1/6 5713/3/6 5716/10/6
f 5719/11/3 5718/7/3 5715/5/3
f 5719/11/3 5720/12/3 5718/7/3
f 5720/12/5 5716/10/5 5718/7/5
f 5719/13/4 5717/1/4 5720/12/4
f 5720/12/5 5717/1/5 5716/10/5
f 5719/13/4 5714/14/4 5717/1/4
f 5714/4/2 5719/11/2 5715/5/2
f 5725/15/6 5722/16/6 5721/17/6
f 5722/18/2 5723/19/2 5721/20/2
f 5726/21/1 5721/22/1 5723/23/1
f 5726/21/1 5724/24/1 5721/22/1
f 5725/15/6 5721/17/6 5724/24/6
f 5727/25/3 5726/21/3 5723/19/3
f 5727/25/3 5728/26/3 5726/21/3
f 5728/26/5 5724/24/5 5726/21/5
f 5727/27/4 5725/15/4 5728/26/4
f 5728/26/5 5725/15/5 5724/24/5
f 5727/27/4 5722/28/4 5725/15/4
f 5722/18/2 5727/25/2 5723/19/2
f 5733/29/6 5730/30/6 5729/31/6
f 5730/32/1 5731/33/1 5729/34/1
f 5734/35/5 5729/36/5 5731/37/5
f 5734/35/5 5732/38/5 5729/36/5
f 5733/29/6 5729/31/6 5732/38/6
f 5735/39/3 5734/35/3 5731/33/3
f 5735/39/3 5736/40/3 5734/35/3
f 5736/40/4 5732/38/4 5734/35/4
f 5735/41/2 5733/29/2 5736/40/2
f 5736/40/4 5733/29/4 5732/38/4
f 5735/41/2 5730/42/2 5733/29/2
f 5730/32/1 5735/39/1 5731/33/1
f 5741/1/6 5738/2/6 5737/3/6
f 5738/4/2 5739/5/2 5737/6/2
f 5742/7/1 5737/8/1 5739/9/1
f 5742/7/1 5740/10/1 5737/8/1
f 5741/1/6 5737/3/6 5740/10/6
f 5743/11/3 5742/7/3 5739/5/3
f 5743/11/3 5744/12/3 5742/7/3
f 5744/12/5 5740/10/5 5742/7/5
f 5743/13/4 5741/1/4 5744/12/4
f 5744/12/5 5741/1/5 5740/10/5
f 5743/13/4 5738/14/4 5741/1/4
f 5738/4/2 5743/11/2 5739/5/2
f 5749/15/6 5746/16/6 5745/17/6
f 5746/18/2 5747/19/2 5745/20/2
f 5750/21/1 5745/22/1 5747/23/1
f 5750/21/1 5748/24/1 5745/22/1
f 5749/15/6 5745/17/6 5748/24/6
f 5751/25/3 5750/21/3 5747/19/3
f 5751/25/3 5752/26/3 5750/21/3
f 5752/26/5 5748/24/5 5750/21/5
f 5751/27/4 5749/15/4 5752/26/4
f 5752/26/5 5749/15/5 5748/24/5
f 5751/27/4 5746/28/4 5749/15/4
f 5746/18/2 5751/25/2 5747/19/2
f 5757/29/6 5754/30/6 5753/31/6
f 5754/32/1 5755/33/1 5753/34/1
f 5758/35/5 5753/36/5 5755/37/5
f 5758/35/5 5756/38/5 5753/36/5
f 5757/29/6 5753/31/6 5756/38/6
f 5759/39/3 5758/35/3 5755/33/3
f 5759/39/3 5760/40/3 5758/35/3
f 5760/40/4 5756/38/4 5758/35/4
f 5759/41/2 5757/29/2 5760/40/2
f 5760/40/4 5757/29/4 5756/38/4
f 5759/41/2 5754/42/2 5757/29/2
f 5754/32/1 5759/39/1 5755/33/1
