# Blender 4.1.1
# www.blender.org
mtllib bigRock.mtl
o bigRock
v -51.178650 0.936831 8.899200
v -49.832081 0.108951 6.712150
v -48.965229 -1.166519 9.675301
v -48.199501 -1.333319 12.584781
v -48.330330 -1.172269 13.482600
v -47.945946 -0.536399 15.586451
v -30.207350 2.835401 15.363430
v -33.016182 0.406431 15.681049
v -52.635899 9.925632 23.515320
v -52.146870 5.012502 22.296200
v -52.215683 11.779932 25.363750
v -51.388569 11.441202 26.199400
v -35.800129 9.841382 28.801701
v -34.239532 9.345702 27.736599
v -33.732021 11.165401 27.371449
v -39.746449 13.702082 29.744797
v -38.806602 12.002732 29.797531
v -37.672722 10.357302 29.138880
v -48.740120 16.544500 -0.367651
v -30.609230 17.611650 0.468149
v -52.786598 27.057701 8.381068
v -52.623901 23.624481 18.612219
v -52.362320 28.617750 14.367868
v -51.312332 29.255772 13.958797
v -35.305401 27.856234 17.178417
v -31.773500 26.738050 9.952799
v -54.381252 15.221481 15.282168
v -54.537922 7.563151 17.577919
v -54.721600 7.534381 16.049400
v -53.631599 5.988001 14.710050
v -47.948433 1.616952 22.085619
v -47.727600 0.193701 17.795929
v -46.224617 15.045551 28.768099
v -48.860950 7.980782 26.707270
v -49.966503 22.141651 21.589769
v -30.434151 20.705833 19.336868
v -30.200251 21.068003 17.878498
v -29.558699 20.619883 16.508848
v -37.556530 21.790602 25.844467
v -46.918083 29.054070 5.705048
v -39.247501 27.166752 18.418617
v -52.376953 18.577351 2.863249
v -54.726372 18.153700 5.474518
v -47.741199 27.819321 4.230768
v -49.087822 24.424269 1.850868
v -29.046951 20.945452 14.239468
v -42.173847 11.309549 0.193099
v -52.262703 7.580330 4.791699
v -53.105850 9.925600 4.970519
v -49.043468 1.125850 4.435850
v -49.137150 0.262980 6.342800
v -27.440481 10.665051 8.772919
v -41.163048 8.013230 1.434199
v -38.190800 4.664180 2.649670
v -43.385448 4.066150 3.145350
v -40.060776 4.615400 2.426150
v -45.298618 2.638100 3.715970
v -48.253101 30.122799 10.016468
v -43.734734 26.317379 4.793768
v -40.161217 27.264149 7.023248
v -39.215168 23.239952 3.796718
v -36.239899 21.023670 2.089598
v -28.986198 20.214083 14.884068
v -28.634769 17.872999 12.507849
v -28.159399 14.524481 10.316799
v -28.089621 13.359281 10.364669
v -43.291149 1.973052 21.582420
v -47.263649 1.226132 21.565180
v -43.189278 2.542202 22.243700
v -40.008732 2.298552 22.004049
v -49.418751 4.599182 24.602100
v -42.995399 18.945332 27.662868
v -45.131798 18.357952 27.789848
v -39.606548 19.890451 27.536598
v -47.117672 19.885632 25.011497
v -42.081528 27.722532 16.671848
v -51.669350 1.665201 10.211149
v -48.669201 -1.494449 11.946720
v -32.038628 0.761481 13.113880
v -33.289150 0.335751 12.996100
v -33.376480 0.062581 14.433280
v -51.980499 12.421182 25.667500
v -34.510399 9.903202 28.164150
v -37.356018 10.797432 29.436470
v -48.735069 15.576600 -0.201151
v -30.403580 16.241720 -0.358551
v -30.840199 15.598850 -1.047201
v -31.802120 18.323730 -0.103951
v -32.789970 17.268150 -1.503131
v -50.907600 29.928703 12.834098
v -52.414230 29.787081 12.586968
v -52.542847 28.364151 9.154418
v -52.140278 29.931519 10.114298
v -50.994629 30.296532 11.303799
v -52.367901 29.923000 11.395348
v -34.522633 28.638731 14.411399
v -52.744400 4.353431 13.046820
v -54.200630 6.809401 18.107000
v -53.764301 6.309701 19.789480
v -53.145119 6.134331 21.214180
v -50.316299 3.809982 23.553770
v -44.776478 0.093531 11.636380
v -40.793518 0.857451 12.227150
v -37.436199 0.837351 12.650230
v -31.406879 2.210552 18.170200
v -33.136700 2.438052 21.475780
v -34.161102 7.254082 25.638298
v -33.893951 2.357302 22.002771
v -36.049969 2.243732 22.346550
v -43.225632 12.620332 29.384501
v -46.825619 11.547702 29.227650
v -41.491318 11.311051 29.090382
v -44.268051 11.376983 28.985319
v -47.838551 9.800532 28.142181
v -52.731129 15.664302 20.980118
v -53.485252 18.750353 17.938498
v -53.035431 19.242252 19.101549
v -52.944771 22.213953 18.627199
v -52.191849 23.875231 19.098518
v -51.386219 25.078983 18.143969
v -31.075621 20.696150 21.512796
v -30.771400 21.104252 20.020269
v -33.000252 15.710302 25.496046
v -31.384880 21.306303 22.617998
v -31.735470 20.705452 23.597418
v -37.194149 21.471632 26.120817
v -33.636250 23.177782 24.342897
v -34.818848 24.661253 22.956768
v -35.770927 26.513681 20.688517
v -47.501831 29.809622 12.770967
v -45.587578 28.820032 14.549869
v -44.003700 28.282951 15.443448
v -54.078568 20.263630 4.331248
v -54.391670 19.731800 5.450548
v -54.293533 20.909851 4.454349
v -53.719830 22.106701 3.736948
v -53.894230 22.605900 4.340918
v -52.557850 23.087830 2.782848
v -53.334751 23.131121 3.960348
v -53.126568 24.868528 6.389098
v -49.888466 24.372219 1.624818
v -48.379669 22.021101 0.556368
v -30.749750 25.061369 10.555648
v -31.222080 24.336250 8.764419
v -31.412699 22.207001 6.215418
v -31.152020 20.233030 3.889068
v -33.541901 27.487732 8.992948
v -34.991600 27.032101 8.033298
v -43.248283 13.980101 -1.207151
v -39.946751 16.617170 -1.336081
v -37.551399 16.943001 -1.100101
v -42.962231 16.382250 -2.071081
v -44.090981 17.250931 -1.681631
v -51.925503 7.641631 4.238600
v -50.981369 5.953801 3.894770
v -51.174797 4.854751 4.320600
v -50.128822 3.124830 4.076550
v -49.523003 1.540980 4.603000
v -48.308731 10.004730 1.834769
v -27.913950 5.838881 9.593220
v -28.247650 5.300981 9.745550
v -27.903080 6.625830 5.736200
v -28.122799 5.762250 6.665899
v -28.422150 5.894051 4.816020
v -30.821682 3.682330 7.392849
v -29.990700 9.116150 2.003599
v -30.879469 4.976050 3.529419
v -29.915298 5.947330 3.058669
v -33.956429 4.617180 2.926220
v -55.384922 12.229881 13.091469
v -54.960800 10.204051 13.841700
v -55.410328 12.504682 11.822319
v -55.206200 13.842801 10.087699
v -55.155281 12.692501 10.370620
v -55.380650 13.406482 9.590969
v -55.188297 14.780601 8.208499
v -54.876080 16.745630 6.640119
v -55.214901 13.551380 8.339799
v -55.496132 14.429971 7.250019
v -54.618378 17.258480 5.495119
v -54.543602 12.875219 6.181199
v -23.908300 4.549551 21.281719
v -22.355782 6.856552 25.126331
v -27.367729 9.487182 23.014519
v -30.856249 11.956202 19.750299
v -31.687950 11.925101 18.444401
v -33.223320 13.389502 15.233720
v -26.681881 52.574547 15.175416
v -30.558451 46.317970 16.887297
v -28.926270 5.955700 -6.742051
v -33.998219 6.363250 0.169500
v -28.546520 7.512049 -10.949601
v -29.872780 9.536849 -11.458951
v -33.399899 44.427151 -10.023154
v -32.674370 47.534580 -7.881634
v -29.786699 48.674797 -9.305683
v -29.760321 36.268021 -16.101652
v -31.981499 38.234001 -14.152033
v -33.293381 40.435719 -11.347253
v 7.717800 8.440051 16.275169
v 10.021920 48.620781 17.478466
v 11.205831 2.649450 -6.646750
v -5.099020 5.573099 -15.517779
v 6.437320 5.326999 -15.638400
v 7.861830 7.567999 -15.628120
v 3.933480 43.561348 -15.092133
v 11.116281 49.276581 -4.311534
v -12.606750 0.224470 -2.646350
v -25.430630 -0.013350 2.780830
v -23.730181 -0.837600 4.662570
v -24.132421 1.088181 8.191350
v -37.836670 15.309000 4.888419
v -34.771950 14.524031 11.759768
v -27.513920 21.843348 -17.561901
v -34.793602 14.999819 -7.868081
v -10.220350 12.131899 -17.088280
v -7.545620 54.379601 -9.105504
v -5.364170 54.519684 -7.655304
v -4.319080 55.525452 -5.361454
v -14.313200 40.568253 -19.635633
v 17.531399 14.961050 -4.410281
v 1.190320 35.183022 -16.612202
v 6.331650 1.463281 9.411300
v 2.527420 -3.018699 6.210500
v 17.503050 12.663120 -1.409901
v 15.594200 8.818780 4.947200
v -1.225480 56.052231 -2.819604
v 0.791650 22.679804 22.476000
v -10.475349 1.493501 18.955050
v -7.652900 -0.152419 16.038980
v -18.308100 8.037482 26.980350
v -21.655779 8.294502 25.545021
v -8.426680 57.390022 15.346866
v -4.908970 25.018253 24.701567
v -10.450200 31.660383 27.382399
v -12.343599 20.329533 26.447418
v -10.448580 27.482801 27.361317
v -15.090780 16.180351 26.931517
v 13.857401 13.277149 -11.133051
v 15.269900 21.527218 0.270018
v 14.327970 30.061769 -2.835982
v 12.790819 30.985752 5.674518
v 12.114120 36.911930 10.734166
v -2.931500 56.312500 -2.811704
v -3.272070 56.275848 2.717696
v -5.150600 56.493950 9.132096
v -6.745600 56.581169 10.347036
v -36.310600 25.439379 5.994068
v -37.687420 16.646179 6.081118
v -36.304771 25.883150 4.581718
v -36.028549 32.796669 5.735418
v -36.920071 12.966631 -1.716881
v -20.736101 28.909168 -19.815552
v -21.879730 24.204847 -19.735832
v -18.990580 36.392868 -20.049202
v -16.859451 19.180647 -18.333982
v 3.647670 28.509378 -15.589252
v -24.499550 3.878851 18.783970
v -30.384449 10.737532 20.623730
v -27.035849 47.789848 19.851517
v -27.593170 44.978050 20.223747
v -29.617119 45.160618 18.730717
v -28.020380 8.156069 -11.974131
v -32.453320 47.093731 -9.062784
v -33.018879 41.243721 -12.131332
v 6.241750 8.430800 17.118200
v 9.174430 48.753647 20.018837
v 9.068070 47.561077 21.482147
v 11.503550 45.888901 17.190416
v 11.609980 43.261353 19.873497
v 10.089630 8.196269 -14.893781
v 10.032149 4.805169 -14.717350
v 12.076180 3.486099 -8.968650
v 13.094720 4.740949 -11.773230
v 12.328549 7.611169 -13.420951
v 11.587400 4.590219 -13.386330
v 8.233570 44.579182 -12.380404
v -24.300051 2.473181 12.177080
v -27.005320 0.822000 3.007070
v -29.558699 2.208100 1.554650
v -31.366451 3.947870 0.103250
v -36.854149 10.651880 0.262169
v -27.522400 19.322832 20.015547
v -26.781321 28.297132 19.204769
v -26.952200 35.796051 19.332298
v -30.860779 50.661602 12.166145
v -34.535519 47.776798 7.520316
v -33.031128 46.990479 -3.015934
v -35.325798 46.249901 6.816297
v -36.091629 41.594017 6.112297
v -31.137049 28.443268 -15.136982
v -32.747849 20.409048 -14.455702
v -32.360500 32.088303 -13.033283
v -32.435230 25.956570 -13.494053
v -33.922951 17.765100 -11.415730
v -18.401600 5.443219 -9.843680
v -10.883921 3.162349 -9.573370
v -11.522150 4.503499 -11.455870
v -7.021830 4.775399 -14.069830
v -5.281170 6.673549 -16.308081
v -2.503300 8.266299 -16.283031
v -10.125550 53.563351 -11.898234
v -7.836700 53.851898 -10.442484
v -21.521399 50.080627 -11.774534
v -10.617599 53.227127 -13.979254
v -12.577200 52.683048 -14.602333
v -15.017500 41.419250 -19.563534
v -10.345350 48.874569 -18.552334
v -6.902550 45.995132 -18.669384
v -1.932180 43.406483 -18.054853
v 10.351280 15.661949 -14.050502
v 7.187200 20.291819 -14.815502
v 5.608170 23.983549 -15.040152
v 6.709350 -1.763050 5.458150
v 4.684450 -2.181620 4.594850
v 7.403950 -2.158150 4.566830
v 9.876400 -1.011070 4.263580
v 9.827021 -1.195420 2.945950
v 12.394449 1.350430 4.595580
v 11.018970 -0.033250 2.951480
v 10.554670 1.207520 -1.884850
v 15.703381 6.992381 5.132650
v 13.963799 9.858551 9.276499
v 8.301320 51.579151 -3.049184
v 9.349751 50.000721 -0.143884
v 9.433800 48.738998 5.268016
v 9.514050 48.541420 10.321697
v 13.034981 45.175320 -4.269653
v 13.385550 41.693020 -2.864153
v 5.837930 20.115202 21.111948
v 9.824070 27.521252 19.034267
v 10.229549 32.876678 18.838419
v 10.049800 20.671532 19.631298
v 10.640400 18.354532 18.000017
v -9.723680 2.088051 19.633820
v -11.473150 3.955632 22.060772
v -13.441750 3.571932 22.688848
v -15.351450 5.688032 25.057350
v -17.997950 7.056782 26.235350
v -3.453650 9.546352 20.716869
v -15.826050 56.244469 19.469446
v -16.749420 55.515553 19.801336
v -10.345600 55.266579 23.376247
v -12.583500 54.978901 23.123245
v -10.312149 53.823250 25.205866
v -16.456049 49.099968 23.973146
v -2.960370 49.822968 24.894066
v -10.302300 48.003773 27.326588
v -8.373170 50.061836 27.036236
v -10.398970 41.046421 27.883696
v -14.162500 -2.786250 3.104930
v -17.671631 -1.786020 4.451300
v -12.341050 -3.170670 4.367880
v -8.549200 -3.105249 5.097050
v -10.396600 -2.994120 6.002480
v -8.575200 -3.654620 6.149150
v -5.141670 -3.516249 6.402920
v -0.697550 -3.124899 6.268880
v -6.927450 -3.622519 7.566221
v -4.536630 -4.479469 7.906781
v 1.326080 -2.836470 7.174050
v -5.275000 -2.782699 11.085350
v 18.845779 34.366383 21.281717
v 20.594252 32.687599 25.126318
v 23.702770 36.360828 23.014517
v 26.420519 38.806999 19.750296
v 26.530220 39.497581 18.444397
v 28.054430 40.508751 15.233718
v 61.011772 28.329733 15.175418
v 56.215050 32.607552 16.887299
v 20.891819 38.256752 -6.742053
v 22.079420 42.364632 0.169497
v 22.181101 37.674221 -10.949603
v 24.157619 38.415981 -11.458953
v 55.039902 35.276077 -10.023153
v 57.619480 34.139919 -7.881632
v 58.135151 31.563370 -9.305681
v 47.355419 33.691448 -16.101652
v 49.427948 35.180679 -14.152033
v 51.555801 35.879951 -11.347253
v 17.026421 7.637282 16.275150
v 51.545021 -1.223369 17.478481
v 11.423950 5.767049 -6.646750
v 16.643150 18.693098 -15.517800
v 14.533200 9.231599 -15.638401
v 16.245399 7.669699 -15.628150
v 48.151596 4.669219 -15.092120
v 51.934719 -2.238580 -4.311520
v 13.231820 25.805099 -2.646352
v 15.133100 36.411201 2.780817
v 14.137730 35.153099 4.662567
v 15.876380 35.150799 8.191347
v 30.479820 43.976830 4.888417
v 29.294300 41.588001 11.759767
v 34.458229 34.340252 -17.561901
v 29.711102 41.523380 -7.868083
v 23.181269 21.775799 -17.088282
v 59.434128 12.251670 -9.105501
v 59.197201 10.430229 -7.655301
v 59.898968 9.394950 -5.361450
v 48.551231 20.220299 -19.635632
v 21.076969 -1.577550 -4.410300
v 41.325832 8.380919 -16.612200
v 11.194880 9.988151 9.411299
v 7.927550 13.898870 6.210499
v 19.085850 -1.156000 -1.409900
v 16.060780 1.082730 4.947200
v 59.848000 6.755020 -2.819601
v 30.532200 10.875902 22.476002
v 13.983650 23.829281 18.955048
v 12.090250 21.789230 16.038967
v 20.954599 29.148333 26.980349
v 21.728050 31.861753 25.545019
v 62.193531 12.455880 15.346869
v 33.500172 15.167132 24.701567
v 40.179703 18.581301 27.382399
v 30.649969 22.104551 26.447418
v 36.551178 19.303852 27.361317
v 27.497931 25.086752 26.931517
v 20.218351 1.741019 -11.133050
v 27.151451 -0.852170 0.270030
v 34.718597 -1.555050 -2.835970
v 35.773750 -0.448770 5.674520
v 41.031898 -0.918149 10.734180
v 60.354454 8.115430 -2.811701
v 60.378601 8.402349 2.717699
v 60.876770 9.912181 9.132099
v 61.214691 11.211101 10.347050
v 39.027267 40.964233 5.994067
v 31.616631 43.622150 6.081116
v 39.411751 40.882530 4.581717
v 45.370796 39.457001 5.735417
v 28.294781 43.627548 -1.716883
v 39.480900 27.532019 -19.815552
v 35.583149 29.289349 -19.735802
v 45.693668 24.797218 -20.049202
v 30.394430 26.023968 -18.333982
v 35.125832 7.512849 -15.589252
v 18.360451 34.969700 18.783968
v 25.284550 38.629478 20.623716
v 56.914402 29.450434 19.851519
v 54.563927 30.396803 20.223749
v 55.055180 32.032581 18.730719
v 22.653950 37.129150 -11.974133
v 57.200249 34.034199 -9.062783
v 52.212448 35.513832 -12.131332
v 17.261030 8.854931 17.118200
v 51.799732 -0.548168 20.018848
v 50.781448 -0.253918 21.482151
v 48.928852 -1.970649 17.190430
v 46.629280 -1.603018 19.873501
v 16.424881 5.725499 -14.893770
v 13.489130 6.360449 -14.717351
v 12.007521 4.905050 -8.968650
v 12.929950 3.848499 -11.773230
v 15.548730 3.982349 -13.420950
v 13.046820 5.116419 -13.386330
v 48.328800 0.950269 -12.380400
v 17.106831 35.048931 12.177068
v 16.117420 37.563728 3.007067
v 17.740952 39.427151 1.554647
v 19.549068 40.615002 0.103247
v 26.273552 43.974350 0.262167
v 32.270519 34.783951 20.015547
v 39.942978 32.618378 19.204769
v 46.483952 31.459782 19.332298
v 60.037231 32.103951 12.166146
v 58.135750 35.631248 7.520317
v 57.205582 34.528099 -3.015933
v 56.939529 36.546902 6.816298
v 53.021759 37.984570 6.112297
v 40.785851 36.181499 -15.136983
v 34.072830 38.900700 -14.455703
v 44.152672 36.557831 -13.033283
v 38.839500 37.681881 -13.494054
v 31.969681 40.326920 -11.415732
v 18.716850 29.674881 -9.843682
v 15.500220 23.876701 -9.573381
v 16.769920 24.170101 -11.455882
v 16.266350 20.415428 -14.069832
v 17.628820 18.652498 -16.308083
v 18.555580 16.087948 -16.283033
v 59.149269 14.518569 -11.898232
v 59.023651 12.582919 -10.442481
v 57.997570 24.510450 -11.774532
v 58.938133 14.982199 -13.979251
v 58.787670 16.690868 -14.602330
v 49.406082 20.653067 -19.563532
v 55.113148 15.512099 -18.552332
v 52.046417 13.174719 -18.669382
v 48.981201 9.528449 -18.054850
v 22.865870 4.216299 -14.050501
v 27.407032 6.020749 -14.815500
v 30.872850 6.681919 -15.040151
v 8.330730 10.236020 5.458149
v 8.300000 11.976770 4.594849
v 7.873400 9.732250 4.566819
v 8.463270 7.496601 4.263569
v 8.311270 7.569200 2.945950
v 10.100380 5.012901 4.595570
v 9.124700 6.385850 2.951469
v 10.278650 6.553350 -1.884851
v 14.456570 1.309250 5.132650
v 17.231800 2.245751 9.276500
v 54.397202 -0.318480 -3.049180
v 52.854000 -0.908720 -0.143870
v 51.744381 -0.759350 5.268020
v 51.559570 -0.791199 10.321701
v 48.057369 -3.108630 -4.269650
v 44.975353 -2.794080 -2.864150
v 27.475431 7.162982 21.111950
v 33.252449 2.595701 19.034279
v 37.836998 1.333681 18.838421
v 27.266281 3.596632 19.631300
v 25.156879 3.511552 18.000000
v 14.376470 23.107000 19.633818
v 16.286051 24.224682 22.060770
v 16.276350 25.912983 22.688847
v 18.428101 27.119602 25.057348
v 20.051880 29.062731 26.235369
v 19.823500 16.649132 20.716867
v 62.414799 18.750332 19.469448
v 61.933498 19.637331 19.801348
v 60.664703 14.404732 23.376249
v 60.782681 16.298252 23.123247
v 59.405617 14.627253 25.205868
v 56.313301 20.507301 23.973148
v 54.723000 9.263702 24.894081
v 54.349751 15.627531 27.326599
v 55.820099 13.681632 27.036247
v 48.323132 16.912731 27.883698
v 10.872700 27.608480 3.104918
v 12.318171 30.326149 4.451297
v 10.239420 26.174519 4.367868
v 9.673020 23.039268 5.097048
v 10.073151 24.542000 6.002468
v 9.200150 23.155899 6.149148
v 8.755980 20.303230 6.402918
v 8.365400 16.574150 6.268869
v 8.957200 21.792820 7.566219
v 7.819950 19.971649 7.906769
v 8.283280 14.857031 7.174049
v 9.414980 20.285950 11.085348
v 33.686581 18.330997 -18.370632
v 34.306702 17.438349 -21.079903
v 32.020248 19.260019 -21.000532
v 29.456150 20.460869 -20.175482
v 28.903601 20.812347 -19.502783
v 26.921549 21.301149 -18.300303
v 10.608920 14.440998 -30.063023
v 13.686251 16.722048 -29.241251
v 21.811321 20.283981 -3.947551
v 23.991150 22.364599 -8.047031
v 19.530600 19.961300 -2.142431
v 18.377499 20.303581 -2.558851
v 3.800580 18.110567 -14.292280
v 3.358400 17.479969 -16.371632
v 2.511200 16.151068 -15.815201
v 5.158950 17.444950 -8.315432
v 4.929950 18.168121 -10.082801
v 4.995470 18.485800 -12.339431
v 32.211399 4.680819 -15.325880
v 15.679199 -0.510002 -28.283949
v 25.975599 3.829550 -1.010850
v 20.162399 10.348420 2.067669
v 21.000950 5.544380 2.773900
v 20.144402 4.712250 2.145300
v 4.718200 2.571199 -9.463850
v 6.970450 -1.037151 -16.689220
v 26.960968 14.054250 -3.583651
v 28.312649 19.448269 -7.063331
v 29.513950 18.823030 -7.739381
v 30.041399 18.788870 -10.256330
v 21.752871 23.030748 -13.544052
v 24.976730 21.830198 -16.854601
v 10.900620 18.021629 -2.958801
v 17.113029 21.789200 -6.424181
v 16.402399 11.802720 0.635499
v 1.658100 6.239318 -16.597300
v 2.311780 5.311268 -17.315331
v 2.848100 4.767949 -18.811371
v 2.988820 10.525398 -6.983551
v 22.019070 -0.113730 -5.712620
v 7.517100 4.600900 -6.188680
v 32.418400 5.994969 -9.537479
v 32.825882 8.059119 -6.613081
v 24.169199 0.139849 -6.620650
v 28.162251 1.343369 -8.951850
v 3.824320 3.417319 -20.192650
v 28.081921 6.082898 -23.409550
v 34.992481 13.028419 -15.513831
v 34.748379 12.019849 -13.295051
v 34.799782 15.619497 -22.245953
v 33.903431 16.994019 -21.715832
v 9.854671 6.291568 -30.749950
v 27.566130 8.223619 -25.611250
v 25.401051 9.844968 -29.381050
v 29.746498 11.829449 -25.466801
v 27.176800 10.283669 -28.078079
v 31.521280 13.416018 -24.579523
v 19.866230 1.601600 -1.748730
v 20.888569 0.142499 -10.375930
v 15.968480 -0.360801 -11.386620
v 18.790850 0.185569 -16.334400
v 18.188850 -0.154432 -20.926620
v 3.600850 4.104218 -20.360949
v 5.751100 4.250668 -23.346428
v 8.033850 5.014218 -26.962950
v 8.362781 5.672818 -27.722851
v 17.961800 21.326319 -17.197132
v 21.657400 22.827597 -14.592982
v 17.221569 21.277199 -16.572882
v 14.738300 20.434399 -19.318533
v 20.237652 22.893351 -9.215002
v 7.462600 14.440770 -3.596651
v 9.425150 15.414380 -2.241251
v 4.293900 12.922820 -5.698901
v 12.457200 13.840950 -1.197551
v 10.932250 4.274000 -4.556400
v 32.958302 18.649069 -16.846052
v 30.349281 20.391518 -20.246332
v 14.452770 15.092448 -31.121332
v 15.760970 15.621518 -30.479952
v 14.963470 16.449667 -29.830851
v 18.891430 19.673269 -1.763581
v 3.100730 17.433798 -15.587931
v 4.363070 18.285870 -12.153201
v 32.444450 5.299798 -15.849700
v 16.556431 -0.169152 -29.735701
v 17.629469 0.000798 -30.160881
v 16.833599 -0.842982 -27.211531
v 19.009769 -0.611182 -27.840050
v 20.313398 3.713450 1.664400
v 21.826401 4.094200 2.614900
v 24.771179 3.377150 0.024550
v 23.209869 2.818730 1.198020
v 21.289452 2.837620 1.161170
v 22.542801 3.465680 2.040170
v 5.632680 0.663819 -11.029381
v 30.993919 18.713398 -12.840852
v 27.937700 20.019669 -7.520651
v 26.606300 20.942919 -7.291451
v 25.174749 21.516800 -7.135651
v 22.002771 23.109219 -9.562752
v 26.639599 18.290268 -22.432600
v 22.541220 17.036097 -24.733852
v 19.377300 16.318899 -27.129383
v 9.968770 16.391768 -28.054451
v 9.139130 18.233719 -24.838680
v 5.465280 17.686567 -18.843302
v 9.462930 18.725168 -24.025902
v 11.124530 19.535498 -22.244553
v 8.783480 18.844351 -6.483652
v 12.371050 20.363770 -4.445881
v 7.965120 18.973171 -8.804302
v 10.398580 19.649399 -6.663931
v 14.606780 21.133850 -5.324431
v 21.531948 15.931500 -1.601901
v 23.120020 13.023950 -0.674151
v 21.769569 13.150100 -0.105481
v 20.937950 11.237350 1.439719
v 19.371769 10.308950 2.144469
v 18.889370 8.978400 1.774619
v 0.742330 7.405319 -14.966151
v 1.342030 6.416699 -15.727831
v 1.506750 12.542748 -14.514331
v 0.040580 7.646699 -13.764750
v -0.102820 8.524349 -13.356701
v 2.605920 10.730750 -7.320031
v 0.133100 7.990519 -9.941051
v 1.549930 6.851969 -8.819101
v 3.231400 5.043270 -8.106500
v 17.472250 2.818680 -1.085380
v 14.982651 3.656420 -2.259450
v 13.211729 3.929220 -3.357080
v 32.279049 6.176199 -6.390951
v 31.983950 7.067999 -5.895451
v 32.146980 5.926950 -5.754381
v 31.706100 4.771150 -5.824451
v 31.267321 4.811200 -5.059751
v 30.997620 3.468520 -6.610150
v 30.853851 4.189919 -5.363631
v 28.405430 4.253819 -3.163400
v 29.021900 1.489769 -8.481800
v 29.297298 1.916599 -11.686480
v 6.289370 -0.100781 -18.219330
v 8.168000 -0.373731 -19.245800
v 10.824250 -0.276202 -21.768400
v 12.886080 -0.289032 -24.427099
v 8.867900 -1.409101 -15.349819
v 10.927050 -1.189601 -15.013580
v 28.986170 4.239899 -21.634331
v 25.282669 1.792068 -22.608969
v 22.946850 1.059018 -24.139231
v 28.455820 2.417998 -20.801981
v 28.848600 2.414418 -19.177530
v 35.054329 12.651170 -16.026632
v 35.085499 13.187199 -17.997751
v 35.361248 14.051749 -18.314053
v 35.252682 14.628718 -20.338331
v 34.948799 15.592769 -21.526052
v 32.716370 9.241649 -18.609051
v 11.451900 9.509967 -32.980152
v 11.830170 9.973217 -32.978901
v 13.764750 7.318298 -34.514980
v 13.637449 8.285518 -34.399269
v 15.097270 7.456118 -35.053181
v 16.217449 10.525167 -33.229500
v 17.181170 4.798868 -33.288280
v 18.410480 8.064067 -34.396530
v 17.548882 7.039947 -34.781799
v 21.592169 8.836317 -32.550549
v 30.385580 15.022280 -5.828751
v 30.246420 16.386221 -7.035501
v 31.165781 14.300119 -6.301331
v 31.678921 12.705699 -6.528831
v 31.859800 13.467449 -7.141651
v 32.322300 12.774348 -6.927301
v 32.594551 11.322268 -6.938651
v 32.675800 9.420469 -6.769681
v 32.973053 12.081099 -7.620251
v 33.633629 11.170280 -7.421731
v 33.042770 8.542919 -7.247581
v 34.099419 11.300949 -9.695601
v -53.086071 3.338030 0.896350
v -52.061951 5.569650 3.590419
v -55.368126 8.114370 2.110599
v -57.669350 10.502749 -0.176801
v -58.217968 10.472651 -1.091901
v -59.230801 11.889230 -3.341751
v -54.915672 49.794403 -3.382634
v -57.472900 43.742199 -2.183033
v -56.396221 4.698248 -18.741180
v -59.741970 5.092469 -13.897949
v -56.145729 6.203748 -21.689602
v -57.020569 8.162398 -22.046520
v -59.347282 41.913116 -21.040403
v -58.868679 44.919052 -19.539734
v -56.963829 46.022049 -20.537632
v -56.946404 34.020496 -25.299883
v -58.411621 35.922249 -23.933681
v -59.277000 38.052071 -21.968254
v -32.223679 7.101420 -2.611981
v -30.703732 45.969803 -1.768783
v -29.922750 1.499969 -18.674400
v -40.678383 4.328148 -24.890749
v -33.068348 4.090068 -24.975269
v -32.128651 6.257868 -24.968071
v -34.720032 41.075600 -24.592453
v -29.981850 46.604179 -17.038004
v -45.630932 -0.845801 -15.871151
v -54.090302 -1.075851 -12.068070
v -52.968567 -1.873181 -10.749450
v -53.233902 -0.010301 -8.276670
v -62.274052 13.746049 -10.591182
v -60.252380 12.986700 -5.776101
v -55.464550 20.066948 -26.323132
v -60.266651 13.446948 -19.530231
v -44.056702 10.672699 -25.991249
v -42.292297 51.540497 -20.397364
v -40.853302 51.676003 -19.381153
v -40.163872 52.648949 -17.773733
v -46.756599 38.180267 -27.776304
v -25.750050 13.409470 -17.107201
v -36.529549 32.970917 -25.657652
v -33.138050 0.352519 -7.421800
v -35.647549 -3.983051 -9.664750
v -25.768749 11.186569 -15.004702
v -27.027950 7.467799 -10.550000
v -38.123180 53.158497 -15.992535
v -36.792549 20.876081 1.733219
v -44.224930 0.381770 -0.734050
v -42.363083 -1.210380 -2.777500
v -49.391880 6.712000 4.889619
v -51.600170 6.960630 3.883819
v -42.873501 54.452599 -3.262484
v -40.553001 23.138151 3.292768
v -44.208332 29.563351 5.171368
v -45.457321 18.602579 4.516169
v -44.207249 25.522230 5.156598
v -47.269531 14.588929 4.855399
v -28.173630 11.780548 -21.818150
v -27.241869 19.761168 -13.827502
v -27.863199 28.016949 -16.004032
v -28.877201 28.910749 -10.040332
v -29.323599 34.643379 -6.494802
v -39.248550 53.410267 -15.987004
v -39.473221 53.374821 -12.112305
v -40.712399 53.585800 -7.617454
v -41.764568 53.670166 -6.766084
v -61.267353 23.545530 -9.816401
v -62.175579 15.039549 -9.755401
v -61.263500 23.974831 -10.806103
v -61.081299 30.662519 -9.997652
v -61.669403 11.480149 -15.219831
v -50.993530 26.901968 -27.902380
v -51.747898 22.351318 -27.846502
v -49.842049 34.141247 -28.066103
v -48.436249 17.491219 -26.864183
v -34.908550 26.515249 -24.940832
v -53.476101 2.689230 -0.853950
v -57.358131 9.323870 0.435249
v -55.149200 45.166000 -0.105853
v -55.516819 42.446030 0.154967
v -56.851952 42.622650 -0.891253
v -55.798630 6.826718 -22.407551
v -58.722881 44.492603 -20.367434
v -59.095951 38.833672 -22.517685
v -33.197380 7.092500 -2.021230
v -31.262800 46.098297 0.011397
v -31.332951 44.944702 1.036797
v -29.726351 43.327148 -1.970633
v -29.656170 40.785400 -0.090453
v -30.659069 6.865618 -24.453449
v -30.697001 3.585298 -24.329851
v -29.348619 2.309299 -20.301449
v -28.676750 3.523168 -22.266750
v -29.182150 6.299648 -23.421400
v -29.671049 3.377368 -23.397131
v -31.883450 42.060169 -22.692234
v -53.344498 1.329450 -5.483700
v -55.129051 -0.267781 -11.909531
v -56.813431 1.073019 -12.927299
v -58.005901 2.755999 -13.944380
v -61.625900 9.241019 -13.833000
v -55.470154 17.628780 0.009069
v -54.981270 26.309950 -0.559052
v -55.093998 33.563950 -0.469703
v -57.672329 47.943951 -5.491354
v -60.096401 45.153370 -8.746884
v -59.104019 44.392719 -16.130135
v -60.617729 43.676346 -9.240232
v -61.122898 39.172531 -9.733553
v -57.854580 26.451319 -24.623901
v -58.917152 18.679499 -24.146482
v -58.661629 29.977299 -23.149733
v -58.710930 24.045847 -23.472633
v -59.692329 16.121918 -22.016232
v -49.453548 4.202498 -20.914619
v -44.494446 1.996119 -20.725220
v -44.915451 3.293468 -22.044371
v -41.946770 3.556468 -23.876080
v -40.798550 5.392648 -25.444529
v -38.966099 6.933368 -25.426970
v -43.994179 50.750919 -22.354355
v -42.484329 51.030048 -21.334253
v -51.511532 47.381950 -22.267653
v -44.318752 50.425667 -23.812603
v -45.611420 49.899376 -24.249233
v -47.221199 39.003468 -27.725754
v -44.139179 46.215279 -27.017185
v -41.868099 43.429874 -27.099203
v -38.589352 40.925766 -26.668583
v -30.486481 14.087467 -23.862553
v -32.573681 18.566097 -24.398632
v -33.615299 22.137249 -24.556051
v -32.888901 -2.768401 -10.191950
v -34.224651 -3.173331 -10.796900
v -32.430698 -3.150601 -10.816550
v -30.799730 -2.040981 -11.029051
v -30.832300 -2.219301 -11.952380
v -29.138670 0.243399 -10.796400
v -30.046021 -1.095101 -11.948500
v -30.352299 0.105119 -15.337530
v -26.955931 5.701049 -10.420050
v -28.103449 8.473599 -7.516251
v -31.838751 48.831520 -16.153433
v -31.147152 47.304649 -14.117554
v -31.091681 46.084152 -10.325184
v -31.038750 45.893002 -6.783854
v -28.716148 42.636852 -17.008654
v -28.484869 39.268299 -16.023754
v -33.463749 18.395269 0.777369
v -30.834251 25.559429 -0.678532
v -30.566780 30.739901 -0.815802
v -30.685350 18.933399 -0.260181
v -30.295752 16.692101 -1.403301
v -43.729080 0.956900 -0.258400
v -44.883133 2.763500 1.442270
v -46.181732 2.392300 1.882370
v -47.441467 4.439301 3.542100
v -49.187248 5.763350 4.367569
v -39.593002 8.171600 0.500519
v -47.754551 53.344479 -0.373604
v -48.363682 52.639381 -0.141034
v -44.139328 52.398529 2.364066
v -45.615570 52.120228 2.186796
v -44.117271 51.002319 3.646166
v -48.170128 46.433319 2.782346
v -39.267632 47.132729 3.427696
v -44.110771 45.372921 5.132267
v -42.838203 47.363747 4.928796
v -44.174519 38.642818 5.522647
v -46.657181 -3.758181 -11.840950
v -48.972000 -2.790631 -10.897470
v -45.455650 -4.130051 -10.955950
v -42.954330 -4.066751 -10.444970
v -44.172970 -3.959281 -9.810520
v -42.971466 -4.598181 -9.707720
v -40.706520 -4.464331 -9.529900
v -37.774899 -4.085781 -9.623850
v -41.884518 -4.567131 -8.714720
v -40.307396 -5.396101 -8.476070
v -36.440018 -3.806781 -8.989550
v -40.794449 -3.754730 -6.248700
vn 0.1214 -0.2417 -0.9627
vn -0.0550 0.9260 -0.3735
vn 0.9929 0.1134 0.0351
vn 0.9911 0.0642 0.1170
vn 0.9590 0.0687 0.2748
vn -0.3015 -0.9095 0.2862
vn 0.1293 -0.7037 0.6986
vn -0.0088 -0.7572 0.6531
vn -0.0043 -0.5580 0.8298
vn 0.7811 -0.0940 0.6173
vn -0.1701 -0.4650 0.8688
vn -0.6933 -0.1149 -0.7114
vn -0.1296 0.9624 0.2387
vn 0.7592 0.5912 0.2722
vn -0.9347 -0.3350 0.1186
vn -0.9691 0.0546 0.2405
vn -0.9374 -0.3144 0.1497
vn -0.8184 -0.2138 0.5334
vn -0.8388 -0.4480 0.3094
vn -0.6160 -0.7715 0.1589
vn -0.7365 -0.2855 0.6133
vn 0.5338 -0.4851 0.6926
vn -0.0289 -0.6450 0.7636
vn -0.1395 -0.3893 0.9105
vn -0.0428 -0.2727 0.9612
vn -0.1211 -0.4397 0.8899
vn -0.5390 -0.1964 0.8191
vn -0.9407 0.0813 0.3294
vn -0.6474 0.4742 0.5966
vn -0.2256 0.6935 0.6842
vn -0.0190 0.7079 0.7061
vn 0.7451 0.4156 0.5217
vn -0.1248 0.7803 0.6128
vn 0.0399 0.6798 0.7323
vn 0.9024 0.3616 0.2345
vn 0.0185 0.8821 0.4707
vn -0.6989 -0.0903 -0.7095
vn -0.8938 0.1831 -0.4094
vn 0.2028 0.5100 -0.8359
vn -0.9639 0.2018 -0.1737
vn 0.1475 0.7584 -0.6349
vn -0.5473 -0.2169 -0.8084
vn 0.8567 -0.5103 0.0749
vn 0.8430 -0.5360 -0.0461
vn 0.8932 -0.4147 -0.1741
vn 0.4636 -0.8381 -0.2876
vn 0.6027 -0.7894 -0.1163
vn -0.9609 0.2661 0.0768
vn -0.9928 0.0096 0.1191
vn -0.9764 -0.2144 -0.0269
vn -0.9608 0.2516 0.1164
vn -0.9346 0.3004 0.1903
vn -0.9667 0.2285 -0.1152
vn -0.9241 -0.0505 0.3788
vn -0.9376 -0.2803 -0.2059
vn 0.1898 -0.8763 -0.4427
vn 0.2081 0.5625 -0.8002
vn 0.9214 0.2972 0.2504
vn 0.1269 -0.7614 0.6358
vn -0.5441 -0.3769 0.7496
vn -0.6044 -0.3354 0.7226
vn -0.2066 -0.6885 0.6952
vn 0.0082 0.6601 0.7511
vn 0.3593 -0.9159 -0.1791
vn -0.0057 -0.9191 -0.3940
vn 0.0812 -0.9789 0.1874
vn -0.1021 -0.9761 -0.1917
vn 0.6564 -0.7398 0.1476
vn -0.7218 -0.0618 0.6894
vn 0.4190 -0.4156 0.8073
vn -0.0005 -0.2767 -0.9610
vn -0.1581 0.8714 0.4645
vn -0.2780 0.7992 0.5329
vn -0.9271 0.3376 -0.1625
vn -0.2550 0.9618 0.0998
vn 0.0395 0.8511 0.5235
vn 0.0383 0.9721 0.2315
vn -0.6920 -0.6874 0.2206
vn -0.6712 -0.3252 0.6661
vn 0.0576 -0.9573 0.2833
vn 0.3745 -0.9263 -0.0418
vn 0.2532 -0.6804 0.6877
vn 0.9448 -0.2137 0.2483
vn -0.0961 -0.0223 0.9951
vn 0.0648 -0.3539 0.9330
vn 0.0429 -0.5451 0.8373
vn -0.5601 -0.2955 0.7739
vn 0.9709 0.0894 0.2223
vn -0.7729 0.4340 0.4629
vn 0.9120 0.3085 0.2702
vn 0.9544 -0.0696 0.2904
vn 0.9514 -0.0638 0.3014
vn -0.0973 0.7504 0.6537
vn 0.4377 0.2736 0.8565
vn -0.9028 -0.2313 -0.3624
vn -0.7054 -0.1010 -0.7016
vn -0.7560 0.5613 -0.3367
vn -0.7241 -0.1433 -0.6747
vn -0.5586 0.6928 -0.4561
vn -0.8135 -0.2525 -0.5239
vn -0.1227 -0.8126 -0.5697
vn -0.6810 -0.6540 -0.3294
vn -0.1176 -0.3100 -0.9434
vn 0.2090 -0.8948 -0.3946
vn 0.9948 -0.1006 -0.0177
vn 0.5110 -0.7284 -0.4563
vn 0.9501 -0.3061 -0.0598
vn 0.7445 -0.1949 -0.6385
vn 0.9762 0.1630 -0.1433
vn -0.9510 0.1065 0.2903
vn -0.9742 -0.2210 -0.0459
vn -0.9790 -0.0885 -0.1835
vn -0.9517 0.0330 0.3053
vn -0.9790 0.1916 0.0703
vn -0.8720 -0.4595 -0.1687
vn -0.9914 0.0075 -0.1305
vn -0.9562 0.0515 0.2883
vn -0.9553 -0.1214 -0.2694
vn -0.8834 -0.4491 -0.1341
vn -0.8126 -0.1036 -0.5735
vn -0.7310 -0.1037 -0.6745
vn 0.3155 0.9488 -0.0172
vn -0.9006 -0.1870 0.3923
vn -0.2648 0.9635 -0.0406
vn 0.1016 0.1124 0.9885
vn -0.2021 0.6880 0.6970
vn -0.7800 0.1838 0.5982
vn 0.1026 0.9911 0.0847
vn -0.7590 0.3977 -0.5154
vn -0.7875 -0.3351 -0.5172
vn -0.7942 -0.4423 -0.4167
vn -0.9600 0.0618 0.2732
vn 0.4312 -0.0044 0.9022
vn 0.9336 -0.0569 -0.3537
vn 0.1509 0.9884 0.0158
vn 0.0370 0.9990 -0.0231
vn -0.0901 0.9779 -0.1885
vn -0.8977 -0.2332 0.3738
vn -0.9868 0.1540 -0.0492
vn -0.9992 0.0386 0.0080
vn -0.9606 0.0640 -0.2703
vn -0.4966 0.7786 -0.3836
vn -0.9214 -0.0597 -0.3841
vn 0.3750 -0.6855 0.6241
vn 0.5391 -0.0529 -0.8406
vn 0.3503 0.7164 -0.6034
vn -0.4647 -0.8849 0.0324
vn -0.2067 -0.8857 -0.4158
vn -0.4703 -0.8824 -0.0153
vn -0.6205 -0.6647 -0.4162
vn -0.6762 -0.7357 -0.0396
vn -0.7724 -0.5222 0.3616
vn -0.7131 -0.5698 -0.4085
vn -0.8450 0.5106 -0.1588
vn -0.9864 0.0362 -0.1605
vn -0.8856 -0.0298 -0.4635
vn -0.8208 0.0527 -0.5688
vn -0.9112 -0.0187 -0.4115
vn -0.7263 -0.3544 -0.5890
vn -0.2442 -0.8270 -0.5064
vn -0.0703 -0.4441 -0.8932
vn 0.0596 -0.0882 -0.9943
vn 0.0674 0.0672 -0.9955
vn 0.0178 0.7248 -0.6888
vn 0.1705 -0.0180 -0.9852
vn 0.0422 0.1190 -0.9920
vn 0.2071 0.8938 -0.3979
vn 0.3405 0.0779 -0.9370
vn 0.3951 -0.6917 0.6045
vn 0.4293 -0.8965 0.1093
vn 0.9390 0.0898 0.3320
vn 0.2600 -0.9543 -0.1472
vn 0.9973 0.0725 -0.0065
vn 0.3495 -0.5409 0.7650
vn -0.4423 0.7698 0.4602
vn -0.3673 0.7285 0.5783
vn -0.1685 0.7724 0.6124
vn -0.4113 0.3115 0.8566
vn -0.4987 0.4564 0.7369
vn 0.1142 -0.8925 -0.4363
vn -0.1581 -0.9490 -0.2728
vn -0.2499 -0.9660 0.0664
vn 0.0697 -0.8850 -0.4604
vn 0.0564 -0.8303 -0.5545
vn 0.2363 -0.9447 -0.2273
vn -0.3954 -0.8061 -0.4402
vn -0.2386 -0.9114 0.3355
vn -0.3424 0.0803 0.9361
vn 0.9581 0.0990 0.2686
vn 0.1391 0.9224 -0.3604
vn -0.9887 0.1444 0.0413
vn -0.8307 -0.3752 -0.4112
vn -0.7928 -0.4307 -0.4312
vn -0.9889 -0.1116 -0.0976
vn 0.0073 0.0904 -0.9959
vn -0.5410 0.2375 0.8068
vn -0.4151 -0.0622 0.9076
vn -0.8427 0.0574 0.5353
vn -0.5964 -0.1187 0.7939
vn -0.6604 0.5493 0.5120
vn -0.5702 -0.5311 -0.6267
vn -0.8530 0.4162 -0.3150
vn 0.4678 -0.1206 0.8756
vn 0.3265 -0.0546 -0.9436
vn 0.2267 -0.1397 -0.9639
vn 0.3711 -0.8904 -0.2636
vn 0.6284 -0.1629 -0.7606
vn 0.2866 0.0976 -0.9531
vn 0.5614 0.0734 -0.8243
vn -0.7697 -0.5908 0.2419
vn -0.7641 -0.5000 -0.4076
vn -0.8942 0.0492 0.4449
vn -0.6435 0.2654 0.7179
vn -0.9661 0.2547 -0.0423
vn -0.3313 0.9400 0.0808
vn -0.6492 0.0205 -0.7603
vn -0.8654 0.1325 -0.4832
vn -0.9545 0.1023 -0.2800
vn -0.7829 -0.3828 -0.4905
vn -0.0271 0.9878 -0.1532
vn -0.0210 -0.5855 -0.8104
vn 0.1323 0.9118 -0.3887
vn -0.2436 0.9645 -0.1024
vn -0.2365 0.9665 -0.1002
vn 0.1254 0.0053 -0.9921
vn -0.3331 0.4419 -0.8329
vn 0.0121 -0.9106 0.4131
vn 0.3808 -0.6982 0.6062
vn 0.6777 -0.6940 -0.2431
vn 0.3261 -0.7169 0.6162
vn 0.8427 -0.4994 -0.2011
vn 0.1215 -0.8095 0.5745
vn -0.2362 -0.1639 0.9578
vn -0.3452 -0.6345 0.6915
vn 0.3568 -0.2804 0.8911
vn -0.3857 0.0991 0.9173
vn -0.0083 0.9672 0.2538
vn -0.2181 0.3338 0.9171
vn -0.1637 0.8782 0.4495
vn 0.3292 0.5450 0.7711
vn 0.3355 0.9309 0.1447
vn -0.1941 -0.8466 -0.4957
vn -0.2404 -0.9664 0.0913
vn -0.0045 -0.9936 0.1127
vn -0.2720 -0.8502 -0.4507
vn 0.0511 -0.9255 -0.3754
vn -0.3396 -0.8445 0.4140
vn 0.0422 -0.9988 -0.0265
vn -0.2433 -0.8583 -0.4519
vn 0.0362 -0.9727 0.2291
vn -0.3597 -0.8553 0.3730
vn 0.2910 -0.8143 0.5023
vn 0.3606 -0.7251 0.5867
vn 0.7450 0.2695 -0.6102
vn -0.5221 -0.7835 -0.3369
vn 0.7265 -0.1858 -0.6615
vn -0.5374 0.1737 -0.8253
vn 0.0489 -0.0697 -0.9964
vn -0.3171 -0.5873 -0.7447
vn 0.6789 0.1100 -0.7260
vn 0.6800 -0.7317 0.0469
vn 0.0451 -0.7757 0.6295
vn -0.1228 -0.7731 0.6223
vn -0.2232 -0.8657 -0.4480
vn -0.1014 -0.4840 0.8692
vn -0.2401 -0.9223 -0.3028
vn 0.9370 -0.3489 0.0140
vn 0.9721 -0.2337 -0.0205
vn 0.9809 -0.0985 -0.1675
vn -0.0422 0.9459 0.3216
vn 0.3369 0.9406 -0.0414
vn 0.2314 0.9728 0.0067
vn 0.2503 0.9406 -0.2296
vn 0.8679 0.3618 -0.3404
vn 0.1275 0.9353 -0.3299
vn -0.7766 -0.2627 0.5726
vn -0.1738 -0.5831 -0.7936
vn 0.6518 -0.5195 -0.5526
vn -0.7629 0.6459 0.0284
vn -0.8397 0.3934 -0.3744
vn -0.7590 0.6509 -0.0134
vn -0.5224 0.7694 -0.3675
vn -0.5678 0.8225 -0.0342
vn -0.3462 0.8839 0.3143
vn -0.4075 0.8401 -0.3581
vn 0.6513 0.7466 -0.1357
vn 0.2276 0.9643 -0.1353
vn 0.1504 0.9031 -0.4023
vn 0.2204 0.8361 -0.5024
vn 0.1650 0.9203 -0.3547
vn -0.1994 0.8269 -0.5259
vn -0.7799 0.4247 -0.4598
vn -0.4626 0.1753 -0.8691
vn -0.1114 -0.0499 -0.9925
vn 0.0586 -0.0934 -0.9939
vn 0.7463 -0.1690 -0.6438
vn -0.0593 -0.1938 -0.9792
vn 0.1216 -0.0754 -0.9897
vn 0.8463 -0.3948 -0.3576
vn 0.0068 -0.4047 -0.9144
vn -0.7843 -0.2819 0.5526
vn -0.9592 -0.2661 0.0960
vn -0.1018 -0.9535 0.2837
vn -0.9881 -0.0820 -0.1302
vn -0.1277 -0.9918 -0.0055
vn -0.6396 -0.2713 0.7193
vn 0.8564 0.3104 0.4125
vn 0.8138 0.2442 0.5274
vn 0.8249 0.0241 0.5648
vn 0.4207 0.3927 0.8178
vn 0.5768 0.4467 0.6839
vn -0.9172 0.0578 -0.3943
vn -0.9041 0.3514 -0.2432
vn -0.8931 0.4460 0.0586
vn -0.9029 0.1035 -0.4173
vn -0.8545 0.1078 -0.5081
vn -0.9776 -0.0596 -0.2018
vn -0.7178 0.5736 -0.3947
vn -0.8955 0.3535 0.2704
vn 0.1645 0.3727 0.9133
vn -0.0965 -0.9688 0.2282
vn 0.8874 -0.3285 -0.3234
vn 0.3282 0.9440 0.0347
vn -0.1928 0.9140 -0.3570
vn -0.2550 0.8907 -0.3763
vn 0.0898 0.9926 -0.0822
vn 0.0983 -0.0285 -0.9947
vn 0.3647 0.5429 0.7565
vn 0.0268 0.4811 0.8763
vn 0.2282 0.8526 0.4701
vn 0.0069 0.6730 0.7396
vn 0.6776 0.5776 0.4553
vn -0.4134 0.7109 -0.5690
vn 0.5674 0.7775 -0.2710
vn -0.1931 -0.4300 0.8819
vn -0.1335 -0.3610 -0.9230
vn -0.2048 -0.2307 -0.9512
vn -0.9496 -0.2094 -0.2334
vn -0.3018 -0.6444 -0.7026
vn 0.0406 -0.3498 -0.9359
vn -0.0465 -0.6310 -0.7744
vn -0.4099 0.8879 0.2088
vn -0.3280 0.8751 -0.3558
vn 0.2275 0.8944 0.3852
vn 0.4064 0.6344 0.6576
vn 0.4275 0.9033 -0.0357
vn 0.9849 0.1578 0.0712
vn 0.1604 0.6947 -0.7012
vn 0.3035 0.8548 -0.4210
vn 0.2854 0.9284 -0.2381
vn -0.2122 0.8771 -0.4309
vn 0.9768 -0.1657 -0.1360
vn -0.6150 0.1470 -0.7747
vn 0.8805 -0.3201 -0.3496
vn 0.9939 0.0630 -0.0905
vn 0.9945 0.0553 -0.0886
vn -0.0232 -0.1471 -0.9888
vn 0.5406 0.2777 -0.7942
vn -0.9124 0.1688 0.3728
vn -0.7886 -0.2655 0.5547
vn -0.8050 -0.5544 -0.2113
vn -0.7988 -0.2042 0.5659
vn -0.6414 -0.7476 -0.1721
vn -0.8489 0.0340 0.5274
vn -0.1246 0.3073 0.9434
vn -0.5776 0.5042 0.6420
vn -0.3796 -0.3420 0.8596
vn 0.1934 0.4151 0.8890
vn 0.9569 -0.1819 0.2263
vn 0.4102 0.1765 0.8948
vn 0.9137 -0.0026 0.4064
vn 0.4962 -0.4755 0.7264
vn 0.8403 -0.5269 0.1277
vn -0.8102 0.3755 -0.4501
vn -0.8960 0.4366 0.0806
vn -0.9748 0.1993 0.0999
vn -0.7919 0.4557 -0.4064
vn -0.9323 0.1302 -0.3376
vn -0.7675 0.5227 0.3712
vn -0.9881 0.1518 -0.0234
vn -0.8068 0.4275 -0.4079
vn -0.9668 0.1538 0.2040
vn -0.7706 0.5435 0.3329
vn -0.8785 -0.1448 0.4552
vn -0.8100 -0.2382 0.5359
vn -0.1325 -0.7198 -0.6814
vn -0.6587 0.6910 -0.2975
vn -0.3382 -0.7278 -0.5966
vn 0.2989 0.5543 -0.7768
vn -0.0884 -0.0417 -0.9952
vn -0.5407 0.4689 -0.6984
vn -0.0332 -0.7470 -0.6640
vn -0.8367 -0.5461 0.0405
vn -0.8051 0.1099 0.5829
vn -0.7648 0.2904 0.5751
vn -0.8185 0.4080 -0.4045
vn 0.5688 -0.5849 -0.5782
vn 0.0528 -0.9427 0.3295
vn -0.7426 -0.3772 -0.5534
vn -0.7969 -0.2411 -0.5539
vn -0.8875 -0.0804 -0.4538
vn 0.1535 0.9674 -0.2013
vn -0.2735 0.9487 -0.1588
vn -0.1797 0.9742 -0.1365
vn -0.3012 0.9536 0.0010
vn -0.8601 0.4408 -0.2568
vn -0.2648 0.9559 0.1269
vn 0.9403 -0.3380 0.0411
vn -0.2586 -0.6815 0.6846
vn -0.8074 -0.5891 0.0344
vn 0.5894 0.7039 0.3963
vn 0.4736 0.4362 0.7651
vn 0.5644 0.7089 0.4230
vn 0.1917 0.8303 0.5233
vn 0.3826 0.8696 0.3121
vn 0.3783 0.9247 -0.0420
vn 0.1049 0.8909 0.4419
vn -0.5470 0.7948 -0.2627
vn -0.2415 0.9693 -0.0467
vn -0.3167 0.9343 0.1635
vn -0.4196 0.8860 0.1972
vn -0.3029 0.9449 0.1242
vn -0.1307 0.8863 0.4443
vn 0.3786 0.4764 0.7935
vn -0.1957 0.3063 0.9316
vn -0.4795 -0.0693 0.8748
vn -0.6304 -0.1188 0.7672
vn -0.9830 -0.1792 0.0399
vn -0.5075 -0.2510 0.8243
vn -0.6849 -0.0929 0.7227
vn -0.8702 -0.4372 -0.2271
vn -0.5013 -0.4989 0.7070
vn 0.9314 -0.3589 0.0604
vn 0.8087 -0.3377 0.4817
vn 0.2248 -0.9682 -0.1096
vn 0.7286 -0.1323 0.6721
vn 0.1099 -0.9903 0.0848
vn 0.9249 -0.3496 -0.1493
vn -0.4721 0.3877 -0.7917
vn -0.3852 0.3169 -0.8667
vn -0.3792 0.0606 -0.9233
vn 0.0831 0.4865 -0.8697
vn -0.1154 0.5382 -0.8349
vn 0.5411 0.0347 0.8403
vn 0.5964 0.3830 0.7054
vn 0.7361 0.4891 0.4679
vn 0.5174 0.0904 0.8510
vn 0.4313 0.0981 0.8969
vn 0.6848 -0.1062 0.7209
vn 0.3486 0.6384 0.6863
vn 0.8646 0.3861 0.3215
vn 0.3827 0.5529 -0.7402
vn 0.1950 -0.9778 -0.0767
vn -0.8909 -0.3583 -0.2793
vn -0.2333 0.9513 -0.2018
vn -0.0539 0.9477 0.3146
vn -0.0179 0.9313 0.3638
vn -0.1237 0.9923 -0.0118
vn -0.6697 -0.0330 0.7419
vn 0.0881 0.6393 -0.7639
vn 0.4394 0.5813 -0.6848
vn 0.0347 0.8972 -0.4402
vn 0.3533 0.7637 -0.5403
vn -0.3017 0.6562 -0.6917
vn 0.0109 0.7871 0.6168
vn -0.5511 0.8238 -0.1327
vn 0.6558 -0.5284 -0.5392
vn -0.3901 -0.4522 0.8021
vn -0.3573 -0.3003 0.8844
vn 0.6386 -0.2764 0.7182
vn -0.1040 -0.7331 0.6721
vn -0.5513 -0.4358 0.7114
vn -0.3458 -0.7266 0.5937
vn 0.3736 0.9256 0.0610
vn 0.0456 0.9190 0.3917
vn -0.0057 0.9253 -0.3793
vn 0.0009 0.7202 -0.6937
vn -0.3339 0.9194 -0.2078
vn -0.7516 0.2185 -0.6224
vn -0.4948 0.7799 0.3832
vn -0.4351 0.8950 0.0987
vn -0.3295 0.9441 -0.0110
vn -0.0749 0.9224 0.3790
vn -0.8660 -0.1604 -0.4736
vn 0.0875 0.1598 0.9833
vn -0.9013 -0.3492 -0.2564
vn -0.8501 0.1104 -0.5149
vn -0.8500 0.1014 -0.5169
vn -0.5499 -0.1909 0.8131
vn -0.8946 0.3579 0.2674
vn 0.9500 0.1682 0.2630
vn 0.9381 -0.3408 0.0612
vn 0.5113 -0.6275 0.5872
vn 0.9605 -0.2721 0.0582
vn 0.3966 -0.7964 0.4566
vn 0.9935 0.0088 0.1133
vn 0.6353 0.3831 -0.6705
vn 0.8024 0.5790 -0.1446
vn 0.8012 -0.4316 -0.4144
vn 0.3129 0.5125 -0.7997
vn -0.6571 -0.1810 -0.7318
vn 0.1467 0.2378 -0.9602
vn -0.5320 0.0312 -0.8462
vn -0.0020 -0.5543 -0.8323
vn -0.5869 -0.5796 -0.5652
vn 0.4121 0.4187 0.8092
vn 0.7513 0.4786 0.4543
vn 0.8436 0.2004 0.4981
vn 0.4132 0.5092 0.7549
vn 0.5814 0.1208 0.8046
vn 0.7961 0.5823 0.1651
vn 0.7889 0.1432 0.5976
vn 0.4269 0.4771 0.7682
vn 0.8963 0.1469 0.4184
vn 0.7738 0.6033 0.1932
vn 0.9613 -0.2039 0.1852
vn 0.9467 -0.3102 0.0871
vn -0.2188 -0.8011 0.5571
vn 0.3388 0.7540 0.5628
vn -0.0194 -0.8002 0.5994
vn -0.2956 0.9304 0.2166
vn -0.5022 -0.0577 0.8628
vn 0.0542 0.5442 0.8372
vn -0.2838 -0.8248 0.4891
vn 0.6559 -0.6181 0.4334
vn 0.9937 0.1033 0.0438
vn 0.9458 0.3240 0.0210
vn 0.4399 0.4543 0.7746
vn 0.4527 -0.0031 0.8916
vn 0.9412 -0.0391 -0.3356
vn 0.2184 0.9756 0.0216
vn 0.0542 0.9980 -0.0319
vn -0.1295 0.9582 -0.2550
vn -0.9186 -0.1627 0.3600
vn -0.9933 0.1057 -0.0466
vn -0.9996 0.0263 0.0075
vn -0.9657 0.0439 -0.2558
vn -0.6118 0.6541 -0.4448
vn -0.9301 -0.0411 -0.3650
vn 0.4561 -0.4956 0.7391
vn 0.5627 -0.0376 -0.8258
vn 0.4236 0.5907 -0.6868
vn -0.6097 -0.7916 0.0400
vn -0.2760 -0.8066 -0.5227
vn -0.6157 -0.7878 -0.0188
vn -0.7194 -0.5255 -0.4542
vn -0.8023 -0.5953 -0.0443
vn -0.8431 -0.3887 0.3716
vn -0.7936 -0.4325 -0.4280
vn -0.9125 0.3760 -0.1614
vn -0.9882 0.0247 -0.1514
vn -0.8969 -0.0205 -0.4418
vn -0.8370 0.0367 -0.5460
vn -0.9202 -0.0129 -0.3912
vn -0.7684 -0.2557 -0.5866
vn -0.3139 -0.7251 -0.6129
vn -0.0784 -0.3378 -0.9379
vn 0.0634 -0.0640 -0.9959
vn 0.0717 0.0487 -0.9962
vn 0.0218 0.6061 -0.7951
vn 0.1808 -0.0130 -0.9834
vn 0.0450 0.0865 -0.9952
vn 0.2781 0.8184 -0.5029
vn 0.3596 0.0561 -0.9314
vn 0.4714 -0.5628 0.6790
vn 0.5693 -0.8107 0.1365
vn 0.9470 0.0618 0.3152
vn 0.3640 -0.9110 -0.1940
vn 0.9988 0.0495 -0.0062
vn 0.3965 -0.4185 0.8171
vn -0.5449 0.6467 0.5337
vn -0.4460 0.6034 0.6611
vn -0.2110 0.6593 0.7216
vn -0.4424 0.2284 0.8673
vn -0.5485 0.3423 0.7629
vn 0.1536 -0.8191 -0.5528
vn -0.2214 -0.9064 -0.3597
vn -0.3533 -0.9313 0.0883
vn 0.0934 -0.8087 -0.5808
vn 0.0730 -0.7333 -0.6760
vn 0.3288 -0.8962 -0.2977
vn -0.4981 -0.6924 -0.5220
vn -0.3210 -0.8880 0.3293
vn -0.3616 0.0578 0.9305
vn 0.9647 0.0680 0.2546
vn 0.1910 0.8639 -0.4660
vn -0.9943 0.0991 0.0391
vn -0.8730 -0.2689 -0.4068
vn -0.8453 -0.3131 -0.4329
vn -0.9928 -0.0764 -0.0923
vn 0.0078 0.0657 -0.9978
vn -0.5716 0.1711 0.8025
vn -0.4365 -0.0446 0.8986
vn -0.8576 0.0399 0.5128
vn -0.6215 -0.0844 0.7789
vn -0.7343 0.4165 0.5360
vn -0.6358 -0.4038 -0.6578
vn -0.9011 0.2998 -0.3132
vn 0.4206 -0.0692 0.9046
vn 0.3447 -0.0393 -0.9379
vn 0.2411 -0.1013 -0.9652
vn 0.4925 -0.8057 -0.3293
vn 0.6552 -0.1158 -0.7465
vn 0.3036 0.0705 -0.9502
vn 0.5854 0.0522 -0.8091
vn -0.8570 -0.4486 0.2536
vn -0.8301 -0.3704 -0.4168
vn -0.9051 0.0340 0.4239
vn -0.6770 0.1904 0.7109
vn -0.9834 0.1768 -0.0406
vn -0.4566 0.8835 0.1049
vn -0.6718 0.0145 -0.7406
vn -0.8814 0.0920 -0.4633
vn -0.9615 0.0703 -0.2655
vn -0.8279 -0.2760 -0.4883
vn -0.0393 0.9771 -0.2092
vn -0.0243 -0.4635 -0.8857
vn 0.1803 0.8477 -0.4988
vn -0.3440 0.9290 -0.1362
vn -0.3347 0.9328 -0.1336
vn 0.1331 0.0039 -0.9911
vn -0.3687 0.3335 -0.8677
vn 0.0165 -0.8474 0.5307
vn 0.4560 -0.5702 0.6834
vn 0.7902 -0.5517 -0.2668
vn 0.3949 -0.5920 0.7025
vn 0.9077 -0.3668 -0.2039
vn 0.1553 -0.7057 0.6913
vn -0.2516 -0.1191 0.9605
vn -0.4040 -0.5064 0.7618
vn 0.3831 -0.2052 0.9006
vn -0.4068 0.0712 0.9107
vn -0.0119 0.9402 0.3405
vn -0.2373 0.2477 0.9393
vn -0.2179 0.7971 0.5632
vn 0.3743 0.4226 0.8254
vn 0.4591 0.8686 0.1864
vn -0.2529 -0.7524 -0.6082
vn -0.3402 -0.9325 0.1216
vn -0.0066 -0.9879 0.1547
vn -0.3541 -0.7547 -0.5523
vn 0.0705 -0.8704 -0.4873
vn -0.4388 -0.7442 0.5036
vn 0.0618 -0.9974 -0.0365
vn -0.3187 -0.7668 -0.5572
vn 0.0518 -0.9497 0.3087
vn -0.4672 -0.7575 0.4560
vn 0.3706 -0.7072 0.6022
vn 0.4374 -0.5998 0.6700
vn 0.7772 0.1917 -0.5993
vn -0.6433 -0.6583 -0.3908
vn 0.7527 -0.1313 -0.6451
vn -0.5645 0.1244 -0.8160
vn 0.0520 -0.0505 -0.9974
vn -0.3656 -0.4617 -0.8082
vn 0.7026 0.0776 -0.7073
vn 0.8051 -0.5908 0.0523
vn 0.1755 -0.7128 0.6790
vn -0.1540 -0.6610 0.7344
vn -0.2941 -0.7777 -0.5556
vn -0.5587 0.6040 -0.5684
vn 0.2486 0.4588 -0.8531
vn -0.0538 0.9680 -0.2452
vn -0.5255 0.7735 -0.3544
vn -0.5911 0.5099 -0.6250
vn -0.6144 -0.0387 -0.7880
vn -0.4430 0.1195 -0.8885
vn -0.9785 0.0300 0.2040
vn -0.1788 -0.3497 -0.9196
vn -0.6110 -0.1850 -0.7697
vn -0.4406 0.1287 -0.8884
vn -0.7259 -0.1184 -0.6775
vn -0.6624 -0.0399 -0.7481
vn -0.6862 -0.1250 -0.7166
vn -0.7494 -0.0964 -0.6551
vn 0.8681 -0.4352 0.2389
vn 0.8587 0.4432 0.2572
vn 0.7699 0.5719 0.2831
vn 0.8468 0.3985 0.3523
vn 0.5772 0.7343 0.3574
vn 0.6983 0.6993 0.1527
vn 0.8007 0.5509 0.2352
vn 0.6990 0.7014 0.1395
vn 0.7479 0.6056 0.2719
vn -0.9501 0.1696 0.2620
vn -0.9082 0.1371 0.3954
vn -0.9164 -0.1104 0.3847
vn -0.9770 0.0091 0.2130
vn 0.1578 -0.5831 0.7969
vn -0.1127 -0.7970 0.5934
vn -0.0402 -0.1104 0.9931
vn 0.1116 -0.6532 0.7489
vn 0.2682 -0.5406 0.7974
vn -0.0441 -0.9315 0.3612
vn 0.0853 -0.5774 0.8120
vn -0.0925 -0.4654 0.8803
vn 0.2396 -0.5946 0.7675
vn -0.0383 -0.6575 0.7525
vn 0.5112 0.8489 0.1342
vn -0.7175 0.1311 0.6841
vn -0.9960 -0.0434 0.0786
vn -0.5693 0.4000 0.7183
vn -0.9246 0.1801 0.3357
vn -0.7077 0.1293 0.6946
vn -0.5940 0.4458 0.6697
vn -0.9281 0.3717 0.0191
vn 0.0401 0.8137 0.5799
vn -0.1883 0.7586 0.6237
vn -0.1857 0.7990 0.5720
vn -0.3031 0.6600 0.6875
vn -0.0994 0.7652 0.6361
vn -0.2226 0.7649 0.6045
vn -0.1364 0.8032 0.5799
vn -0.2880 0.6692 0.6850
vn -0.2037 0.7732 0.6005
vn 0.0294 0.6948 0.7186
vn 0.8447 0.3803 -0.3767
vn 0.8413 0.3823 -0.3822
vn 0.4380 0.8922 -0.1102
vn 0.1748 0.6406 -0.7477
vn 0.5166 0.1365 -0.8453
vn 0.9883 -0.0421 0.1465
vn 0.6052 0.6753 -0.4214
vn -0.1032 0.8277 -0.5516
vn 0.1014 0.6889 -0.7177
vn -0.0123 0.6183 -0.7859
vn 0.8637 0.3854 -0.3249
vn 0.4570 0.5757 -0.6780
vn 0.3590 -0.9251 -0.1240
vn 0.6584 -0.7178 -0.2264
vn -0.9102 -0.3590 -0.2064
vn -0.8975 -0.4150 -0.1491
vn -0.8924 -0.2948 -0.3416
vn -0.1488 -0.2258 0.9627
vn -0.8399 -0.4017 -0.3651
vn -0.9388 -0.0122 -0.3444
vn -0.4560 -0.7442 0.4882
vn -0.9942 -0.1056 -0.0201
vn -0.9217 -0.3576 -0.1502
vn -0.8653 -0.3581 -0.3508
vn -0.5990 -0.7142 0.3622
vn -0.9307 -0.3034 -0.2045
vn 0.0697 -0.9216 -0.3818
vn -0.0535 -0.7142 0.6979
vn 0.5892 -0.7635 -0.2645
vn 0.0859 0.0233 -0.9960
vn 0.1325 -0.9382 0.3198
vn -0.0307 -0.9799 0.1971
vn 0.0863 -0.9158 -0.3923
vn -0.0555 -0.3054 -0.9506
vn 0.2799 -0.8780 -0.3883
vn -0.0851 -0.6298 0.7721
vn 0.1853 -0.8801 -0.4372
vn 0.2776 0.6398 -0.7166
vn 0.0054 0.6148 -0.7887
vn 0.1539 0.5638 -0.8115
vn -0.0055 0.6130 -0.7901
vn 0.3526 0.7139 -0.6050
vn 0.1967 0.5093 -0.8378
vn -0.2926 0.1778 -0.9396
vn 0.1566 0.5942 -0.7890
vn 0.2278 0.5032 -0.8336
vn 0.4664 -0.8317 0.3013
vn 0.7981 -0.5990 -0.0654
vn 0.7601 -0.6495 -0.0199
vn 0.3229 -0.9464 -0.0079
vn 0.6572 -0.7449 0.1150
vn 0.4214 0.5141 -0.7471
vn 0.7756 -0.1827 -0.6042
vn 0.2209 -0.5942 -0.7734
vn 0.0590 -0.2938 -0.9540
vn 0.2816 -0.3542 -0.8917
vn 0.0325 -0.3434 -0.9386
vn 0.1532 -0.3744 -0.9145
vn 0.5885 0.4421 -0.6769
vn -0.0930 0.9338 -0.3454
vn 0.5435 0.4394 -0.7152
vn 0.0289 -0.3473 -0.9373
vn 0.2473 -0.3626 -0.8985
vn 0.0013 -0.2621 -0.9651
vn -0.8161 -0.5779 0.0030
vn -0.8958 -0.4424 -0.0431
vn -0.4920 -0.8611 -0.1282
vn -0.6064 -0.7635 0.2221
vn -0.3013 -0.8961 0.3259
vn -0.9565 0.2439 0.1599
vn -0.6598 -0.7408 -0.1258
vn -0.9641 -0.1903 -0.1851
vn -0.7060 -0.6975 0.1232
vn -0.9830 -0.0835 0.1638
vn -0.7127 -0.6997 0.0493
vn -0.6806 -0.6942 0.2341
vn 0.3423 -0.9149 0.2140
vn 0.2324 -0.8597 -0.4548
vn 0.0588 -0.8597 -0.5074
vn -0.2233 -0.9213 0.3184
vn 0.0364 -0.9943 -0.1000
vn -0.0856 -0.3466 0.9341
vn 0.1784 -0.9544 0.2395
vn 0.9761 -0.2157 -0.0252
vn 0.1541 -0.6434 -0.7499
vn 0.1555 -0.9376 0.3110
vn -0.0125 -0.8993 0.4373
vn 0.0559 -0.9595 0.2761
vn 0.9891 -0.1348 0.0593
vn 0.8583 -0.2186 0.4642
vn 0.9082 0.0912 0.4084
vn 0.9132 -0.0204 0.4070
vn 0.9941 0.0944 0.0540
vn 0.8536 0.4568 0.2504
vn 0.9280 -0.1128 0.3551
vn 0.9284 -0.0164 0.3712
vn 0.9035 -0.1171 0.4123
vn 0.9457 -0.1255 0.2999
vn 0.8882 0.3763 0.2635
vn 0.9493 -0.0676 0.3069
vn 0.9331 -0.0801 0.3506
vn 0.2286 0.4323 0.8723
vn 0.4718 0.2868 0.8337
vn 0.5694 0.4869 0.6624
vn 0.4133 0.2877 0.8640
vn 0.5465 0.1731 0.8194
vn 0.4117 0.2902 0.8639
vn 0.4804 0.2863 0.8290
vn 0.3889 0.1729 0.9049
vn -0.5293 0.7600 -0.3772
vn -0.5610 0.6953 -0.4493
vn 0.2036 0.5065 -0.8378
vn 0.9369 -0.0545 -0.3454
vn -0.2805 0.0648 -0.9577
vn 0.8383 0.0528 -0.5426
vn -0.2778 -0.2956 -0.9140
vn -0.4126 -0.1817 -0.8926
vn -0.2885 -0.3226 -0.9015
vn -0.1492 -0.3214 -0.9351
vn -0.1742 -0.4489 -0.8764
vn 0.0096 -0.3121 -0.9500
vn -0.2335 0.1188 -0.9651
vn 0.0397 -0.4162 -0.9084
vn -0.1341 -0.2906 -0.9474
vn 0.0540 0.7644 -0.6425
vn 0.9461 0.1234 -0.2994
vn 0.9927 0.0850 0.0854
vn 0.7053 0.3726 -0.6031
vn 0.8720 -0.0029 -0.4896
vn 0.8806 -0.1024 -0.4627
vn 0.9917 0.1003 0.0805
vn 0.9411 0.2652 -0.2097
vn -0.2467 0.4802 -0.8418
vn 0.8238 -0.1348 -0.5507
vn 0.8964 0.3907 -0.2092
vn -0.9628 0.2567 0.0848
vn -0.9778 0.1182 0.1728
vn -0.9551 0.2194 0.1992
vn -0.9909 -0.1242 -0.0527
vn -0.9692 0.2313 -0.0852
vn -0.0188 0.6745 -0.7381
vn -0.9535 0.2369 0.1863
vn -0.9700 0.2077 0.1263
vn -0.9637 0.2423 0.1117
vn -0.9823 0.1457 0.1173
vn -0.9899 0.1289 0.0585
vn -0.6588 0.5889 -0.4682
vn -0.6990 0.3596 0.6181
vn -0.9786 0.1936 0.0693
vn -0.9878 0.1391 0.0695
vn 0.1529 0.7831 -0.6028
vn 0.3203 0.5710 -0.7559
vn 0.5269 0.8486 -0.0472
vn 0.3068 0.6384 -0.7059
vn 0.0273 0.9788 -0.2030
vn -0.0910 0.9647 0.2471
vn -0.4847 0.2025 0.8509
vn 0.0577 0.8975 0.4372
vn 0.2699 0.9595 -0.0803
vn -0.2739 0.9613 0.0302
vn -0.3577 0.5284 0.7700
vn -0.1991 0.3333 0.9216
vn -0.2706 0.9478 -0.1689
vn -0.5193 0.1436 0.8425
vn -0.0379 0.2945 0.9549
vn -0.1321 0.3054 0.9430
vn -0.5450 0.2006 0.8141
vn -0.1544 0.7007 0.6966
vn -0.7410 0.3967 -0.5418
vn -0.6896 -0.1529 -0.7079
vn 0.8551 -0.5170 -0.0396
vn 0.9140 0.1225 0.3868
vn 0.8758 -0.0422 -0.4808
vn 0.8257 -0.4516 -0.3381
vn 0.8256 -0.5590 0.0761
vn 0.4871 -0.6076 0.6274
vn 0.6696 -0.4490 0.5917
vn -0.2029 -0.9085 -0.3652
vn 0.3151 -0.2308 0.9206
vn 0.3520 -0.6018 0.7169
vn 0.6768 -0.4468 0.5851
vn 0.3497 -0.7194 0.6001
vn 0.4625 -0.6550 0.5976
vn 0.3695 -0.6780 0.6354
vn 0.3541 -0.7449 0.5655
vn -0.5117 0.8197 0.2575
vn 0.2544 0.8377 -0.4832
vn 0.3283 0.7300 -0.5994
vn 0.1403 0.8331 -0.5351
vn 0.3708 0.5311 -0.7619
vn 0.5130 0.6368 -0.5756
vn 0.3526 0.7619 -0.5433
vn 0.5245 0.6363 -0.5657
vn 0.3603 0.7033 -0.6129
vn -0.1158 -0.8461 -0.5203
vn -0.2372 -0.7686 -0.5941
vn -0.4519 -0.7996 -0.3956
vn -0.2289 -0.9061 -0.3558
vn -0.9593 0.1895 -0.2096
vn -0.9962 -0.0501 0.0707
vn -0.7139 0.0611 -0.6976
vn -0.9811 0.1460 -0.1270
vn -0.9318 0.2814 -0.2291
vn -0.9346 -0.0219 0.3551
vn -0.9634 0.1328 -0.2330
vn -0.9237 0.0021 -0.3832
vn -0.9524 0.2535 -0.1695
vn -0.9892 0.0275 -0.1441
vn 0.6020 0.4505 -0.6592
vn -0.4067 -0.5160 -0.7539
vn -0.1763 -0.9659 -0.1894
vn -0.1985 -0.3641 -0.9100
vn -0.1582 -0.7973 -0.5825
vn -0.4133 -0.5053 -0.7575
vn -0.1349 -0.3891 -0.9113
vn 0.2538 -0.8520 -0.4579
vn 0.2245 0.1023 -0.9691
vn 0.1450 -0.0646 -0.9873
vn 0.2060 -0.0666 -0.9763
vn 0.0296 -0.1468 -0.9887
vn 0.1467 0.0025 -0.9892
vn 0.1598 -0.0918 -0.9829
vn 0.2065 -0.0292 -0.9780
vn 0.0385 -0.1354 -0.9900
vn 0.1690 -0.0779 -0.9825
vn 0.0518 0.1023 -0.9934
vn 0.6663 0.7292 0.1557
vn 0.6709 0.7245 0.1585
vn 0.7894 0.3643 -0.4941
vn 0.9824 0.0800 0.1688
vn 0.6902 0.3295 0.6442
vn -0.0885 0.9953 0.0403
vn 0.8741 0.4811 -0.0674
vn 0.9816 -0.1153 -0.1519
vn 0.9944 0.0263 0.1022
vn 0.9788 -0.0715 0.1920
vn 0.6401 0.7606 0.1083
vn 0.9281 0.3155 0.1977
vn -0.5854 0.2432 0.7734
vn -0.3679 0.4950 0.7871
vn -0.2283 -0.9010 0.3689
vn -0.3209 -0.8761 0.3598
vn -0.0613 -0.8934 0.4450
vn -0.1255 -0.7880 0.6028
vn -0.0893 -0.8987 0.4293
vn -0.2105 -0.9447 0.2514
vn -0.1211 -0.8771 0.4648
vn -0.9961 -0.0877 -0.0114
vn 0.8893 -0.4483 -0.0902
vn -0.2472 -0.9126 0.3258
vn -0.2360 -0.9236 0.3022
vn 0.4697 -0.8496 0.2401
vn -0.4198 -0.0047 0.9076
vn -0.9980 0.0088 -0.0631
vn -0.3738 0.4243 0.8247
vn 0.6501 -0.0283 0.7593
vn -0.9034 0.1120 0.4139
vn -0.8565 -0.0283 0.5153
vn -0.4079 0.0068 0.9130
vn 0.3698 -0.1376 0.9189
vn -0.3755 0.1538 0.9140
vn -0.9828 -0.0067 -0.1844
vn -0.3488 0.0774 0.9340
vn 0.9736 0.1649 0.1579
vn 0.9784 -0.0579 0.1987
vn 0.9614 0.0552 0.2697
vn 0.9776 -0.0667 0.1998
vn 0.9705 0.2396 0.0258
vn 0.9390 0.0848 0.3333
vn 0.7380 -0.3208 0.5936
vn 0.9710 0.0604 0.2313
vn 0.9346 0.1096 0.3383
vn -0.8246 0.3890 0.4107
vn -0.4007 0.6698 0.6251
vn -0.4728 0.6335 0.6124
vn -0.6808 0.2271 0.6963
vn -0.6398 0.5447 0.5422
vn 0.9161 0.2756 0.2912
vn 0.3213 0.5819 0.7471
vn 0.0657 0.0787 0.9947
vn 0.3844 -0.0513 0.9217
vn 0.3152 0.1194 0.9415
vn 0.3374 -0.0708 0.9387
vn 0.3061 0.0207 0.9518
vn 0.8478 0.4266 0.3149
vn 0.8599 0.3814 0.3394
vn 0.3336 -0.0734 0.9398
vn 0.3108 0.0927 0.9460
vn 0.3510 -0.1390 0.9260
vn 0.3525 0.0075 0.9358
vn -0.5577 -0.7537 0.3477
vn -0.4270 -0.8596 0.2807
vn -0.6116 -0.4327 0.6623
vn -0.8077 -0.5061 0.3024
vn -0.9147 -0.2290 0.3330
vn 0.0288 -0.8704 -0.4915
vn -0.5565 -0.5938 0.5811
vn -0.0979 -0.9740 0.2043
vn -0.7127 -0.6167 0.3343
vn -0.2784 -0.9316 -0.2337
vn -0.6634 -0.6320 0.4007
vn -0.7814 -0.5777 0.2360
vn -0.8151 0.2695 0.5127
vn -0.3212 0.1115 0.9404
vn -0.2963 -0.0230 0.9548
vn -0.9166 -0.1671 0.3632
vn -0.6596 -0.0051 0.7516
vn -0.8636 0.0154 -0.5039
vn -0.8588 0.1393 0.4930
vn -0.1097 0.9294 0.3524
vn 0.0126 0.0302 0.9995
vn -0.8966 0.1292 0.4235
vn -0.9607 0.0110 0.2772
vn -0.8909 0.0471 0.4517
vn -0.2619 -0.1380 -0.9552
vn -0.6686 0.7284 -0.1498
vn -0.0211 0.8568 -0.5153
vn -0.2492 0.9510 -0.1829
vn 0.1177 0.9930 0.0138
vn -0.2459 0.9404 -0.2348
vn -0.4597 0.8842 -0.0826
vn -0.2511 0.9641 -0.0862
vn 0.2707 0.8302 -0.4873
vn -0.2476 0.9673 -0.0540
vn -0.2246 0.9663 -0.1255
vn -0.3246 0.9391 -0.1132
vn -0.2469 0.9655 -0.0827
vn -0.2233 0.2671 -0.9374
vn -0.3084 0.4711 -0.8264
vn -0.0340 0.5490 -0.8351
vn -0.3266 0.4207 -0.8464
vn -0.3926 0.5412 -0.7436
vn -0.3246 0.4193 -0.8478
vn -0.3058 0.4787 -0.8230
vn -0.4425 0.4026 -0.8013
vn 0.8326 -0.4587 -0.3105
vn 0.8399 -0.5008 -0.2091
vn 0.9375 0.0902 0.3360
vn 0.2793 0.8209 0.4981
vn 0.6592 -0.3133 0.6836
vn 0.4917 0.6746 0.5505
vn 0.3515 -0.3095 0.8836
vn 0.4284 -0.4225 0.7987
vn 0.3231 -0.3173 0.8916
vn 0.4332 0.8986 0.0697
vn 0.3789 -0.1442 0.9141
vn 0.2742 -0.1930 0.9421
vn 0.4264 -0.4051 0.8087
vn 0.0501 -0.5941 0.8029
vn 0.2793 -0.0941 0.9556
vn 0.9999 -0.0018 -0.0159
vn 0.4093 0.8555 0.3171
vn 0.0829 0.9965 -0.0096
vn 0.7719 0.5443 0.3284
vn 0.4145 0.7182 0.5590
vn 0.3106 0.7256 0.6140
vn 0.1013 0.9947 -0.0182
vn 0.4714 0.8744 0.1145
vn 0.9121 -0.2689 0.3095
vn 0.3333 0.6442 0.6884
vn 0.5714 0.8207 0.0021
vn 0.0994 -0.8942 -0.4366
vn -0.0972 -0.9073 -0.4090
vn -0.0237 -0.8620 -0.5063
vn -0.1465 -0.9891 0.0115
vn 0.2142 -0.9418 -0.2591
vn 0.9910 -0.0707 0.1141
vn 0.0022 -0.8612 -0.5082
vn 0.0217 -0.8992 -0.4369
vn 0.0649 -0.8908 -0.4497
vn -0.0288 -0.9237 -0.3821
vn 0.0021 -0.9490 -0.3154
vn 0.7848 -0.6059 -0.1300
vn -0.1779 -0.4945 -0.8508
vn 0.0538 -0.9250 -0.3760
vn 0.0029 -0.9427 -0.3336
vn 0.9956 0.0805 -0.0488
vn 0.9505 0.1934 0.2431
vn 0.7319 0.4491 -0.5125
vn 0.9696 0.1896 0.1544
vn 0.8594 0.0251 -0.5106
vn 0.5371 -0.0229 -0.8432
vn -0.4228 -0.2874 -0.8595
vn 0.3759 0.1047 -0.9207
vn 0.7889 0.2269 -0.5711
vn 0.6758 -0.1853 -0.7134
vn -0.1192 -0.1840 -0.9757
vn -0.3431 -0.0552 -0.9377
vn 0.8056 -0.2052 -0.5558
vn -0.4673 -0.3193 -0.8244
vn -0.3836 0.0672 -0.9211
vn -0.3727 -0.0040 -0.9280
vn -0.4088 -0.3414 -0.8464
vn 0.0607 -0.0340 -0.9976
vn 0.6960 -0.7142 0.0738
vn 0.3397 -0.6808 0.6489
vn -0.6572 -0.7529 -0.0338
vn -0.0664 -0.9407 0.3326
vn -0.2182 -0.8817 -0.4184
vn -0.5981 -0.7463 -0.2920
vn -0.6931 -0.7179 0.0650
vn -0.7176 -0.3964 0.5727
vn -0.5860 -0.6123 0.5308
vn -0.8596 0.3923 -0.3275
vn -0.3201 -0.3084 0.8958
vn -0.6975 -0.2591 0.6681
vn -0.5844 -0.6194 0.5242
vn -0.8038 -0.2282 0.5494
vn -0.7582 -0.3597 0.5439
vn -0.7693 -0.2588 0.5841
vn -0.8266 -0.2266 0.5152
vn 0.9027 0.3659 0.2263
vn 0.7862 -0.4364 -0.4375
vn 0.6705 -0.4989 -0.5492
vn 0.8126 -0.3176 -0.4887
vn 0.4710 -0.5165 -0.7152
vn 0.5300 -0.6692 -0.5208
vn 0.6919 -0.5269 -0.4936
vn 0.5260 -0.6799 -0.5109
vn 0.6369 -0.5279 -0.5618
vn -0.8298 0.2938 -0.4744
vn -0.7309 0.4102 -0.5455
vn -0.6947 0.6271 -0.3523
vn -0.8505 0.4185 -0.3186
vn 0.3670 0.9131 -0.1776
vn 0.1485 0.9871 0.0595
vn 0.2124 0.7442 -0.6333
vn 0.3289 0.9383 -0.1071
vn 0.4494 0.8718 -0.1948
vn 0.1656 0.9382 0.3040
vn 0.3148 0.9284 -0.1975
vn 0.1867 0.9257 -0.3291
vn 0.4253 0.8936 -0.1434
vn 0.2198 0.9680 -0.1214
vn 0.3265 -0.7304 -0.6000
vn -0.4460 0.5509 -0.7054
vn -0.9129 0.3721 -0.1681
vn -0.3479 0.3042 -0.8868
vn -0.7771 0.3315 -0.5350
vn -0.4336 0.5561 -0.7091
vn -0.3899 0.2377 -0.8896
vn -0.9053 -0.0975 -0.4135
vn 0.0603 -0.2814 -0.9577
vn -0.1048 -0.1542 -0.9825
vn -0.1206 -0.2236 -0.9672
vn -0.1690 -0.0021 -0.9856
vn -0.0312 -0.1710 -0.9848
vn -0.1380 -0.1652 -0.9766
vn -0.0797 -0.2325 -0.9693
vn -0.1585 -0.0149 -0.9872
vn -0.1248 -0.1789 -0.9759
vn 0.1010 -0.0829 -0.9914
vn 0.5653 -0.8137 0.1350
vn 0.5597 -0.8172 0.1373
vn 0.1928 -0.8801 -0.4340
vn -0.1183 -0.9827 0.1424
vn 0.1841 -0.7927 0.5812
vn 0.9940 -0.1033 0.0357
vn 0.2800 -0.9583 -0.0573
vn -0.3006 -0.9451 -0.1281
vn -0.1704 -0.9816 0.0860
vn -0.2595 -0.9520 0.1622
vn 0.6010 -0.7937 0.0939
vn 0.1131 -0.9793 0.1679
vn 0.3768 0.5848 0.7184
vn 0.5979 0.3020 0.7425
vn -0.8465 0.4172 0.3306
vn -0.7996 0.5073 0.3213
vn -0.8824 0.2433 0.4027
vn 0.1366 0.8270 -0.5454
vn -0.8081 0.3082 0.5021
vn -0.9823 -0.0195 0.1862
vn -0.1339 0.9888 0.0666
vn -0.9347 0.3538 -0.0335
vn -0.8408 0.4637 0.2794
vn -0.8413 0.2871 0.4580
vn -0.2845 0.9504 0.1256
vn -0.8819 0.3740 0.2868
vn 0.0893 0.4740 0.8760
vn 0.2036 0.9776 -0.0530
vn 0.5292 0.3256 0.7836
vn -0.1685 -0.6939 0.7001
vn 0.2885 0.8884 0.3570
vn 0.1471 0.8803 0.4510
vn 0.0992 0.4590 0.8829
vn -0.2314 -0.3893 0.8916
vn 0.2498 0.3917 0.8855
vn 0.1870 0.9699 -0.1557
vn 0.1627 0.3803 0.9104
vn -0.0373 -0.9904 0.1334
vn -0.2468 -0.9544 0.1679
vn -0.1383 -0.9635 0.2290
vn -0.2549 -0.9521 0.1689
vn 0.0331 -0.9992 0.0218
vn -0.1066 -0.9527 0.2848
vn -0.4705 -0.7057 0.5298
vn -0.1349 -0.9713 0.1959
vn -0.0824 -0.9537 0.2893
vn 0.5410 0.7616 0.3568
vn 0.7654 0.2931 0.5730
vn 0.7398 0.3755 0.5582
vn 0.3732 0.6776 0.6337
vn 0.6722 0.5599 0.4845
vn 0.0785 -0.9654 0.2487
vn 0.5343 -0.4725 0.7009
vn 0.0718 -0.0939 0.9930
vn -0.1420 -0.4244 0.8943
vn 0.0576 -0.3857 0.9208
vn -0.1533 -0.3694 0.9166
vn -0.0474 -0.3550 0.9337
vn 0.2367 -0.9330 0.2711
vn -0.2635 -0.9059 -0.3316
vn 0.1912 -0.9370 0.2923
vn -0.1553 -0.3646 0.9181
vn 0.0296 -0.3753 0.9264
vn -0.1944 -0.4445 0.8745
vn -0.6214 0.7209 0.3067
vn -0.7537 0.6086 0.2482
vn -0.3064 0.7368 0.6027
vn -0.3213 0.9103 0.2610
vn -0.0347 0.9578 0.2852
vn -0.8828 0.1443 -0.4471
vn -0.4768 0.7052 0.5248
vn -0.9387 0.2930 0.1816
vn -0.4505 0.8439 0.2914
vn -0.8575 0.4709 -0.2073
vn -0.4795 0.8037 0.3523
vn -0.3944 0.8961 0.2034
vn 0.4287 0.7833 0.4502
vn 0.1938 0.3424 0.9193
vn 0.0428 0.3447 0.9377
vn 0.0244 0.9499 0.3116
vn 0.1361 0.7094 0.6915
vn 0.1906 0.8775 -0.4401
vn 0.3092 0.8481 0.4303
vn 0.9462 -0.0695 0.3161
vn 0.0305 -0.0214 0.9993
vn 0.3040 0.8796 0.3659
vn 0.2005 0.9510 0.2356
vn 0.2250 0.8923 0.3915
vn -0.0903 0.3306 -0.9394
vn 0.8337 0.5368 -0.1298
vn 0.8698 -0.1502 -0.4700
vn 0.9842 0.0715 -0.1620
vn 0.9488 -0.3157 0.0122
vn 0.9755 0.0704 -0.2085
vn 0.9515 0.2990 -0.0723
vn 0.9946 0.0708 -0.0762
vn 0.7752 -0.4521 -0.4412
vn 0.9966 0.0665 -0.0476
vn 0.9929 0.0431 -0.1110
vn 0.9835 0.1511 -0.0998
vn 0.9951 0.0662 -0.0731
vn 0.3410 0.1977 -0.9190
vn 0.5657 0.2439 -0.7877
vn 0.5917 -0.0784 -0.8024
vn 0.5184 0.2757 -0.8095
vn 0.6456 0.3166 -0.6950
vn 0.5166 0.2739 -0.8112
vn 0.5728 0.2393 -0.7840
vn 0.5172 0.4030 -0.7551
vn -0.6048 -0.7501 -0.2675
vn -0.6425 -0.7450 -0.1791
vn -0.1013 -0.9525 0.2872
vn 0.7648 -0.4598 0.4513
vn -0.4553 -0.6372 0.6219
vn 0.5713 -0.6530 0.4972
vn -0.4089 -0.3294 0.8511
vn -0.5350 -0.3834 0.7528
vn -0.4122 -0.2966 0.8614
vn 0.7841 -0.6176 0.0611
vn -0.2402 -0.3977 0.8855
vn -0.2720 -0.2718 0.9231
vn -0.5175 -0.3856 0.7639
vn -0.6389 0.0694 0.7662
vn -0.1664 -0.3001 0.9393
vn -0.1973 -0.9803 -0.0134
vn 0.7557 -0.5915 0.2812
vn 0.9598 -0.2806 -0.0085
vn 0.3667 -0.8857 0.2848
vn 0.6343 -0.5833 0.5074
vn 0.6717 -0.4804 0.5640
vn 0.9540 -0.2992 -0.0161
vn 0.7521 -0.6514 0.1003
vn -0.4364 -0.8599 0.2647
vn 0.5901 -0.4933 0.6391
vn 0.6748 -0.7380 0.0018
vn -0.9159 0.0737 -0.3946
vn -0.8854 0.2830 -0.3687
vn -0.8647 0.1987 -0.4614
vn -0.9387 0.3446 0.0101
vn -0.9723 -0.0373 -0.2305
vn -0.2602 -0.9608 0.0961
vn -0.8696 0.1711 -0.4632
vn -0.9051 0.1568 -0.3952
vn -0.9068 0.1096 -0.4071
vn -0.9143 0.2139 -0.3438
vn -0.9412 0.1855 -0.2823
vn -0.7327 -0.6714 -0.1116
vn -0.4868 0.3050 -0.8185
vn -0.9324 0.1273 -0.3382
vn -0.9364 0.1837 -0.2991
vn -0.1199 -0.9919 -0.0410
vn -0.0061 -0.9784 0.2065
vn 0.2890 -0.8433 -0.4532
vn -0.0134 -0.9914 0.1304
vn -0.1507 -0.8820 -0.4464
vn -0.1421 -0.5876 -0.7966
vn -0.0633 -0.5383 -0.8404
vn 0.0268 -0.9756 -0.2179
vn 0.2593 -0.8483 -0.4617
vn -0.0212 -0.4733 -0.8806
vn 0.1248 -0.8359 -0.5345
vn 0.0183 0.4027 -0.9151
vn -0.3663 -0.7901 -0.4915
vn -0.2313 0.5823 -0.7793
vn 0.1589 0.4200 -0.8935
vn 0.0801 0.4238 -0.9022
vn -0.2695 0.5265 -0.8064
vn -0.0518 -0.0633 -0.9966
vn -0.8225 -0.5651 0.0638
vn -0.7683 -0.2271 0.5985
vn 0.4708 -0.7991 0.3740
vn 0.2238 -0.9615 -0.1597
vn -0.0167 -0.9173 0.3978
vn 0.3116 -0.7986 0.5148
vn 0.5456 -0.7700 0.3308
vn 0.8761 -0.4820 0.0092
vn 0.7214 -0.6918 -0.0301
vn 0.5139 0.4331 0.7405
vn 0.7807 -0.3936 -0.4853
vn -0.3784 -0.8917 -0.2485
vn 0.9581 -0.2598 0.1209
vn 0.8146 -0.5717 -0.0981
vn 0.9463 -0.3110 0.0881
vn 0.9472 -0.3203 -0.0116
vn 0.7732 -0.6300 0.0726
vn -0.5938 0.4434 -0.6714
vn -0.8625 -0.4887 -0.1317
vn -0.8242 -0.5660 0.0205
vn -0.9290 -0.3520 -0.1138
vn -0.7561 -0.5992 0.2631
vn -0.6633 -0.7437 0.0829
vn -0.8043 -0.5934 -0.0322
vn -0.6527 -0.7535 0.0781
vn -0.7992 -0.5990 0.0500
vn 0.4210 0.3228 0.8477
vn 0.2953 0.4646 0.8349
vn 0.3464 0.6922 0.6331
vn 0.5089 0.4630 0.7257
vn -0.3575 0.9296 -0.0894
vn -0.0999 0.9867 -0.1285
vn -0.4908 0.8182 0.2995
vn -0.2979 0.9477 -0.1142
vn -0.4244 0.8975 -0.1201
vn -0.0007 0.9562 -0.2928
vn -0.3306 0.9424 -0.0511
vn -0.3053 0.9473 0.0965
vn -0.3825 0.9133 -0.1399
vn -0.2297 0.9719 -0.0515
vn -0.0514 0.6574 0.7518
vn 0.4090 0.4592 0.7886
vn 0.3797 0.3057 0.8731
vn -0.2116 0.3688 0.9051
vn -0.0692 0.5898 0.8046
vn -0.1760 0.2856 0.9420
vn 0.5361 0.4102 0.7378
vn 0.5197 -0.1493 0.8412
vn -0.5909 -0.3545 0.7247
vn -0.4721 -0.2027 0.8579
vn -0.4425 -0.2897 0.8487
vn -0.4254 -0.0096 0.9049
vn -0.5382 -0.2214 0.8132
vn -0.4378 -0.2176 0.8724
vn -0.4793 -0.2994 0.8250
vn -0.4354 -0.0258 0.8999
vn -0.4480 -0.2344 0.8627
vn -0.6672 -0.1034 0.7376
vn -0.3330 -0.8630 -0.3799
vn -0.3272 -0.8661 -0.3780
vn -0.3234 -0.9246 0.2014
vn 0.1704 -0.9853 -0.0116
vn 0.1701 -0.8606 -0.4800
vn -0.7875 -0.0853 -0.6103
vn -0.1993 -0.9759 -0.0884
vn 0.1728 -0.9536 0.2466
vn 0.1801 -0.9824 0.0491
vn 0.2757 -0.9601 0.0457
vn -0.3824 -0.8449 -0.3740
vn 0.0232 -0.9892 -0.1447
vn 0.0566 0.6777 -0.7332
vn -0.1008 0.3846 -0.9176
vn 0.8521 0.4621 0.2459
vn 0.7963 0.5633 0.2204
vn 0.9401 0.2593 0.2213
vn -0.3831 0.8827 0.2721
vn 0.9344 0.3414 0.1014
vn 0.8959 -0.0594 0.4403
vn 0.0978 0.9952 0.0070
vn 0.7300 0.3829 0.5661
vn 0.8123 0.5132 0.2771
vn 0.9367 0.3140 0.1547
vn 0.2351 0.9708 0.0473
vn 0.8608 0.4106 0.3006
vn 0.3872 0.5745 -0.7211
vn -0.1877 0.9785 -0.0858
vn -0.0228 0.4117 -0.9110
vn 0.5003 -0.7790 -0.3779
vn -0.4433 0.8306 0.3369
vn 0.1600 0.4267 -0.8901
vn 0.6972 -0.4844 -0.5284
vn 0.2004 0.5560 -0.8066
vn -0.3358 0.9332 0.1276
vn 0.3847 0.5589 -0.7346
vn 0.2546 0.5919 -0.7648
vn 0.1111 -0.9927 -0.0463
vn 0.2697 -0.9623 0.0359
vn 0.2240 -0.9730 -0.0563
vn 0.2757 -0.9604 0.0393
vn 0.0125 -0.9999 -0.0116
vn 0.2286 -0.9675 -0.1079
vn 0.6247 -0.7758 -0.0890
vn 0.2062 -0.9778 -0.0370
vn 0.2141 -0.9690 -0.1231
vn -0.2410 0.8140 -0.5285
vn -0.3226 0.3717 -0.8705
vn -0.3073 0.4598 -0.8332
vn 0.0130 0.7582 -0.6519
vn -0.2846 0.6408 -0.7130
vn 0.0842 -0.9802 -0.1792
vn -0.0474 -0.5485 -0.8348
vn 0.5197 -0.1190 -0.8460
vn 0.6229 -0.5223 -0.5824
vn 0.4780 -0.4763 -0.7380
vn 0.6516 -0.4619 -0.6017
vn 0.5760 -0.4440 -0.6864
vn -0.0174 -0.9600 -0.2794
vn 0.0558 -0.9310 0.3608
vn 0.0249 -0.9629 -0.2687
vn 0.6547 -0.4566 -0.6024
vn 0.5055 -0.4654 -0.7265
vn 0.6505 -0.5437 -0.5303
vn 0.6108 0.7831 0.1174
vn 0.7032 0.6694 0.2396
vn 0.5185 0.8133 -0.2642
vn 0.3306 0.9436 -0.0203
vn 0.1304 0.9747 -0.1813
vn 0.4849 0.1408 0.8631
vn 0.6165 0.7788 -0.1155
vn 0.8547 0.3129 0.4142
vn 0.4510 0.8920 0.0293
vn 0.5662 0.5193 0.6401
vn 0.5103 0.8600 0.0049
vn 0.3585 0.9318 0.0561
vn -0.1175 0.8373 -0.5340
vn 0.3375 0.4318 -0.8364
vn 0.4800 0.4322 -0.7634
vn 0.1013 0.9684 -0.2278
vn 0.2221 0.7926 -0.5678
vn -0.3645 0.9158 0.1689
vn -0.0418 0.8901 -0.4539
vn -0.6041 -0.0472 -0.7955
vn 0.5593 -0.0266 -0.8285
vn -0.0682 0.9116 -0.4053
vn -0.0562 0.9625 -0.2654
vn -0.0010 0.9240 -0.3824
vn -0.4647 0.4119 0.7838
vn -0.6992 0.6100 -0.3728
vn -0.9748 -0.1485 -0.1664
vn -0.8810 0.1201 -0.4576
vn -0.7557 -0.3382 -0.5609
vn -0.9000 0.1186 -0.4193
vn -0.7868 0.3727 -0.4919
vn -0.8424 0.1194 -0.5254
vn -0.8534 -0.5068 -0.1219
vn -0.8290 0.1145 -0.5473
vn -0.8615 0.0872 -0.5001
vn -0.8406 0.2111 -0.4988
vn -0.8415 0.1141 -0.5281
vn -0.8237 0.2626 0.5026
vn -0.9145 0.3190 0.2490
vn -0.9629 -0.0752 0.2594
vn -0.8873 0.3558 0.2934
vn -0.9080 0.3998 0.1252
vn -0.8873 0.3537 0.2961
vn -0.9182 0.3136 0.2421
vn -0.8342 0.4953 0.2424
vn 0.3273 -0.8010 0.5013
vn 0.3944 -0.7944 0.4620
vn 0.2261 -0.9676 -0.1122
vn -0.3679 -0.5161 -0.7735
vn 0.6739 -0.7203 -0.1645
vn -0.1739 -0.7261 -0.6652
vn 0.8207 -0.4173 -0.3904
vn 0.8495 -0.4742 -0.2314
vn 0.8340 -0.3802 -0.3998
vn -0.5646 -0.6752 -0.4747
vn 0.6995 -0.4935 -0.5168
vn 0.7629 -0.3507 -0.5431
vn 0.8425 -0.4770 -0.2502
vn 0.9778 0.0617 -0.2001
vn 0.6833 -0.3825 -0.6219
vn 0.1536 -0.9803 0.1239
vn -0.4341 -0.6525 -0.6210
vn -0.7780 -0.2967 -0.5537
vn -0.1072 -0.9253 -0.3637
vn -0.2238 -0.6549 -0.7218
vn -0.2324 -0.5462 -0.8047
vn -0.7763 -0.3188 -0.5439
vn -0.5149 -0.7100 -0.4805
vn 0.4497 -0.8905 0.0695
vn -0.1254 -0.5666 -0.8144
vn -0.4919 -0.7936 -0.3580
vn 0.5398 0.0539 0.8401
vn 0.5215 0.3057 0.7966
vn 0.4610 0.2073 0.8628
vn 0.7572 0.3721 0.5369
vn 0.6669 -0.0800 0.7408
vn 0.2458 -0.9654 0.0871
vn 0.4651 0.1738 0.8681
vn 0.5294 0.1543 0.8342
vn 0.5256 0.0975 0.8451
vn 0.5612 0.2220 0.7974
vn 0.6155 0.1863 0.7658
vn 0.4951 -0.7308 0.4699
vn -0.0519 0.3612 0.9310
vn 0.5813 0.1174 0.8052
vn 0.6031 0.1845 0.7760
vn 0.0888 -0.9907 0.1030
vn 0.1232 -0.9865 -0.1083
vn -0.4102 -0.8969 0.1654
vn 0.0934 -0.9940 -0.0564
vn -0.0780 -0.9204 0.3832
vn -0.2855 -0.6861 0.6692
vn -0.3805 -0.6394 0.6681
vn -0.0928 -0.9855 0.1419
vn -0.3913 -0.9012 0.1866
vn -0.4478 -0.5732 0.6863
vn -0.3280 -0.8934 0.3071
vn -0.0719 0.8561 -0.5117
vn -0.6331 0.4748 0.6114
vn -0.6449 0.5193 0.5608
vn -0.2438 0.6772 0.6943
vn -0.2711 -0.4548 0.8483
vn -0.6214 0.4873 0.6136
vn -0.5350 -0.0843 0.8406
vn 0.6547 -0.6357 0.4090
vn 0.9543 -0.2983 0.0167
vn 0.9237 -0.3809 -0.0403
vn 0.9256 0.0847 0.3688
vn 0.8880 -0.0292 -0.4589
vn 0.8812 -0.3287 -0.3397
vn 0.9051 -0.4179 0.0786
vn 0.5595 -0.4760 0.6785
vn 0.7253 -0.3317 0.6033
vn 0.7678 -0.3182 0.5560
vn 0.4234 -0.5940 0.6840
vn 0.5354 -0.5371 0.6519
vn 0.3369 -0.1682 0.9264
vn 0.4330 -0.5613 0.7053
vn 0.4336 -0.6221 0.6519
vn 0.8284 0.5592 -0.0319
vn 0.4199 -0.5653 0.7101
vn 0.3290 0.7387 -0.5882
vn 0.3999 0.6064 -0.6873
vn 0.1817 0.7358 -0.6524
vn 0.4190 0.4093 -0.8105
vn 0.5943 0.5030 -0.6276
vn 0.6336 0.4995 -0.5908
vn 0.4329 0.5762 -0.6932
vn 0.4354 0.6416 -0.6315
vn 0.5561 0.5304 -0.6398
vn -0.1513 -0.7536 -0.6397
vn -0.2956 -0.6533 -0.6970
vn -0.5648 -0.6815 -0.4654
vn -0.3097 -0.8359 -0.4531
vn -0.9711 0.1308 -0.1997
vn -0.9972 -0.0342 0.0667
vn -0.7353 0.0429 -0.6764
vn -0.9877 0.1002 -0.1204
vn -0.9552 0.1967 -0.2211
vn -0.9415 -0.0151 0.3367
vn -0.9710 0.0913 -0.2211
vn -0.9315 0.0014 -0.3638
vn -0.9708 0.1762 -0.1626
vn -0.9906 0.0187 -0.1358
vn 0.6561 0.3349 -0.6763
vn -0.4568 -0.3952 -0.7970
vn -0.2502 -0.9346 -0.2530
vn -0.2172 -0.2718 -0.9375
vn -0.2007 -0.6898 -0.6956
vn -0.4626 -0.3857 -0.7983
vn -0.1486 -0.2922 -0.9447
vn 0.3310 -0.7579 -0.5622
vn 0.2383 0.0741 -0.9684
vn 0.1540 -0.0468 -0.9870
vn 0.2184 -0.0482 -0.9747
vn 0.0316 -0.1069 -0.9938
vn 0.1556 0.0018 -0.9878
vn 0.1698 -0.0665 -0.9832
vn 0.2188 -0.0211 -0.9755
vn 0.0410 -0.0985 -0.9943
vn 0.1795 -0.0564 -0.9821
vn 0.0551 0.0743 -0.9957
vn 0.7892 0.5890 0.1736
vn 0.7926 0.5837 0.1763
vn 0.8316 0.2617 -0.4900
vn 0.9857 0.0547 0.1594
vn 0.7297 0.2376 0.6411
vn -0.1290 0.9901 0.0554
vn 0.9341 0.3506 -0.0678
vn 0.9865 -0.0790 -0.1437
vn 0.9952 0.0179 0.0963
vn 0.9822 -0.0489 0.1814
vn 0.7711 0.6248 0.1228
vn 0.9561 0.2216 0.1917
vn -0.6170 0.1748 0.7673
vn -0.4118 0.3778 0.8293
vn -0.3077 -0.8283 0.4681
vn -0.4233 -0.7882 0.4468
vn -0.0825 -0.8212 0.5646
vn -0.1586 -0.6789 0.7169
vn -0.1208 -0.8287 0.5465
vn -0.2932 -0.8974 0.3297
vn -0.1613 -0.7965 0.5827
vn -0.9981 -0.0600 -0.0108
vn -0.1938 -0.7180 0.6685
vn 0.0257 -0.9392 0.3424
vn -0.3231 -0.8625 0.3895
vn -0.1878 -0.8394 0.5101
vn -0.4410 -0.0034 0.8975
vn -0.9982 0.0060 -0.0593
vn -0.4113 0.3184 0.8541
vn 0.6727 -0.0200 0.7396
vn -0.9155 0.0774 0.3948
vn -0.8701 -0.0196 0.4926
vn -0.4288 0.0049 0.9034
vn 0.3911 -0.0993 0.9150
vn -0.3975 0.1111 0.9109
vn -0.9847 -0.0046 -0.1740
vn -0.3682 0.0557 0.9281
vn 0.9822 0.1135 0.1500
vn 0.9814 -0.0396 0.1876
vn 0.9662 0.0378 0.2551
vn 0.9810 -0.0456 0.1887
vn 0.9858 0.1660 0.0247
vn 0.9469 0.0583 0.3163
vn 0.7759 -0.2300 0.5875
vn 0.9749 0.0413 0.2186
vn 0.9439 0.0755 0.3216
vn 0.0278 -0.7691 0.6385
vn -0.4737 0.5400 0.6957
vn -0.8066 0.4227 0.4133
vn -0.5487 0.5013 0.6690
vn -0.7109 0.1617 0.6844
vn 0.9400 0.1929 0.2813
vn 0.3697 0.4566 0.8092
vn 0.0699 0.0571 0.9959
vn 0.4048 -0.0369 0.9137
vn 0.3338 0.0863 0.9387
vn 0.3563 -0.0510 0.9330
vn 0.3232 0.0149 0.9462
vn 0.8980 0.3081 0.3140
vn 0.9284 -0.0577 -0.3670
vn 0.9018 0.2728 0.3351
vn 0.3524 -0.0529 0.9344
vn 0.3288 0.0669 0.9420
vn 0.4344 -0.0683 0.8981
vn -0.6751 -0.6222 0.3963
vn -0.5532 -0.7595 0.3424
vn -0.6634 -0.3200 0.6763
vn -0.8748 -0.3738 0.3083
vn -0.9339 -0.1594 0.3200
vn 0.0382 -0.7881 -0.6144
vn -0.6330 -0.4606 0.6222
vn -0.1402 -0.9511 0.2753
vn -0.8050 -0.4750 0.3555
vn -0.3826 -0.8730 -0.3024
vn -0.7569 -0.4917 0.4304
vn -0.8655 -0.4363 0.2461
vn -0.8447 0.1904 0.5002
vn -0.3399 0.0805 0.9370
vn -0.3130 -0.0166 0.9496
vn -0.9307 -0.1157 0.3471
vn -0.6819 -0.0036 0.7314
vn -0.8765 0.0107 -0.4814
vn -0.8756 0.0969 0.4732
vn -0.1515 0.8757 0.4584
vn 0.0134 0.0219 0.9997
vn -0.9101 0.0894 0.4047
vn -0.9650 0.0075 0.2621
vn -0.9020 0.0325 0.4305
vn -0.2782 -0.1000 -0.9553
vn -0.7915 0.5880 -0.1670
vn -0.3481 0.9061 -0.2406
vn 0.1712 0.9851 0.0189
vn -0.3408 0.8888 -0.3064
vn -0.6031 0.7911 -0.1020
vn -0.3544 0.9280 -0.1146
vn 0.3482 0.7283 -0.5902
vn -0.3505 0.9338 -0.0719
vn -0.3181 0.9332 -0.1672
vn -0.4472 0.8823 -0.1469
vn -0.3490 0.9306 -0.1101
vn -0.2405 0.1962 -0.9506
vn -0.3440 0.3584 -0.8679
vn -0.0390 0.4296 -0.9022
vn -0.3598 0.3161 -0.8778
vn -0.4444 0.4178 -0.7924
vn -0.3575 0.3150 -0.8792
vn -0.3418 0.3649 -0.8660
vn -0.4828 0.2995 -0.8229
vn 0.8893 -0.3341 -0.3122
vn 0.9053 -0.3681 -0.2122
vn 0.9457 0.0620 0.3191
vn 0.3573 0.7161 0.5997
vn 0.6971 -0.2259 0.6805
vn 0.5787 0.5414 0.6099
vn 0.3790 -0.2276 0.8970
vn 0.4697 -0.3159 0.8244
vn 0.3493 -0.2340 0.9074
vn 0.5751 0.8134 0.0870
vn 0.4008 -0.1040 0.9102
vn 0.2924 -0.1404 0.9459
vn 0.4659 -0.3018 0.8318
vn 0.0583 -0.4716 0.8799
vn 0.2958 -0.0680 0.9528
vn 0.9999 -0.0012 -0.0150
vn 0.5298 0.7551 0.3863
vn 0.1211 0.9926 -0.0132
vn 0.8477 0.4076 0.3395
vn 0.4995 0.5902 0.6341
vn 0.3780 0.6021 0.7033
vn 0.1476 0.9887 -0.0250
vn 0.6140 0.7767 0.1404
vn 0.9356 -0.1881 0.2988
vn 0.3917 0.5163 0.7616
vn 0.7144 0.6997 0.0024
vn 0.1339 -0.8218 -0.5539
vn -0.1322 -0.8416 -0.5237
vn -0.0313 -0.7763 -0.6295
vn -0.2122 -0.9771 0.0156
vn 0.2976 -0.8925 -0.3389
vn 0.9930 -0.0483 0.1076
vn 0.0029 -0.7753 -0.6316
vn 0.0294 -0.8301 -0.5568
vn 0.0873 -0.8173 -0.5695
vn -0.0397 -0.8677 -0.4955
vn 0.0030 -0.9089 -0.4169
vn 0.8765 -0.4615 -0.1367
vn -0.2006 -0.3802 -0.9029
vn 0.0742 -0.8697 -0.4880
vn 0.0040 -0.8985 -0.4390
vn 0.9974 0.0550 -0.0460
vn 0.9635 0.1337 0.2320
vn 0.7882 0.3298 -0.5195
vn 0.9805 0.1307 0.1469
vn 0.8726 0.0174 -0.4881
vn 0.5604 -0.0163 -0.8281
vn -0.4528 -0.2099 -0.8665
vn 0.3967 0.0754 -0.9148
vn 0.8157 0.1600 -0.5559
vn 0.7032 -0.1315 -0.6987
vn -0.1275 -0.1342 -0.9827
vn -0.3620 -0.0397 -0.9313
vn 0.8299 -0.1442 -0.5390
vn -0.5015 -0.2337 -0.8330
vn -0.4041 0.0483 -0.9134
vn -0.3924 -0.0029 -0.9198
vn -0.4418 -0.2516 -0.8611
vn 0.0645 -0.0247 -0.9976
vn 0.8166 -0.5714 0.0815
vn 0.4015 -0.4786 0.7809
vt 0.733101 0.335667
vt 0.728138 0.341345
vt 0.722972 0.362786
vt 0.725292 0.371775
vt 0.693113 0.354093
vt 0.710657 0.363970
vt 0.739509 0.283479
vt 0.742309 0.279818
vt 0.738720 0.285944
vt 0.734873 0.284232
vt 0.735964 0.292979
vt 0.734711 0.295907
vt 0.760117 0.273967
vt 0.767153 0.259294
vt 0.767283 0.255777
vt 0.764556 0.251840
vt 0.769642 0.242717
vt 0.765366 0.244160
vt 0.808861 0.141957
vt 0.819009 0.101575
vt 0.818446 0.118794
vt 0.807613 0.164523
vt 0.804712 0.158399
vt 0.801295 0.164638
vt 0.835144 0.042256
vt 0.716762 0.395825
vt 0.733538 0.344507
vt 0.719371 0.375135
vt 0.722473 0.383601
vt 0.748368 0.373791
vt 0.748115 0.391368
vt 0.750681 0.265163
vt 0.730947 0.306183
vt 0.750660 0.240931
vt 0.756617 0.289485
vt 0.756583 0.281017
vt 0.755111 0.281726
vt 0.767201 0.295827
vt 0.760416 0.275371
vt 0.761573 0.253788
vt 0.762339 0.267389
vt 0.764554 0.263279
vt 0.763724 0.258978
vt 0.765372 0.255509
vt 0.768297 0.231167
vt 0.764953 0.238452
vt 0.782789 0.191852
vt 0.762886 0.234857
vt 0.763564 0.239720
vt 0.804417 0.128753
vt 0.775874 0.218174
vt 0.766992 0.236205
vt 0.784540 0.165922
vt 0.799180 0.144266
vt 0.821940 0.079756
vt 0.780952 0.173753
vt 0.773345 0.190774
vt 0.771659 0.221555
vt 0.772925 0.205088
vt 0.782617 0.291977
vt 0.786912 0.281696
vt 0.798519 0.299246
vt 0.762710 0.232075
vt 0.778502 0.204003
vt 0.813285 0.301441
vt 0.814532 0.250258
vt 0.821566 0.318246
vt 0.840157 0.426649
vt 0.770395 0.384343
vt 0.762085 0.237718
vt 0.757418 0.233753
vt 0.766613 0.230609
vt 0.706911 0.275403
vt 0.684097 0.212674
vt 0.781206 0.188569
vt 0.764243 0.220495
vt 0.758595 0.210257
vt 0.755604 0.250367
vt 0.751536 0.251801
vt 0.680366 0.330745
vt 0.645048 0.342806
vt 0.682820 0.304981
vt 0.724756 0.365288
vt 0.722774 0.369351
vt 0.724032 0.368284
vt 0.714763 0.377228
vt 0.712540 0.372647
vt 0.706495 0.388969
vt 0.728022 0.356837
vt 0.726115 0.356843
vt 0.726319 0.364921
vt 0.730415 0.309184
vt 0.727185 0.350882
vt 0.718011 0.358857
vt 0.736914 0.333486
vt 0.736194 0.340696
vt 0.737393 0.328646
vt 0.765173 0.272967
vt 0.740528 0.295693
vt 0.743336 0.296735
vt 0.737431 0.305941
vt 0.736873 0.309513
vt 0.734357 0.311856
vt 0.744424 0.305268
vt 0.734711 0.318904
vt 0.752239 0.313652
vt 0.756473 0.306268
vt 0.757328 0.304511
vt 0.748839 0.324948
vt 0.743455 0.339594
vt 0.746352 0.326997
vt 0.735276 0.348344
vt 0.740094 0.342022
vt 0.730598 0.355750
vt 0.736772 0.336627
vt 0.744986 0.310122
vt 0.752320 0.278657
vt 0.749120 0.306527
vt 0.735447 0.329192
vt 0.718800 0.358945
vt 0.695276 0.444068
vt 0.746028 0.269915
vt 0.771800 0.245296
vt 0.774043 0.240054
vt 0.772669 0.225002
vt 0.770387 0.249425
vt 0.777163 0.188286
vt 0.745991 0.306097
vt 0.748908 0.302014
vt 0.747768 0.302141
vt 0.739962 0.313682
vt 0.740786 0.312598
vt 0.749732 0.294657
vt 0.748704 0.300272
vt 0.753332 0.284054
vt 0.751730 0.279550
vt 0.754608 0.275696
vt 0.755652 0.269954
vt 0.755316 0.278365
vt 0.754580 0.271016
vt 0.764965 0.234388
vt 0.717811 0.346700
vt 0.707452 0.391754
vt 0.692012 0.421326
vt 0.772155 0.366088
vt 0.726207 0.367453
vt 0.734222 0.373678
vt 0.739820 0.448286
vt 0.748108 0.297491
vt 0.749861 0.300244
vt 0.749757 0.302795
vt 0.807043 0.130882
vt 0.760863 0.241273
vt 0.805250 0.305316
vt 0.758223 0.258973
vt 0.741754 0.255401
vt 0.759399 0.174654
vt 0.783547 0.198219
vt 0.723459 0.370863
vt 0.727593 0.367459
vt 0.734103 0.341696
vt 0.738246 0.322194
vt 0.737828 0.321498
vt 0.731335 0.331553
vt 0.740606 0.319405
vt 0.733794 0.299860
vt 0.732537 0.320166
vt 0.725975 0.328747
vt 0.719822 0.341533
vt 0.749279 0.322409
vt 0.741451 0.335341
vt 0.735840 0.345075
vt 0.712968 0.334918
vt 0.726213 0.259821
vt 0.778193 0.190682
vt 0.666575 0.363321
vt 0.719882 0.374789
vt 0.774485 0.263605
vt 0.560181 0.423684
vt 0.553841 0.459963
vt 0.538013 0.476872
vt 0.416886 0.621062
vt 0.406177 0.523236
vt 0.456949 0.541355
vt 0.580952 0.328742
vt 0.584595 0.327646
vt 0.595395 0.295365
vt 0.636279 0.222407
vt 0.608184 0.251062
vt 0.681563 0.013240
vt 0.559738 0.524354
vt 0.572814 0.513214
vt 0.568298 0.516613
vt 0.582535 0.476508
vt 0.586906 0.444785
vt 0.578790 0.472745
vt 0.599039 0.418235
vt 0.597858 0.427593
vt 0.597363 0.430312
vt 0.599434 0.405036
vt 0.599528 0.410209
vt 0.599479 0.408447
vt 0.594887 0.437600
vt 0.494890 0.588061
vt 0.492609 0.698352
vt 0.465171 0.647781
vt 0.392243 0.621819
vt 0.432798 0.651061
vt 0.400741 0.667640
vt 0.587907 0.358182
vt 0.560209 0.388689
vt 0.580266 0.399548
vt 0.540628 0.625735
vt 0.544668 0.607069
vt 0.535751 0.613288
vt 0.537921 0.674750
vt 0.557071 0.590954
vt 0.561026 0.578764
vt 0.559083 0.577089
vt 0.564587 0.562486
vt 0.569690 0.522974
vt 0.567474 0.542521
vt 0.571483 0.553165
vt 0.565992 0.564907
vt 0.598938 0.402062
vt 0.596498 0.397071
vt 0.596574 0.384172
vt 0.599646 0.432965
vt 0.575543 0.517394
vt 0.594454 0.414542
vt 0.589230 0.469241
vt 0.593974 0.457377
vt 0.595715 0.440363
vt 0.588820 0.478189
vt 0.583521 0.492668
vt 0.571241 0.541636
vt 0.580747 0.503810
vt 0.554760 0.658816
vt 0.571836 0.645477
vt 0.564494 0.668794
vt 0.560404 0.557178
vt 0.630865 0.496902
vt 0.578113 0.679704
vt 0.640031 0.614315
vt 0.571462 0.706192
vt 0.437717 0.866146
vt 0.432040 0.694645
vt 0.595326 0.381613
vt 0.587297 0.397608
vt 0.595872 0.387143
vt 0.532145 0.406105
vt 0.604330 0.369261
vt 0.603358 0.465064
vt 0.591824 0.414985
vt 0.584309 0.422973
vt 0.598482 0.367872
vt 0.606957 0.356794
vt 0.426668 0.451186
vt 0.321175 0.422900
vt 0.482141 0.405661
vt 0.449023 0.669534
vt 0.451691 0.651153
vt 0.449650 0.653445
vt 0.468431 0.586816
vt 0.467986 0.572114
vt 0.476051 0.568179
vt 0.446751 0.724605
vt 0.450855 0.693685
vt 0.446234 0.675976
vt 0.554516 0.388056
vt 0.564157 0.382520
vt 0.545111 0.421258
vt 0.521392 0.606467
vt 0.522219 0.609498
vt 0.529335 0.584919
vt 0.583345 0.306831
vt 0.626963 0.265137
vt 0.629040 0.229286
vt 0.608978 0.257671
vt 0.607700 0.240328
vt 0.595073 0.271872
vt 0.602016 0.305895
vt 0.586708 0.321556
vt 0.504361 0.727376
vt 0.517838 0.695739
vt 0.534389 0.673441
vt 0.494422 0.788043
vt 0.452355 0.860039
vt 0.479832 0.794811
vt 0.452295 0.784449
vt 0.415769 0.948504
vt 0.440971 0.743698
vt 0.457667 0.795893
vt 0.534173 0.567296
vt 0.536068 0.616124
vt 0.591147 0.354383
vt 0.554278 0.529723
vt 0.543216 0.518991
vt 0.526991 0.447233
vt 0.516193 0.525511
vt 0.591849 0.340754
vt 0.564583 0.528527
vt 0.571041 0.522512
vt 0.573011 0.544987
vt 0.566473 0.532963
vt 0.599570 0.440993
vt 0.543565 0.556273
vt 0.553134 0.541408
vt 0.549355 0.548680
vt 0.535777 0.563158
vt 0.550853 0.539074
vt 0.551342 0.540147
vt 0.577683 0.417682
vt 0.589593 0.370391
vt 0.590454 0.370623
vt 0.588297 0.370689
vt 0.587251 0.347481
vt 0.599124 0.328564
vt 0.564559 0.559952
vt 0.557585 0.359595
vt 0.530461 0.501025
vt 0.538872 0.433737
vt 0.461398 0.678292
vt 0.427866 0.622179
vt 0.421687 0.633553
vt 0.283777 0.717254
vt 0.558393 0.495725
vt 0.553440 0.534408
vt 0.556721 0.531716
vt 0.589922 0.447683
vt 0.598343 0.374721
vt 0.565128 0.675844
vt 0.567522 0.401723
vt 0.602054 0.434066
vt 0.596489 0.393193
vt 0.449493 0.643641
vt 0.444595 0.647248
vt 0.509077 0.642836
vt 0.501046 0.645855
vt 0.535239 0.569933
vt 0.539493 0.563969
vt 0.520820 0.517292
vt 0.538131 0.554548
vt 0.638406 0.130730
vt 0.588733 0.305698
vt 0.582083 0.317111
vt 0.558209 0.349864
vt 0.496638 0.754191
vt 0.458998 0.842819
vt 0.516559 0.436904
vt 0.557634 0.404951
vt 0.593976 0.486748
vt 0.316953 0.502203
vt 0.454097 0.627678
vt 0.570037 0.614898
vt 0.085474 0.565892
vt 0.091589 0.526606
vt 0.106118 0.506055
vt 0.202041 0.357849
vt 0.214019 0.446775
vt 0.176980 0.418858
vt 0.097419 0.609203
vt 0.095369 0.609818
vt 0.082533 0.636042
vt 0.054494 0.694246
vt 0.081321 0.675806
vt 0.053949 0.753150
vt 0.088594 0.465179
vt 0.077455 0.473057
vt 0.082444 0.468412
vt 0.067558 0.506466
vt 0.066103 0.541844
vt 0.074002 0.508894
vt 0.067376 0.555521
vt 0.068217 0.546087
vt 0.067551 0.544880
vt 0.069930 0.562931
vt 0.068158 0.562036
vt 0.067593 0.564701
vt 0.069894 0.534303
vt 0.140696 0.382280
vt 0.147099 0.285835
vt 0.167018 0.322745
vt 0.223981 0.356192
vt 0.186691 0.332522
vt 0.213593 0.316355
vt 0.096274 0.585500
vt 0.106569 0.564653
vt 0.092883 0.552372
vt 0.107830 0.349429
vt 0.104654 0.366641
vt 0.112581 0.359431
vt 0.107941 0.315239
vt 0.094464 0.383123
vt 0.094329 0.399153
vt 0.092372 0.399270
vt 0.086752 0.414963
vt 0.079780 0.460960
vt 0.083712 0.437018
vt 0.085326 0.427408
vt 0.090485 0.414239
vt 0.065432 0.577656
vt 0.055681 0.595887
vt 0.058129 0.612511
vt 0.063961 0.543584
vt 0.080319 0.467200
vt 0.057243 0.577484
vt 0.072650 0.502959
vt 0.068546 0.517000
vt 0.067800 0.531725
vt 0.070839 0.495391
vt 0.076041 0.482196
vt 0.086550 0.439656
vt 0.077850 0.472061
vt 0.095773 0.331367
vt 0.081466 0.346246
vt 0.085609 0.327329
vt 0.095515 0.421886
vt 0.041224 0.480597
vt 0.070991 0.320206
vt 0.025135 0.381893
vt 0.072342 0.298064
vt 0.165127 0.151021
vt 0.185181 0.295486
vt 0.087247 0.567510
vt 0.086727 0.554368
vt 0.085935 0.565077
vt 0.133037 0.539270
vt 0.080977 0.581565
vt 0.065079 0.503903
vt 0.082158 0.546196
vt 0.084664 0.541564
vt 0.089349 0.576873
vt 0.086073 0.584725
vt 0.209346 0.492530
vt 0.284550 0.498531
vt 0.177020 0.529210
vt 0.180020 0.300500
vt 0.177519 0.320140
vt 0.179638 0.318731
vt 0.163047 0.379476
vt 0.164223 0.392365
vt 0.158102 0.395452
vt 0.182064 0.244423
vt 0.178183 0.278260
vt 0.182988 0.292192
vt 0.111149 0.564757
vt 0.089769 0.581795
vt 0.106924 0.539195
vt 0.115085 0.375780
vt 0.117503 0.368847
vt 0.103350 0.401054
vt 0.062134 0.716770
vt 0.013524 0.809343
vt 0.013238 0.896470
vt 0.042886 0.766720
vt 0.034797 0.750394
vt 0.052970 0.729688
vt 0.042754 0.719093
vt 0.058503 0.677708
vt 0.131262 0.255348
vt 0.122629 0.287284
vt 0.114593 0.303984
vt 0.138983 0.203206
vt 0.172734 0.099548
vt 0.153873 0.187329
vt 0.175063 0.186922
vt 0.204344 0.013238
vt 0.187680 0.223624
vt 0.128992 0.335570
vt 0.101743 0.402158
vt 0.054956 0.663643
vt 0.087819 0.453785
vt 0.101486 0.464869
vt 0.122984 0.510475
vt 0.124270 0.444125
vt 0.092118 0.598591
vt 0.087768 0.454751
vt 0.081360 0.461867
vt 0.084126 0.436845
vt 0.085382 0.449238
vt 0.072680 0.522481
vt 0.097500 0.424208
vt 0.088089 0.440461
vt 0.092773 0.432266
vt 0.102665 0.418042
vt 0.104365 0.413278
vt 0.093258 0.443278
vt 0.091372 0.442013
vt 0.069985 0.582140
vt 0.057986 0.642960
vt 0.056964 0.642363
vt 0.060383 0.640990
vt 0.058320 0.672950
vt 0.038133 0.690229
vt 0.091122 0.419398
vt 0.090473 0.601577
vt 0.112055 0.477072
vt 0.109724 0.494090
vt 0.162024 0.311348
vt 0.192050 0.355629
vt 0.197472 0.347371
vt 0.313948 0.267148
vt 0.085063 0.490731
vt 0.089413 0.448916
vt 0.085599 0.451964
vt 0.073815 0.520496
vt 0.086760 0.572452
vt 0.082775 0.321901
vt 0.102745 0.549354
vt 0.071049 0.530344
vt 0.077669 0.561281
vt 0.180053 0.328388
vt 0.180205 0.333302
vt 0.125315 0.338992
vt 0.101613 0.414436
vt 0.098425 0.420818
vt 0.120575 0.456936
vt 0.101429 0.428778
vt 0.084433 0.748324
vt 0.056895 0.688974
vt 0.069972 0.663155
vt 0.092721 0.607586
vt 0.135113 0.229952
vt 0.175164 0.124049
vt 0.167843 0.181953
vt 0.181807 0.439375
vt 0.152350 0.533877
vt 0.111250 0.550879
vt 0.069271 0.487562
vt 0.269734 0.452165
vt 0.176533 0.342837
vt 0.084728 0.370969
vt 0.399035 0.123151
vt 0.398191 0.124041
vt 0.396814 0.123809
vt 0.336524 0.133047
vt 0.347661 0.079774
vt 0.375607 0.118011
vt 0.402631 0.116832
vt 0.402842 0.117115
vt 0.402249 0.117924
vt 0.402265 0.119208
vt 0.401953 0.118717
vt 0.402569 0.119670
vt 0.400958 0.130062
vt 0.403613 0.131080
vt 0.404026 0.131893
vt 0.404825 0.128419
vt 0.405214 0.126087
vt 0.405380 0.128581
vt 0.407922 0.121535
vt 0.409089 0.121647
vt 0.409145 0.122146
vt 0.407088 0.120549
vt 0.407336 0.121147
vt 0.407080 0.121277
vt 0.410414 0.121702
vt 0.390201 0.125908
vt 0.392081 0.130596
vt 0.385719 0.129600
vt 0.317685 0.121508
vt 0.321600 0.152393
vt 0.296671 0.142785
vt 0.403783 0.116863
vt 0.400553 0.113789
vt 0.406734 0.114947
vt 0.396693 0.136901
vt 0.398800 0.137378
vt 0.397813 0.137829
vt 0.389513 0.146096
vt 0.400711 0.137626
vt 0.406518 0.141095
vt 0.402482 0.137751
vt 0.403724 0.137004
vt 0.404004 0.131785
vt 0.405649 0.134872
vt 0.410935 0.137386
vt 0.410838 0.141087
vt 0.406169 0.122064
vt 0.404611 0.122857
vt 0.404340 0.122404
vt 0.409198 0.122225
vt 0.410157 0.133442
vt 0.404925 0.123816
vt 0.414223 0.125227
vt 0.411838 0.124431
vt 0.410440 0.121786
vt 0.413632 0.127060
vt 0.414643 0.130554
vt 0.412198 0.137081
vt 0.412137 0.131991
vt 0.389204 0.165141
vt 0.392020 0.170930
vt 0.377328 0.186807
vt 0.413973 0.139423
vt 0.513691 0.170527
vt 0.366988 0.208236
vt 0.434436 0.248114
vt 0.347907 0.218121
vt 0.225811 0.257498
vt 0.294630 0.166776
vt 0.405741 0.116833
vt 0.406845 0.116106
vt 0.406091 0.116999
vt 0.410468 0.094952
vt 0.533741 0.022861
vt 0.419144 0.117670
vt 0.409427 0.116034
vt 0.409571 0.115730
vt 0.404648 0.116958
vt 0.404410 0.117069
vt 0.369750 0.046978
vt 0.313250 0.013337
vt 0.409035 0.034806
vt 0.382279 0.132263
vt 0.381214 0.131229
vt 0.380239 0.131832
vt 0.380351 0.125277
vt 0.380924 0.123974
vt 0.384761 0.124648
vt 0.385237 0.133235
vt 0.383235 0.133435
vt 0.383104 0.131998
vt 0.400502 0.113651
vt 0.398599 0.119054
vt 0.395412 0.117940
vt 0.395195 0.128852
vt 0.394764 0.128743
vt 0.395966 0.128360
vt 0.403494 0.121175
vt 0.403607 0.120329
vt 0.403368 0.120049
vt 0.403957 0.119609
vt 0.403766 0.119509
vt 0.405013 0.118604
vt 0.403195 0.120636
vt 0.402430 0.119959
vt 0.391029 0.137655
vt 0.391758 0.138660
vt 0.393840 0.137461
vt 0.389262 0.136849
vt 0.388371 0.135141
vt 0.389617 0.135984
vt 0.386569 0.134152
vt 0.388644 0.134142
vt 0.386212 0.133047
vt 0.393738 0.129777
vt 0.396587 0.129519
vt 0.403003 0.121672
vt 0.399962 0.127357
vt 0.391827 0.116088
vt 0.392084 0.122949
vt 0.403468 0.117095
vt 0.408151 0.135494
vt 0.407450 0.133933
vt 0.411694 0.137174
vt 0.406446 0.135014
vt 0.411776 0.117605
vt 0.397184 0.128985
vt 0.397450 0.128585
vt 0.397746 0.129035
vt 0.396862 0.128538
vt 0.396743 0.128698
vt 0.398722 0.128978
vt 0.397972 0.128821
vt 0.401987 0.124230
vt 0.402750 0.122390
vt 0.402959 0.122413
vt 0.403156 0.122357
vt 0.402905 0.121541
vt 0.403650 0.121388
vt 0.413469 0.139336
vt 0.399424 0.119637
vt 0.395205 0.123580
vt 0.394727 0.121450
vt 0.318357 0.171667
vt 0.348565 0.132149
vt 0.328751 0.141622
vt 0.225811 0.097899
vt 0.397993 0.128808
vt 0.397937 0.128556
vt 0.411609 0.121000
vt 0.405301 0.117051
vt 0.367604 0.196554
vt 0.405953 0.113374
vt 0.411928 0.117611
vt 0.406731 0.118714
vt 0.379693 0.130902
vt 0.372786 0.132484
vt 0.393773 0.129446
vt 0.396509 0.128296
vt 0.396696 0.128157
vt 0.393795 0.123467
vt 0.396714 0.128123
vt 0.402482 0.119396
vt 0.403158 0.119641
vt 0.401565 0.119897
vt 0.399786 0.119426
vt 0.390436 0.136388
vt 0.389426 0.134817
vt 0.389899 0.132626
vt 0.372149 0.111860
vt 0.413579 0.070071
vt 0.400589 0.112487
vt 0.420738 0.130063
vt 0.306636 0.051972
vt 0.380563 0.129303
vt 0.403912 0.154865
vt 0.746608 0.803134
vt 0.748264 0.801162
vt 0.751356 0.801704
vt 0.827929 0.766403
vt 0.846843 0.847484
vt 0.797639 0.810218
vt 0.737449 0.813579
vt 0.737243 0.813269
vt 0.737928 0.812689
vt 0.738301 0.811519
vt 0.738527 0.811790
vt 0.738086 0.811960
vt 0.740884 0.788916
vt 0.736783 0.788698
vt 0.736424 0.787366
vt 0.734686 0.794826
vt 0.734307 0.799773
vt 0.733956 0.795045
vt 0.731611 0.807599
vt 0.729829 0.807191
vt 0.729699 0.806572
vt 0.732813 0.808729
vt 0.732487 0.808068
vt 0.732761 0.807944
vt 0.727894 0.806703
vt 0.755680 0.786260
vt 0.760585 0.781123
vt 0.773584 0.782905
vt 0.862876 0.771552
vt 0.834790 0.744985
vt 0.872812 0.742685
vt 0.736085 0.813304
vt 0.738671 0.816976
vt 0.732677 0.815294
vt 0.748293 0.773095
vt 0.744689 0.773427
vt 0.746122 0.772271
vt 0.757382 0.759027
vt 0.741964 0.774062
vt 0.734939 0.770695
vt 0.739738 0.774881
vt 0.737737 0.776896
vt 0.736486 0.787311
vt 0.734538 0.782175
vt 0.728972 0.774315
vt 0.730971 0.770174
vt 0.733795 0.807077
vt 0.735706 0.805832
vt 0.735939 0.806334
vt 0.729672 0.806533
vt 0.728020 0.785460
vt 0.735158 0.804112
vt 0.721219 0.800186
vt 0.725299 0.802544
vt 0.727878 0.806674
vt 0.722169 0.796858
vt 0.720809 0.789513
vt 0.728072 0.776725
vt 0.724713 0.786951
vt 0.754736 0.737064
vt 0.750135 0.730393
vt 0.764822 0.719430
vt 0.729459 0.774041
vt 0.580904 0.767766
vt 0.770531 0.699337
vt 0.677653 0.659651
vt 0.786996 0.681921
vt 0.908826 0.577581
vt 0.861514 0.718396
vt 0.734128 0.812921
vt 0.732877 0.813802
vt 0.733801 0.812660
vt 0.728805 0.842971
vt 0.545294 0.984414
vt 0.713297 0.810333
vt 0.729067 0.813973
vt 0.728663 0.814378
vt 0.735116 0.813117
vt 0.735417 0.813026
vt 0.841237 0.924108
vt 0.986762 0.986762
vt 0.747527 0.951051
vt 0.776775 0.776057
vt 0.779292 0.777570
vt 0.780053 0.776137
vt 0.785798 0.792159
vt 0.785296 0.796148
vt 0.778817 0.796994
vt 0.771292 0.774804
vt 0.774349 0.774185
vt 0.775847 0.776640
vt 0.738713 0.816992
vt 0.743978 0.812628
vt 0.747770 0.815584
vt 0.754629 0.785899
vt 0.753100 0.787506
vt 0.737918 0.808263
vt 0.738832 0.809284
vt 0.738733 0.809671
vt 0.739629 0.809519
vt 0.739791 0.809886
vt 0.740277 0.809431
vt 0.740088 0.807707
vt 0.741563 0.808353
vt 0.758054 0.770159
vt 0.756044 0.769353
vt 0.752873 0.771376
vt 0.761829 0.770503
vt 0.764844 0.771952
vt 0.761879 0.771686
vt 0.768487 0.773288
vt 0.765391 0.773028
vt 0.769996 0.775211
vt 0.763610 0.776499
vt 0.750304 0.785083
vt 0.748289 0.776474
vt 0.739005 0.806567
vt 0.748341 0.789427
vt 0.751421 0.792972
vt 0.753309 0.819603
vt 0.762381 0.804369
vt 0.736644 0.813233
vt 0.734055 0.782341
vt 0.733063 0.784530
vt 0.728547 0.775454
vt 0.734283 0.782283
vt 0.725226 0.811433
vt 0.748755 0.786830
vt 0.748725 0.788160
vt 0.747404 0.787412
vt 0.750088 0.787702
vt 0.750347 0.787064
vt 0.744887 0.788376
vt 0.747257 0.788063
vt 0.740006 0.801785
vt 0.739135 0.805343
vt 0.738551 0.805330
vt 0.738013 0.805809
vt 0.739014 0.806620
vt 0.737876 0.808114
vt 0.729964 0.772752
vt 0.743563 0.811541
vt 0.754521 0.802617
vt 0.754376 0.809395
vt 0.830155 0.724390
vt 0.814614 0.765651
vt 0.831549 0.755750
vt 0.986762 0.746279
vt 0.742646 0.792834
vt 0.747233 0.788093
vt 0.747504 0.788596
vt 0.725982 0.807167
vt 0.734540 0.812810
vt 0.772605 0.710654
vt 0.733305 0.817393
vt 0.725158 0.811432
vt 0.733099 0.810701
vt 0.781996 0.777860
vt 0.790829 0.771565
vt 0.757624 0.784251
vt 0.757459 0.783413
vt 0.751498 0.788040
vt 0.750998 0.788634
vt 0.758158 0.803021
vt 0.750981 0.788685
vt 0.738588 0.811354
vt 0.741216 0.808992
vt 0.741801 0.809810
vt 0.743122 0.811827
vt 0.759890 0.771572
vt 0.763180 0.772889
vt 0.752177 0.828140
vt 0.730552 0.825895
vt 0.710667 0.790134
vt 0.958941 0.819199
vt 0.782441 0.781673
vt 0.734744 0.747559
vt 0.728347 0.367627
vt 0.723491 0.367131
vt 0.706024 0.357184
vt 0.706878 0.394077
vt 0.718036 0.364352
vt 0.747632 0.270867
vt 0.745894 0.282945
vt 0.736040 0.302198
vt 0.734021 0.288126
vt 0.736188 0.271421
vt 0.779622 0.193261
vt 0.730843 0.196731
vt 0.694558 0.289473
vt 0.732390 0.305619
vt 0.729963 0.313906
vt 0.730556 0.325774
vt 0.725920 0.314137
vt 0.732785 0.288928
vt 0.723224 0.323178
vt 0.727717 0.335587
vt 0.727171 0.346915
vt 0.726013 0.360804
vt 0.710814 0.383653
vt 0.744614 0.305973
vt 0.749193 0.300225
vt 0.753637 0.291605
vt 0.732298 0.341520
vt 0.734243 0.326622
vt 0.738389 0.304834
vt 0.750446 0.288350
vt 0.744334 0.320119
vt 0.709595 0.354964
vt 0.661964 0.524393
vt 0.693934 0.400808
vt 0.696225 0.430974
vt 0.703495 0.378415
vt 0.721316 0.355021
vt 0.754549 0.285670
vt 0.751838 0.294866
vt 0.771590 0.201894
vt 0.749146 0.263386
vt 0.799111 0.109201
vt 0.840157 0.021216
vt 0.723312 0.370038
vt 0.727603 0.343325
vt 0.433774 0.631938
vt 0.424912 0.617579
vt 0.447661 0.523026
vt 0.502675 0.590405
vt 0.515352 0.598787
vt 0.589427 0.344601
vt 0.584466 0.342251
vt 0.569883 0.382728
vt 0.555867 0.400387
vt 0.563900 0.401496
vt 0.607860 0.478901
vt 0.639141 0.431417
vt 0.509901 0.406786
vt 0.560545 0.377454
vt 0.558170 0.378008
vt 0.560958 0.379031
vt 0.548472 0.396610
vt 0.553654 0.398528
vt 0.538909 0.404993
vt 0.561520 0.371776
vt 0.563269 0.372274
vt 0.567869 0.394364
vt 0.551412 0.440378
vt 0.533139 0.584351
vt 0.537275 0.603629
vt 0.536972 0.576402
vt 0.551824 0.497320
vt 0.575959 0.367349
vt 0.599438 0.329986
vt 0.566822 0.455868
vt 0.540448 0.543382
vt 0.486172 0.479542
vt 0.535372 0.475196
vt 0.517401 0.511243
vt 0.508333 0.584930
vt 0.595661 0.356104
vt 0.563431 0.385289
vt 0.556821 0.531011
vt 0.551266 0.534895
vt 0.606445 0.382221
vt 0.592655 0.354280
vt 0.589095 0.440721
vt 0.593938 0.436558
vt 0.516900 0.579841
vt 0.550111 0.528448
vt 0.568617 0.368925
vt 0.187952 0.346443
vt 0.194512 0.359486
vt 0.131354 0.379246
vt 0.120793 0.379962
vt 0.093915 0.596210
vt 0.095275 0.599664
vt 0.099790 0.570965
vt 0.106485 0.549020
vt 0.059905 0.494002
vt 0.113319 0.544249
vt 0.043548 0.534893
vt 0.106761 0.574985
vt 0.106343 0.576076
vt 0.100737 0.578174
vt 0.114750 0.556116
vt 0.113044 0.552200
vt 0.137190 0.514901
vt 0.120878 0.547358
vt 0.096892 0.586958
vt 0.088024 0.592730
vt 0.089935 0.571998
vt 0.097260 0.530577
vt 0.105697 0.391114
vt 0.100120 0.366212
vt 0.110478 0.363408
vt 0.092675 0.487892
vt 0.071335 0.626677
vt 0.047891 0.683734
vt 0.081642 0.536884
vt 0.100800 0.439699
vt 0.153077 0.472438
vt 0.123721 0.459443
vt 0.125600 0.385797
vt 0.058497 0.649616
vt 0.108028 0.536354
vt 0.095916 0.580690
vt 0.088856 0.454128
vt 0.092799 0.448954
vt 0.074826 0.570667
vt 0.093112 0.587721
vt 0.076428 0.527245
vt 0.071196 0.534962
vt 0.118043 0.399487
vt 0.095234 0.455605
vt 0.080955 0.597558
vt 0.359132 0.133164
vt 0.349405 0.131878
vt 0.389526 0.125765
vt 0.393106 0.127146
vt 0.403372 0.117059
vt 0.402569 0.116944
vt 0.401399 0.115857
vt 0.403312 0.112242
vt 0.423734 0.123548
vt 0.408046 0.107106
vt 0.541309 0.086075
vt 0.401394 0.115648
vt 0.400200 0.115779
vt 0.399171 0.116917
vt 0.398889 0.112891
vt 0.400656 0.112351
vt 0.390624 0.109191
vt 0.397372 0.112378
vt 0.399060 0.118023
vt 0.399260 0.119064
vt 0.397913 0.119778
vt 0.396371 0.120590
vt 0.396585 0.130172
vt 0.396804 0.132807
vt 0.396927 0.134785
vt 0.397106 0.125586
vt 0.400696 0.121548
vt 0.402978 0.120865
vt 0.401120 0.125815
vt 0.397704 0.128133
vt 0.396745 0.128092
vt 0.396800 0.126819
vt 0.384220 0.114216
vt 0.393196 0.122747
vt 0.389528 0.125820
vt 0.403786 0.121819
vt 0.396425 0.120399
vt 0.398091 0.119635
vt 0.399812 0.129435
vt 0.398761 0.128964
vt 0.406863 0.118592
vt 0.403836 0.116894
vt 0.411630 0.120830
vt 0.410375 0.121627
vt 0.393200 0.127177
vt 0.396768 0.126869
vt 0.399417 0.119195
vt 0.804530 0.766368
vt 0.814647 0.765708
vt 0.797623 0.822285
vt 0.768468 0.794473
vt 0.767232 0.793928
vt 0.759780 0.790900
vt 0.736668 0.813216
vt 0.737468 0.813507
vt 0.738438 0.814914
vt 0.737948 0.818499
vt 0.735730 0.818643
vt 0.703968 0.801305
vt 0.541362 0.886861
vt 0.728979 0.882941
vt 0.738494 0.814961
vt 0.739788 0.815370
vt 0.741535 0.814739
vt 0.740212 0.818700
vt 0.737977 0.818541
vt 0.741737 0.820172
vt 0.742388 0.813678
vt 0.743033 0.812309
vt 0.745489 0.811887
vt 0.749992 0.810972
vt 0.750055 0.783887
vt 0.748683 0.779580
vt 0.750916 0.796860
vt 0.743582 0.806351
vt 0.740165 0.807595
vt 0.741244 0.797932
vt 0.750941 0.788738
vt 0.772986 0.827018
vt 0.759531 0.805526
vt 0.768446 0.794589
vt 0.737020 0.807182
vt 0.750068 0.811044
vt 0.745512 0.811976
vt 0.742804 0.789230
vt 0.744875 0.788395
vt 0.733032 0.810737
vt 0.736055 0.813314
vt 0.725983 0.807224
vt 0.727916 0.806729
vt 0.759694 0.791032
vt 0.751437 0.792904
vt 0.742966 0.812310
s 0
usemtl マテリアル.001
f 54/1/1 56/2/1 53/3/1
f 93/4/2 58/5/2 44/6/2
f 46/7/3 63/8/3 64/9/3
f 64/9/4 66/10/4 65/11/4
f 65/11/5 66/10/5 52/12/5
f 32/13/6 68/14/6 31/15/6
f 67/16/7 31/15/7 68/14/7
f 70/17/8 69/18/8 67/16/8
f 13/19/9 84/20/9 18/21/9
f 15/22/10 83/23/10 14/24/10
f 18/21/11 84/20/11 17/25/11
f 85/26/12 49/27/12 42/28/12
f 94/29/13 91/30/13 90/31/13
f 37/32/14 26/33/14 128/34/14
f 29/35/15 98/36/15 28/37/15
f 27/38/16 99/39/16 9/40/16
f 98/36/17 99/39/17 28/37/17
f 100/41/18 10/42/18 9/40/18
f 100/41/19 99/39/19 10/42/19
f 10/42/20 31/43/20 101/44/20
f 10/42/21 12/45/21 11/46/21
f 107/47/22 108/48/22 106/49/22
f 18/50/23 34/51/23 109/52/23
f 110/53/24 112/54/24 17/55/24
f 110/53/25 113/56/25 112/54/25
f 112/54/26 18/50/26 17/55/26
f 111/57/27 12/58/27 114/59/27
f 116/60/28 117/61/28 118/62/28
f 117/61/29 82/63/29 75/64/29
f 119/65/30 35/66/30 120/67/30
f 120/67/31 131/68/31 24/69/31
f 124/70/32 127/71/32 125/72/32
f 76/73/33 120/74/33 72/75/33
f 127/71/34 39/76/34 126/77/34
f 37/32/35 122/78/35 36/79/35
f 130/80/36 24/81/36 131/82/36
f 135/83/37 136/84/37 42/28/37
f 135/83/38 137/85/38 136/84/38
f 141/86/39 45/87/39 142/88/39
f 43/89/40 134/90/40 133/91/40
f 26/92/41 88/93/41 62/94/41
f 156/95/42 155/96/42 157/97/42
f 7/98/43 161/99/43 160/100/43
f 161/99/44 163/101/44 160/100/44
f 162/102/45 163/101/45 164/103/45
f 165/104/46 167/105/46 164/103/46
f 161/99/47 165/104/47 164/103/47
f 27/38/48 172/106/48 170/107/48
f 28/37/49 171/108/49 29/35/49
f 170/107/50 172/106/50 171/108/50
f 173/109/51 176/110/51 175/111/51
f 177/112/52 179/113/52 176/110/52
f 177/112/53 180/114/53 179/113/53
f 116/60/54 27/38/54 117/61/54
f 48/115/55 1/116/55 29/35/55
f 79/117/56 3/118/56 57/119/56
f 61/120/57 153/121/57 142/88/57
f 38/122/58 63/8/58 46/7/58
f 67/16/59 69/18/59 31/15/59
f 101/123/60 71/124/60 34/51/60
f 12/125/61 101/123/61 34/51/61
f 101/126/62 31/15/62 71/124/62
f 74/127/63 126/77/63 39/76/63
f 3/128/64 102/129/64 78/130/64
f 51/131/65 3/128/65 2/132/65
f 5/133/66 78/130/66 4/134/66
f 104/135/67 80/136/67 81/137/67
f 8/138/68 79/139/68 7/140/68
f 12/45/69 82/141/69 11/46/69
f 13/19/70 14/24/70 83/23/70
f 87/142/71 47/143/71 150/144/71
f 90/31/72 91/30/72 24/69/72
f 24/69/73 91/30/73 23/145/73
f 93/4/74 92/146/74 95/147/74
f 94/29/75 95/147/75 91/30/75
f 130/148/76 90/31/76 24/69/76
f 130/148/77 94/29/77 90/31/77
f 98/36/78 3/128/78 32/13/78
f 10/42/79 101/44/79 12/45/79
f 81/137/80 109/52/80 32/13/80
f 102/149/81 4/150/81 78/151/81
f 107/47/82 14/24/82 13/19/82
f 15/22/83 14/24/83 107/47/83
f 17/55/84 16/152/84 110/53/84
f 110/53/85 111/57/85 113/56/85
f 113/56/86 111/57/86 114/59/86
f 114/59/87 12/58/87 34/51/87
f 124/70/88 121/153/88 122/78/88
f 22/154/89 119/65/89 23/145/89
f 36/79/90 122/78/90 121/153/90
f 105/155/91 38/122/91 121/153/91
f 121/153/92 124/70/92 125/72/92
f 128/34/93 129/156/93 39/76/93
f 74/157/94 13/19/94 123/158/94
f 134/90/95 135/83/95 133/91/95
f 42/28/96 133/91/96 135/83/96
f 139/159/97 137/85/97 140/160/97
f 42/28/98 43/89/98 133/91/98
f 139/159/99 44/6/99 141/86/99
f 154/161/100 48/115/100 49/27/100
f 2/132/101 158/162/101 51/131/101
f 158/162/102 50/163/102 51/131/102
f 53/3/103 57/164/103 158/162/103
f 3/128/104 51/131/104 50/165/104
f 162/102/105 52/166/105 160/100/105
f 168/167/106 164/103/106 167/105/106
f 162/102/107 160/100/107 163/101/107
f 166/168/108 164/103/108 168/167/108
f 46/7/109 162/102/109 86/169/109
f 27/38/110 170/107/110 28/37/110
f 28/37/111 170/107/111 171/108/111
f 172/106/112 173/109/112 174/170/112
f 173/109/113 175/111/113 174/170/113
f 118/62/114 137/85/114 177/112/114
f 174/170/115 175/111/115 178/171/115
f 175/111/116 176/110/116 178/171/116
f 176/110/117 179/113/117 178/171/117
f 177/112/118 43/89/118 180/114/118
f 178/171/119 179/113/119 181/172/119
f 179/113/120 180/114/120 181/172/120
f 43/89/121 42/28/121 180/114/121
f 60/173/122 130/80/122 41/174/122
f 9/40/123 10/42/123 11/46/123
f 95/147/124 94/29/124 93/4/124
f 74/127/125 33/175/125 111/57/125
f 120/67/126 23/145/126 119/65/126
f 119/65/127 22/154/127 118/62/127
f 94/176/128 130/80/128 58/5/128
f 136/84/129 139/159/129 138/177/129
f 155/96/130 48/115/130 154/161/130
f 2/132/131 157/97/131 158/162/131
f 27/38/132 115/178/132 117/61/132
f 235/179/133 237/180/133 234/181/133
f 274/182/134 239/183/134 225/184/134
f 227/185/135 244/186/135 245/187/135
f 245/187/136 247/188/136 246/189/136
f 246/189/137 247/188/137 233/190/137
f 213/191/138 249/192/138 212/193/138
f 248/194/139 212/193/139 249/192/139
f 251/195/140 250/196/140 248/194/140
f 194/197/141 265/198/141 199/199/141
f 196/200/142 264/201/142 195/202/142
f 199/199/143 265/198/143 198/203/143
f 266/204/144 230/205/144 223/206/144
f 275/207/145 272/208/145 271/209/145
f 218/210/146 207/211/146 309/212/146
f 210/213/147 279/214/147 209/215/147
f 208/216/148 280/217/148 190/218/148
f 279/214/149 280/217/149 209/215/149
f 281/219/150 191/220/150 190/218/150
f 281/219/151 280/217/151 191/220/151
f 191/220/152 212/221/152 282/222/152
f 191/220/153 193/223/153 192/224/153
f 288/225/154 289/226/154 287/227/154
f 199/228/155 215/229/155 290/230/155
f 291/231/156 293/232/156 198/233/156
f 291/231/157 294/234/157 293/232/157
f 293/232/158 199/228/158 198/233/158
f 292/235/159 193/236/159 295/237/159
f 297/238/160 298/239/160 299/240/160
f 298/239/161 263/241/161 256/242/161
f 300/243/162 216/244/162 301/245/162
f 301/245/163 312/246/163 205/247/163
f 305/248/164 308/249/164 306/250/164
f 257/251/165 301/252/165 253/253/165
f 307/254/166 309/212/166 220/255/166
f 218/210/167 303/256/167 217/257/167
f 311/258/168 205/259/168 312/260/168
f 316/261/169 317/262/169 223/206/169
f 316/261/170 318/263/170 317/262/170
f 322/264/171 226/265/171 323/266/171
f 224/267/172 315/268/172 314/269/172
f 207/270/173 269/271/173 243/272/173
f 337/273/174 336/274/174 338/275/174
f 188/276/175 342/277/175 341/278/175
f 342/277/176 344/279/176 341/278/176
f 343/280/177 344/279/177 345/281/177
f 346/282/178 348/283/178 345/281/178
f 342/277/179 346/282/179 345/281/179
f 208/216/180 353/284/180 351/285/180
f 209/215/181 352/286/181 210/213/181
f 351/285/182 353/284/182 352/286/182
f 354/287/183 357/288/183 356/289/183
f 358/290/184 360/291/184 357/288/184
f 358/290/185 361/292/185 360/291/185
f 297/238/186 208/216/186 298/239/186
f 362/293/187 183/294/187 211/295/187
f 260/296/188 184/297/188 238/298/188
f 242/299/189 334/300/189 323/266/189
f 219/301/190 244/186/190 227/185/190
f 248/194/191 250/196/191 212/193/191
f 282/302/192 252/303/192 215/229/192
f 193/304/193 282/302/193 215/229/193
f 282/305/194 212/193/194 252/303/194
f 255/306/195 307/254/195 220/255/195
f 184/307/196 283/308/196 259/309/196
f 232/310/197 184/307/197 183/294/197
f 186/311/198 259/309/198 185/312/198
f 285/313/199 261/314/199 262/315/199
f 189/316/200 260/317/200 188/318/200
f 193/223/201 263/319/201 192/224/201
f 194/197/202 195/202/202 264/201/202
f 268/320/203 228/321/203 332/322/203
f 271/209/204 272/208/204 205/247/204
f 205/247/205 272/208/205 204/323/205
f 274/182/206 273/324/206 276/325/206
f 275/207/207 276/325/207 272/208/207
f 311/326/208 271/209/208 205/247/208
f 311/326/209 275/207/209 271/209/209
f 279/214/210 184/307/210 213/191/210
f 191/220/211 282/222/211 193/223/211
f 262/315/212 290/230/212 213/191/212
f 283/327/213 185/328/213 259/329/213
f 288/225/214 195/202/214 194/197/214
f 196/200/215 195/202/215 288/225/215
f 198/233/216 197/330/216 291/231/216
f 291/231/217 292/235/217 294/234/217
f 294/234/218 292/235/218 295/237/218
f 295/237/219 193/236/219 215/229/219
f 305/248/220 302/331/220 303/256/220
f 203/332/221 300/243/221 204/323/221
f 217/257/222 303/256/222 302/331/222
f 196/200/223 247/188/223 219/301/223
f 302/331/224 305/248/224 306/250/224
f 309/212/225 310/333/225 220/255/225
f 255/334/226 194/197/226 304/335/226
f 315/268/227 316/261/227 314/269/227
f 223/206/228 314/269/228 316/261/228
f 320/336/229 318/263/229 321/337/229
f 223/206/230 224/267/230 314/269/230
f 320/336/231 225/184/231 322/264/231
f 335/338/232 229/339/232 230/205/232
f 183/294/233 339/340/233 232/310/233
f 339/340/234 231/341/234 232/310/234
f 330/342/235 231/341/235 338/275/235
f 184/307/236 232/310/236 231/343/236
f 343/280/237 233/344/237 341/278/237
f 349/345/238 345/281/238 348/283/238
f 343/280/239 341/278/239 344/279/239
f 347/346/240 345/281/240 349/345/240
f 227/185/241 343/280/241 267/347/241
f 208/216/242 351/285/242 209/215/242
f 209/215/243 351/285/243 352/286/243
f 353/284/244 354/287/244 355/348/244
f 354/287/245 356/289/245 355/348/245
f 299/240/246 318/263/246 358/290/246
f 355/348/247 356/289/247 359/349/247
f 356/289/248 357/288/248 359/349/248
f 357/288/249 360/291/249 359/349/249
f 358/290/250 224/267/250 361/292/250
f 359/349/251 360/291/251 362/293/251
f 360/291/252 361/292/252 362/293/252
f 224/267/253 223/206/253 361/292/253
f 241/350/254 311/258/254 222/351/254
f 190/218/255 191/220/255 192/224/255
f 276/325/256 275/207/256 274/182/256
f 255/306/257 214/352/257 292/235/257
f 301/245/258 204/323/258 300/243/258
f 300/243/259 203/332/259 299/240/259
f 275/353/260 311/258/260 239/183/260
f 317/262/261 320/336/261 319/354/261
f 336/274/262 229/339/262 335/338/262
f 183/294/263 338/275/263 339/340/263
f 208/216/264 296/355/264 298/239/264
f 416/356/265 418/357/265 415/358/265
f 455/359/266 420/360/266 406/361/266
f 408/362/267 425/363/267 426/364/267
f 426/364/268 428/365/268 427/366/268
f 427/366/269 428/365/269 414/367/269
f 394/368/270 430/369/270 393/370/270
f 429/371/271 393/370/271 430/369/271
f 432/372/272 431/373/272 429/371/272
f 375/374/273 446/375/273 380/376/273
f 377/377/274 445/378/274 376/379/274
f 380/376/275 446/375/275 379/380/275
f 447/381/276 411/382/276 404/383/276
f 456/384/277 453/385/277 452/386/277
f 399/387/278 388/388/278 490/389/278
f 391/390/279 460/391/279 390/392/279
f 389/393/280 461/394/280 371/395/280
f 460/391/281 461/394/281 390/392/281
f 462/396/282 372/397/282 371/395/282
f 462/396/283 461/394/283 372/397/283
f 372/397/284 393/398/284 463/399/284
f 372/397/285 374/400/285 373/401/285
f 469/402/286 470/403/286 468/404/286
f 380/405/287 396/406/287 471/407/287
f 472/408/288 474/409/288 379/410/288
f 472/408/289 475/411/289 474/409/289
f 474/409/290 380/405/290 379/410/290
f 473/412/291 374/413/291 476/414/291
f 478/415/292 479/416/292 480/417/292
f 479/416/293 444/418/293 437/419/293
f 481/420/294 397/421/294 482/422/294
f 482/422/295 493/423/295 386/424/295
f 486/425/296 489/426/296 487/427/296
f 438/428/297 482/429/297 434/430/297
f 488/431/298 490/389/298 401/432/298
f 399/387/299 484/433/299 398/434/299
f 492/435/300 386/436/300 493/437/300
f 497/438/301 498/439/301 404/383/301
f 497/438/302 499/440/302 498/439/302
f 503/441/303 407/442/303 504/443/303
f 405/444/304 496/445/304 495/446/304
f 388/447/305 450/448/305 424/449/305
f 518/450/306 517/451/306 519/452/306
f 369/453/307 523/454/307 522/455/307
f 523/454/308 525/456/308 522/455/308
f 524/457/309 525/456/309 526/458/309
f 527/459/310 529/460/310 526/458/310
f 523/454/311 527/459/311 526/458/311
f 389/393/312 534/461/312 532/462/312
f 390/392/313 533/463/313 391/390/313
f 532/462/314 534/461/314 533/463/314
f 535/464/315 538/465/315 537/466/315
f 539/467/316 541/468/316 538/465/316
f 539/467/317 542/469/317 541/468/317
f 478/415/318 389/393/318 479/416/318
f 410/470/319 363/471/319 391/390/319
f 441/472/320 365/473/320 419/474/320
f 423/475/321 515/476/321 504/443/321
f 400/477/322 425/363/322 408/362/322
f 429/371/323 431/373/323 393/370/323
f 463/478/324 433/479/324 396/406/324
f 374/480/325 463/478/325 396/406/325
f 463/481/326 393/370/326 433/479/326
f 436/482/327 488/431/327 401/432/327
f 365/483/328 464/484/328 440/485/328
f 413/486/329 365/483/329 364/487/329
f 367/488/330 440/485/330 366/489/330
f 466/490/331 442/491/331 443/492/331
f 370/493/332 441/494/332 369/495/332
f 374/400/333 444/496/333 373/401/333
f 375/374/334 376/379/334 445/378/334
f 449/497/335 409/498/335 512/499/335
f 452/386/336 453/385/336 386/424/336
f 386/424/337 453/385/337 385/500/337
f 455/359/338 454/501/338 457/502/338
f 456/384/339 457/502/339 453/385/339
f 492/503/340 452/386/340 386/424/340
f 492/503/341 456/384/341 452/386/341
f 460/391/342 365/483/342 394/368/342
f 372/397/343 463/399/343 374/400/343
f 443/492/344 471/407/344 394/368/344
f 464/504/345 366/505/345 440/506/345
f 469/402/346 376/379/346 375/374/346
f 377/377/347 376/379/347 469/402/347
f 379/410/348 378/507/348 472/408/348
f 472/408/349 473/412/349 475/411/349
f 475/411/350 473/412/350 476/414/350
f 476/414/351 374/413/351 396/406/351
f 486/425/352 483/508/352 484/433/352
f 384/509/353 481/420/353 385/500/353
f 398/434/354 484/433/354 483/508/354
f 377/377/355 428/365/355 400/477/355
f 483/508/356 486/425/356 487/427/356
f 490/389/357 491/510/357 401/432/357
f 436/511/358 375/374/358 485/512/358
f 496/445/359 497/438/359 495/446/359
f 404/383/360 495/446/360 497/438/360
f 501/513/361 499/440/361 502/514/361
f 404/383/362 405/444/362 495/446/362
f 501/513/363 406/361/363 503/441/363
f 516/515/364 410/470/364 411/382/364
f 364/487/365 520/516/365 413/486/365
f 520/516/366 412/517/366 413/486/366
f 511/518/367 412/517/367 519/452/367
f 365/483/368 413/486/368 412/519/368
f 524/457/369 414/520/369 522/455/369
f 530/521/370 526/458/370 529/460/370
f 524/457/371 522/455/371 525/456/371
f 528/522/372 526/458/372 530/521/372
f 408/362/373 524/457/373 448/523/373
f 389/393/374 532/462/374 390/392/374
f 390/392/375 532/462/375 533/463/375
f 534/461/376 535/464/376 536/524/376
f 535/464/377 537/466/377 536/524/377
f 480/417/378 499/440/378 539/467/378
f 536/524/379 537/466/379 540/525/379
f 537/466/380 538/465/380 540/525/380
f 538/465/381 541/468/381 540/525/381
f 539/467/382 405/444/382 542/469/382
f 540/525/383 541/468/383 543/526/383
f 541/468/384 542/469/384 543/526/384
f 405/444/385 404/383/385 542/469/385
f 402/527/386 494/528/386 458/529/386
f 371/395/387 372/397/387 373/401/387
f 457/502/388 456/384/388 455/359/388
f 436/482/389 395/530/389 473/412/389
f 482/422/390 385/500/390 481/420/390
f 481/420/391 384/509/391 480/417/391
f 456/531/392 492/435/392 420/360/392
f 498/439/393 501/513/393 500/532/393
f 517/451/394 410/470/394 516/515/394
f 364/487/395 519/452/395 520/516/395
f 389/393/396 477/533/396 479/416/396
f 597/534/397 599/535/397 596/536/397
f 636/537/398 601/538/398 587/539/398
f 589/540/399 606/541/399 607/542/399
f 607/542/400 609/543/400 608/544/400
f 608/544/401 609/543/401 595/545/401
f 575/546/402 611/547/402 574/548/402
f 610/549/403 574/548/403 611/547/403
f 613/550/404 612/551/404 610/549/404
f 556/552/405 627/553/405 561/554/405
f 558/555/406 626/556/406 557/557/406
f 561/554/407 627/553/407 560/558/407
f 628/559/408 592/560/408 585/561/408
f 637/562/409 634/563/409 633/564/409
f 580/565/410 569/566/410 671/567/410
f 572/568/411 641/569/411 571/570/411
f 570/571/412 642/572/412 552/573/412
f 641/569/413 642/572/413 571/570/413
f 643/574/414 553/575/414 552/573/414
f 643/574/415 642/572/415 553/575/415
f 553/575/416 574/576/416 644/577/416
f 553/575/417 555/578/417 554/579/417
f 650/580/418 651/581/418 649/582/418
f 561/583/419 577/584/419 652/585/419
f 653/586/420 655/587/420 560/588/420
f 653/586/421 656/589/421 655/587/421
f 655/587/422 561/583/422 560/588/422
f 654/590/423 555/591/423 657/592/423
f 659/593/424 660/594/424 661/595/424
f 661/595/425 625/596/425 618/597/425
f 662/598/426 578/599/426 663/600/426
f 663/600/427 674/601/427 567/602/427
f 667/603/428 670/604/428 668/605/428
f 619/606/429 663/607/429 615/608/429
f 669/609/430 671/567/430 582/610/430
f 580/565/431 665/611/431 579/612/431
f 673/613/432 567/614/432 674/615/432
f 678/616/433 679/617/433 585/561/433
f 678/616/434 680/618/434 679/617/434
f 684/619/435 588/620/435 685/621/435
f 586/622/436 677/623/436 676/624/436
f 569/625/437 631/626/437 605/627/437
f 699/628/438 698/629/438 700/630/438
f 550/631/439 704/632/439 703/633/439
f 704/632/440 706/634/440 703/633/440
f 705/635/441 706/634/441 707/636/441
f 708/637/442 710/638/442 707/636/442
f 704/632/443 708/637/443 707/636/443
f 570/571/444 715/639/444 713/640/444
f 571/570/445 714/641/445 572/568/445
f 713/640/446 715/639/446 714/641/446
f 716/642/447 719/643/447 718/644/447
f 720/645/448 722/646/448 719/643/448
f 720/645/449 723/647/449 722/646/449
f 659/593/450 570/571/450 660/594/450
f 591/648/451 544/649/451 572/568/451
f 597/534/452 622/650/452 645/651/452
f 604/652/453 696/653/453 685/621/453
f 581/654/454 606/541/454 589/540/454
f 610/549/455 612/551/455 574/548/455
f 644/655/456 614/656/456 577/584/456
f 555/657/457 644/655/457 577/584/457
f 644/658/458 574/548/458 614/656/458
f 617/659/459 669/609/459 582/610/459
f 546/660/460 645/661/460 621/662/460
f 594/663/461 546/660/461 545/664/461
f 548/665/462 621/662/462 547/666/462
f 647/667/463 623/668/463 624/669/463
f 551/670/464 622/671/464 550/672/464
f 555/578/465 625/673/465 554/579/465
f 556/552/466 557/557/466 626/556/466
f 630/674/467 590/675/467 693/676/467
f 633/564/468 634/563/468 567/602/468
f 567/602/469 634/563/469 566/677/469
f 636/537/470 635/678/470 638/679/470
f 637/562/471 638/679/471 634/563/471
f 673/680/472 633/564/472 567/602/472
f 673/680/473 637/562/473 633/564/473
f 641/569/474 546/660/474 575/546/474
f 553/575/475 644/577/475 555/578/475
f 624/669/476 652/585/476 575/546/476
f 645/651/477 547/681/477 621/682/477
f 650/580/478 557/557/478 556/552/478
f 558/555/479 557/557/479 650/580/479
f 560/588/480 559/683/480 653/586/480
f 653/586/481 654/590/481 656/589/481
f 656/589/482 654/590/482 657/592/482
f 657/592/483 555/591/483 577/584/483
f 667/603/484 664/684/484 665/611/484
f 565/685/485 662/598/485 566/677/485
f 579/612/486 665/611/486 664/684/486
f 558/555/487 609/543/487 581/654/487
f 664/684/488 667/603/488 668/605/488
f 671/567/489 672/686/489 582/610/489
f 617/687/490 556/552/490 666/688/490
f 677/623/491 678/616/491 676/624/491
f 585/561/492 676/624/492 678/616/492
f 682/689/493 680/618/493 683/690/493
f 585/561/494 586/622/494 676/624/494
f 682/689/495 587/539/495 684/619/495
f 697/691/496 591/648/496 592/560/496
f 545/664/497 701/692/497 594/663/497
f 701/692/498 593/693/498 594/663/498
f 692/694/499 593/693/499 700/630/499
f 546/660/500 594/663/500 593/695/500
f 705/635/501 595/696/501 703/633/501
f 711/697/502 707/636/502 710/638/502
f 705/635/503 703/633/503 706/634/503
f 709/698/504 707/636/504 711/697/504
f 589/540/505 705/635/505 629/699/505
f 570/571/506 713/640/506 571/570/506
f 571/570/507 713/640/507 714/641/507
f 715/639/508 716/642/508 717/700/508
f 716/642/509 718/644/509 717/700/509
f 661/595/510 680/618/510 720/645/510
f 717/700/511 718/644/511 721/701/511
f 718/644/512 719/643/512 721/701/512
f 719/643/513 722/646/513 721/701/513
f 720/645/514 586/622/514 723/647/514
f 721/701/515 722/646/515 724/702/515
f 722/646/516 723/647/516 724/702/516
f 586/622/517 585/561/517 723/647/517
f 583/703/518 675/704/518 639/705/518
f 552/573/519 553/575/519 554/579/519
f 638/679/520 637/562/520 636/537/520
f 559/683/521 576/706/521 555/591/521
f 663/600/522 566/677/522 662/598/522
f 662/598/523 565/685/523 661/595/523
f 637/707/524 673/613/524 601/538/524
f 679/617/525 682/689/525 681/708/525
f 698/629/526 591/648/526 697/691/526
f 545/664/527 700/630/527 701/692/527
f 570/571/528 658/709/528 660/594/528
f 778/710/529 780/711/529 777/712/529
f 817/713/530 782/714/530 768/715/530
f 770/716/531 787/717/531 788/718/531
f 788/718/532 790/719/532 789/720/532
f 789/720/533 790/719/533 776/721/533
f 756/722/534 792/723/534 755/724/534
f 791/725/535 755/724/535 792/723/535
f 794/726/536 793/727/536 791/725/536
f 737/728/537 808/729/537 742/730/537
f 739/731/538 807/732/538 738/733/538
f 742/730/539 808/729/539 741/734/539
f 879/735/540 773/736/540 766/737/540
f 818/738/541 815/739/541 814/740/541
f 761/741/542 750/742/542 852/743/542
f 753/744/543 822/745/543 752/746/543
f 751/747/544 823/748/544 733/749/544
f 822/745/545 823/748/545 752/746/545
f 824/750/546 734/751/546 733/749/546
f 824/750/547 823/748/547 734/751/547
f 734/751/548 755/752/548 825/753/548
f 734/751/549 736/754/549 735/755/549
f 831/756/550 832/757/550 830/758/550
f 742/759/551 758/760/551 833/761/551
f 834/762/552 836/763/552 741/764/552
f 834/762/553 837/765/553 836/763/553
f 836/763/554 742/759/554 741/764/554
f 835/766/555 736/767/555 838/768/555
f 840/769/556 841/770/556 842/771/556
f 841/770/557 806/772/557 799/773/557
f 843/774/558 759/775/558 844/776/558
f 844/776/559 855/777/559 748/778/559
f 848/779/560 851/780/560 849/781/560
f 800/782/561 844/783/561 796/784/561
f 850/785/562 852/743/562 763/786/562
f 761/741/563 846/787/563 760/788/563
f 854/789/564 748/790/564 855/791/564
f 859/792/565 860/793/565 766/737/565
f 859/792/566 861/794/566 860/793/566
f 865/795/567 769/796/567 866/797/567
f 767/798/568 858/799/568 857/800/568
f 750/801/569 812/802/569 786/803/569
f 880/804/570 879/735/570 881/805/570
f 731/806/571 885/807/571 884/808/571
f 885/807/572 887/809/572 884/808/572
f 886/810/573 887/809/573 888/811/573
f 889/812/574 891/813/574 888/811/574
f 885/807/575 889/812/575 888/811/575
f 751/747/576 896/814/576 894/815/576
f 752/746/577 895/816/577 753/744/577
f 894/815/578 896/814/578 895/816/578
f 897/817/579 900/818/579 899/819/579
f 901/820/580 903/821/580 900/818/580
f 901/820/581 904/822/581 903/821/581
f 840/769/582 751/747/582 841/770/582
f 905/823/583 725/824/583 754/825/583
f 803/826/584 727/827/584 781/828/584
f 785/829/585 877/830/585 866/797/585
f 762/831/586 787/717/586 770/716/586
f 791/725/587 793/727/587 755/724/587
f 825/832/588 795/833/588 758/760/588
f 736/834/589 825/832/589 758/760/589
f 825/835/590 755/724/590 795/833/590
f 798/836/591 850/785/591 763/786/591
f 727/837/592 826/838/592 802/839/592
f 775/840/593 727/837/593 726/841/593
f 729/842/594 802/839/594 728/843/594
f 828/844/595 804/845/595 805/846/595
f 732/847/596 803/848/596 731/849/596
f 736/754/597 806/850/597 735/755/597
f 737/728/598 738/733/598 807/732/598
f 811/851/599 771/852/599 874/853/599
f 814/740/600 815/739/600 748/778/600
f 748/778/601 815/739/601 747/854/601
f 817/713/602 816/855/602 819/856/602
f 818/738/603 819/856/603 815/739/603
f 854/857/604 814/740/604 748/778/604
f 854/857/605 818/738/605 814/740/605
f 822/745/606 727/837/606 756/722/606
f 734/751/607 825/753/607 736/754/607
f 805/846/608 833/761/608 756/722/608
f 826/858/609 728/859/609 802/860/609
f 831/756/610 738/733/610 737/728/610
f 739/731/611 738/733/611 831/756/611
f 741/764/612 740/861/612 834/762/612
f 834/762/613 835/766/613 837/765/613
f 837/765/614 835/766/614 838/768/614
f 838/768/615 736/767/615 758/760/615
f 848/779/616 845/862/616 846/787/616
f 746/863/617 843/774/617 747/854/617
f 760/788/618 846/787/618 845/862/618
f 739/731/619 790/719/619 762/831/619
f 845/862/620 848/779/620 849/781/620
f 852/743/621 853/864/621 763/786/621
f 798/865/622 737/728/622 847/866/622
f 858/799/623 859/792/623 857/800/623
f 766/737/624 857/800/624 859/792/624
f 863/867/625 861/794/625 864/868/625
f 766/737/626 767/798/626 857/800/626
f 863/867/627 768/715/627 865/795/627
f 878/869/628 772/870/628 773/736/628
f 726/841/629 882/871/629 775/840/629
f 882/871/630 774/872/630 775/840/630
f 873/873/631 774/872/631 881/805/631
f 727/837/632 775/840/632 774/874/632
f 886/810/633 776/875/633 884/808/633
f 892/876/634 888/811/634 891/813/634
f 886/810/635 884/808/635 887/809/635
f 890/877/636 888/811/636 892/876/636
f 770/716/637 886/810/637 810/878/637
f 751/747/638 894/815/638 752/746/638
f 752/746/639 894/815/639 895/816/639
f 896/814/640 897/817/640 898/879/640
f 897/817/641 899/819/641 898/879/641
f 842/771/642 861/794/642 901/820/642
f 898/879/643 899/819/643 902/880/643
f 899/819/644 900/818/644 902/880/644
f 900/818/645 903/821/645 902/880/645
f 901/820/646 767/798/646 904/822/646
f 902/880/647 903/821/647 905/823/647
f 903/821/648 904/822/648 905/823/648
f 767/798/649 766/737/649 904/822/649
f 784/881/650 854/789/650 765/882/650
f 733/749/651 734/751/651 735/755/651
f 819/856/652 818/738/652 817/713/652
f 798/836/653 757/883/653 835/766/653
f 844/776/654 747/854/654 843/774/654
f 843/774/655 746/863/655 842/771/655
f 818/884/656 854/789/656 782/714/656
f 860/793/657 863/867/657 862/885/657
f 878/869/658 880/804/658 772/870/658
f 726/841/659 881/805/659 882/871/659
f 751/747/660 839/886/660 841/770/660
f 44/6/661 140/160/661 21/887/661
f 21/887/662 92/888/662 93/4/662
f 93/4/663 94/29/663 58/5/663
f 58/5/664 40/889/664 44/6/664
f 44/6/665 21/887/665 93/4/665
f 42/28/666 136/84/666 138/177/666
f 138/177/667 141/86/667 142/88/667
f 142/88/668 19/890/668 85/26/668
f 85/26/669 159/891/669 155/96/669
f 85/26/670 155/96/670 154/161/670
f 138/177/671 142/88/671 85/26/671
f 181/172/672 180/114/672 42/28/672
f 42/28/673 138/177/673 85/26/673
f 85/26/674 154/161/674 49/27/674
f 49/27/675 181/172/675 42/28/675
f 124/70/676 122/78/676 37/32/676
f 37/32/677 38/892/677 46/893/677
f 46/893/678 143/894/678 26/33/678
f 26/33/679 96/895/679 25/896/679
f 25/896/680 129/156/680 128/34/680
f 128/34/681 127/71/681 124/70/681
f 37/32/682 46/893/682 26/33/682
f 128/34/683 124/70/683 37/32/683
f 26/33/684 25/896/684 128/34/684
f 11/46/685 115/178/685 27/38/685
f 27/38/686 28/37/686 99/39/686
f 99/39/687 100/41/687 9/40/687
f 9/40/688 11/46/688 27/38/688
f 109/52/689 108/48/689 107/47/689
f 107/47/690 13/19/690 18/50/690
f 18/50/691 112/54/691 113/56/691
f 113/56/692 114/59/692 34/51/692
f 34/51/693 71/124/693 31/15/693
f 69/18/694 70/17/694 109/52/694
f 34/51/695 31/15/695 69/18/695
f 18/50/696 113/56/696 34/51/696
f 109/52/697 107/47/697 18/50/697
f 34/51/698 69/18/698 109/52/698
f 75/64/699 35/66/699 119/65/699
f 119/65/700 118/62/700 117/61/700
f 117/61/701 115/178/701 11/46/701
f 82/63/702 33/175/702 73/897/702
f 117/61/703 11/46/703 82/63/703
f 75/64/704 119/65/704 117/61/704
f 82/63/705 73/897/705 75/64/705
f 39/76/706 129/156/706 25/896/706
f 39/76/707 25/896/707 41/174/707
f 72/75/708 74/127/708 39/76/708
f 75/64/709 73/897/709 72/75/709
f 120/74/710 35/898/710 75/64/710
f 132/899/711 131/82/711 120/74/711
f 39/76/712 41/174/712 76/73/712
f 76/73/713 132/899/713 120/74/713
f 120/74/714 75/64/714 72/75/714
f 72/75/715 39/76/715 76/73/715
f 127/71/716 128/34/716 39/76/716
f 26/92/717 143/900/717 144/901/717
f 26/92/718 144/901/718 145/902/718
f 147/903/719 96/904/719 26/92/719
f 61/120/720 60/173/720 148/905/720
f 148/905/721 147/903/721 26/92/721
f 26/92/722 145/902/722 146/906/722
f 146/906/723 20/907/723 88/93/723
f 88/93/724 89/908/724 151/909/724
f 62/94/725 61/120/725 148/905/725
f 88/93/726 151/909/726 62/94/726
f 26/92/727 146/906/727 88/93/727
f 62/94/728 148/905/728 26/92/728
f 164/103/729 163/101/729 161/99/729
f 161/99/730 79/139/730 165/104/730
f 171/108/731 172/106/731 174/170/731
f 174/170/732 178/171/732 181/172/732
f 181/172/733 49/27/733 48/115/733
f 48/115/734 156/95/734 157/97/734
f 157/97/735 2/132/735 1/116/735
f 1/116/736 77/910/736 97/911/736
f 97/911/737 30/912/737 29/35/737
f 29/35/738 171/108/738 174/170/738
f 174/170/739 181/172/739 48/115/739
f 48/115/740 157/97/740 1/116/740
f 1/116/741 97/911/741 29/35/741
f 29/35/742 174/170/742 48/115/742
f 55/913/743 56/2/743 54/1/743
f 54/1/744 169/914/744 167/105/744
f 167/105/745 165/915/745 79/117/745
f 79/117/746 80/136/746 104/135/746
f 103/916/747 102/149/747 3/118/747
f 79/117/748 104/135/748 103/916/748
f 54/1/749 167/105/749 79/117/749
f 57/119/750 55/913/750 54/1/750
f 3/118/751 50/917/751 57/119/751
f 79/117/752 103/916/752 3/118/752
f 57/119/753 54/1/753 79/117/753
f 59/918/754 60/173/754 61/120/754
f 61/120/755 62/94/755 151/909/755
f 150/144/756 152/919/756 153/121/756
f 61/120/757 151/909/757 150/144/757
f 44/6/758 59/918/758 61/120/758
f 142/88/759 45/87/759 44/6/759
f 153/121/760 19/920/760 142/88/760
f 61/120/761 150/144/761 153/121/761
f 142/88/762 44/6/762 61/120/762
f 105/155/763 106/49/763 8/138/763
f 8/138/764 81/137/764 80/136/764
f 79/139/765 161/99/765 7/140/765
f 8/138/766 80/136/766 79/139/766
f 7/140/767 105/155/767 8/138/767
f 20/907/768 86/169/768 87/142/768
f 87/142/769 166/168/769 168/167/769
f 168/167/770 167/105/770 169/914/770
f 169/914/771 54/1/771 53/3/771
f 47/143/772 149/921/772 152/919/772
f 169/914/773 53/3/773 47/143/773
f 87/142/774 168/167/774 169/914/774
f 88/93/775 20/907/775 87/142/775
f 150/144/776 151/922/776 89/923/776
f 89/923/777 88/93/777 87/142/777
f 87/142/778 169/914/778 47/143/778
f 47/143/779 152/919/779 150/144/779
f 150/144/780 89/923/780 87/142/780
f 98/36/781 29/35/781 30/912/781
f 98/36/782 30/912/782 97/911/782
f 10/42/783 99/39/783 98/36/783
f 32/13/784 31/43/784 10/42/784
f 5/133/785 6/924/785 32/13/785
f 3/128/786 78/130/786 5/133/786
f 1/116/787 2/132/787 3/128/787
f 98/36/788 97/911/788 77/910/788
f 77/910/789 1/116/789 3/128/789
f 3/128/790 5/133/790 32/13/790
f 32/13/791 10/42/791 98/36/791
f 98/36/792 77/910/792 3/128/792
f 6/924/793 5/925/793 4/150/793
f 4/150/794 102/149/794 103/916/794
f 103/916/795 104/135/795 81/137/795
f 81/137/796 8/138/796 106/49/796
f 106/49/797 108/48/797 109/52/797
f 109/52/798 70/17/798 67/16/798
f 67/16/799 68/14/799 32/13/799
f 32/13/800 6/924/800 4/150/800
f 4/150/801 103/916/801 81/137/801
f 81/137/802 106/49/802 109/52/802
f 109/52/803 67/16/803 32/13/803
f 32/13/804 4/150/804 81/137/804
f 123/926/805 15/22/805 107/47/805
f 107/47/806 106/49/806 105/155/806
f 105/155/807 7/98/807 160/100/807
f 160/100/808 52/12/808 66/10/808
f 66/10/809 64/9/809 63/8/809
f 38/122/810 37/927/810 36/79/810
f 66/10/811 63/8/811 38/122/811
f 105/155/812 160/100/812 66/10/812
f 123/926/813 107/47/813 105/155/813
f 121/153/814 125/72/814 123/926/814
f 38/122/815 36/79/815 121/153/815
f 105/155/816 66/10/816 38/122/816
f 121/153/817 123/926/817 105/155/817
f 127/71/818 126/77/818 74/157/818
f 74/157/819 16/928/819 17/929/819
f 17/929/820 84/20/820 13/19/820
f 13/19/821 83/23/821 15/22/821
f 123/158/822 125/72/822 127/71/822
f 13/19/823 15/22/823 123/158/823
f 74/157/824 17/929/824 13/19/824
f 123/158/825 127/71/825 74/157/825
f 141/86/826 138/177/826 139/159/826
f 139/159/827 140/160/827 44/6/827
f 44/6/828 45/87/828 141/86/828
f 159/930/829 85/26/829 19/890/829
f 19/890/830 153/121/830 152/919/830
f 149/921/831 47/143/831 53/3/831
f 19/890/832 152/919/832 149/921/832
f 157/97/833 155/96/833 159/930/833
f 159/930/834 19/890/834 149/921/834
f 53/3/835 56/2/835 55/913/835
f 159/930/836 149/921/836 53/3/836
f 158/162/837 157/97/837 159/930/837
f 57/164/838 50/163/838 158/162/838
f 53/3/839 55/913/839 57/164/839
f 158/162/840 159/930/840 53/3/840
f 146/906/841 145/902/841 144/901/841
f 144/901/842 143/900/842 46/7/842
f 46/7/843 64/9/843 65/11/843
f 65/11/844 52/166/844 162/102/844
f 162/102/845 164/103/845 166/168/845
f 166/168/846 87/142/846 86/169/846
f 86/169/847 20/931/847 146/906/847
f 146/906/848 144/901/848 46/7/848
f 46/7/849 65/11/849 162/102/849
f 162/102/850 166/168/850 86/169/850
f 86/169/851 146/906/851 46/7/851
f 173/109/852 172/106/852 27/38/852
f 27/38/853 116/60/853 118/62/853
f 118/62/854 22/154/854 23/145/854
f 23/145/855 91/30/855 95/147/855
f 95/147/856 92/146/856 21/887/856
f 21/887/857 140/160/857 137/85/857
f 137/85/858 135/83/858 134/90/858
f 134/90/859 43/89/859 177/112/859
f 177/112/860 176/110/860 173/109/860
f 173/109/861 27/38/861 118/62/861
f 118/62/862 23/145/862 95/147/862
f 95/147/863 21/887/863 137/85/863
f 137/85/864 134/90/864 177/112/864
f 177/112/865 173/109/865 118/62/865
f 118/62/866 95/147/866 137/85/866
f 147/903/867 148/905/867 60/173/867
f 60/173/868 59/918/868 44/6/868
f 40/889/869 58/5/869 130/80/869
f 60/173/870 44/6/870 40/889/870
f 96/895/871 147/903/871 60/173/871
f 41/174/872 25/896/872 96/895/872
f 132/899/873 76/73/873 41/174/873
f 130/80/874 131/82/874 132/899/874
f 60/173/875 40/889/875 130/80/875
f 41/174/876 96/895/876 60/173/876
f 130/80/877 132/899/877 41/174/877
f 110/53/878 16/152/878 74/127/878
f 74/127/879 72/75/879 73/897/879
f 33/175/880 82/63/880 12/58/880
f 74/127/881 73/897/881 33/175/881
f 111/57/882 110/53/882 74/127/882
f 33/175/883 12/58/883 111/57/883
f 120/67/884 24/69/884 23/145/884
f 136/84/885 137/85/885 139/159/885
f 155/96/886 156/95/886 48/115/886
f 225/184/887 321/337/887 202/932/887
f 202/932/888 273/933/888 274/182/888
f 274/182/889 275/207/889 239/183/889
f 239/183/890 221/934/890 225/184/890
f 225/184/891 202/932/891 274/182/891
f 223/206/892 317/262/892 319/354/892
f 319/354/893 322/264/893 323/266/893
f 323/266/894 200/935/894 266/204/894
f 266/204/895 340/936/895 336/274/895
f 266/204/896 336/274/896 335/338/896
f 319/354/897 323/266/897 266/204/897
f 362/293/898 361/292/898 223/206/898
f 223/206/899 319/354/899 266/204/899
f 266/204/900 335/338/900 230/205/900
f 230/205/901 362/293/901 223/206/901
f 305/248/902 303/256/902 218/210/902
f 218/210/903 219/937/903 227/938/903
f 227/938/904 324/939/904 207/211/904
f 207/211/905 277/940/905 206/941/905
f 206/941/906 310/333/906 309/212/906
f 309/212/907 308/249/907 305/248/907
f 218/210/908 227/938/908 207/211/908
f 309/212/909 305/248/909 218/210/909
f 207/211/910 206/941/910 309/212/910
f 192/224/911 296/355/911 208/216/911
f 208/216/912 209/215/912 280/217/912
f 280/217/913 281/219/913 190/218/913
f 190/218/914 192/224/914 208/216/914
f 290/230/915 289/226/915 288/225/915
f 288/225/916 194/197/916 199/228/916
f 199/228/917 293/232/917 294/234/917
f 294/234/918 295/237/918 215/229/918
f 215/229/919 252/303/919 212/193/919
f 250/196/920 251/195/920 290/230/920
f 215/229/921 212/193/921 250/196/921
f 199/228/922 294/234/922 215/229/922
f 290/230/923 288/225/923 199/228/923
f 215/229/924 250/196/924 290/230/924
f 256/242/925 216/244/925 300/243/925
f 300/243/926 299/240/926 298/239/926
f 298/239/927 296/355/927 192/224/927
f 263/241/928 214/352/928 254/942/928
f 298/239/929 192/224/929 263/241/929
f 256/242/930 300/243/930 298/239/930
f 263/241/931 254/942/931 256/242/931
f 220/255/932 310/333/932 206/941/932
f 220/255/933 206/941/933 222/351/933
f 253/253/934 255/306/934 220/255/934
f 256/242/935 254/942/935 253/253/935
f 301/252/936 216/943/936 256/242/936
f 313/944/937 312/260/937 301/252/937
f 220/255/938 222/351/938 257/251/938
f 257/251/939 313/944/939 301/252/939
f 301/252/940 256/242/940 253/253/940
f 253/253/941 220/255/941 257/251/941
f 307/254/942 308/249/942 309/212/942
f 207/270/943 324/945/943 325/946/943
f 207/270/944 325/946/944 326/947/944
f 328/948/945 277/949/945 207/270/945
f 242/299/946 241/350/946 329/950/946
f 329/950/947 328/948/947 207/270/947
f 207/270/948 326/947/948 327/951/948
f 327/951/949 201/952/949 269/271/949
f 269/271/950 270/953/950 332/954/950
f 243/272/951 242/299/951 329/950/951
f 269/271/952 332/954/952 243/272/952
f 207/270/953 327/951/953 269/271/953
f 243/272/954 329/950/954 207/270/954
f 345/281/955 344/279/955 342/277/955
f 342/277/956 260/317/956 346/282/956
f 352/286/957 353/284/957 355/348/957
f 355/348/958 359/349/958 362/293/958
f 362/293/959 230/205/959 229/339/959
f 337/273/960 338/275/960 183/294/960
f 362/293/961 229/339/961 337/273/961
f 352/286/962 355/348/962 362/293/962
f 211/295/963 210/213/963 352/286/963
f 258/955/964 278/956/964 211/295/964
f 183/294/965 182/957/965 258/955/965
f 362/293/966 337/273/966 183/294/966
f 211/295/967 352/286/967 362/293/967
f 183/294/968 258/955/968 211/295/968
f 236/958/969 237/180/969 235/179/969
f 235/179/970 350/959/970 348/283/970
f 348/283/971 346/960/971 260/296/971
f 260/296/972 261/314/972 285/313/972
f 284/961/973 283/327/973 184/297/973
f 260/296/974 285/313/974 284/961/974
f 235/179/975 348/283/975 260/296/975
f 238/298/976 236/958/976 235/179/976
f 184/297/977 231/962/977 238/298/977
f 260/296/978 284/961/978 184/297/978
f 238/298/979 235/179/979 260/296/979
f 240/963/980 241/350/980 242/299/980
f 242/299/981 243/272/981 332/954/981
f 331/964/982 333/965/982 334/300/982
f 242/299/983 332/954/983 331/964/983
f 225/184/984 240/963/984 242/299/984
f 323/266/985 226/265/985 225/184/985
f 334/300/986 200/966/986 323/266/986
f 242/299/987 331/964/987 334/300/987
f 323/266/988 225/184/988 242/299/988
f 286/967/989 287/227/989 189/316/989
f 189/316/990 262/315/990 261/314/990
f 260/317/991 342/277/991 188/318/991
f 189/316/992 261/314/992 260/317/992
f 188/318/993 286/967/993 189/316/993
f 201/952/994 267/347/994 268/320/994
f 268/320/995 347/346/995 349/345/995
f 349/345/996 348/283/996 350/959/996
f 350/959/997 235/179/997 234/181/997
f 228/321/998 330/342/998 333/965/998
f 350/959/999 234/181/999 228/321/999
f 268/320/1000 349/345/1000 350/959/1000
f 269/271/1001 201/952/1001 268/320/1001
f 270/968/1002 269/271/1002 268/320/1002
f 268/320/1003 350/959/1003 228/321/1003
f 228/321/1004 333/965/1004 331/964/1004
f 332/322/1005 270/968/1005 268/320/1005
f 228/321/1006 331/964/1006 332/322/1006
f 279/214/1007 210/213/1007 211/295/1007
f 279/214/1008 211/295/1008 278/956/1008
f 191/220/1009 280/217/1009 279/214/1009
f 213/191/1010 212/221/1010 191/220/1010
f 186/311/1011 187/969/1011 213/191/1011
f 184/307/1012 259/309/1012 186/311/1012
f 182/957/1013 183/294/1013 184/307/1013
f 279/214/1014 278/956/1014 258/955/1014
f 258/955/1015 182/957/1015 184/307/1015
f 184/307/1016 186/311/1016 213/191/1016
f 213/191/1017 191/220/1017 279/214/1017
f 279/214/1018 258/955/1018 184/307/1018
f 187/969/1019 186/970/1019 185/328/1019
f 185/328/1020 283/327/1020 284/961/1020
f 284/961/1021 285/313/1021 262/315/1021
f 262/315/1022 189/316/1022 287/227/1022
f 287/227/1023 289/226/1023 290/230/1023
f 290/230/1024 251/195/1024 248/194/1024
f 248/194/1025 249/192/1025 213/191/1025
f 213/191/1026 187/969/1026 185/328/1026
f 185/328/1027 284/961/1027 262/315/1027
f 262/315/1028 287/227/1028 290/230/1028
f 290/230/1029 248/194/1029 213/191/1029
f 213/191/1030 185/328/1030 262/315/1030
f 306/250/1031 304/971/1031 196/200/1031
f 196/200/1032 288/225/1032 287/227/1032
f 287/227/1033 286/967/1033 188/276/1033
f 188/276/1034 341/278/1034 233/190/1034
f 247/188/1035 245/187/1035 244/186/1035
f 188/276/1036 233/190/1036 247/188/1036
f 196/200/1037 287/227/1037 188/276/1037
f 302/331/1038 306/250/1038 196/200/1038
f 219/301/1039 218/972/1039 217/257/1039
f 217/257/1040 302/331/1040 196/200/1040
f 196/200/1041 188/276/1041 247/188/1041
f 247/188/1042 244/186/1042 219/301/1042
f 219/301/1043 217/257/1043 196/200/1043
f 308/249/1044 307/254/1044 255/334/1044
f 255/334/1045 197/973/1045 198/974/1045
f 198/974/1046 265/198/1046 194/197/1046
f 194/197/1047 264/201/1047 196/200/1047
f 304/335/1048 306/250/1048 308/249/1048
f 194/197/1049 196/200/1049 304/335/1049
f 255/334/1050 198/974/1050 194/197/1050
f 304/335/1051 308/249/1051 255/334/1051
f 322/264/1052 319/354/1052 320/336/1052
f 320/336/1053 321/337/1053 225/184/1053
f 225/184/1054 226/265/1054 322/264/1054
f 340/975/1055 266/204/1055 200/935/1055
f 200/935/1056 334/300/1056 333/965/1056
f 330/342/1057 228/321/1057 234/181/1057
f 200/935/1058 333/965/1058 330/342/1058
f 338/275/1059 336/274/1059 340/975/1059
f 340/975/1060 200/935/1060 330/342/1060
f 330/342/1061 234/181/1061 237/180/1061
f 236/958/1062 238/976/1062 231/341/1062
f 330/342/1063 237/180/1063 236/958/1063
f 338/275/1064 340/975/1064 330/342/1064
f 231/341/1065 339/340/1065 338/275/1065
f 330/342/1066 236/958/1066 231/341/1066
f 327/951/1067 326/947/1067 325/946/1067
f 325/946/1068 324/945/1068 227/185/1068
f 227/185/1069 245/187/1069 246/189/1069
f 246/189/1070 233/344/1070 343/280/1070
f 343/280/1071 345/281/1071 347/346/1071
f 347/346/1072 268/320/1072 267/347/1072
f 267/347/1073 201/977/1073 327/951/1073
f 327/951/1074 325/946/1074 227/185/1074
f 227/185/1075 246/189/1075 343/280/1075
f 343/280/1076 347/346/1076 267/347/1076
f 267/347/1077 327/951/1077 227/185/1077
f 354/287/1078 353/284/1078 208/216/1078
f 208/216/1079 297/238/1079 299/240/1079
f 299/240/1080 203/332/1080 204/323/1080
f 204/323/1081 272/208/1081 276/325/1081
f 276/325/1082 273/324/1082 202/932/1082
f 202/932/1083 321/337/1083 318/263/1083
f 318/263/1084 316/261/1084 315/268/1084
f 315/268/1085 224/267/1085 358/290/1085
f 358/290/1086 357/288/1086 354/287/1086
f 354/287/1087 208/216/1087 299/240/1087
f 299/240/1088 204/323/1088 276/325/1088
f 276/325/1089 202/932/1089 318/263/1089
f 318/263/1090 315/268/1090 358/290/1090
f 358/290/1091 354/287/1091 299/240/1091
f 299/240/1092 276/325/1092 318/263/1092
f 328/948/1093 329/950/1093 241/350/1093
f 241/350/1094 240/963/1094 225/184/1094
f 221/934/1095 239/183/1095 311/258/1095
f 241/350/1096 225/184/1096 221/934/1096
f 277/940/1097 328/948/1097 241/350/1097
f 222/351/1098 206/941/1098 277/940/1098
f 313/944/1099 257/251/1099 222/351/1099
f 311/258/1100 312/260/1100 313/944/1100
f 241/350/1101 221/934/1101 311/258/1101
f 222/351/1102 277/940/1102 241/350/1102
f 311/258/1103 313/944/1103 222/351/1103
f 291/231/1104 197/330/1104 255/306/1104
f 255/306/1105 253/253/1105 254/942/1105
f 214/352/1106 263/241/1106 193/236/1106
f 255/306/1107 254/942/1107 214/352/1107
f 292/235/1108 291/231/1108 255/306/1108
f 214/352/1109 193/236/1109 292/235/1109
f 301/245/1110 205/247/1110 204/323/1110
f 317/262/1111 318/263/1111 320/336/1111
f 336/274/1112 337/273/1112 229/339/1112
f 406/361/1113 502/514/1113 383/978/1113
f 383/978/1114 454/979/1114 455/359/1114
f 455/359/1115 456/384/1115 420/360/1115
f 420/360/1116 402/527/1116 406/361/1116
f 406/361/1117 383/978/1117 455/359/1117
f 404/383/1118 498/439/1118 500/532/1118
f 500/532/1119 503/441/1119 504/443/1119
f 504/443/1120 381/980/1120 447/381/1120
f 447/381/1121 521/981/1121 517/451/1121
f 447/381/1122 517/451/1122 516/515/1122
f 500/532/1123 504/443/1123 447/381/1123
f 543/526/1124 542/469/1124 404/383/1124
f 404/383/1125 500/532/1125 447/381/1125
f 447/381/1126 516/515/1126 411/382/1126
f 411/382/1127 543/526/1127 404/383/1127
f 486/425/1128 484/433/1128 399/387/1128
f 399/387/1129 400/982/1129 408/983/1129
f 408/983/1130 505/984/1130 388/388/1130
f 388/388/1131 458/529/1131 387/985/1131
f 387/985/1132 491/510/1132 490/389/1132
f 490/389/1133 489/426/1133 486/425/1133
f 399/387/1134 408/983/1134 388/388/1134
f 490/389/1135 486/425/1135 399/387/1135
f 388/388/1136 387/985/1136 490/389/1136
f 373/401/1137 477/533/1137 389/393/1137
f 389/393/1138 390/392/1138 461/394/1138
f 461/394/1139 462/396/1139 371/395/1139
f 371/395/1140 373/401/1140 389/393/1140
f 471/407/1141 470/403/1141 469/402/1141
f 469/402/1142 375/374/1142 380/405/1142
f 380/405/1143 474/409/1143 475/411/1143
f 475/411/1144 476/414/1144 396/406/1144
f 396/406/1145 433/479/1145 393/370/1145
f 431/373/1146 432/372/1146 471/407/1146
f 396/406/1147 393/370/1147 431/373/1147
f 380/405/1148 475/411/1148 396/406/1148
f 471/407/1149 469/402/1149 380/405/1149
f 396/406/1150 431/373/1150 471/407/1150
f 437/419/1151 397/421/1151 481/420/1151
f 481/420/1152 480/417/1152 479/416/1152
f 479/416/1153 477/533/1153 373/401/1153
f 444/418/1154 395/530/1154 435/986/1154
f 479/416/1155 373/401/1155 444/418/1155
f 437/419/1156 481/420/1156 479/416/1156
f 444/418/1157 435/986/1157 437/419/1157
f 401/432/1158 491/510/1158 387/985/1158
f 401/432/1159 387/985/1159 403/987/1159
f 434/430/1160 436/482/1160 401/432/1160
f 437/419/1161 435/986/1161 434/430/1161
f 482/429/1162 397/988/1162 437/419/1162
f 494/528/1163 493/437/1163 482/429/1163
f 401/432/1164 403/987/1164 438/428/1164
f 438/428/1165 494/528/1165 482/429/1165
f 482/429/1166 437/419/1166 434/430/1166
f 434/430/1167 401/432/1167 438/428/1167
f 488/431/1168 489/426/1168 490/389/1168
f 388/447/1169 505/989/1169 506/990/1169
f 388/447/1170 506/990/1170 507/991/1170
f 509/992/1171 458/993/1171 388/447/1171
f 423/475/1172 422/994/1172 510/995/1172
f 510/995/1173 509/992/1173 388/447/1173
f 388/447/1174 507/991/1174 508/996/1174
f 508/996/1175 382/997/1175 450/448/1175
f 450/448/1176 451/998/1176 513/999/1176
f 424/449/1177 423/475/1177 510/995/1177
f 450/448/1178 513/999/1178 424/449/1178
f 388/447/1179 508/996/1179 450/448/1179
f 424/449/1180 510/995/1180 388/447/1180
f 526/458/1181 525/456/1181 523/454/1181
f 523/454/1182 441/494/1182 527/459/1182
f 533/463/1183 534/461/1183 536/524/1183
f 536/524/1184 540/525/1184 543/526/1184
f 543/526/1185 411/382/1185 410/470/1185
f 410/470/1186 518/450/1186 519/452/1186
f 519/452/1187 364/487/1187 363/471/1187
f 363/471/1188 439/1000/1188 459/1001/1188
f 459/1001/1189 392/1002/1189 391/390/1189
f 391/390/1190 533/463/1190 536/524/1190
f 536/524/1191 543/526/1191 410/470/1191
f 410/470/1192 519/452/1192 363/471/1192
f 363/471/1193 459/1001/1193 391/390/1193
f 391/390/1194 536/524/1194 410/470/1194
f 417/1003/1195 418/357/1195 416/356/1195
f 416/356/1196 531/1004/1196 529/460/1196
f 529/460/1197 527/1005/1197 441/472/1197
f 441/472/1198 442/491/1198 466/490/1198
f 465/1006/1199 464/504/1199 365/473/1199
f 441/472/1200 466/490/1200 465/1006/1200
f 416/356/1201 529/460/1201 441/472/1201
f 419/474/1202 417/1003/1202 416/356/1202
f 365/473/1203 412/1007/1203 419/474/1203
f 441/472/1204 465/1006/1204 365/473/1204
f 419/474/1205 416/356/1205 441/472/1205
f 421/1008/1206 422/994/1206 423/475/1206
f 423/475/1207 424/449/1207 513/999/1207
f 512/499/1208 514/1009/1208 515/476/1208
f 423/475/1209 513/999/1209 512/499/1209
f 406/361/1210 421/1008/1210 423/475/1210
f 504/443/1211 407/442/1211 406/361/1211
f 515/476/1212 381/1010/1212 504/443/1212
f 423/475/1213 512/499/1213 515/476/1213
f 504/443/1214 406/361/1214 423/475/1214
f 467/1011/1215 468/404/1215 370/493/1215
f 370/493/1216 443/492/1216 442/491/1216
f 441/494/1217 523/454/1217 369/495/1217
f 370/493/1218 442/491/1218 441/494/1218
f 369/495/1219 467/1011/1219 370/493/1219
f 382/997/1220 448/523/1220 449/497/1220
f 449/497/1221 528/522/1221 530/521/1221
f 530/521/1222 529/460/1222 531/1004/1222
f 531/1004/1223 416/356/1223 415/358/1223
f 409/498/1224 511/518/1224 514/1009/1224
f 531/1004/1225 415/358/1225 409/498/1225
f 449/497/1226 530/521/1226 531/1004/1226
f 450/448/1227 382/997/1227 449/497/1227
f 512/499/1228 513/1012/1228 451/1013/1228
f 451/1013/1229 450/448/1229 449/497/1229
f 449/497/1230 531/1004/1230 409/498/1230
f 409/498/1231 514/1009/1231 512/499/1231
f 512/499/1232 451/1013/1232 449/497/1232
f 460/391/1233 391/390/1233 392/1002/1233
f 460/391/1234 392/1002/1234 459/1001/1234
f 372/397/1235 461/394/1235 460/391/1235
f 394/368/1236 393/398/1236 372/397/1236
f 367/488/1237 368/1014/1237 394/368/1237
f 365/483/1238 440/485/1238 367/488/1238
f 363/471/1239 364/487/1239 365/483/1239
f 460/391/1240 459/1001/1240 439/1000/1240
f 439/1000/1241 363/471/1241 365/483/1241
f 365/483/1242 367/488/1242 394/368/1242
f 394/368/1243 372/397/1243 460/391/1243
f 460/391/1244 439/1000/1244 365/483/1244
f 368/1014/1245 367/1015/1245 366/505/1245
f 366/505/1246 464/504/1246 465/1006/1246
f 465/1006/1247 466/490/1247 443/492/1247
f 443/492/1248 370/493/1248 468/404/1248
f 468/404/1249 470/403/1249 471/407/1249
f 471/407/1250 432/372/1250 429/371/1250
f 429/371/1251 430/369/1251 394/368/1251
f 394/368/1252 368/1014/1252 366/505/1252
f 366/505/1253 465/1006/1253 443/492/1253
f 443/492/1254 468/404/1254 471/407/1254
f 471/407/1255 429/371/1255 394/368/1255
f 394/368/1256 366/505/1256 443/492/1256
f 487/427/1257 485/1016/1257 377/377/1257
f 377/377/1258 469/402/1258 468/404/1258
f 468/404/1259 467/1011/1259 369/453/1259
f 369/453/1260 522/455/1260 414/367/1260
f 428/365/1261 426/364/1261 425/363/1261
f 369/453/1262 414/367/1262 428/365/1262
f 377/377/1263 468/404/1263 369/453/1263
f 483/508/1264 487/427/1264 377/377/1264
f 400/477/1265 399/1017/1265 398/434/1265
f 398/434/1266 483/508/1266 377/377/1266
f 377/377/1267 369/453/1267 428/365/1267
f 428/365/1268 425/363/1268 400/477/1268
f 400/477/1269 398/434/1269 377/377/1269
f 489/426/1270 488/431/1270 436/511/1270
f 436/511/1271 378/1018/1271 379/1019/1271
f 379/1019/1272 446/375/1272 375/374/1272
f 375/374/1273 445/378/1273 377/377/1273
f 485/512/1274 487/427/1274 489/426/1274
f 375/374/1275 377/377/1275 485/512/1275
f 436/511/1276 379/1019/1276 375/374/1276
f 485/512/1277 489/426/1277 436/511/1277
f 503/441/1278 500/532/1278 501/513/1278
f 501/513/1279 502/514/1279 406/361/1279
f 406/361/1280 407/442/1280 503/441/1280
f 521/1020/1281 447/381/1281 381/980/1281
f 381/980/1282 515/476/1282 514/1009/1282
f 511/518/1283 409/498/1283 415/358/1283
f 381/980/1284 514/1009/1284 511/518/1284
f 519/452/1285 517/451/1285 521/1020/1285
f 521/1020/1286 381/980/1286 511/518/1286
f 511/518/1287 415/358/1287 418/357/1287
f 417/1003/1288 419/1021/1288 412/517/1288
f 511/518/1289 418/357/1289 417/1003/1289
f 519/452/1290 521/1020/1290 511/518/1290
f 412/517/1291 520/516/1291 519/452/1291
f 511/518/1292 417/1003/1292 412/517/1292
f 508/996/1293 507/991/1293 506/990/1293
f 506/990/1294 505/989/1294 408/362/1294
f 408/362/1295 426/364/1295 427/366/1295
f 427/366/1296 414/520/1296 524/457/1296
f 524/457/1297 526/458/1297 528/522/1297
f 528/522/1298 449/497/1298 448/523/1298
f 448/523/1299 382/1022/1299 508/996/1299
f 508/996/1300 506/990/1300 408/362/1300
f 408/362/1301 427/366/1301 524/457/1301
f 524/457/1302 528/522/1302 448/523/1302
f 448/523/1303 508/996/1303 408/362/1303
f 535/464/1304 534/461/1304 389/393/1304
f 389/393/1305 478/415/1305 480/417/1305
f 480/417/1306 384/509/1306 385/500/1306
f 385/500/1307 453/385/1307 457/502/1307
f 457/502/1308 454/501/1308 383/978/1308
f 383/978/1309 502/514/1309 499/440/1309
f 499/440/1310 497/438/1310 496/445/1310
f 496/445/1311 405/444/1311 539/467/1311
f 539/467/1312 538/465/1312 535/464/1312
f 535/464/1313 389/393/1313 480/417/1313
f 480/417/1314 385/500/1314 457/502/1314
f 457/502/1315 383/978/1315 499/440/1315
f 499/440/1316 496/445/1316 539/467/1316
f 539/467/1317 535/464/1317 480/417/1317
f 480/417/1318 457/502/1318 499/440/1318
f 509/992/1319 510/995/1319 422/994/1319
f 422/994/1320 421/1008/1320 406/361/1320
f 402/527/1321 420/360/1321 492/435/1321
f 422/994/1322 406/361/1322 402/527/1322
f 458/529/1323 509/992/1323 422/994/1323
f 403/987/1324 387/985/1324 458/529/1324
f 438/428/1325 403/987/1325 458/529/1325
f 458/529/1326 422/994/1326 402/527/1326
f 402/527/1327 492/435/1327 493/437/1327
f 494/528/1328 438/428/1328 458/529/1328
f 402/527/1329 493/437/1329 494/528/1329
f 472/408/1330 378/507/1330 436/482/1330
f 436/482/1331 434/430/1331 435/986/1331
f 395/530/1332 444/418/1332 374/413/1332
f 436/482/1333 435/986/1333 395/530/1333
f 473/412/1334 472/408/1334 436/482/1334
f 395/530/1335 374/413/1335 473/412/1335
f 482/422/1336 386/424/1336 385/500/1336
f 498/439/1337 499/440/1337 501/513/1337
f 517/451/1338 518/450/1338 410/470/1338
f 587/539/1339 683/690/1339 564/1023/1339
f 564/1023/1340 635/1024/1340 636/537/1340
f 636/537/1341 637/562/1341 601/538/1341
f 601/538/1342 583/703/1342 587/539/1342
f 587/539/1343 564/1023/1343 636/537/1343
f 585/561/1344 679/617/1344 681/708/1344
f 681/708/1345 684/619/1345 685/621/1345
f 685/621/1346 562/1025/1346 628/559/1346
f 628/559/1347 702/1026/1347 698/629/1347
f 698/629/1348 697/691/1348 592/560/1348
f 592/560/1349 724/702/1349 723/647/1349
f 585/561/1350 681/708/1350 685/621/1350
f 592/560/1351 723/647/1351 585/561/1351
f 628/559/1352 698/629/1352 592/560/1352
f 585/561/1353 685/621/1353 628/559/1353
f 667/603/1354 665/611/1354 580/565/1354
f 580/565/1355 581/1027/1355 589/1028/1355
f 589/1028/1356 686/1029/1356 569/566/1356
f 569/566/1357 639/705/1357 568/1030/1357
f 568/1030/1358 672/686/1358 671/567/1358
f 671/567/1359 670/604/1359 667/603/1359
f 580/565/1360 589/1028/1360 569/566/1360
f 671/567/1361 667/603/1361 580/565/1361
f 569/566/1362 568/1030/1362 671/567/1362
f 554/579/1363 658/709/1363 570/571/1363
f 570/571/1364 571/570/1364 642/572/1364
f 642/572/1365 643/574/1365 552/573/1365
f 552/573/1366 554/579/1366 570/571/1366
f 652/585/1367 651/581/1367 650/580/1367
f 650/580/1368 556/552/1368 561/583/1368
f 561/583/1369 655/587/1369 656/589/1369
f 656/589/1370 657/592/1370 577/584/1370
f 577/584/1371 614/656/1371 574/548/1371
f 612/551/1372 613/550/1372 652/585/1372
f 577/584/1373 574/548/1373 612/551/1373
f 561/583/1374 656/589/1374 577/584/1374
f 652/585/1375 650/580/1375 561/583/1375
f 577/584/1376 612/551/1376 652/585/1376
f 578/599/1377 662/598/1377 661/595/1377
f 661/595/1378 660/594/1378 658/709/1378
f 658/709/1379 554/579/1379 625/596/1379
f 625/596/1380 576/706/1380 616/1031/1380
f 618/597/1381 578/599/1381 661/595/1381
f 625/596/1382 616/1031/1382 618/597/1382
f 661/595/1383 658/709/1383 625/596/1383
f 582/610/1384 672/686/1384 568/1030/1384
f 582/610/1385 568/1030/1385 584/1032/1385
f 615/608/1386 617/659/1386 582/610/1386
f 618/597/1387 616/1031/1387 615/608/1387
f 663/607/1388 578/1033/1388 618/597/1388
f 675/704/1389 674/615/1389 663/607/1389
f 582/610/1390 584/1032/1390 619/606/1390
f 619/606/1391 675/704/1391 663/607/1391
f 663/607/1392 618/597/1392 615/608/1392
f 615/608/1393 582/610/1393 619/606/1393
f 669/609/1394 670/604/1394 671/567/1394
f 569/625/1395 686/1034/1395 687/1035/1395
f 569/625/1396 687/1035/1396 688/1036/1396
f 690/1037/1397 639/1038/1397 569/625/1397
f 604/652/1398 603/1039/1398 691/1040/1398
f 691/1040/1399 690/1037/1399 569/625/1399
f 569/625/1400 688/1036/1400 689/1041/1400
f 689/1041/1401 563/1042/1401 631/626/1401
f 631/626/1402 632/1043/1402 694/1044/1402
f 605/627/1403 604/652/1403 691/1040/1403
f 631/626/1404 694/1044/1404 605/627/1404
f 569/625/1405 689/1041/1405 631/626/1405
f 605/627/1406 691/1040/1406 569/625/1406
f 707/636/1407 706/634/1407 704/632/1407
f 704/632/1408 622/671/1408 708/637/1408
f 714/641/1409 715/639/1409 717/700/1409
f 717/700/1410 721/701/1410 724/702/1410
f 724/702/1411 592/560/1411 591/648/1411
f 591/648/1412 699/628/1412 700/630/1412
f 700/630/1413 545/664/1413 544/649/1413
f 544/649/1414 620/1045/1414 640/1046/1414
f 640/1046/1415 573/1047/1415 572/568/1415
f 572/568/1416 714/641/1416 717/700/1416
f 717/700/1417 724/702/1417 591/648/1417
f 591/648/1418 700/630/1418 544/649/1418
f 544/649/1419 640/1046/1419 572/568/1419
f 572/568/1420 717/700/1420 591/648/1420
f 598/1048/1421 599/535/1421 597/534/1421
f 597/534/1422 712/1049/1422 710/638/1422
f 710/638/1423 708/1050/1423 622/650/1423
f 622/650/1424 623/668/1424 647/667/1424
f 647/667/1425 646/1051/1425 645/651/1425
f 645/651/1426 546/1052/1426 593/1053/1426
f 600/1054/1427 598/1048/1427 597/534/1427
f 645/651/1428 593/1053/1428 600/1054/1428
f 622/650/1429 647/667/1429 645/651/1429
f 597/534/1430 710/638/1430 622/650/1430
f 645/651/1431 600/1054/1431 597/534/1431
f 602/1055/1432 603/1039/1432 604/652/1432
f 604/652/1433 605/627/1433 694/1044/1433
f 693/676/1434 695/1056/1434 696/653/1434
f 604/652/1435 694/1044/1435 693/676/1435
f 587/539/1436 602/1055/1436 604/652/1436
f 685/621/1437 588/620/1437 587/539/1437
f 696/653/1438 562/1057/1438 685/621/1438
f 604/652/1439 693/676/1439 696/653/1439
f 685/621/1440 587/539/1440 604/652/1440
f 648/1058/1441 649/582/1441 551/670/1441
f 551/670/1442 624/669/1442 623/668/1442
f 622/671/1443 704/632/1443 550/672/1443
f 551/670/1444 623/668/1444 622/671/1444
f 550/672/1445 648/1058/1445 551/670/1445
f 563/1042/1446 629/699/1446 630/674/1446
f 630/674/1447 709/698/1447 711/697/1447
f 711/697/1448 710/638/1448 712/1049/1448
f 712/1049/1449 597/534/1449 596/536/1449
f 590/675/1450 692/694/1450 695/1056/1450
f 712/1049/1451 596/536/1451 590/675/1451
f 630/674/1452 711/697/1452 712/1049/1452
f 631/626/1453 563/1042/1453 630/674/1453
f 693/676/1454 694/1059/1454 632/1060/1454
f 632/1060/1455 631/626/1455 630/674/1455
f 630/674/1456 712/1049/1456 590/675/1456
f 590/675/1457 695/1056/1457 693/676/1457
f 693/676/1458 632/1060/1458 630/674/1458
f 641/569/1459 572/568/1459 573/1047/1459
f 641/569/1460 573/1047/1460 640/1046/1460
f 553/575/1461 642/572/1461 641/569/1461
f 575/546/1462 574/576/1462 553/575/1462
f 548/665/1463 549/1061/1463 575/546/1463
f 546/660/1464 621/662/1464 548/665/1464
f 544/649/1465 545/664/1465 546/660/1465
f 641/569/1466 640/1046/1466 620/1045/1466
f 620/1045/1467 544/649/1467 546/660/1467
f 546/660/1468 548/665/1468 575/546/1468
f 575/546/1469 553/575/1469 641/569/1469
f 641/569/1470 620/1045/1470 546/660/1470
f 549/1061/1471 548/1062/1471 547/681/1471
f 547/681/1472 645/651/1472 646/1051/1472
f 646/1051/1473 647/667/1473 624/669/1473
f 624/669/1474 551/670/1474 649/582/1474
f 649/582/1475 651/581/1475 652/585/1475
f 652/585/1476 613/550/1476 610/549/1476
f 610/549/1477 611/547/1477 575/546/1477
f 575/546/1478 549/1061/1478 547/681/1478
f 547/681/1479 646/1051/1479 624/669/1479
f 624/669/1480 649/582/1480 652/585/1480
f 652/585/1481 610/549/1481 575/546/1481
f 575/546/1482 547/681/1482 624/669/1482
f 668/605/1483 666/1063/1483 558/555/1483
f 558/555/1484 650/580/1484 649/582/1484
f 649/582/1485 648/1058/1485 550/631/1485
f 550/631/1486 703/633/1486 595/545/1486
f 609/543/1487 607/542/1487 606/541/1487
f 550/631/1488 595/545/1488 609/543/1488
f 558/555/1489 649/582/1489 550/631/1489
f 664/684/1490 668/605/1490 558/555/1490
f 581/654/1491 580/1064/1491 579/612/1491
f 579/612/1492 664/684/1492 558/555/1492
f 558/555/1493 550/631/1493 609/543/1493
f 609/543/1494 606/541/1494 581/654/1494
f 581/654/1495 579/612/1495 558/555/1495
f 670/604/1496 669/609/1496 617/687/1496
f 617/687/1497 559/1065/1497 560/1066/1497
f 560/1066/1498 627/553/1498 556/552/1498
f 556/552/1499 626/556/1499 558/555/1499
f 666/688/1500 668/605/1500 670/604/1500
f 556/552/1501 558/555/1501 666/688/1501
f 617/687/1502 560/1066/1502 556/552/1502
f 666/688/1503 670/604/1503 617/687/1503
f 684/619/1504 681/708/1504 682/689/1504
f 682/689/1505 683/690/1505 587/539/1505
f 587/539/1506 588/620/1506 684/619/1506
f 702/1067/1507 628/559/1507 562/1025/1507
f 562/1025/1508 696/653/1508 695/1056/1508
f 692/694/1509 590/675/1509 596/536/1509
f 562/1025/1510 695/1056/1510 692/694/1510
f 700/630/1511 698/629/1511 702/1067/1511
f 702/1067/1512 562/1025/1512 692/694/1512
f 692/694/1513 596/536/1513 599/535/1513
f 598/1048/1514 600/1068/1514 593/693/1514
f 692/694/1515 599/535/1515 598/1048/1515
f 700/630/1516 702/1067/1516 692/694/1516
f 593/693/1517 701/692/1517 700/630/1517
f 692/694/1518 598/1048/1518 593/693/1518
f 689/1041/1519 688/1036/1519 687/1035/1519
f 687/1035/1520 686/1034/1520 589/540/1520
f 589/540/1521 607/542/1521 608/544/1521
f 608/544/1522 595/696/1522 705/635/1522
f 705/635/1523 707/636/1523 709/698/1523
f 709/698/1524 630/674/1524 629/699/1524
f 629/699/1525 563/1069/1525 689/1041/1525
f 689/1041/1526 687/1035/1526 589/540/1526
f 589/540/1527 608/544/1527 705/635/1527
f 705/635/1528 709/698/1528 629/699/1528
f 629/699/1529 689/1041/1529 589/540/1529
f 716/642/1530 715/639/1530 570/571/1530
f 570/571/1531 659/593/1531 661/595/1531
f 661/595/1532 565/685/1532 566/677/1532
f 566/677/1533 634/563/1533 638/679/1533
f 638/679/1534 635/678/1534 564/1023/1534
f 564/1023/1535 683/690/1535 680/618/1535
f 680/618/1536 678/616/1536 677/623/1536
f 677/623/1537 586/622/1537 720/645/1537
f 720/645/1538 719/643/1538 716/642/1538
f 716/642/1539 570/571/1539 661/595/1539
f 661/595/1540 566/677/1540 638/679/1540
f 638/679/1541 564/1023/1541 680/618/1541
f 680/618/1542 677/623/1542 720/645/1542
f 720/645/1543 716/642/1543 661/595/1543
f 661/595/1544 638/679/1544 680/618/1544
f 690/1037/1545 691/1040/1545 603/1039/1545
f 603/1039/1546 602/1055/1546 587/539/1546
f 583/703/1547 601/538/1547 673/613/1547
f 603/1039/1548 587/539/1548 583/703/1548
f 639/705/1549 690/1037/1549 603/1039/1549
f 584/1032/1550 568/1030/1550 639/705/1550
f 619/606/1551 584/1032/1551 639/705/1551
f 639/705/1552 603/1039/1552 583/703/1552
f 583/703/1553 673/613/1553 674/615/1553
f 675/704/1554 619/606/1554 639/705/1554
f 583/703/1555 674/615/1555 675/704/1555
f 654/590/1556 653/586/1556 559/683/1556
f 559/683/1557 617/659/1557 615/608/1557
f 615/608/1558 616/1031/1558 576/706/1558
f 576/706/1559 625/596/1559 555/591/1559
f 555/591/1560 654/590/1560 559/683/1560
f 559/683/1561 615/608/1561 576/706/1561
f 663/600/1562 567/602/1562 566/677/1562
f 679/617/1563 680/618/1563 682/689/1563
f 698/629/1564 699/628/1564 591/648/1564
f 768/715/1565 864/868/1565 745/1070/1565
f 745/1070/1566 816/1071/1566 817/713/1566
f 817/713/1567 818/738/1567 782/714/1567
f 782/714/1568 764/1072/1568 768/715/1568
f 768/715/1569 745/1070/1569 817/713/1569
f 766/737/1570 860/793/1570 862/885/1570
f 862/885/1571 865/795/1571 866/797/1571
f 862/885/1572 866/797/1572 743/1073/1572
f 905/823/1573 904/822/1573 766/737/1573
f 766/737/1574 862/885/1574 743/1073/1574
f 809/1074/1575 883/1075/1575 879/735/1575
f 766/737/1576 743/1073/1576 809/1074/1576
f 773/736/1577 905/823/1577 766/737/1577
f 879/735/1578 878/869/1578 773/736/1578
f 766/737/1579 809/1074/1579 879/735/1579
f 761/741/1580 762/1076/1580 770/1077/1580
f 770/1077/1581 867/1078/1581 750/742/1581
f 750/742/1582 820/1079/1582 749/1080/1582
f 749/1080/1583 853/864/1583 852/743/1583
f 852/743/1584 851/780/1584 848/779/1584
f 852/743/1585 848/779/1585 846/787/1585
f 750/742/1586 749/1080/1586 852/743/1586
f 761/741/1587 770/1077/1587 750/742/1587
f 852/743/1588 846/787/1588 761/741/1588
f 735/755/1589 839/886/1589 751/747/1589
f 751/747/1590 752/746/1590 823/748/1590
f 823/748/1591 824/750/1591 733/749/1591
f 733/749/1592 735/755/1592 751/747/1592
f 833/761/1593 832/757/1593 831/756/1593
f 831/756/1594 737/728/1594 742/759/1594
f 742/759/1595 836/763/1595 837/765/1595
f 837/765/1596 838/768/1596 758/760/1596
f 758/760/1597 795/833/1597 755/724/1597
f 793/727/1598 794/726/1598 833/761/1598
f 758/760/1599 755/724/1599 793/727/1599
f 742/759/1600 837/765/1600 758/760/1600
f 833/761/1601 831/756/1601 742/759/1601
f 758/760/1602 793/727/1602 833/761/1602
f 799/773/1603 759/775/1603 843/774/1603
f 843/774/1604 842/771/1604 841/770/1604
f 841/770/1605 839/886/1605 735/755/1605
f 806/772/1606 757/883/1606 797/1081/1606
f 841/770/1607 735/755/1607 806/772/1607
f 799/773/1608 843/774/1608 841/770/1608
f 806/772/1609 797/1081/1609 799/773/1609
f 763/786/1610 853/864/1610 749/1080/1610
f 763/786/1611 749/1080/1611 765/882/1611
f 796/784/1612 798/836/1612 763/786/1612
f 799/773/1613 797/1081/1613 796/784/1613
f 844/783/1614 759/1082/1614 799/773/1614
f 856/1083/1615 855/791/1615 844/783/1615
f 763/786/1616 765/882/1616 800/782/1616
f 800/782/1617 856/1083/1617 844/783/1617
f 844/783/1618 799/773/1618 796/784/1618
f 796/784/1619 763/786/1619 800/782/1619
f 850/785/1620 851/780/1620 852/743/1620
f 750/801/1621 867/1084/1621 868/1085/1621
f 750/801/1622 868/1085/1622 869/1086/1622
f 871/1087/1623 820/1088/1623 750/801/1623
f 785/829/1624 784/881/1624 872/1089/1624
f 872/1089/1625 871/1087/1625 750/801/1625
f 750/801/1626 869/1086/1626 870/1090/1626
f 870/1090/1627 744/1091/1627 812/802/1627
f 812/802/1628 813/1092/1628 875/1093/1628
f 786/803/1629 785/829/1629 872/1089/1629
f 812/802/1630 875/1093/1630 786/803/1630
f 750/801/1631 870/1090/1631 812/802/1631
f 786/803/1632 872/1089/1632 750/801/1632
f 888/811/1633 887/809/1633 885/807/1633
f 885/807/1634 803/848/1634 889/812/1634
f 895/816/1635 896/814/1635 898/879/1635
f 898/879/1636 902/880/1636 905/823/1636
f 905/823/1637 773/736/1637 772/870/1637
f 880/804/1638 881/805/1638 726/841/1638
f 905/823/1639 772/870/1639 880/804/1639
f 895/816/1640 898/879/1640 905/823/1640
f 754/825/1641 753/744/1641 895/816/1641
f 801/1094/1642 821/1095/1642 754/825/1642
f 880/804/1643 726/841/1643 725/824/1643
f 725/824/1644 801/1094/1644 754/825/1644
f 754/825/1645 895/816/1645 905/823/1645
f 905/823/1646 880/804/1646 725/824/1646
f 779/1096/1647 780/711/1647 778/710/1647
f 778/710/1648 893/1097/1648 891/813/1648
f 891/813/1649 889/1098/1649 803/826/1649
f 803/826/1650 804/845/1650 828/844/1650
f 827/1099/1651 826/858/1651 727/827/1651
f 803/826/1652 828/844/1652 827/1099/1652
f 778/710/1653 891/813/1653 803/826/1653
f 781/828/1654 779/1096/1654 778/710/1654
f 727/827/1655 774/1100/1655 781/828/1655
f 803/826/1656 827/1099/1656 727/827/1656
f 781/828/1657 778/710/1657 803/826/1657
f 783/1101/1658 784/881/1658 785/829/1658
f 785/829/1659 786/803/1659 875/1093/1659
f 874/853/1660 876/1102/1660 877/830/1660
f 785/829/1661 875/1093/1661 874/853/1661
f 768/715/1662 783/1101/1662 785/829/1662
f 866/797/1663 769/796/1663 768/715/1663
f 877/830/1664 743/1103/1664 866/797/1664
f 785/829/1665 874/853/1665 877/830/1665
f 866/797/1666 768/715/1666 785/829/1666
f 731/849/1667 829/1104/1667 830/758/1667
f 732/847/1668 805/846/1668 804/845/1668
f 731/849/1669 830/758/1669 732/847/1669
f 803/848/1670 885/807/1670 731/849/1670
f 732/847/1671 804/845/1671 803/848/1671
f 744/1091/1672 810/878/1672 811/851/1672
f 811/851/1673 890/877/1673 892/876/1673
f 892/876/1674 891/813/1674 893/1097/1674
f 893/1097/1675 778/710/1675 777/712/1675
f 771/852/1676 873/873/1676 876/1102/1676
f 893/1097/1677 777/712/1677 771/852/1677
f 811/851/1678 892/876/1678 893/1097/1678
f 812/802/1679 744/1091/1679 811/851/1679
f 874/853/1680 875/1105/1680 813/1106/1680
f 813/1106/1681 812/802/1681 811/851/1681
f 811/851/1682 893/1097/1682 771/852/1682
f 771/852/1683 876/1102/1683 874/853/1683
f 874/853/1684 813/1106/1684 811/851/1684
f 822/745/1685 753/744/1685 754/825/1685
f 822/745/1686 754/825/1686 821/1095/1686
f 734/751/1687 823/748/1687 822/745/1687
f 756/722/1688 755/752/1688 734/751/1688
f 729/842/1689 730/1107/1689 756/722/1689
f 727/837/1690 802/839/1690 729/842/1690
f 725/824/1691 726/841/1691 727/837/1691
f 822/745/1692 821/1095/1692 801/1094/1692
f 801/1094/1693 725/824/1693 727/837/1693
f 727/837/1694 729/842/1694 756/722/1694
f 756/722/1695 734/751/1695 822/745/1695
f 822/745/1696 801/1094/1696 727/837/1696
f 730/1107/1697 729/1108/1697 728/859/1697
f 728/859/1698 826/858/1698 827/1099/1698
f 827/1099/1699 828/844/1699 805/846/1699
f 805/846/1700 732/847/1700 830/758/1700
f 830/758/1701 832/757/1701 833/761/1701
f 833/761/1702 794/726/1702 791/725/1702
f 791/725/1703 792/723/1703 756/722/1703
f 756/722/1704 730/1107/1704 728/859/1704
f 728/859/1705 827/1099/1705 805/846/1705
f 805/846/1706 830/758/1706 833/761/1706
f 833/761/1707 791/725/1707 756/722/1707
f 756/722/1708 728/859/1708 805/846/1708
f 849/781/1709 847/1109/1709 739/731/1709
f 739/731/1710 831/756/1710 830/758/1710
f 731/806/1711 884/808/1711 776/721/1711
f 790/719/1712 788/718/1712 787/717/1712
f 731/806/1713 776/721/1713 790/719/1713
f 739/731/1714 830/758/1714 731/806/1714
f 845/862/1715 849/781/1715 739/731/1715
f 762/831/1716 761/1110/1716 760/788/1716
f 760/788/1717 845/862/1717 739/731/1717
f 739/731/1718 731/806/1718 790/719/1718
f 790/719/1719 787/717/1719 762/831/1719
f 762/831/1720 760/788/1720 739/731/1720
f 851/780/1721 850/785/1721 798/865/1721
f 798/865/1722 740/1111/1722 741/1112/1722
f 741/1112/1723 808/729/1723 737/728/1723
f 737/728/1724 807/732/1724 739/731/1724
f 847/866/1725 849/781/1725 851/780/1725
f 737/728/1726 739/731/1726 847/866/1726
f 798/865/1727 741/1112/1727 737/728/1727
f 847/866/1728 851/780/1728 798/865/1728
f 865/795/1729 862/885/1729 863/867/1729
f 863/867/1730 864/868/1730 768/715/1730
f 768/715/1731 769/796/1731 865/795/1731
f 883/1113/1732 809/1074/1732 743/1073/1732
f 743/1073/1733 877/830/1733 876/1102/1733
f 873/873/1734 771/852/1734 777/712/1734
f 743/1073/1735 876/1102/1735 873/873/1735
f 881/805/1736 879/735/1736 883/1113/1736
f 883/1113/1737 743/1073/1737 873/873/1737
f 873/873/1738 777/712/1738 780/711/1738
f 779/1096/1739 781/1114/1739 774/872/1739
f 873/873/1740 780/711/1740 779/1096/1740
f 881/805/1741 883/1113/1741 873/873/1741
f 774/872/1742 882/871/1742 881/805/1742
f 873/873/1743 779/1096/1743 774/872/1743
f 870/1090/1744 869/1086/1744 868/1085/1744
f 868/1085/1745 867/1084/1745 770/716/1745
f 770/716/1746 788/718/1746 789/720/1746
f 789/720/1747 776/875/1747 886/810/1747
f 886/810/1748 888/811/1748 890/877/1748
f 890/877/1749 811/851/1749 810/878/1749
f 810/878/1750 744/1115/1750 870/1090/1750
f 870/1090/1751 868/1085/1751 770/716/1751
f 770/716/1752 789/720/1752 886/810/1752
f 886/810/1753 890/877/1753 810/878/1753
f 810/878/1754 870/1090/1754 770/716/1754
f 897/817/1755 896/814/1755 751/747/1755
f 751/747/1756 840/769/1756 842/771/1756
f 842/771/1757 746/863/1757 747/854/1757
f 747/854/1758 815/739/1758 819/856/1758
f 819/856/1759 816/855/1759 745/1070/1759
f 745/1070/1760 864/868/1760 861/794/1760
f 861/794/1761 859/792/1761 858/799/1761
f 858/799/1762 767/798/1762 901/820/1762
f 901/820/1763 900/818/1763 897/817/1763
f 897/817/1764 751/747/1764 842/771/1764
f 842/771/1765 747/854/1765 819/856/1765
f 819/856/1766 745/1070/1766 861/794/1766
f 861/794/1767 858/799/1767 901/820/1767
f 901/820/1768 897/817/1768 842/771/1768
f 842/771/1769 819/856/1769 861/794/1769
f 871/1087/1770 872/1089/1770 784/881/1770
f 784/881/1771 783/1101/1771 768/715/1771
f 764/1072/1772 782/714/1772 854/789/1772
f 784/881/1773 768/715/1773 764/1072/1773
f 820/1079/1774 871/1087/1774 784/881/1774
f 765/882/1775 749/1080/1775 820/1079/1775
f 856/1083/1776 800/782/1776 765/882/1776
f 854/789/1777 855/791/1777 856/1083/1777
f 784/881/1778 764/1072/1778 854/789/1778
f 765/882/1779 820/1079/1779 784/881/1779
f 854/789/1780 856/1083/1780 765/882/1780
f 834/762/1781 740/861/1781 798/836/1781
f 798/836/1782 796/784/1782 797/1081/1782
f 757/883/1783 806/772/1783 736/767/1783
f 798/836/1784 797/1081/1784 757/883/1784
f 835/766/1785 834/762/1785 798/836/1785
f 757/883/1786 736/767/1786 835/766/1786
f 844/776/1787 748/778/1787 747/854/1787
f 860/793/1788 861/794/1788 863/867/1788
f 878/869/1789 879/735/1789 880/804/1789
